0.53523004,0.07484090109665016,0
0.43129197,0.020512274535470332,1
0.051790625,0.026811975247013356,2
0.2355454,0.00785333684672794,3
0.9400325,0.01601010015934381,4
0.5430386,0.45671381316869775,5
0.91201293,0.4296766115906545,6
0.6806384,0.186626329688231,7
0.7220545,0.17195748831209748,8
0.9117749,0.6500785341918625,9
0.3208794,0.012832481860625232,10
0.5279739,0.020145298506104196,11
0.5525489,0.0138163414184663,12
0.42279452,0.07037578922446579,13
0.38384354,0.06913428144154651,14
0.44758448,0.22883631651248412,15
0.12666214,0.07844701892565308,16
0.33408868,0.3282338180656166,17
0.08252433,0.09952625168035524,18
0.67455804,0.10975233969899466,19
0.6756005,0.012432201229174007,20
0.5125203,0.4454049996771392,21
0.25612485,0.0023723540698574576,22
0.48120567,0.09269054537621078,23
0.30875868,0.2774764595836533,24
0.8887937,0.034965398016422636,25
0.473604,0.031035428870257828,26
0.05971083,0.17550222562735057,27
0.3635742,0.0578634148398978,28
0.64690584,0.00029414590285661304,29
0.58748996,0.24682971266247536,30
0.39039087,0.0004915983960167239,31
0.07717806,0.5446809437533165,32
0.020423084,9.668864240594595e-07,33
0.5733171,0.11838189483759456,34
0.59713495,0.03561287422500267,35
0.768661,0.3650548600748311,36
0.38310742,0.23906398862073797,37
0.27204666,0.05938961465600945,38
0.25897783,0.15087418799704916,39
0.06293133,0.0014172791727417658,40
0.31501716,0.17251268801798209,41
0.2512231,0.3376609922699408,42
0.18968847,0.2195527262918444,43
0.25889498,0.03774721155767629,44
0.80545026,0.003277473299443668,45
0.5090387,0.08036496767733864,46
0.8221948,0.11871734174138421,47
0.38135308,0.06574412834214809,48
0.6262857,0.2860189084267946,49
0.9448857,0.014240461780496852,50
0.8439603,0.34559013839832425,51
0.5701113,0.1115483300095292,52
0.26476538,0.8162316067415332,53
0.44951814,0.05359824710854207,54
0.2838913,0.20478529253233888,55
0.83856833,0.15111818878850147,56
0.61754143,0.12461069605479855,57
0.27806866,0.7163167113613557,58
0.4272258,0.1037363047984336,59
0.73450434,0.19901309436632722,60
0.8405504,0.095591496947265,61
0.7701232,0.1007878628452217,62
0.8511033,0.05289724826193733,63
0.5111188,0.007064198508106157,64
0.63248473,0.024619318508359238,65
0.4066023,0.053142978505858106,66
0.75480735,0.4564199631676565,67
0.31177562,0.01830252770284305,68
0.39152268,0.11243489356667723,69
0.4693938,0.07696290482139477,70
0.5907427,0.10841440988986449,71
0.2761614,0.6220553034973839,72
0.88111365,0.00018328855034058884,73
0.58695847,0.002259669276957176,74
0.6755303,0.005220162950800509,75
0.45876935,0.08903866587306289,76
0.47397947,0.010982608893657082,77
0.57462585,0.03475044097192842,78
0.7773607,0.24750082627791115,79
0.34054756,0.20374489331077328,80
0.1689829,0.2024078468841621,81
0.6270751,0.1249139980249139,82
0.5706083,0.08861226372452972,83
0.26997828,0.010497427990659601,84
0.38000843,0.15023633586631757,85
0.804628,0.03947127837252992,86
0.2513451,8.400776746001005e-05,87
0.68032026,0.44434173336325233,88
0.46526182,0.008451701402093115,89
0.3221497,0.41976070341563976,90
0.57016814,0.0701596963963808,91
0.8798871,0.04410903541839676,92
0.74829495,0.015674247672134704,93
0.31794888,0.1568974979154481,94
0.6257162,6.80118389072843e-06,95
0.5476848,0.10362700555103005,96
0.29308555,0.0003429857498548656,97
0.85286117,9.20391923043682e-06,98
0.45330232,0.017087622513198692,99
0.56540596,0.00038856685901203546,100
0.14031562,0.0005047056908156161,101
0.49222338,0.13259901168665925,102
0.6350017,2.4708021644659396e-06,103
0.82979864,0.0021740873726917337,104
0.58395565,0.012563364127388846,105
0.6524355,0.007657851983188103,106
0.22386762,0.01707666690498153,107
0.41045597,0.06002400997261852,108
0.14103991,0.014093743557854211,109
0.48787957,0.669208565325579,110
0.333641,0.05147635215005868,111
0.3207845,0.5357247939398045,112
0.779831,0.014510370086069946,113
0.46263802,0.11099923511319383,114
0.36387116,0.0777662906000957,115
0.28121,0.12914393574677602,116
0.4604156,0.012159386752203013,117
0.613104,0.05023372110212811,118
0.034471095,5.750557947673823e-05,119
0.7084254,0.07373223802724507,120
0.43701735,0.024130391742475825,121
0.5857674,0.028016357658925174,122
0.78585744,0.28419981269075395,123
0.22686443,0.4743674067261814,124
0.58830935,0.049886662236804664,125
0.56778455,0.5492466051007685,126
0.4359621,0.036115030534558355,127
0.6292675,0.024991428487657733,128
0.6792057,0.09025265192694522,129
0.43561298,0.09857880515429375,130
0.62116367,0.018972670764709657,131
0.60191256,0.0014959312366451146,132
0.2418961,0.029622606286358034,133
0.42715263,0.29978549817030586,134
0.091441035,0.016239580114248878,135
0.5062705,0.038344289881319514,136
0.65659624,0.001154995466856027,137
0.62820613,0.005959938847376124,138
0.7387596,3.6193462741370283e-13,139
0.62449175,0.4064082220494733,140
0.002874732,0.004519471244490987,141
0.27751148,0.0065460608334367565,142
0.7231487,0.5813062388211669,143
0.47926712,0.07549105543512825,144
0.33715165,0.2337316190818649,145
0.5589231,0.00022908477165487184,146
0.24491206,0.03338404748680509,147
0.45770192,0.02966583643196499,148
0.3018663,0.21943483244885806,149
0.8483939,0.004745901616399457,150
0.2771303,0.24230119437353795,151
0.6326388,3.7185873026067224e-09,152
0.49397373,0.020650656179477443,153
0.6547698,0.003041028054516697,154
0.5559239,0.25897083909672636,155
0.17217195,1.0663899888462698e-12,156
0.49734062,0.00013347414994946646,157
0.41593468,0.02346559696717082,158
0.46723104,0.036244717181045,159
0.65187967,0.23951156314353284,160
0.76289666,0.040365278113941465,161
0.7829931,0.20244698870237418,162
0.55622756,0.07353360380438305,163
0.13822755,0.08656799923236713,164
0.8259721,0.02722352422818389,165
0.5365432,0.2837309882320846,166
0.46255004,0.448025227878215,167
0.65731007,0.07480958851452711,168
0.60718906,0.11943081349158088,169
0.5643029,0.0003336933268084517,170
0.5428351,0.1802229989375073,171
0.6278668,2.5843515064153993e-05,172
0.8860587,0.06006614639865415,173
0.11646664,0.0023622175857502875,174
0.94853467,0.01016355923381369,175
0.6168261,0.02157652985743947,176
0.8460367,0.35727068166200454,177
0.42660552,0.0093478884689453,178
0.47230744,0.0005316121726182211,179
0.9765775,0.35107627235387967,180
0.80190873,0.03113381978416375,181
0.24888915,0.20426973949107327,182
0.26925856,0.364383716363583,183
0.6439601,0.0010961823754942616,184
0.5727702,0.04274566207416846,185
0.6614794,0.0720947178035071,186
0.5438555,0.17057794655867364,187
0.34190238,0.03768581261916831,188
0.2236565,0.06472670953991724,189
0.6718735,0.08610369495289304,190
0.7375851,0.018885347804562386,191
0.29162985,0.3564870921647844,192
0.40599054,0.08055554173280098,193
0.5650462,0.05512675163652128,194
0.41646498,0.17507903808403744,195
0.7790687,1.1622784940131476e-05,196
0.52689844,0.10810325288336557,197
0.24548945,0.2964645882103425,198
0.44970414,0.002251654133664258,199
0.8489766,0.14019097010342987,200
0.6505459,0.07595191283346765,201
0.25642663,0.004883814389379858,202
0.8265198,0.03346557798799408,203
0.44156888,0.27534668449175476,204
0.60868835,0.1759612849406423,205
0.92355466,0.7368355326220158,206
0.5477654,0.013643897443168672,207
0.52014995,0.02146370262851262,208
0.22415566,0.00022628348970228914,209
0.5616118,0.1207494627528446,210
0.59622294,0.4465279944552085,211
0.67947656,0.1865210153627076,212
0.41255692,0.0855543309312516,213
0.5922937,0.06657253539445078,214
0.53606236,0.0212788528406531,215
0.17825046,0.32557252752298815,216
0.2672844,0.012390179082236084,217
0.5265136,0.06488723845626335,218
0.48521337,0.11132392666148207,219
0.49884993,0.25839038906928113,220
0.85628116,0.11735027347272153,221
0.54747677,0.42958007669613835,222
0.38399893,0.016288621692599377,223
0.12284383,6.575800852071348e-07,224
0.21019074,0.11917986553609582,225
0.8914542,0.08178907359076656,226
0.10620141,0.05948864684948848,227
0.31296104,0.3598502530725,228
0.939009,0.008714060884317427,229
0.44806167,0.04242039987971252,230
0.7244423,0.05162434348854549,231
0.8148482,0.022029075259439496,232
0.027833134,0.04136494847621658,233
0.5458192,0.0048146292716753575,234
0.54706,5.203772592286664e-05,235
0.79943585,0.005707965734246674,236
0.42364803,0.06584004885793204,237
0.80037653,0.0004558925898856967,238
0.6023352,0.07159694366949904,239
0.42267463,0.26089791241029764,240
0.44583917,0.12282333979830545,241
0.56092525,0.0037647926442518397,242
0.29066312,0.00123742258371193,243
0.6640812,0.040289807924405334,244
0.49316385,0.013527959241047487,245
0.5744839,0.3829384336757098,246
0.45471394,0.0024771544218445203,247
0.58798,0.016883441600931096,248
0.3708785,0.32281256798984365,249
0.30757558,0.16013478343886012,250
0.81605613,0.5825281092300209,251
0.7605537,0.13767572326900013,252
0.6304363,0.6090500029647457,253
0.86390895,0.6160528527510906,254
0.62008506,0.031804084559716714,255
0.21095788,0.005700626803957855,256
0.9347395,0.3371520338029965,257
0.2063522,0.06554898801148971,258
0.43845767,0.10567047580824249,259
0.63886684,0.006099544582810889,260
0.18778244,0.042807927061121846,261
0.5882643,0.09446642248772044,262
0.49467352,0.0076486167977150065,263
0.6613457,0.26724395180598803,264
0.34114093,0.23828299510915388,265
0.91157234,0.6995286179507532,266
0.97709423,0.004205145260115686,267
0.14296353,0.23076563460414043,268
0.50666636,0.008209103524853798,269
0.2714278,0.004787887174511703,270
0.41154963,0.0006599397653728967,271
0.37301105,0.001425167311188128,272
0.39568472,0.1263742265630505,273
0.21581456,0.06791377662202765,274
0.33769214,0.06224195474932482,275
0.4208774,0.3070482295027349,276
0.3644142,0.05614325296295433,277
0.7355316,0.31564642836320966,278
0.1494084,0.11527741237497106,279
0.3862062,0.11845736128632467,280
0.87368774,0.01070120410268747,281
0.7016039,0.02949112925393882,282
0.48833144,0.04760218893964062,283
0.5691798,0.012349712018075025,284
0.19321132,0.09091195379689353,285
0.4590192,0.4699511435259899,286
0.27136666,0.0005057453433795879,287
0.5693388,0.14148437354642782,288
0.91264534,0.007335572294442858,289
0.4523126,0.15552092794243463,290
0.1489282,0.032564663761718037,291
0.62458974,0.005205422023766693,292
0.6887406,0.00011272886137847568,293
0.994847,0.05373145556615893,294
0.3341269,0.040756568095161816,295
0.5458876,0.030484266644026915,296
0.862705,0.12162303610029093,297
0.36034298,0.22249345182283242,298
0.9507179,0.0004105696341680106,299
0.64741796,0.2519342092288487,300
0.8398352,0.182741631662802,301
0.43861866,0.00648370699110611,302
0.27323112,0.013764976531443674,303
0.25566855,0.16895117689698766,304
0.26912755,0.007081849700076977,305
0.84333575,0.20300321351468864,306
0.1520555,0.0014017816628318636,307
0.63035136,0.013417441702134554,308
0.11359841,0.02300671522741164,309
0.5377608,0.000924931661101,310
0.49177915,0.3145490664935159,311
0.68188095,0.2693494110368284,312
0.53758526,0.23978406933761084,313
0.65384847,0.003370114697815128,314
0.5313182,0.15001552875484447,315
0.7049004,0.12062038800398424,316
0.20496705,0.02573274330089951,317
0.5544386,0.19485445640714602,318
0.8427235,0.0020710415365170582,319
0.29892635,0.013693706351389895,320
0.24573448,0.0007533722678547854,321
0.26399505,0.0005968399229384067,322
0.55227834,0.07326413386344104,323
0.6339316,0.30448109835934606,324
0.5531311,0.16639409767430258,325
0.84665203,0.33344866924437844,326
0.61919594,0.1738696535280432,327
0.34309876,0.8436841565478174,328
0.47518188,0.32301458181880977,329
0.7013939,0.0016267619282317714,330
0.08644956,0.009352465837383871,331
0.36590052,0.01796191321744484,332
0.6665013,0.08983484301591341,333
0.3788812,0.08860366770003962,334
0.5924302,0.0100671145992744,335
0.31218097,0.09952735010046891,336
0.06742957,0.3171167612009808,337
0.5419835,0.05719502032647693,338
0.32768577,0.009062863886266563,339
0.56009877,0.09151617505981606,340
0.43062818,0.002732871341826885,341
0.494314,0.17115613102058175,342
0.70850235,0.001053649802266897,343
0.6338772,0.18838300705399527,344
0.5031565,0.03851207009562776,345
0.52966225,0.031591119211186285,346
0.76318276,0.17186754624273523,347
0.7055734,0.17950899438591686,348
0.67995405,0.008376365050843382,349
0.9023036,0.12861228410608688,350
0.64824474,0.04263981202829135,351
0.48526728,0.4244927279835904,352
0.46048257,0.3153455319056313,353
0.27175736,0.007826962770622855,354
0.3953141,0.10503340313704354,355
0.34507966,0.06935927953422594,356
0.42279354,0.12405607736009867,357
0.021746904,0.9305293628050377,358
0.5557884,0.13589948667046542,359
0.27130437,0.24621787782598417,360
0.1326268,0.00027849498571771525,361
0.53800416,0.1844902401673403,362
0.5508734,0.023358551659943674,363
0.24751374,0.12470668185114055,364
0.16954511,0.03250396330880024,365
0.4902569,0.004635638495210862,366
0.24557126,0.10651237671371878,367
0.58281165,0.02490403305169333,368
0.56443185,0.03544839184935292,369
0.445433,0.011119127880756157,370
0.7392837,0.012487559708271275,371
0.66111094,0.025927781362010762,372
0.47934422,0.023708890436152666,373
0.53520584,0.10119722103902185,374
0.26092833,0.10248364226129614,375
0.30843127,0.005768100184622956,376
0.81745446,0.04758525589218658,377
0.18078822,0.009447252663187378,378
0.6587188,0.03694132042622012,379
0.7562871,0.41889948051160497,380
0.60728115,0.02927606753715768,381
0.79054475,0.20795889339987844,382
0.4726079,6.1340852716595616e-06,383
0.51363873,0.6960877160730199,384
0.6558102,0.060468494669737055,385
0.5086665,0.05813785697659,386
0.70617473,0.02485508916198633,387
0.6182186,0.10919431271232247,388
0.6729331,0.1412504889502565,389
0.37445462,0.3389665178824287,390
0.3372776,0.010169490405562049,391
0.501266,0.10831421748427932,392
0.6271556,0.045689960354957884,393
0.21874234,0.05032618589266598,394
0.8242906,0.0392542207762997,395
0.54318243,0.006368803613136765,396
0.34801418,0.126588424747449,397
0.56308246,0.17193832571973697,398
0.6063918,0.1488839384305907,399
0.3662857,0.0474548748257003,400
0.16190094,0.15232199733424973,401
0.56120074,0.1341514852303638,402
0.42685384,0.06041741540012164,403
0.74226797,0.27081841753891556,404
0.6729187,0.09906656043619443,405
0.660881,0.010126980094795615,406
0.64976513,0.008576228337972672,407
0.66621995,0.02345218461433828,408
0.40156072,0.5376431229903993,409
0.25045747,0.0022787002346142445,410
0.62685144,0.22319528775070355,411
0.3562431,0.009628362838612181,412
0.68960637,0.15867837117068223,413
0.63697684,0.020966053605552013,414
0.8992566,0.0005621106444926434,415
0.13020682,0.635574227263244,416
0.30846786,0.11039288991881295,417
0.710456,0.22367459414058852,418
0.86349154,0.23340151517014002,419
0.5061979,0.04817643847407003,420
0.32735515,0.005626519074321021,421
0.19885972,0.02384134322060727,422
0.2970039,0.8262493937748645,423
0.2623161,0.2153401818052211,424
0.8075026,0.014437935568462637,425
0.93615115,0.01763230404025542,426
0.18330911,0.0010632860513159013,427
0.28762257,0.004466138408717104,428
0.37901992,0.023105243908035342,429
0.28886497,0.6922074430850511,430
0.5433295,0.0003876570780846904,431
0.71963,0.1586351576845488,432
0.1334494,0.18941523664478524,433
0.4511883,0.003751865655410241,434
0.88772726,0.049218841912975354,435
0.47636697,0.3910741636276551,436
0.38966733,0.02222060446764999,437
0.64111996,0.02612819444754826,438
0.4129674,0.012262467210658044,439
0.3713731,0.035428616391283765,440
0.6858063,1.821908971017772e-05,441
0.25010782,6.206281769485997e-07,442
0.48132262,0.12997580048256763,443
0.5674484,0.009937392584377322,444
0.57197344,0.01517362768528723,445
0.7575089,0.00228551492448753,446
0.30049187,0.004388780893345845,447
0.43899605,0.2718437210888135,448
0.3160373,0.1963125182818641,449
0.46484956,0.13589575118525737,450
0.47154126,0.0006302471565727804,451
0.034139603,0.1761877804753926,452
0.35188645,0.0031200702840249533,453
0.5406221,0.007118040024940473,454
0.8106488,0.2550744524534028,455
0.5673579,0.9861507743783455,456
0.4946503,0.34990638476472785,457
0.55094975,0.19709503112239485,458
0.584712,0.3925497131058556,459
0.49118996,8.37018001432604e-05,460
0.107691735,0.1752498485107125,461
0.48176855,0.01932960410075664,462
0.5462079,0.08973324655337488,463
0.21499723,0.1173372716561717,464
0.40888917,0.004543450045349833,465
0.93448675,0.10743408420736925,466
0.33009154,0.03424360602375155,467
0.6539417,0.10688323303262598,468
0.24814501,0.061182171172579194,469
0.3855043,0.008455204290543342,470
0.0012842417,0.235216791544659,471
0.47030404,0.22228313155969426,472
0.5566421,0.07783158105745466,473
0.64921093,0.19032986430995325,474
0.5394452,0.18539169918657844,475
0.5456585,0.24647256635915948,476
0.463036,0.07083624665634955,477
0.48229697,4.875191433910381e-07,478
0.47208944,0.6252021582150801,479
0.79398286,0.007891626088920281,480
0.18193859,0.4603752701876534,481
0.4835831,0.004654401281443672,482
0.2610987,0.012675645528493115,483
0.7655637,0.20472578380140632,484
0.41906053,0.003246355148402742,485
0.098146975,0.6129777837701974,486
0.6386223,0.13820327788554473,487
0.53634137,0.010305156174485207,488
0.37948388,0.37556140280538386,489
0.5882051,0.1873306289322004,490
0.4428552,0.01949849353995317,491
0.39011118,1.297481343597318e-06,492
0.23993737,0.012665849035136519,493
0.4685147,0.09585084423599603,494
0.44838583,0.0026429577019648196,495
0.9285669,0.1907278239815611,496
0.25550812,0.0014466881481419933,497
0.8331045,0.005107795876636836,498
0.40240723,0.053200345219305153,499
0.2583683,0.11860623403818912,500
0.33327347,0.15811818075145886,501
0.66035396,0.12121717421769387,502
0.5751911,0.018161791856090747,503
0.6287114,0.13851011147159864,504
0.8090783,0.14291489946462838,505
0.6198678,0.0037464254632054933,506
0.21990049,0.7409724675507311,507
0.7127543,0.998308778571145,508
0.35986418,0.16201840808557857,509
0.5035274,0.09296989798503688,510
0.44190615,0.07484680315226323,511
0.62382066,0.07981832844423549,512
0.05087951,0.06273804255552969,513
0.6315308,0.05616646552326877,514
0.10285124,0.2907989662321797,515
0.7795917,0.2616591671939125,516
0.47886476,0.027334852141942402,517
0.36990252,0.033029202228131854,518
0.6472981,0.11309258182578782,519
0.7954211,4.597962965249172e-05,520
0.46358418,0.013930524869063803,521
0.64215535,0.018332442768506062,522
0.16919184,0.18803964296916195,523
0.7200172,0.03763722007274147,524
0.3240173,0.04023025759294207,525
0.64955664,0.1904275088382565,526
0.22458935,0.2422263566898351,527
0.53036064,0.13602904890849812,528
0.5964421,0.27304714228098215,529
0.27007037,0.012085853809588022,530
0.6131355,0.1692897658957814,531
0.5500308,0.03549017047349572,532
0.49756062,0.10186573094583705,533
0.267717,0.002295378668605077,534
0.4458225,0.18442528134409583,535
0.23601392,0.26279493910267254,536
0.6127766,0.0018924288345871293,537
0.23239124,0.10107176988737458,538
0.6443572,3.875255538120414e-05,539
0.4922131,0.0344456756926967,540
0.3751995,0.20061966802447098,541
0.26668414,0.003540899360966788,542
0.740524,0.10192149961658097,543
0.524169,0.3029387923568375,544
0.8362004,0.3544300321218388,545
0.80871475,0.0038585220443687215,546
0.33012623,0.009941576740335306,547
0.6967762,0.01715490213420509,548
0.7973093,0.41650519239309125,549
0.21866298,0.06529947554725417,550
0.76094306,0.14978009733182465,551
0.25084674,0.0009522491600134117,552
0.60512894,0.0002833293601693342,553
0.117726475,0.39882480414661375,554
0.69520986,0.016001881882150227,555
0.40754974,0.12497928521017483,556
0.39764136,0.2516891928626196,557
0.2593869,0.0017618674730208222,558
0.89464134,0.07978378434403978,559
0.7201877,0.943826051790829,560
0.57099193,0.23304672969636012,561
0.6386517,0.01229432858806154,562
0.8687234,0.4010561089251969,563
0.39071286,0.036730479312897114,564
0.25179854,0.0778748028243588,565
0.14013648,4.624619377418823e-05,566
0.7543869,0.009095356258478725,567
0.53517646,0.30522645411426413,568
0.55170274,0.006336941071235827,569
0.26488426,0.021638782521882654,570
0.42270672,0.1111887127478482,571
0.5138168,0.003650676489054124,572
0.7084731,0.004380440678376762,573
0.23033494,0.4568901382641167,574
0.18101421,0.4512229904811355,575
0.9121283,0.17663057903810023,576
0.79531085,0.0394520162398112,577
0.74045706,0.031172245764199195,578
0.57216525,0.08142039338910459,579
0.5403974,0.034051620246847165,580
0.3008583,0.03499109344221118,581
0.44438344,0.0828057577442219,582
0.19802096,0.014878142582566057,583
0.7003561,0.048838272164299965,584
0.5736661,0.0012727731090177337,585
0.9204743,0.145197128895112,586
0.39726424,0.006840844002825951,587
0.46316916,0.004171157460627586,588
0.48771837,0.03224623181466697,589
0.45633063,0.004989424284381994,590
0.676713,0.22780925666061833,591
0.7748575,0.008270872619418928,592
0.3894528,0.4608486308279473,593
0.3843575,0.5458696063299954,594
0.5068799,0.8741838751729252,595
0.07939696,0.01701144252039447,596
0.9658979,0.22333111363321562,597
0.35361114,0.0003913396425324978,598
0.27273965,0.09230956522310818,599
0.42813718,0.06445667181864735,600
0.38841575,0.0026241337747008402,601
0.4395283,0.1483105783324926,602
0.29178196,0.09626868541451851,603
0.44783044,0.0172382089282177,604
0.29282784,0.026831616857904205,605
0.6675359,0.3276852658700026,606
0.42584646,0.052174772191583604,607
0.5269984,0.14859220075916446,608
0.63136184,0.2849476995330004,609
0.7111411,0.11097901707521715,610
0.5490515,0.852797816540757,611
0.8585987,0.0026280806040711426,612
0.4500608,0.0658664864635657,613
0.56737936,0.21347924032560117,614
0.7107909,0.154346442930779,615
0.0763537,0.020867311099984066,616
0.5293409,0.14693794398344057,617
0.83284587,0.22467185466472536,618
0.46514863,0.717787359527507,619
0.25991863,0.005943468001318344,620
0.19143075,0.02258280626068959,621
0.5275945,0.014271057661754221,622
0.6245542,0.3034097759591824,623
0.59913003,0.05041924758146671,624
0.5073905,0.20494465108870447,625
0.47287175,0.0012389309929064646,626
0.38298059,0.04762023234344198,627
0.55359757,0.5427222451725725,628
0.28484255,0.26321269346127335,629
0.5165671,0.01031022347271888,630
0.40700975,0.17194214537777633,631
0.31635642,0.07634192691845298,632
0.6102327,0.7413619344431327,633
0.46824366,0.8817657071868917,634
0.42038518,0.0007645340236627228,635
0.69556737,0.03696830834312728,636
0.6140125,0.351389005616487,637
0.23204881,0.01544093003833795,638
0.4205491,0.0006352236445760303,639
0.33622766,0.06310316426863946,640
0.30383825,0.18614600946980203,641
0.19624597,0.05516690687491193,642
0.03528428,0.03447774130592793,643
0.2835802,0.008589748472142176,644
0.28520387,0.002646565459258059,645
0.4520792,0.028830653803588457,646
0.21697399,0.60550550542802,647
0.50456345,0.545105080963615,648
0.16819733,0.00994115263567238,649
0.29785597,0.020269996387439506,650
0.4102029,0.005228780519671793,651
0.4295084,0.20219309966628357,652
0.5224,0.08313818502547599,653
0.2133871,0.10914835191107726,654
0.5646824,0.0011371222122338496,655
0.6212903,0.007332064971021735,656
0.7489141,0.5574587292541737,657
0.6651781,0.006578201605311852,658
0.45217916,0.24691964444594688,659
0.1476236,0.06086194851198389,660
0.34844777,0.29620900763741187,661
0.49224192,0.23320502890510778,662
0.29046798,0.10885124794014935,663
0.56153214,0.05643889679198832,664
0.72741514,0.020190907875369313,665
0.412682,0.6122234834385212,666
0.60215986,0.023424463510891357,667
0.21942437,0.07114857655989383,668
0.7667513,0.047767419554266936,669
0.2995389,0.03910940582747458,670
0.2392157,0.09550807311492211,671
0.2952346,0.07009543015154428,672
0.4134904,0.04662625965798896,673
0.6212878,0.08494062021543139,674
0.66895044,0.0005237699969210092,675
0.29127413,0.0138023238176586,676
0.91057587,0.5623098188347361,677
0.1288648,0.13091786541572017,678
0.9239522,0.44147898902467586,679
0.9134127,0.07785301399324483,680
0.65899223,3.0936889560017095e-05,681
0.76824296,0.186606359858124,682
0.113621384,0.0011324986417650216,683
0.4184129,0.001010498372514405,684
0.26913437,0.27824547509166264,685
0.7788311,0.49528511942785836,686
0.29508573,0.3489049945483767,687
0.1501885,0.025206198526439016,688
0.6151428,0.009299122465836456,689
0.3662759,0.7049400953636995,690
0.541694,0.004967368024534031,691
0.7760415,0.6407606654253021,692
0.81936693,0.6466481720636631,693
0.67632437,0.039218247295176575,694
0.6773262,0.003057807659207329,695
0.79589236,0.1394340046982378,696
0.54226965,0.07805631960289795,697
0.81146157,0.0034923777928817295,698
0.15794748,0.02112082019724115,699
0.69704807,0.0767087993185781,700
0.73811424,0.10223344293698446,701
0.11856848,0.12894317440334102,702
0.39905638,0.2656769245172755,703
0.49007252,0.13448596168156102,704
0.53034157,0.08083840539930247,705
0.81082,0.12979551609058165,706
0.5151275,0.3199202690639227,707
0.50406826,0.03691641544230548,708
0.6129371,0.00017908869217779367,709
0.90997726,0.012967496167494274,710
0.61519253,0.008053079069509682,711
0.74621737,0.7250044909698201,712
0.6500834,0.3430686648635963,713
0.95721716,0.09143551271473796,714
0.23966983,0.2316209641491481,715
0.50186354,0.6603105970149997,716
0.6334549,0.13348040292758634,717
0.3455645,0.043411555006201426,718
0.57113343,0.011950091862277001,719
0.23630473,0.23608841612565212,720
0.35317528,0.476045577145726,721
0.31490406,0.0014283195063522934,722
0.5633834,0.008500076762227358,723
0.39682704,0.1317797095094471,724
0.32003796,0.18489305873066708,725
0.5273079,0.06087423416816639,726
0.5807263,0.0014292752971140816,727
0.35358196,0.0038048478250997404,728
0.29084605,0.12607225346487907,729
0.5256092,0.0008292687541189579,730
0.11991766,0.07189821082017327,731
0.49932075,0.18741502868591575,732
0.37376833,0.18875619799498491,733
0.5113575,0.02070105000417539,734
0.31916636,0.6183020238745163,735
0.5951894,0.05355024552606917,736
0.3587339,0.01173775779122876,737
0.42324176,0.3228659729446083,738
0.8876834,0.09070099376927591,739
0.67972904,0.07621164045794815,740
0.71718186,0.026021061497802818,741
0.36268675,0.16631677850250487,742
0.3418024,3.1276404986926935e-06,743
0.5231577,0.1929461618392866,744
0.71653944,0.2933450274269874,745
0.44251618,0.12451111751921583,746
0.1670506,0.0013695380944011442,747
0.6272797,0.5975750954607288,748
0.49244636,0.11285958456398507,749
0.5738757,0.0007048197629558544,750
0.71360254,0.0008053879519519161,751
0.35429808,0.061966659264975105,752
0.20763841,0.002935368452247105,753
0.17664278,0.8568291953743964,754
0.20158279,0.05333195159611519,755
0.32867265,0.035331096929355314,756
0.40413028,0.00017176282203674198,757
0.291258,0.00986116555688516,758
0.38304502,0.05490292273657822,759
0.54060864,0.3494913517345975,760
0.78862476,0.4432972101607377,761
0.56214654,0.1715088297008668,762
0.62279564,0.22290347964063795,763
0.88339305,0.006717748629526652,764
0.5728644,0.00030657325879912653,765
0.6033594,0.5319320527089721,766
0.81890166,0.04245765110643713,767
0.569775,0.1655893142537427,768
0.13641518,0.001782735338659082,769
0.7043888,0.042299786195755994,770
0.33046472,0.10981809280553048,771
0.4367395,0.05103785805093714,772
0.29789868,0.0370602141301726,773
0.5908031,0.011653250198101822,774
0.31488016,0.25570708735982434,775
0.50303906,0.23113474089481584,776
0.291215,0.043568973233807554,777
0.43002263,0.11668869993429526,778
0.63164985,0.1876270024534476,779
0.26276383,0.1258576528441834,780
0.1500445,0.2558681316387896,781
0.16137114,0.00584955326865662,782
0.413821,0.38021942748681636,783
0.57070297,0.1150143455379849,784
0.28341836,0.30606921400020964,785
0.5037048,0.2767396945317031,786
0.4005882,0.031272911969493715,787
0.43288487,0.001535685783936651,788
0.41336244,5.484805099653526e-05,789
0.38328177,0.7410423507972084,790
0.65317726,0.001563144287505306,791
0.47582301,0.032203935040673405,792
0.6072384,0.0036199605124052074,793
0.6003176,0.036973655432833645,794
0.5292421,0.0010564873149608851,795
0.25085464,0.0007317027247890686,796
0.36521387,0.5184967474594118,797
0.015475035,0.4580683600192583,798
0.46883497,0.9410700492580716,799
0.23059824,0.011915195822333963,800
0.05852267,0.07709390895199712,801
0.5217942,0.2511077521195514,802
0.5565652,0.008234322138954987,803
0.49345076,0.01985460516852707,804
0.4142679,0.08127052002352596,805
0.4857419,0.20859052244024212,806
0.7150638,0.01559069333685375,807
0.56178784,0.16060297720469402,808
0.47908983,0.5051452631622686,809
0.48825014,0.13453780505745377,810
0.4552996,0.0004994278956633781,811
0.5717523,0.12069257704226496,812
0.7057808,0.0036316634107901183,813
0.3156638,0.23783186607994664,814
0.5426063,0.06413933385380355,815
0.7054834,0.49131708677581126,816
0.3355163,0.017055407232915876,817
0.4164747,0.003234472943219045,818
0.5105046,0.035310525756630226,819
0.56810784,0.18323945453459897,820
0.23683473,0.20522613314344382,821
0.9359217,0.3190960190863205,822
0.71216923,0.0017696211905888833,823
0.30301124,1.6911331649308448e-06,824
0.4583565,0.04192775643033069,825
0.21487054,0.09921846145876793,826
0.892617,0.19540792969824894,827
0.41405118,0.09181096208902056,828
0.65827847,0.0417222907104396,829
0.8460338,0.12623859729857434,830
0.38859707,0.17343378788800182,831
0.185554,0.06361697902279416,832
0.33366805,0.12336230812752455,833
0.5173337,0.0804198252115345,834
0.43957397,0.003686921289619697,835
0.41130996,0.0033512824909199507,836
0.8726144,0.07218000687362153,837
0.6782774,0.16657386793328383,838
0.2483148,0.0026391329271106497,839
0.30334207,0.06369843973443073,840
0.3204473,0.14472030750791207,841
0.44192782,0.000269482409776602,842
0.60775423,0.13334719416960167,843
0.423083,0.004140628612743202,844
0.77952826,0.9607448055459169,845
0.07895765,0.00294481328233897,846
0.075240076,0.06779849099618439,847
0.27503502,0.30352568206974556,848
0.6611072,0.002784012916266124,849
0.73727185,0.013614320657620454,850
0.21429402,0.021634397726739515,851
0.7039819,0.19117961739533598,852
0.072114676,0.04363083798527019,853
0.7495703,0.17097418532349073,854
0.44589296,0.7630078799570225,855
0.7391236,0.29763677900767027,856
0.49672088,0.031940470365754516,857
0.5889887,0.20296406316021415,858
0.7578766,0.06562323908862451,859
0.6355651,0.3334834042109127,860
0.68600875,0.042090871152933876,861
0.7263534,0.7976020806925408,862
0.3642583,0.3001885928981431,863
0.47779015,0.13078263884830899,864
0.3118279,0.35547928818479774,865
0.36868483,0.3876529768025584,866
0.53914773,0.04928436031549364,867
0.5047492,0.012737382086710486,868
0.42894766,0.004794875555611396,869
0.4264904,0.0012892752398039932,870
0.64386046,0.12728888852983467,871
0.8670383,0.1259034032402113,872
0.25884748,0.06453115305650017,873
0.18966988,0.19237528077769442,874
0.7677939,0.0036143621757309978,875
0.49177408,0.15673155805295938,876
0.035145074,0.43261723985899986,877
0.50997937,0.0004341865689366119,878
0.5986186,0.19873235188866664,879
0.77803427,0.0009168458396088511,880
0.5503527,0.02210172588698609,881
0.49272403,0.002934459037528787,882
0.46367288,0.0233429639762168,883
0.47015244,0.2188926133628636,884
0.4057265,0.16046710815536222,885
0.14323771,0.026867451454918596,886
0.72045666,0.18453561414876252,887
0.81939113,0.11615653425538787,888
0.6395084,0.03221885429345046,889
0.05799094,0.254088108731585,890
0.41197568,0.02132792334525614,891
0.28132907,0.008783237735865408,892
0.7170573,0.06320937407935436,893
0.5203826,0.6586349222118295,894
0.6154582,0.41948599175644463,895
0.5489287,0.17175931884022583,896
0.41689056,0.1286085462716518,897
0.22854057,0.004003941681296699,898
0.82287365,0.03705435425621257,899
0.14278209,0.2402427173098072,900
0.42759073,0.6259697604255193,901
0.12831485,0.011838683325542164,902
0.996728,0.1600437893604487,903
0.3987184,0.30588373376323263,904
0.26346272,0.002328105264773124,905
0.45431057,2.7568505434167075e-05,906
0.404545,0.001140172505178424,907
0.5171315,0.44778517252436223,908
0.67017746,0.07708581657635075,909
0.8068122,1.7744624917524532e-05,910
0.41040194,0.0016483339553904335,911
0.45468307,0.000298190904415322,912
0.70599085,0.23892072135773593,913
0.5785137,0.085736378594821,914
0.7683439,0.01815442091354558,915
0.4049151,0.07400583923094842,916
0.9818938,0.0008846847617772506,917
0.72883224,0.02704085090087014,918
0.5910045,0.0008586110255388471,919
0.31006283,0.03201850381903745,920
0.17862469,0.02005220892489149,921
0.7957498,0.0005810461300888695,922
0.6369399,0.5852379354850789,923
0.54600805,0.014786477829770389,924
0.84367675,0.5206865710133385,925
0.31333953,0.005437191536646062,926
0.3894493,8.464388650396459e-05,927
0.7628063,0.3777565786784608,928
0.4027394,0.0471303234500978,929
0.46341825,0.046746576300336934,930
0.42585212,0.5028039133053627,931
0.7439344,0.0050749520723100475,932
0.30708444,0.07738177621625587,933
0.8099929,0.025252276663846766,934
0.3770632,0.04563303846186722,935
0.57698375,0.008830826974977562,936
0.69674474,0.287778051477351,937
0.048922002,0.06666413698342204,938
0.6907097,0.4290937277169946,939
0.8008698,0.029514508436510982,940
0.40555057,0.39795372048681715,941
0.83463305,0.38168164858459025,942
0.44206348,0.009787581173572903,943
0.3306197,0.012944776031425886,944
0.2880026,0.19096911690901036,945
0.6684991,0.017376320030828705,946
0.27397686,0.09576729173534355,947
0.23352882,0.035483094351521714,948
0.4787595,0.2211842406020091,949
0.47998238,0.02061495600028117,950
0.5856676,0.1266772986828192,951
0.37780076,0.08111766457862266,952
0.5760366,0.5782087495790219,953
0.40433055,0.24423923494797675,954
0.4446691,0.8194140000056012,955
0.9235639,0.09610104791044011,956
0.26184225,0.014309755282046635,957
0.4043565,0.1767090626174545,958
0.4771468,0.5135280803059274,959
0.25723335,0.2330428112338433,960
0.684031,0.05474628831787521,961
0.6815927,0.001534913740996003,962
0.73474324,0.005012912505583477,963
0.7233728,0.32277131898502515,964
0.11779761,0.02587329804785456,965
0.6121179,0.011112614587850084,966
0.61406016,0.008598096433199996,967
0.4853185,0.019583364562282556,968
0.014162421,0.009511444399506849,969
0.25083244,0.0027252306767932945,970
0.5374536,0.6216881557000109,971
0.28761846,0.01488359746783297,972
0.25295025,0.00023809349770851775,973
0.36503503,0.007897703814640005,974
0.62878627,0.0015843531735422114,975
0.19251758,0.000655207122750073,976
0.2614493,0.00278590322102757,977
0.94709325,0.0003254463147010156,978
0.5104566,0.008693190217786294,979
0.32411546,0.2617802568042687,980
0.6322654,0.48661697844905016,981
0.62073326,0.0014957263187191626,982
0.63408303,0.13000233024306063,983
0.80674064,0.10396092444717919,984
0.3262057,0.10877590398016683,985
0.1216639,0.00655018519464128,986
0.6915766,0.07822376439652794,987
0.6661552,0.1868614848982697,988
0.33827883,0.7701593114896234,989
0.64569265,0.06358083624893775,990
0.7546025,0.015065097617374318,991
0.1844748,0.47961351946312203,992
0.43424806,0.4590633417272261,993
0.6587659,0.7896959684803574,994
0.87750745,0.31246544787602915,995
0.27257752,0.19355295750925186,996
0.48085165,0.04563002546380785,997
0.34061295,0.04006492895429978,998
0.53949594,0.020119284373688404,999
0.58050424,0.268351797340662,1000
0.7765063,0.43325985523535854,1001
0.34314048,0.01568881720799302,1002
0.7707269,0.061854848398374906,1003
0.13811731,0.6117610783145878,1004
0.34846872,0.07947307059294274,1005
0.5354101,0.09103505521273345,1006
0.69446206,0.07187570283708766,1007
0.54267794,0.6332452400841692,1008
0.117655754,0.12404018005749794,1009
0.38852435,0.289615319562509,1010
0.23286375,0.05052642420279782,1011
0.26049548,0.03390686636095125,1012
0.44394836,0.15184303580563469,1013
0.8249639,0.013435083353672949,1014
0.5373093,0.23795929054225598,1015
0.78119063,0.5346643903027878,1016
0.76542276,0.1391760996490036,1017
0.4861756,0.10084323104632563,1018
0.17729047,0.0946426569766376,1019
0.4893983,0.014460038531696237,1020
0.57798254,0.19977893981987316,1021
0.46276635,0.1381100795626683,1022
0.552129,0.00241505071859796,1023
0.071977735,0.02586522407259809,1024
0.77256763,0.3070131224284865,1025
0.24314708,0.05692814844190902,1026
0.39140922,0.12662804783593512,1027
0.5501765,0.0164707727990609,1028
0.6871919,0.13808831306752248,1029
0.89583987,0.2895330628373653,1030
0.66567075,0.6347320216423602,1031
0.6733373,0.15776217607517745,1032
0.3132559,0.21422232862082238,1033
0.18344033,0.10215238520208049,1034
0.60191244,0.013087485902854691,1035
0.33072054,0.025597033820295167,1036
0.1646981,0.15832495130643529,1037
0.09567335,0.13124253549812126,1038
0.6570459,0.1522026301804057,1039
0.4789868,1.587726203653342e-05,1040
0.46364278,0.01635160464488509,1041
0.56941867,0.010440477112058697,1042
0.79018605,0.3263548272635043,1043
0.99502695,0.12090625879186646,1044
0.24260032,0.7939525217896451,1045
0.40950367,0.00013379626437148794,1046
0.4445873,0.16267788824104026,1047
0.5598572,0.0071056295792784815,1048
0.53317153,0.33798945027243216,1049
0.23083583,0.008690044532432153,1050
0.5271929,0.3083878854927783,1051
0.24307543,0.10477367438147307,1052
0.38925457,0.0009578687095487677,1053
0.6823006,0.03866434909688541,1054
0.23006535,0.08054898073661286,1055
0.8183722,0.11233673812700361,1056
0.7575321,0.03610784142591109,1057
0.15289602,0.03241116402556369,1058
0.7103076,0.042344446446314264,1059
0.57537854,0.08233179646503216,1060
0.84371996,0.5548216419056977,1061
0.74465686,0.08697990374930989,1062
0.41250378,0.061556129362158825,1063
0.3266925,0.0066227286932172,1064
0.68649447,0.010469631654847501,1065
0.4951016,0.20183137947096652,1066
0.46027616,0.05078526087869807,1067
0.5680942,0.040439510495501006,1068
0.53140396,0.02060067204340971,1069
0.69522566,0.010147629683021655,1070
0.3953777,8.948519841674092e-07,1071
0.45754328,0.06967887208382904,1072
0.530554,0.931191608811834,1073
0.34908652,0.10361564060304572,1074
0.8643743,0.10117322493283296,1075
0.6296605,0.4710185517179157,1076
0.8823266,9.231096406964519e-05,1077
0.07080206,0.28819138984567866,1078
0.33703816,0.07123131546828693,1079
0.8572683,0.009416332886107381,1080
0.77710086,4.416453302290487e-05,1081
0.4139343,0.09805825599000222,1082
0.38517088,0.006809349825635502,1083
0.527676,0.15577663138404937,1084
0.5614139,0.03658116989837211,1085
0.9891107,0.1310362681703842,1086
0.41106826,0.5345016204042677,1087
0.7328788,0.3177439043837042,1088
0.61934495,0.00890289442286543,1089
0.62132514,0.008286331554957208,1090
0.7820674,0.08613632902769376,1091
0.4358104,0.02319494031222903,1092
0.08853111,0.24474739522035477,1093
0.7781169,0.022862642826429715,1094
0.13900188,0.15277004567590396,1095
0.9144488,0.008923795321433005,1096
0.74964225,0.5797930108185612,1097
0.7134846,0.27955623027252297,1098
0.33121967,0.13598456985022445,1099
0.811998,7.695307078180307e-05,1100
0.2693636,0.9104209813307589,1101
0.3822369,0.2604335437609257,1102
0.42382956,0.09086719909137447,1103
0.886463,0.02332099497072524,1104
0.4683534,0.810472251269779,1105
0.8911424,0.8692233032490393,1106
0.87427074,0.03212292148856384,1107
0.27482533,0.07212099337732096,1108
0.5731604,0.06255935755208389,1109
0.5857614,0.01108654115163748,1110
0.08735296,0.006794856646157244,1111
0.484697,0.006829842910097062,1112
0.52785546,0.0926788509484249,1113
0.32692668,0.07807131945721858,1114
0.68646806,0.12271623297104513,1115
0.9234643,0.01640316705213628,1116
0.51414233,0.003425284780864439,1117
0.23336774,0.10959058374863513,1118
0.49144766,0.10292700402206555,1119
0.7426403,0.030470875549344224,1120
0.24843746,0.1009379387608868,1121
0.32791048,0.051866029566887614,1122
0.28682196,0.012741793994763637,1123
0.7568712,0.13746240135901183,1124
0.57188874,0.1948008306557111,1125
0.14202574,0.04592596191769542,1126
0.3060326,0.028472311192783126,1127
0.22272128,0.1095516709011611,1128
0.34107327,0.28836688849828007,1129
0.70465624,0.05179387617166711,1130
0.5056755,0.11227734853279456,1131
0.64304304,0.39729651268419036,1132
0.3647198,0.06331520631690972,1133
0.9192487,0.00707760469928388,1134
0.6755455,0.07325993714972785,1135
0.8520471,0.12170903705056764,1136
0.22321269,0.000515550194972827,1137
0.47067046,0.023556497713220218,1138
0.5778185,0.4143986735425928,1139
0.63162243,0.03180556593059963,1140
0.48565528,0.07448687214647967,1141
0.083844066,0.049634303866668644,1142
0.41274542,0.03557846718483088,1143
0.32705244,0.164266701015472,1144
0.4529636,0.31623177486647874,1145
0.5061434,0.1770529961460436,1146
0.2991718,0.31176903624386093,1147
0.03774169,0.010432750478652894,1148
0.75681686,0.16135747519209592,1149
0.4666868,0.025472585000660176,1150
0.2509182,0.6559110225266652,1151
0.32850537,0.008446857644793566,1152
0.4656939,0.0017070567806524003,1153
0.53995585,0.06982873379400445,1154
0.60617524,0.060256716327157095,1155
0.21301341,0.014305267574307794,1156
0.34232002,0.20072110235052087,1157
0.9315315,0.05584544428682851,1158
0.7296798,0.0579133727634441,1159
0.46468747,0.38057153396132104,1160
0.8571968,0.011386623570758576,1161
0.64371717,0.020792752338462357,1162
0.9888897,0.1569166967364094,1163
0.3526405,0.0964497457791499,1164
0.20267075,1.9330704135974597e-06,1165
0.17253798,0.12061121416530778,1166
0.48272362,0.07824859392525398,1167
0.49997282,0.020590561702597054,1168
0.3289594,0.0005944977253576063,1169
0.04903066,0.5308061145892423,1170
0.5141996,0.4210388262215714,1171
0.52063245,0.13182049293058845,1172
0.35652798,0.013831033165345383,1173
0.8106432,0.02159319844477466,1174
0.6194373,0.005008249535356973,1175
0.44353208,0.6790785764938496,1176
0.2998392,0.9400053015470191,1177
0.44799498,0.3238096665739365,1178
0.31408566,0.14570396980346428,1179
0.419825,0.0004633229187924222,1180
0.4311019,0.10842274362320681,1181
0.61177063,0.6457480947452461,1182
0.3314808,0.18581448039355264,1183
0.5735763,0.08801559513134614,1184
0.63918674,0.026272652017596914,1185
0.4623506,0.00010137541735575323,1186
0.48840028,0.0012353883773953622,1187
0.0921807,0.668673512653932,1188
0.36424363,0.39440710694996967,1189
0.40248913,0.05644251343559199,1190
0.75752056,0.3316906803469804,1191
0.4384862,0.2445583798307413,1192
0.63837963,0.6723367575387692,1193
0.55677754,0.0040794543224410085,1194
0.51195484,0.2752510871332045,1195
0.7293283,0.010549014935886615,1196
0.53153324,0.25537143720373573,1197
0.17409042,0.426342023719693,1198
0.15873516,0.02813099976622106,1199
0.028254747,0.2552083160588991,1200
0.52360386,0.3443553210150575,1201
0.68057704,0.016935629459346385,1202
0.18882534,0.023793700162467468,1203
0.096770614,0.008009884126077924,1204
0.5212519,0.01530663374490757,1205
0.44155592,0.5605040313254198,1206
0.22853109,0.4095779301334482,1207
0.39197254,0.06463845706461459,1208
0.31286383,0.09318468188341339,1209
0.6911603,0.06577199239893215,1210
0.52257055,0.0003523721777911155,1211
0.16025016,0.0017696376472539222,1212
0.59767187,0.06387180348064848,1213
0.64563495,0.05057982861455741,1214
0.47762135,0.28582481700876217,1215
0.41882992,0.15896214503267517,1216
0.76161885,0.19507613833582352,1217
0.5967816,0.46782257995098275,1218
0.37935105,0.000647069485182879,1219
0.68318,0.049984645856828484,1220
0.5351963,0.045387616473841264,1221
0.36309528,0.06155187190628068,1222
0.6329094,0.6747996943311599,1223
0.0024591684,0.001217690432574907,1224
0.5668979,0.511718531486052,1225
0.8905332,0.19343985680540723,1226
0.6672539,0.002090973760990182,1227
0.8927889,0.04937812142427277,1228
0.1601175,0.030475805393676756,1229
0.2940771,0.04435808264639246,1230
0.35103953,0.06370016285613404,1231
0.29157877,0.12273645230040811,1232
0.38989815,0.01612821310672118,1233
0.19079539,0.26153663728597415,1234
0.79420507,0.252417306931623,1235
0.36413532,3.546819289854127e-11,1236
0.5447331,0.18661590456001964,1237
0.6910584,0.0007283714763886345,1238
0.31382135,0.027262853744948277,1239
0.28984934,0.0038848587486993154,1240
0.35206914,0.022416556556493702,1241
0.61256254,0.18160426282624972,1242
0.7739464,0.15939829268247246,1243
0.6472677,0.04957522470748035,1244
0.68757236,0.16784459422437342,1245
0.7596096,0.00022482794697276963,1246
0.25048324,0.23591259030449105,1247
0.13485262,0.04181799452337318,1248
0.33392215,0.022172651779035428,1249
0.29593587,0.44442945500867204,1250
0.5950908,0.11440680764639481,1251
0.63306296,0.15029876951834503,1252
0.3015873,0.06465844815313271,1253
0.034834504,0.030625366679507594,1254
0.78210735,0.0863011570526328,1255
0.50339264,0.013639205693427848,1256
0.48068926,0.09001016056079231,1257
0.502698,0.015419172113590087,1258
0.36066526,0.0019905247136690384,1259
0.6476373,0.03077272748287573,1260
0.9158592,0.00014836809968794322,1261
0.62059444,0.2468608561721479,1262
0.4252858,0.13313650613621703,1263
0.42963076,0.4450627074903193,1264
0.68527186,0.0004321831588608603,1265
0.46235105,0.023645304491185896,1266
0.47917843,0.04929660630529711,1267
0.26806146,0.013309620581457064,1268
0.41399932,0.3097656764687649,1269
0.52420497,0.11619999320516587,1270
0.5400992,0.00405353124434178,1271
0.9426978,0.00010521767513698671,1272
0.48099005,0.0006015757529806261,1273
0.64316744,0.04539721780573771,1274
0.3219666,0.071019453640851,1275
0.5829598,0.0022296380178082973,1276
0.40717083,0.3355865594042442,1277
0.37475026,0.0216373970698025,1278
0.61425734,0.00136200473229236,1279
0.41437662,0.21021056467595184,1280
0.6557543,0.0018905421132316713,1281
0.28126025,0.18051994558906384,1282
0.20118213,0.006186772574869222,1283
0.6359743,3.131058391499268e-05,1284
0.43959033,0.00032925316607633346,1285
0.12858248,0.1264744147925992,1286
0.47988117,0.21309641989127637,1287
0.3792688,0.5061660365954027,1288
0.8270311,0.03083231164719889,1289
0.2583061,0.26569183533003227,1290
0.1800077,0.04926041116283722,1291
0.6105696,0.00879494065131906,1292
0.24389252,0.24276938470424136,1293
0.29661375,0.008671323842125362,1294
0.3140365,0.07789898675137692,1295
0.48854208,0.020206019584329805,1296
0.6959038,0.09144138015179881,1297
0.28245315,0.01623574095657039,1298
0.5506847,0.28540024895850863,1299
0.40732858,0.39699534106158785,1300
0.18386966,0.026919757402735056,1301
0.60002005,0.05873906555310774,1302
0.4453732,0.03377843593021797,1303
0.29824096,0.1272430150152279,1304
0.2994058,0.515733494968549,1305
0.67009306,0.00739812563968863,1306
0.5326398,0.012123301441617024,1307
0.21423885,0.030211450567980788,1308
0.61423856,0.033491552921629496,1309
0.5557085,0.039451245901171696,1310
0.17280012,0.1611267605048319,1311
0.15343413,0.1535154411556101,1312
0.49014613,0.039310516370222516,1313
0.33569896,0.09856358008674189,1314
0.36518943,0.00010048783601473307,1315
0.4901476,8.339100113264349e-06,1316
0.8386225,0.023087763765361966,1317
0.24061972,0.036337374186472995,1318
0.2218776,0.03067537750612939,1319
0.6485218,0.09448884973314364,1320
0.50400025,0.73450511420946,1321
0.24351755,0.8910611221585305,1322
0.42647898,0.027023732312980102,1323
0.687796,0.6563252135203057,1324
0.3507688,0.15363891453234782,1325
0.47941175,8.565672105442809e-09,1326
0.37458283,0.047013623395865484,1327
0.5671793,0.013664987181853359,1328
0.4676088,0.0025087932764494745,1329
0.37297267,0.6189298260969283,1330
0.32590532,0.41388344430501095,1331
0.36895812,0.019278485788092627,1332
0.5978799,0.011566294220622761,1333
0.4996797,0.5898669339758305,1334
0.21608308,0.015981146420194728,1335
0.12821189,0.3362667945528086,1336
0.7719575,0.06383546133709071,1337
0.53773904,0.009008537475696066,1338
0.44932643,1.998057291624529e-05,1339
0.47650844,0.011720928332055916,1340
0.3692078,0.032195254167525,1341
0.76549965,0.21978888608259542,1342
0.59365976,0.014626909006947105,1343
0.27766645,0.10092081900105503,1344
0.5327424,0.07115508002528563,1345
0.3428498,0.0111204463954592,1346
0.36655158,0.0740828641549745,1347
0.6488319,0.13227794565151532,1348
0.6009925,0.002368199843153581,1349
0.6142415,0.7092504840251341,1350
0.53188246,0.03801875951291046,1351
0.30837303,0.5788293432083073,1352
0.19318405,0.06288662510984744,1353
0.6957507,0.1181897339436186,1354
0.26586515,0.04090190899656336,1355
0.45426553,0.21687846559099813,1356
0.534157,0.10089192100685834,1357
0.5198761,0.00027080795497934275,1358
0.4632436,0.0041242804745754615,1359
0.08250117,0.6422885391650707,1360
0.40034032,0.06597008197159213,1361
0.38808775,0.030336453231003757,1362
0.81852794,0.08306264792352898,1363
0.18462819,0.07287230277533872,1364
0.3283162,0.1914441089712524,1365
0.6611726,8.46267009921341e-06,1366
0.6234538,0.5308947833054272,1367
0.6228134,0.177359765976123,1368
0.031374156,0.059575640556496286,1369
0.22661904,0.00035267089364973415,1370
0.29029033,0.03695577711823754,1371
0.7371859,0.06925863687689499,1372
0.61302584,0.1815731578717346,1373
0.52816135,0.0010105956673942074,1374
0.55869186,0.010802847358574886,1375
0.48332343,0.02104217101334277,1376
0.61200047,0.388301939034038,1377
0.39842665,0.04456215980803965,1378
0.46099702,0.014177855108984432,1379
0.3823671,0.9138503577687154,1380
0.23669681,0.2350000878602703,1381
0.55566937,1.9784543263712742e-07,1382
0.59811866,0.2730879404672963,1383
0.82416016,0.009150691778259577,1384
0.7284792,0.03458865093625821,1385
0.14950675,0.03853319531571409,1386
0.1265597,0.40800093035513413,1387
0.68088424,0.01878526979302908,1388
0.616286,0.29271651005556665,1389
0.66774833,0.03200479976910386,1390
0.498865,0.007214400462382518,1391
0.7566571,0.2600275237533133,1392
0.5826906,0.22276978160775707,1393
0.42183536,0.0031292348153177866,1394
0.6391212,0.22756689737998403,1395
0.6500371,0.005838212430594523,1396
0.6307553,0.2851638586676417,1397
0.35653567,0.0009643021764227163,1398
0.23545614,0.17953536213452176,1399
0.40043318,0.021848791180470277,1400
0.7923613,0.04416178098260781,1401
0.65352935,0.40501018539785255,1402
0.42187795,0.022443005039521395,1403
0.28299752,0.43703165306161884,1404
0.32761487,0.09234550546808264,1405
0.4778935,0.6935917111905611,1406
0.40722832,0.2043889333919073,1407
0.23599634,0.00012063849170093875,1408
0.41654631,0.0605207990703039,1409
0.780183,0.05291496187017268,1410
0.62450856,0.02686066448228532,1411
0.2843864,0.008932579537670491,1412
0.3897382,0.09652664263258422,1413
0.5612887,0.11895910752656155,1414
0.7787013,0.10113332642085854,1415
0.305386,0.37453452263599085,1416
0.8311211,0.03444046225957731,1417
0.4420411,0.02576491104358243,1418
0.9320706,0.011289629409735465,1419
0.4469312,6.378645362065761e-05,1420
0.29303432,0.025249331692206944,1421
0.9444642,0.4325188111326447,1422
0.4531536,0.0316425941848885,1423
0.70494884,0.03501286608295609,1424
0.7797826,0.045781176804506565,1425
0.2893399,0.09484761781692407,1426
0.86307395,0.14631560993674925,1427
0.40343493,0.0733122578723657,1428
0.36803216,0.0003632599511784763,1429
0.7558965,0.032303973059336195,1430
0.56090593,0.092427488468442,1431
0.40765947,0.03690953866477254,1432
0.69101655,0.8428950675811736,1433
0.317876,0.03039748561796321,1434
0.40837756,0.02661995392370199,1435
0.4625089,0.17369959654894418,1436
0.9637618,0.19170970379273497,1437
0.21111044,0.00015291954168136632,1438
0.40478024,0.11512207208853448,1439
0.6216435,0.015100457941504004,1440
0.60763294,0.11636620797407986,1441
0.8822284,0.8096839892564125,1442
0.25552052,6.611052319401955e-05,1443
0.40443283,0.014309099320426162,1444
0.33545172,0.11143617793942277,1445
0.590197,0.05244532089997934,1446
0.30176818,0.003829312759896156,1447
0.27957246,0.0590288056540911,1448
0.30190462,0.32701190958510346,1449
0.7099054,0.011949100909719018,1450
0.47104087,0.04612323631921418,1451
0.8245485,0.09780761647968081,1452
0.45642844,0.1693077627446439,1453
0.42424098,0.00019602943744057242,1454
0.6231922,0.09388188352609766,1455
0.3689534,0.7659965130162086,1456
0.77117175,4.769188545921026e-06,1457
0.33844316,0.0036139615391093055,1458
0.42785582,0.1473459397812176,1459
0.5212172,0.41761855410531573,1460
0.115671635,0.3510595266210958,1461
0.16823307,0.12223970268317873,1462
0.5254565,0.06091462486098052,1463
0.913257,0.0621067360417939,1464
0.498508,0.021464598406068767,1465
0.5101182,0.07322422202115922,1466
0.630642,0.06220696375960169,1467
0.540096,0.0017063310677677595,1468
0.1959199,0.06498970759032845,1469
0.4817483,0.00640250203526592,1470
0.41262588,0.4444271190569093,1471
0.45185384,0.2964252205224411,1472
0.32849038,0.11266445124927303,1473
0.75109744,0.004211832462312826,1474
0.53612435,0.08342922674468502,1475
0.6207858,0.010998551955951796,1476
0.09969282,4.4302125190832565e-05,1477
0.47428936,0.009608716007314857,1478
0.2238127,0.00023727016885584804,1479
0.062942594,0.11023653826148928,1480
0.73442507,0.3213714068665406,1481
0.16649124,0.22084609069473532,1482
0.8131137,5.746028308012611e-06,1483
0.70119625,0.0002062730875384272,1484
0.19432592,0.009011364781456817,1485
0.97591114,0.18503447336302933,1486
0.39363334,0.1074101502696195,1487
0.40570143,0.01663718346048775,1488
0.70772135,0.2553733214741033,1489
0.23987395,0.11151685632806972,1490
0.5613479,0.03608930085127374,1491
0.70535487,0.011664111757023341,1492
0.81919754,0.1529106750153713,1493
0.6977447,0.047206867761565324,1494
0.30806783,0.3935164998748933,1495
0.7057754,0.06389870665534732,1496
0.91858196,0.22821416997473315,1497
0.25712126,0.3375456820556627,1498
0.9401547,0.2273873745770304,1499
0.6715171,0.009613729202772056,1500
0.55744433,0.7574996892624395,1501
0.3461778,0.3710755151479459,1502
0.62987274,0.05572932215043524,1503
0.3060854,0.023004630842033507,1504
0.374664,0.01811606342109143,1505
0.45865688,0.0001680908204661712,1506
0.65149623,0.013929451803794858,1507
0.28164172,0.06411730633926091,1508
0.7747208,0.0030125002229064064,1509
0.86806536,0.055324034719251125,1510
0.39543268,0.006477338334628292,1511
0.6486442,0.04914861036808311,1512
0.57437825,0.7936329203383605,1513
0.6537348,0.012638165078119004,1514
0.7951561,0.5510036337892681,1515
0.5393264,1.2214691806719353e-05,1516
0.23082787,0.1655403035093256,1517
0.38035408,0.11222315989902996,1518
0.643602,0.5230258365961271,1519
0.38456565,0.6369452573087525,1520
0.72313136,0.09836799226177867,1521
0.64747226,0.00011680936348149546,1522
0.5515868,0.026860933405448748,1523
0.60232884,0.0013643185899918763,1524
0.95968693,0.05425503361447519,1525
0.7099385,0.23529475133545977,1526
0.44799715,0.6009289997822408,1527
0.50188476,0.09026729628470237,1528
0.6353435,0.23982034479916142,1529
0.46426398,0.1549197215368363,1530
0.3058855,0.8784705608711258,1531
0.5746183,0.012227888408114635,1532
0.72684264,2.4837305400599466e-05,1533
0.42687562,2.9014428900568754e-05,1534
0.17415336,0.06185946165006941,1535
0.65576184,0.050289134034216476,1536
0.6693655,0.16407484892171514,1537
0.6105308,0.05828277507112876,1538
0.7462907,0.031754349537640884,1539
0.69668233,0.23602624425466595,1540
0.0069378912,2.8320209537624544e-06,1541
0.49273062,0.015639697557013634,1542
0.22214955,0.14377347322038878,1543
0.8346924,0.036713919060989135,1544
0.4881964,0.8712761145000893,1545
0.69737154,0.516552911459857,1546
0.87134504,0.0224441179360986,1547
0.545026,0.08896380259923271,1548
0.6893381,0.2130582858141781,1549
0.5394327,0.011804398801164982,1550
0.34506908,0.053979003514513756,1551
0.6259182,0.3598848152972725,1552
0.37114346,0.041274378949167266,1553
0.6616041,0.013551736206547788,1554
0.2950729,0.00037940398414178694,1555
0.5292768,0.49531242757691235,1556
0.23143318,0.00470345195790511,1557
0.52750015,0.006826937575163752,1558
0.5017256,0.818036235630985,1559
0.28322256,0.19137138956232816,1560
0.12857169,0.0021837088141706848,1561
0.34398496,0.432234810015003,1562
0.16486642,0.058084453369122505,1563
0.17148843,0.2090351322533725,1564
0.11050224,0.011604985457961363,1565
0.43880916,0.2844617908081279,1566
0.37543884,0.9282015445355697,1567
0.41534716,0.022760378543482687,1568
0.5078069,0.010146608268664845,1569
0.56922054,0.060483802955639876,1570
0.721514,0.036133511863696136,1571
0.50664407,0.1686368737995484,1572
0.2046951,0.024505416081929382,1573
0.19846904,0.04334414799989919,1574
0.5679927,0.5497160233211469,1575
0.8927313,0.04739349002450574,1576
0.6887631,0.061952757891360934,1577
0.5288967,0.013525840944175275,1578
0.69578373,0.03221589903593427,1579
0.25649697,2.3503127867200414e-08,1580
0.6138354,0.04456392882774038,1581
0.897799,0.2923408705599735,1582
0.100797504,0.00519585510095384,1583
0.5772768,0.003156349498279501,1584
0.18182012,0.0033520314038194016,1585
0.6800723,0.04598025747606061,1586
0.22887138,7.5168189156817e-06,1587
0.4540936,0.000559150704273037,1588
0.4071882,0.0005639393533870992,1589
0.64862686,0.21947687733327895,1590
0.5111917,0.4243943099506247,1591
0.2027641,0.36405776627642733,1592
0.5119791,0.07258401335295223,1593
0.8750894,0.018403852450718034,1594
0.8497841,0.10391330955111584,1595
0.5756947,4.7285503173542734e-05,1596
0.51359713,0.11697814193520993,1597
0.6032781,0.029433186792195757,1598
0.5496151,0.183502416545295,1599
0.55359197,0.08347246378789003,1600
0.12075412,0.16406956307202056,1601
0.84162647,0.0004714204811479812,1602
0.40985554,0.1415601803023078,1603
0.1953257,0.34273640454003246,1604
0.35440207,0.10398480351811745,1605
0.5254883,0.0002887280238983086,1606
0.5400145,0.11842486971362182,1607
0.15660763,0.0867223201701191,1608
0.57346666,0.09606290610260483,1609
0.43995082,0.0190688466234159,1610
0.59348035,0.04290802066507722,1611
0.36529353,0.01888528707455742,1612
0.35858148,0.02042906990704554,1613
0.10662171,0.012698745574678991,1614
0.6227774,0.1628306811112475,1615
0.7336195,0.10636336334307547,1616
0.42944518,5.638026659112846e-05,1617
0.3157229,0.24141381079961463,1618
0.4367175,0.041024607115317385,1619
0.688421,0.023112613259395585,1620
0.6996749,0.12262129980948837,1621
0.33516788,0.23797708043724164,1622
0.65759265,0.04691337255473259,1623
0.26120144,0.07920041963096561,1624
0.8386615,0.0013262688394616398,1625
0.6780062,0.01769511139903293,1626
0.5177215,0.00771969588271657,1627
0.2665217,0.5836840779449356,1628
0.63337094,0.08901612810817353,1629
0.5049052,0.006137853132363742,1630
0.74723566,0.11650606882573344,1631
0.5538717,0.13072322833711122,1632
0.35723963,0.018896232986545053,1633
0.52241606,0.0013156276563234615,1634
0.64470404,0.0015084263896633398,1635
0.76651686,0.04112640214699849,1636
0.23848522,0.05062401262638682,1637
0.4965952,0.004509522144439835,1638
0.24442273,0.007360224705778957,1639
0.75012267,0.04743567885793831,1640
0.78873956,0.06309623044913606,1641
0.54853594,0.06931066752305257,1642
0.38897914,0.07516620402498289,1643
0.7824154,0.11009807823717771,1644
0.1892975,0.0013942901783712911,1645
0.63393736,0.032758472442044925,1646
0.9428216,0.001135408377019644,1647
0.5111768,0.1566360820466455,1648
0.64114267,0.12798643924366904,1649
0.5719381,0.07535630452428432,1650
0.7473625,3.185871026815579e-07,1651
0.48874664,0.21527906529766852,1652
0.38636136,0.027681336111804226,1653
0.49700958,0.3517147964643388,1654
0.931054,0.08753588329668342,1655
0.55092925,0.08373517092671696,1656
0.5365014,0.14472198577217288,1657
0.1602306,0.08947499076276925,1658
0.17451316,0.049656984727046966,1659
0.7152921,0.0006046698315803426,1660
0.49429372,0.021899922898244266,1661
0.38384777,0.14912460623717141,1662
0.71091616,0.009089322433715154,1663
0.1993703,0.3403212907671893,1664
0.64861023,0.07546698811092953,1665
0.5639649,0.16271435081485724,1666
0.31287956,0.0076637571319489875,1667
0.31134188,0.36615117686679916,1668
0.32734406,0.0190022869161799,1669
0.922338,0.005504992185555642,1670
0.143069,0.012357720609023336,1671
0.73895097,0.0287255385644655,1672
0.66205084,0.04186317744965847,1673
0.43367273,0.0650609645291677,1674
0.5809224,0.13132615081344814,1675
0.7921134,0.03649454617132849,1676
0.55176765,0.005126500440574157,1677
0.84603345,0.00932607499946002,1678
0.6748737,0.2365287341179358,1679
0.54869395,0.00011199302709712276,1680
0.27610058,5.9296568156639875e-05,1681
0.56037194,0.42260221608501125,1682
0.7835152,1.7921998503258566e-06,1683
0.6642836,0.03134006633818018,1684
0.866628,0.2853537038230801,1685
0.448676,0.08644755681026559,1686
0.14312074,0.019811927482421634,1687
0.78192675,0.18801390959883849,1688
0.85269535,0.0001160028493936977,1689
0.35502464,0.16100728422838162,1690
0.69071865,0.0238430791467322,1691
0.32653192,0.0060553736593422424,1692
0.6373377,0.40332439479615756,1693
0.7096264,0.6804672254719988,1694
0.4393087,0.026590866281625564,1695
0.14659965,0.00020051877297184257,1696
0.42098936,1.7094325187365954e-09,1697
0.5179011,0.012035250073730077,1698
0.69579834,0.32329805111191773,1699
0.44839656,0.039704204516929464,1700
0.4114193,0.005206648855383324,1701
0.54556763,0.07095646591008702,1702
0.57385004,0.0006041294375443931,1703
0.37505585,0.05954060173146654,1704
0.6173652,0.040367833187026796,1705
0.66658306,0.5791849385792478,1706
0.16161963,0.09601206802142846,1707
0.5968645,0.287346817383549,1708
0.05227363,7.40065956945692e-05,1709
0.2090173,0.13463517764107963,1710
0.58251995,0.03465017972009839,1711
0.35207218,2.4865123939373677e-09,1712
0.24779639,0.5779299297720591,1713
0.61793756,0.04432908809399631,1714
0.8911164,0.5705440687886874,1715
0.628083,0.25394453650947474,1716
0.8343565,0.09301811766463278,1717
0.7287563,0.0035668571282645397,1718
0.42327473,0.01835095026833515,1719
0.62647533,0.002301851109440329,1720
0.38835904,0.005971003282864621,1721
0.6026724,0.08291607518078419,1722
0.70833015,0.10030434184571373,1723
0.5510647,0.0012649254860656227,1724
0.41705108,0.3325449460432726,1725
0.7547902,0.002899686641594584,1726
0.87509966,0.001095696260916766,1727
0.6008382,0.015545776955951095,1728
0.65148795,0.10961651626544207,1729
0.9815687,0.5204194764730343,1730
0.5524949,0.00019380238379644615,1731
0.4008134,0.013240792597741061,1732
0.54821295,0.15972067598121586,1733
0.52719283,0.20645856322952968,1734
0.5133555,0.12096703444848479,1735
0.37599438,0.007958874456332803,1736
0.6060674,0.010905812399104004,1737
0.27825028,0.6276150088806032,1738
0.4333015,0.06677687703766944,1739
0.29361957,0.07103428037576655,1740
0.3739168,0.005906830601960794,1741
0.75395894,0.3407263230320989,1742
0.3548238,0.03917483463986181,1743
0.722576,0.5135717604475547,1744
0.3479548,0.14621518069225414,1745
0.1388233,0.4005189230436456,1746
0.4794487,0.00042440441416161237,1747
0.39871642,0.05295785063363284,1748
0.14123598,2.8333162430414603e-05,1749
0.48330832,0.008540297325087114,1750
0.08290371,0.31585059437621676,1751
0.084383875,0.39081000411251793,1752
0.601693,0.13604138536951518,1753
0.16915458,0.17727474739469162,1754
0.2656579,0.0628063332637184,1755
0.8404091,2.6634207991711622e-05,1756
0.5038306,0.1503911033917886,1757
0.7510052,0.45989082355750416,1758
0.30522084,0.0049920476640664905,1759
0.81491995,0.029278219064174268,1760
0.09488246,0.011364163981061989,1761
0.42144752,0.3115560149637927,1762
0.17017749,0.29279223178530006,1763
0.6869809,0.10505042758483432,1764
0.21878797,0.012085062987422495,1765
0.20720652,0.10216289714669113,1766
0.5747531,0.016623691065802994,1767
0.60477155,0.0424825881235821,1768
0.3736546,0.00042233416931866755,1769
0.2782284,0.09166721324581846,1770
0.18664715,0.015951311636699633,1771
0.42639622,0.00012761869693352394,1772
0.2561819,0.3154649413639039,1773
0.7406556,0.011660892256105086,1774
0.38840115,0.015000918812654657,1775
0.4285552,0.03431945232887278,1776
0.3964945,0.1334376557846241,1777
0.6835982,0.04272095657799633,1778
0.74366146,0.3840073131169852,1779
0.26923734,0.2003491502468142,1780
0.4043244,0.1564272321071956,1781
0.49607292,0.004824310766914611,1782
0.7089836,0.051272293676974404,1783
0.3756332,0.12615267954784953,1784
0.45260426,0.22186270717846224,1785
0.4679335,2.334148054831687e-05,1786
0.7512319,0.13325031079168648,1787
0.5021391,1.233404236261344e-05,1788
0.30310276,0.05435820168598524,1789
0.95644987,0.019624247424604745,1790
0.49357924,0.004175802416111603,1791
0.39171663,0.007736200908905743,1792
0.26452276,0.30774588088490135,1793
0.094150305,0.4874346951686857,1794
0.5021288,0.004700324693960916,1795
0.38456088,0.056759477013573936,1796
0.75741553,0.014212839499619972,1797
0.89006513,0.06412848649264129,1798
0.3522166,0.05975556177924096,1799
0.5861407,0.05630939208918487,1800
0.44210616,0.6404846064821926,1801
0.22803271,0.013297311402431743,1802
0.53436697,0.06824482021775763,1803
0.53596276,0.5027132358881203,1804
0.5266603,0.17367374598571156,1805
0.4765582,0.855397716779849,1806
0.7121431,0.08140149801314198,1807
0.70022625,0.0002496791372501669,1808
0.80481595,0.0014144356501002357,1809
0.7567544,0.13223721297220292,1810
0.31283563,0.13317939115194735,1811
0.47131094,0.07291364299745715,1812
0.35844103,0.0006462264271479083,1813
0.76202404,0.16077482652564545,1814
0.24359506,0.009120288539934232,1815
0.0976181,0.0032146157200821624,1816
0.54031837,0.4379807484492365,1817
0.23576117,0.0018265165144046214,1818
0.311531,0.14555092445386955,1819
0.4238738,0.017732300458929155,1820
0.5933991,0.03144868721115649,1821
0.39163178,0.67210984249511,1822
0.60824907,0.00020676576295595983,1823
0.356964,0.977584549162715,1824
0.6796061,0.058647008553002034,1825
0.37922016,0.00032091160207422354,1826
0.5108784,0.41245523625073044,1827
0.2823881,0.044782488867157515,1828
0.15905267,0.11897002222521545,1829
0.49282706,0.02568685038716025,1830
0.3967265,0.017204886129653374,1831
0.28301674,0.2520962673777059,1832
0.5179867,0.037532551485681645,1833
0.98795664,0.009939336270110257,1834
0.5916728,0.19489137861241737,1835
0.5940911,0.015470684098749146,1836
0.23464304,0.2930755118975964,1837
0.87227184,0.25896330913514287,1838
0.5727375,0.9230923517816036,1839
0.25719112,0.019324969636560364,1840
0.5854002,0.057533040670985226,1841
0.3368405,0.2384667342396444,1842
0.5428298,0.015174509003483405,1843
0.60770345,0.04109140134236902,1844
0.49395162,0.1481062412819836,1845
0.31012833,0.005090053435997756,1846
0.3550907,5.940264712861609e-05,1847
0.16270536,0.3048890162180985,1848
0.38188553,0.010466424790578882,1849
0.18358979,0.1409315442636579,1850
0.4526509,0.41901842222982094,1851
0.6217021,0.0011162381780613225,1852
0.95693433,5.297107518298407e-08,1853
0.19990039,0.0033724713724499642,1854
0.26146096,0.46759820406719743,1855
0.65093094,0.30364064614741226,1856
0.59766287,0.5219364702934308,1857
0.15835643,0.012251041085483833,1858
0.39490095,0.018055901818997938,1859
0.42946374,0.6042419350353595,1860
0.37032282,0.0007945186003324974,1861
0.5260441,0.8125131631419492,1862
0.31650674,0.030581370794844017,1863
0.6667868,0.19216386274919564,1864
0.754109,0.010537087386458631,1865
0.05731085,0.26485181028973054,1866
0.57910734,0.22666885719678215,1867
0.66004694,0.1189033866578507,1868
0.66344553,0.09119056171309309,1869
0.85665894,2.225226883354964e-07,1870
0.50569624,0.001243291630839889,1871
0.74302185,0.060570444716115626,1872
0.7265121,0.06703500680740346,1873
0.3393792,0.0003023715031423312,1874
0.5833865,0.49545320914498053,1875
0.37518114,0.14988138098486842,1876
0.5333111,0.8743095459078454,1877
0.07199228,0.3987441635596779,1878
0.27365214,0.04005186388598115,1879
0.14768133,0.056431884863724094,1880
0.24634618,3.63173350184467e-05,1881
0.98654836,0.012106576741426891,1882
0.08367607,0.08759679067383055,1883
0.3822111,0.04331362599021721,1884
0.4351178,0.6297241601860702,1885
0.13321444,0.06635525866670718,1886
0.782724,0.18559824654875734,1887
0.8584676,0.08489055202313575,1888
0.8631212,0.0007485226014882564,1889
0.75021005,0.0875548390870581,1890
0.12287134,0.0018878577277344347,1891
0.72671723,0.22856239976590773,1892
0.7339928,0.04727589050399391,1893
0.3809986,0.14495596666831392,1894
0.14449435,0.15853677655482534,1895
0.9145824,4.98787099954781e-06,1896
0.21660998,0.3475140854038614,1897
0.16642699,0.02314691133073105,1898
0.24216902,0.05857057104769817,1899
0.62355214,0.4277971764776242,1900
0.6702208,9.189885199996872e-05,1901
0.5622623,0.00015410589343266303,1902
0.5382503,0.003859190176884909,1903
0.60652393,0.33032405958182365,1904
0.49715832,0.854231539445336,1905
0.6642169,0.44802888362669147,1906
0.67380315,0.10007197310304132,1907
0.075731546,0.002873269713649029,1908
0.7087351,0.03415111051410358,1909
0.143538,0.01778688460768981,1910
0.61285496,0.17926905652167374,1911
0.7010437,0.016579770769289605,1912
0.34552217,0.13824359739021816,1913
0.112094045,0.15006070538610322,1914
0.27393925,0.008487372640258489,1915
0.5378612,0.18759913666931916,1916
0.6338306,0.0058719077208397525,1917
0.552918,0.02253603642319688,1918
0.8931803,0.3868890269525642,1919
0.5261077,0.051485409473995804,1920
0.26289302,0.04642001682334423,1921
0.5649254,0.18178646287426717,1922
0.42332637,0.015588189880802922,1923
0.7115248,0.0009522084494947771,1924
0.31975517,0.8949260981423282,1925
0.32584053,0.4077835948686597,1926
0.9920969,0.0009435815755943946,1927
0.16734761,0.0990963708268615,1928
0.76146525,0.0010983794450743379,1929
0.42142895,0.0452110202635684,1930
0.684392,0.005278573799612397,1931
0.27542907,0.027606966655978005,1932
0.1859251,0.004201355119749605,1933
0.346192,0.006640891079886212,1934
0.08478865,0.2270764847297551,1935
0.5331573,0.020206345416138506,1936
0.10538462,0.03295871418397138,1937
0.6612978,0.015308594767203592,1938
0.75839823,0.003376861113767076,1939
0.41329345,0.30141699788762866,1940
0.44472182,0.016612203610162957,1941
0.14348176,0.522514274301361,1942
0.61600095,0.25563696511555967,1943
0.80287826,0.38170190967193024,1944
0.36378753,0.3155986399016736,1945
0.1327275,0.037828712885749134,1946
0.58964175,0.05750375016693691,1947
0.56942,0.08206845150910616,1948
0.53672355,0.01813486636534829,1949
0.64583504,0.0015273944305113428,1950
0.41925755,0.13805126733317635,1951
0.14607984,0.10734141277376194,1952
0.7646692,0.02608065939102316,1953
0.25004226,0.08579400124369133,1954
0.780699,0.017115251769590854,1955
0.65190184,0.2343039005354606,1956
0.28485483,0.30034149045239866,1957
0.3222792,0.013827485312090649,1958
0.47652006,0.48658905833090904,1959
0.42683,0.026258504409650465,1960
0.41582486,0.03135606124991279,1961
0.86007005,0.08851429837670666,1962
0.36783016,0.019070388207171916,1963
0.46334973,0.0008989399403861876,1964
0.5179265,0.10255975508452655,1965
0.9217874,0.13140543503609026,1966
0.83518255,0.16206091029503228,1967
0.5003413,0.17049095003921594,1968
0.5073941,0.23274659068837072,1969
0.5480368,0.0648237507107364,1970
0.50915873,0.04272721877181722,1971
0.8030417,0.03990774157815215,1972
0.32854718,0.005982739575273642,1973
0.60070145,0.4767556799574324,1974
0.66714454,0.032048128254295066,1975
0.4725019,0.25666357559637565,1976
0.7289163,0.06598622160057216,1977
0.7235995,0.07770202370123289,1978
0.6613303,0.010497584371915033,1979
0.6211288,0.00013379789568623246,1980
0.6997459,0.012812141021259549,1981
0.76702976,0.11123026504660992,1982
0.3408547,0.03440045195723596,1983
0.57778746,0.43861956262435153,1984
0.27428606,0.0005691846852713202,1985
0.46753037,0.00048810265488438416,1986
0.2668771,0.12194905897651946,1987
0.60478425,0.0009036856132812532,1988
0.6590977,0.4551443760051078,1989
0.36750644,0.24464006018714704,1990
0.7620597,0.0007150261276211501,1991
0.42707777,0.33659181176209524,1992
0.78511155,0.0172787089686496,1993
0.451047,0.12826884644430386,1994
0.20469603,0.0654178201717768,1995
0.62305796,0.05782845931234139,1996
0.22655296,0.06059552649744337,1997
0.5772063,0.3347269629575143,1998
0.34044158,0.953448323274459,1999
0.4945917,0.13175426378164132,2000
0.2893394,0.07118878694169214,2001
0.61629814,0.02847798815949331,2002
0.23739454,0.37578106092939567,2003
0.25779486,0.0011355403685708928,2004
0.6377365,0.004878841259660683,2005
0.7430221,0.2769998667364359,2006
0.5128093,0.010407164542703146,2007
0.6384443,0.09326492939843993,2008
0.35838127,0.012794422720368806,2009
0.29387093,0.06329047317417089,2010
0.70211315,0.40866954366881775,2011
0.6140438,0.09902362508842177,2012
0.88490146,0.011322977138122517,2013
0.8102489,0.09515466185802945,2014
0.69334453,0.011723213118574407,2015
0.30503684,0.4949051747655791,2016
0.6305888,0.10630373965445929,2017
0.70169026,0.2497568000458296,2018
0.18504953,0.07370100420435798,2019
0.50073195,0.14864350497113382,2020
0.33786315,0.4509827008072546,2021
0.48671147,0.17261418398745476,2022
0.72758114,0.7809800748385519,2023
0.39074916,0.7583433077850184,2024
0.5970247,0.01885108294044643,2025
0.26446155,0.1397413044737139,2026
0.59953433,0.3560242387354618,2027
0.51165277,0.004507997599377368,2028
0.4965922,0.015958728945250616,2029
0.2163533,2.046080382972422e-05,2030
0.39069334,0.11220263622308538,2031
0.6954161,0.013669795193176047,2032
0.6249198,0.1362658310168253,2033
0.49637783,0.00036588303368085824,2034
0.72108054,0.005891172130994633,2035
0.4326895,0.21818344694512534,2036
0.43799838,0.008135984442510433,2037
0.30989587,0.007809366890095511,2038
0.038254708,0.10069424098379992,2039
0.36052078,0.04138593507458413,2040
0.93863237,0.036714788934829656,2041
0.3717383,0.02890231682157997,2042
0.71388006,0.2679453420763304,2043
0.42772892,0.02232455647214728,2044
0.94634145,0.05744191564218783,2045
0.52805424,0.32312083540469133,2046
0.45816004,0.4626633300935545,2047
0.21971685,0.09251504515023629,2048
0.37689877,0.003246123312053955,2049
0.67672884,0.00013470304562533615,2050
0.9008899,0.007402703544743154,2051
0.60698056,0.03696748421923525,2052
0.33243442,0.12128198691808416,2053
0.6684108,0.1278671527045141,2054
0.59792256,0.0006166621512728584,2055
0.473684,0.06507543183248689,2056
0.5866108,0.0017664523381464626,2057
0.18636298,0.18426275817541016,2058
0.45471203,0.0017630405444524365,2059
0.7143175,0.012744533932388426,2060
0.50403166,0.982679059066051,2061
0.6438133,0.0974636005123155,2062
0.42916793,0.11744059898840871,2063
0.6832268,0.013071938914316792,2064
0.0634996,0.014408578743685316,2065
0.5749927,0.0027899775820653186,2066
0.4008719,0.11288804525701213,2067
0.93504167,0.01669627882731607,2068
0.42905682,0.12324309521777854,2069
0.23302719,0.005940202419912862,2070
0.41343042,0.19138518671881555,2071
0.16393223,0.00860293437031299,2072
0.36250675,0.014663981772470781,2073
0.9421841,0.30345100704484285,2074
0.51474625,0.3788120628370792,2075
0.8350824,0.0003321030191750024,2076
0.6614002,0.8833292028757984,2077
0.64333063,0.00010934775745207744,2078
0.12145069,0.03836780557185561,2079
0.28808433,0.39197751245443835,2080
0.864281,0.009097989758334557,2081
0.43369117,0.08957160536341888,2082
0.43149975,0.08198155314364362,2083
0.9373834,0.012038265172020567,2084
0.72664726,0.17352415165506266,2085
0.40269715,0.2733075906852753,2086
0.8808585,0.015139466286209146,2087
0.9209032,0.22151746679100892,2088
0.28653795,0.047133265739640356,2089
0.42208964,0.16064144979383418,2090
0.44679317,0.01961102501033221,2091
0.70610476,0.05223005091277488,2092
0.59610254,0.09254216434544872,2093
0.35103714,0.00210999424845321,2094
0.59569216,4.3573492051056805e-05,2095
0.58563167,0.002171117103144774,2096
0.83630335,0.04696348993896092,2097
0.5767619,0.039345584412930394,2098
0.33959195,0.010760356634711884,2099
0.8286438,0.04188505970423823,2100
0.641745,0.11225580019055938,2101
0.21407384,0.004272018239254598,2102
0.88656616,0.14446174963463854,2103
0.14240912,0.05092291649589714,2104
0.9911076,0.008847610998884526,2105
0.49712935,0.5472539068455649,2106
0.36212358,0.0068606749072343326,2107
0.6526107,0.008546890060090441,2108
0.34718204,0.14643663353269198,2109
0.5543425,0.4686214950347199,2110
0.3844411,0.02140950684837442,2111
0.31962118,0.029469298607182136,2112
0.4035788,0.0416914525193056,2113
0.15150672,0.6847353226904033,2114
0.67059374,0.5573109274147834,2115
0.6070504,0.007833759576712139,2116
0.3108185,0.2753231226413,2117
0.59585255,0.6122243085123418,2118
0.32636622,0.00033750362206369375,2119
0.70924675,0.23497136091674578,2120
0.61068654,0.0026548849859023976,2121
0.75548327,0.05748714971565318,2122
0.99958825,0.21258181763732678,2123
0.45899832,0.003892317461799224,2124
0.34969994,0.005879720191092546,2125
0.3721102,0.2731370304368577,2126
0.3119611,0.010235967368731032,2127
0.6751588,0.2238882289494039,2128
0.26880646,0.07605983317038828,2129
0.8055289,1.8442349734467823e-06,2130
0.16872978,0.13105537793337213,2131
0.150879,0.01893760551835998,2132
0.38908792,0.20777796847357008,2133
0.7175779,0.11760388129166048,2134
0.6152261,0.23750886468421517,2135
0.24285686,0.013734667385666866,2136
0.8347759,0.24349351941515304,2137
0.5004356,0.19855507078444004,2138
0.40178034,0.10949674742021395,2139
0.45831454,0.006120219134285322,2140
0.48415315,0.005741782305981636,2141
0.26416844,0.06125530840418927,2142
0.64155906,3.272549500578303e-06,2143
0.6381087,0.00630041432324042,2144
0.606395,0.08555395377537682,2145
0.83070767,0.07470582929769089,2146
0.52510965,0.2793014038491812,2147
0.40841606,0.008105909127587827,2148
0.7864037,0.0031429173838073586,2149
0.47124302,4.788232263622706e-06,2150
0.7027085,0.22424353929572804,2151
0.48388663,0.006772790170623493,2152
0.31448182,0.029214440835898848,2153
0.1898171,0.08380916078295311,2154
0.20234272,0.13977858081083158,2155
0.3165782,0.4867646555716159,2156
0.48767686,0.030671943691427856,2157
0.6967804,0.313102346342047,2158
0.17978922,0.02578981229739194,2159
0.539321,0.12483576728543344,2160
0.30754682,0.0009680520289655887,2161
0.47456047,0.016084147959360258,2162
0.6608624,0.18413900949867631,2163
0.42354465,0.4311163134799399,2164
0.1500181,0.0006676366578134389,2165
0.45943063,4.162782898594029e-05,2166
0.35337,0.0022761450875090914,2167
0.47160047,0.5337603848182647,2168
0.7410743,9.569036856215236e-05,2169
0.5695202,0.0409042184360236,2170
0.5570932,0.014178864122098062,2171
0.5920229,0.2576810303487621,2172
0.40607566,0.004867179569894401,2173
0.68001413,0.24577300160439944,2174
0.49349308,0.007027030396665942,2175
0.26811045,0.8928125718328098,2176
0.23331577,2.038716709068192e-06,2177
0.6118504,0.0008999702031336546,2178
0.3155359,0.004429358874722783,2179
0.4474666,0.691542212136285,2180
0.97741365,0.503745005670312,2181
0.42686185,0.7653045199511375,2182
0.055757344,0.07304292781652795,2183
0.7088106,0.5757159211841051,2184
0.55874676,0.007554236924575868,2185
0.50614333,0.38597102293179775,2186
0.6440893,0.00042163922614018396,2187
0.43302563,0.033003321344058756,2188
0.38643792,0.15218450460043337,2189
0.47957593,0.08227739199334798,2190
0.68398225,0.2417494992319853,2191
0.38352692,0.03741745131802124,2192
0.66936654,0.04582400843363239,2193
0.7602171,0.3221193140682387,2194
0.62651604,0.10564060781801637,2195
0.1333865,0.2502080003009912,2196
0.694122,0.008250767558693042,2197
0.5342996,0.2553678399892619,2198
0.40125704,0.2603601922004627,2199
0.73163676,1.2182611847175921e-08,2200
0.45222187,0.15526447793356524,2201
0.21464434,0.07576237321672419,2202
0.6289483,0.0006868742178144737,2203
0.4133472,0.010688295702050434,2204
0.4424101,0.12005031340764581,2205
0.5119928,0.1980339892789842,2206
0.9069688,0.07907171640104053,2207
0.40927032,0.004002516868255056,2208
0.9534323,0.05677281383157059,2209
0.18691573,0.05749127849709897,2210
0.90524524,0.0047881562343442905,2211
0.3673793,0.0008698085805675776,2212
0.74252915,0.014273676409916353,2213
0.62956214,0.573997251633056,2214
0.4682402,0.4196306647049125,2215
0.34798223,0.03022031465318342,2216
0.8351588,0.0761693203234007,2217
0.6343696,0.03414910285483024,2218
0.7537534,0.042683722510351116,2219
0.3979138,0.05291160817316319,2220
0.58991194,0.0006552686375891317,2221
0.8879399,0.3011336033101874,2222
0.6074974,0.1358821439975126,2223
0.6635944,0.43499261853504667,2224
0.2017942,0.13015601429864887,2225
0.44276047,0.0005351996226816023,2226
0.6538407,0.5337186983444665,2227
0.28554988,0.004935488470049548,2228
0.34151766,0.1477787638619512,2229
0.49949446,0.06181059204274774,2230
0.35234782,0.039217091677645914,2231
0.44200513,0.013620355736958217,2232
0.8422268,0.5852034779973893,2233
0.47807974,0.05940035712860079,2234
0.46678486,0.006560475770482087,2235
0.4266038,0.12219298348367988,2236
0.2276901,0.11959563301412032,2237
0.4284483,0.16618698019299638,2238
0.3748291,0.03229689761305521,2239
0.61431694,0.07757091098427878,2240
0.3427236,0.01675383271839227,2241
0.31977287,0.06486682659748326,2242
0.4463423,0.004635312357113864,2243
0.8348272,0.04584554771840594,2244
0.29535335,0.04531529791702422,2245
0.5442576,0.04966033297491257,2246
0.72876364,0.21687232821360258,2247
0.07006878,0.15739598901795177,2248
0.15649503,4.491945091362513e-05,2249
0.7377627,0.029046328737013953,2250
0.6101392,4.798074891132333e-06,2251
0.39520064,0.14181659738331398,2252
0.47596484,0.10470528473680057,2253
0.6426286,0.04685661975496302,2254
0.6343479,0.06373792915922016,2255
0.20506254,0.0001666954252023509,2256
0.47636616,0.5465609732289952,2257
0.27754804,0.04852912246604544,2258
0.30295163,0.047174134391901976,2259
0.6578986,0.17357069315120505,2260
0.5714557,0.0027815532043652716,2261
0.33487853,0.07944648741611712,2262
0.43247774,0.036036048795271634,2263
0.5715493,8.096876523667553e-05,2264
0.44006205,0.33383257850159476,2265
0.22389415,0.003565380182227329,2266
0.7632661,0.0003121009389027077,2267
0.607713,0.003245902835858285,2268
0.4840454,0.1307203257244879,2269
0.5303326,0.2708549375470988,2270
0.23974648,7.664036170471129e-06,2271
0.36541572,0.12889711089500527,2272
0.5657131,0.0706885898243604,2273
0.33336675,0.0038779090589932076,2274
0.9741598,0.043263768087684645,2275
0.4285453,0.5285980294687539,2276
0.50111973,0.07560484367533057,2277
0.59616464,0.022499185353261952,2278
0.19850329,0.00783953374603918,2279
0.010237873,0.07007107381085913,2280
0.8973689,0.13009759211762587,2281
0.60367465,7.054687510011382e-06,2282
0.41951686,0.049121265200559705,2283
0.22958624,0.0321931612342359,2284
0.25144985,0.0846066143991285,2285
0.27508712,4.301404081944918e-05,2286
0.24519211,0.1601528299766055,2287
0.58464384,0.028002931348189788,2288
0.3628041,0.04908721789191804,2289
0.58584845,0.022984913651852693,2290
0.3485225,0.0495127071968918,2291
0.4560451,0.08520689669883565,2292
0.2413753,0.3807011669832278,2293
0.68387634,0.09496351841835622,2294
0.6715412,0.010160918903582887,2295
0.25821066,0.1922280865915343,2296
0.5231143,0.12732212028110082,2297
0.2811185,0.05434034160397014,2298
0.37331253,0.04785778853725423,2299
0.6094277,0.01678245695647111,2300
0.07826063,0.0002536957438174616,2301
0.24380559,0.026489270706816212,2302
0.4629368,0.06783974491158717,2303
0.71496236,0.3068552269968358,2304
0.43811584,0.07522187107117013,2305
0.4690461,0.0031115948910869612,2306
0.2854532,2.985216316945343e-07,2307
0.22983143,5.283178467419316e-06,2308
0.5924833,0.00010208435403079477,2309
0.2593993,0.041602697140978424,2310
0.25166893,0.11217730908114484,2311
0.5508898,0.03371561455132621,2312
0.5371624,0.2417899434674302,2313
0.54445875,0.1326094899226534,2314
0.6515571,0.1280969773766166,2315
0.065890014,0.23788862820800313,2316
0.31758866,0.0004970200116050262,2317
0.6492396,0.03555525994726211,2318
0.5196003,0.6153560092174009,2319
0.2817424,6.57063526034377e-05,2320
0.30618012,0.027136654922601415,2321
0.6754369,7.409001035628869e-08,2322
0.61434156,0.04996856771534246,2323
0.34506464,0.09426674436486701,2324
0.26053017,0.1565237992274644,2325
0.42705142,0.0013552727896292353,2326
0.7662356,0.09958790400886594,2327
0.58231497,0.17478560844914795,2328
0.13368905,0.019058596245684414,2329
0.85335433,0.0008781281388276222,2330
0.41991568,0.023812981497201725,2331
0.33434767,0.027290865993094132,2332
0.47594205,0.45084075060992507,2333
0.71514976,0.05129869452199144,2334
0.43403098,0.018886683901728527,2335
0.5867491,0.006757239945482564,2336
0.17618665,0.6796858932554661,2337
0.3790679,0.14174063258277428,2338
0.51672006,0.033625183320777435,2339
0.3346811,0.43699115849487147,2340
0.6780827,0.035890740108845805,2341
0.33990175,0.11823001254900034,2342
0.4481784,0.06458819416323834,2343
0.7134609,0.10401576075686782,2344
0.016050786,0.0007080782191438428,2345
0.41086498,0.9243188950884506,2346
0.5033308,0.10726850750863644,2347
0.20989877,0.1222991559620985,2348
0.50552577,0.0901742387565996,2349
0.5517097,0.15350175896973975,2350
0.69097495,0.01953118305428047,2351
0.60160846,0.02411313542885462,2352
0.19662097,0.0007547479361926915,2353
0.83847564,0.41081878925245646,2354
0.4117962,0.06575236279710149,2355
0.3841876,1.0788474226001786e-05,2356
0.8025334,0.06514291633417915,2357
0.5405356,0.06297616498443043,2358
0.56467557,9.831050477216683e-05,2359
0.33969855,0.014366603626966044,2360
0.53425914,0.0130123142546447,2361
0.8748301,0.03219145796990861,2362
0.15663618,0.05941913485537529,2363
0.9626221,0.07375480945989583,2364
0.35095328,0.000290938318681054,2365
0.5338288,0.00597918611348303,2366
0.76068187,0.006795014638899635,2367
0.62413853,0.005862451102804482,2368
0.7909977,0.04721187824199943,2369
0.5223405,0.03384715821804342,2370
0.21325585,0.12428883115015897,2371
0.1475167,0.0027058016768966996,2372
0.447561,0.10169564259763661,2373
0.27301008,0.033013273019390596,2374
0.8121464,0.07273309295301354,2375
0.7832035,0.1878776620806044,2376
0.61493796,0.0070424091591446665,2377
0.7656128,0.003104218376768854,2378
0.57912,0.012763689656096934,2379
0.49481183,0.11663059055425873,2380
0.53652596,0.03523104513208607,2381
0.45463365,0.1087398268171842,2382
0.45686594,0.004382673860528211,2383
0.6900391,0.0021954180447012325,2384
0.6254833,0.43050408752663055,2385
0.0691205,0.012358440822053875,2386
0.7925085,0.15046147607395288,2387
0.37199384,0.0018825341642896758,2388
0.7622943,0.7759115496427532,2389
0.3566703,0.7454352691944381,2390
0.6511515,0.12041629630018102,2391
0.2611113,0.09267024103260285,2392
0.38954988,0.009175953287120146,2393
0.4987971,0.027994820767848018,2394
0.15072778,0.27017285666563357,2395
0.2848792,0.025260191607478777,2396
0.4243785,0.038904963773245316,2397
0.25174928,0.3212663989608776,2398
0.6210572,0.00046262948598837475,2399
0.3977626,0.20114505457942375,2400
0.46102938,0.10273196430953226,2401
0.6772874,0.0018916447818270417,2402
0.2636441,0.054384322095986926,2403
0.77015257,2.6431000955798772e-05,2404
0.2575528,0.3240892553443037,2405
0.3417076,0.00013742715145589272,2406
0.29082572,0.19559796512586713,2407
0.49635574,0.32474988883047906,2408
0.25846562,0.1550604183080808,2409
0.6207424,0.06365769960586412,2410
0.7989749,0.05703449270359872,2411
0.79729354,0.03533227241878824,2412
0.18193644,0.28963518050559445,2413
0.6469451,0.1792813400140444,2414
0.5132186,0.04879903734295013,2415
0.5409509,0.08706936987395066,2416
0.6983637,0.033928244160085164,2417
0.26375866,0.06832944270101055,2418
0.37925896,0.48840204861898195,2419
0.1589717,0.016167098355710313,2420
0.4833961,0.07247481851250052,2421
0.36365235,0.16156212826461874,2422
0.6886294,0.15220582556268272,2423
0.6686019,0.1311227461277173,2424
0.8794012,0.004405929219963099,2425
0.41896784,4.02250946880903e-05,2426
0.7775122,0.00042150139252097836,2427
0.7685293,0.15883565644120562,2428
0.5584545,0.04667939108762897,2429
0.39409968,0.029886381708717345,2430
0.28100973,0.1397591787457872,2431
0.6926415,0.020772276740873476,2432
0.23802176,0.3912118955571759,2433
0.58785176,0.03280443829334923,2434
0.22340655,0.06102959391989123,2435
0.3941315,0.06251493230117153,2436
0.36195627,0.5129862155482295,2437
0.77890944,0.052542326114175086,2438
0.14459112,0.07328763879241317,2439
0.30919573,0.057401936583849525,2440
0.29499987,0.05667151570681782,2441
0.66097283,0.07936513797436962,2442
0.5835515,0.0011746972232799689,2443
0.06262225,0.03066883341093967,2444
0.49203345,0.31082678269575353,2445
0.5359943,0.001783578401342511,2446
0.3480894,0.10987891570314685,2447
0.53670186,0.2936405964358412,2448
0.6553276,0.08258416761641316,2449
0.37455678,0.06083370294073356,2450
0.8533331,0.053337825835144924,2451
0.5434157,0.10593638523222783,2452
0.73786443,0.264827164928914,2453
0.52760863,0.028213481969578128,2454
0.64035034,0.25537674744694094,2455
0.8344915,0.028872062495092513,2456
0.21017158,0.33342795510425466,2457
0.61393094,0.07014061985295053,2458
0.7420881,0.012070869553700144,2459
0.80644995,0.051654057503856,2460
0.67231095,0.01416470857643718,2461
0.33942872,0.0037506134533008962,2462
0.7993139,0.04695622650285459,2463
0.79683954,0.015900140734918973,2464
0.5577769,0.013323864304984927,2465
0.48045516,0.8292952560600226,2466
0.44315457,0.8424976906511038,2467
0.47530538,0.01628558900813148,2468
0.7262738,0.022851759821141075,2469
0.5390082,0.09847302110922468,2470
0.7404406,0.09561006577032435,2471
0.5710718,0.14546414184951492,2472
0.740631,0.7260490167491271,2473
0.29848516,0.15825243592573288,2474
0.25614873,0.0009441349224408341,2475
0.61229134,0.0037217213848417994,2476
0.5957427,0.004776211369269665,2477
0.2480433,0.026680553745676128,2478
0.38005137,0.03779002495247745,2479
0.41259673,0.07318747995678777,2480
0.45453694,0.07360156736357155,2481
0.39568695,0.056433154692045046,2482
0.4540167,0.0016148607078612447,2483
0.2303339,0.019195831584227233,2484
0.97638434,0.007779493273502007,2485
0.11954957,0.01535195132227537,2486
0.70793337,0.03905373484678977,2487
0.2658351,0.026099472103861453,2488
0.4205459,0.23901321020258745,2489
0.62018,0.040497452659191004,2490
0.529209,0.030493225488448975,2491
0.7114742,0.03874093878183639,2492
0.6237879,0.49389670975127603,2493
0.4465613,0.020031133915388525,2494
0.34725177,0.005536316107580719,2495
0.5727997,0.006952821503716519,2496
0.87568563,0.011984809731682573,2497
0.4514723,0.2495801277981421,2498
0.5122205,0.12129472716303294,2499
0.5600733,0.17698851512743394,2500
0.52748287,0.35701029611678947,2501
0.59877115,0.315920212208671,2502
0.32954437,0.19050002784231232,2503
0.64283055,0.01812963564074293,2504
0.61213166,0.3343027634621648,2505
0.60779333,0.020206370971741137,2506
0.8260647,0.02555311298696812,2507
0.49449226,0.13094988489568576,2508
0.44255716,0.05132705948356822,2509
0.3323779,0.07962120200849078,2510
0.64095235,0.08804549552169505,2511
0.3614902,0.06621273646562077,2512
0.68475974,0.035761867724199745,2513
0.25194043,0.04534176446290402,2514
0.55379695,0.05538876543132494,2515
0.707285,0.00014497153172533304,2516
0.96159875,0.13608448946237497,2517
0.3955291,0.005079883827657269,2518
0.44775885,0.02255145410586544,2519
0.09039393,0.0037902241548740554,2520
0.86661077,0.04117054414327868,2521
0.4457124,0.1915592328885687,2522
0.4102612,0.008868304269684862,2523
0.63119555,0.27132537300810544,2524
0.7219093,0.12518874750985076,2525
0.76305413,0.012807229780724079,2526
0.44546938,0.0001328465642390649,2527
0.27463624,0.0059748656383524145,2528
0.38571027,0.018916728351638563,2529
0.70994884,0.21714151015262131,2530
0.52027905,0.1456407811204475,2531
0.35226023,0.03865375844490557,2532
0.71179515,0.05054314507011974,2533
0.621951,0.2527721388904347,2534
0.85283756,8.081024844840258e-05,2535
0.5541588,0.12658918372307246,2536
0.5869689,0.46376198097240706,2537
0.8112633,0.06926330427158067,2538
0.94495064,0.0833187303339783,2539
0.706427,0.03153968922256192,2540
0.7705989,0.16464524039202738,2541
0.87164843,0.04025573893393703,2542
0.7475468,0.006147499619289429,2543
0.608048,0.13883459054066005,2544
0.5228456,0.006608272045813649,2545
0.77376574,0.27708089516320167,2546
0.42133316,0.3443211333289706,2547
0.18869784,0.05738373687879683,2548
0.0049952865,0.021848913122683816,2549
0.18487811,0.0012965359951198345,2550
0.4323621,0.07980160984712693,2551
0.35221452,0.29306905416483586,2552
0.4276001,0.3316976621610326,2553
0.40537816,0.049669588563316436,2554
0.48862755,0.2790906006013756,2555
0.62768865,0.38592759384121217,2556
0.81730783,0.1385839076397359,2557
0.59731454,0.03102685313734367,2558
0.32088342,0.008841642440572893,2559
0.6812856,0.030521158437442273,2560
0.71394074,0.07425594916525831,2561
0.6943795,0.00026048328157918466,2562
0.7696809,0.3969092553581956,2563
0.17877558,0.461249626289933,2564
0.5566615,0.04786333868893963,2565
0.59896207,0.15267073698892636,2566
0.2120243,0.12362092429700136,2567
0.63204634,0.00603249197206126,2568
0.53489935,0.06269068441820656,2569
0.24170905,0.035945563070460075,2570
0.413693,0.03271516830102511,2571
0.27255425,0.052338431214942006,2572
0.80407065,0.7647178838856616,2573
0.26746726,0.0026278827418471807,2574
0.36455682,0.008490879941600395,2575
0.46974862,0.027984118152154857,2576
0.33975098,0.1573504764226292,2577
0.14821902,0.1061173500023214,2578
0.2943048,0.004561292140385395,2579
0.513893,0.0012701363463132032,2580
0.5532021,0.19335370818431527,2581
0.46431836,8.659048915271774e-06,2582
0.8135707,0.014916047912830452,2583
0.75952697,0.16194432322621796,2584
0.5026848,0.5097822870285559,2585
0.5788167,0.4446158417223174,2586
0.44105035,0.08883974321072138,2587
0.72601914,0.013424106999127975,2588
0.26073623,0.012770300082311878,2589
0.58881235,0.045792834795780106,2590
0.5997448,0.3859777944643704,2591
0.66611284,0.18462605145880628,2592
0.65692365,0.09702574910275744,2593
0.31007934,0.028605500882894413,2594
0.7812693,0.14511381183206185,2595
0.7291047,0.274994592484973,2596
0.59914094,0.09032141341437576,2597
0.5991905,0.055812899220415546,2598
0.4437603,0.3089377180579707,2599
0.48986396,0.007129086148342076,2600
0.62174284,0.09799000768190282,2601
0.6191238,0.0577534554641567,2602
0.40129256,0.027889990930102228,2603
0.82358426,0.4774298766032024,2604
0.83298576,0.010510296188234293,2605
0.16301793,0.009251649856730779,2606
0.58685297,0.04471776864998345,2607
0.15415382,0.0008963366586462,2608
0.43910134,0.26507307941003533,2609
0.5799865,0.0005463316349366553,2610
0.4764967,0.0693204265319657,2611
0.7021151,0.014841206714707678,2612
0.47097597,0.09408402819998549,2613
0.5923396,0.01938694254162282,2614
0.22407046,0.004244993652573688,2615
0.9919361,0.0426927684292207,2616
0.8138057,0.0023228675870723726,2617
0.6889076,0.2959799970621544,2618
0.38731614,0.1892032539800554,2619
0.44452024,0.08606849390766239,2620
0.70688266,0.3858898882218293,2621
0.2828453,0.3798884464202116,2622
0.7998047,0.006284729751913739,2623
0.17530397,0.7880515103200291,2624
0.83314097,0.06665932007661465,2625
0.6343217,0.0306557221609523,2626
0.37364113,0.0005271119931298587,2627
0.8365489,0.4318208818688919,2628
0.85293263,0.41194304652696684,2629
0.5539087,0.1740036692893277,2630
0.74074596,0.5748445357476042,2631
0.059228927,0.026640244571505378,2632
0.44718692,0.41581217025219114,2633
0.48173648,0.06659925579046524,2634
0.3254113,0.006674476928827894,2635
0.6038124,0.5207511683855166,2636
0.5295759,0.5771382777250124,2637
0.9633831,0.026157979481813157,2638
0.6058922,0.06529106810210392,2639
0.15951481,0.7084673192055828,2640
0.5868056,0.0016100807984842245,2641
0.8395113,0.06645655905369524,2642
0.33377576,0.00013929099854321207,2643
0.06029448,0.08290833905990563,2644
0.6046251,0.03262995181003687,2645
0.2672571,0.1398178271166691,2646
0.42429832,0.03659199996997556,2647
0.7131827,0.736837997593577,2648
0.7080759,0.026505970308121303,2649
0.03224036,0.007588034491631578,2650
0.38030973,0.022931197529342966,2651
0.4861025,0.05559974416173298,2652
0.6084746,0.6353076502672859,2653
0.3546061,0.058585247836277554,2654
0.6224454,0.14247561213185037,2655
0.3803959,0.6309508463121074,2656
0.28050536,0.01051602222786849,2657
0.6624483,0.2982201832641001,2658
0.085544676,0.4462118686381721,2659
0.52414894,0.06788961058043336,2660
0.53720844,0.39060652404432555,2661
0.6066758,0.3743864978007722,2662
0.34190428,0.12682376936377113,2663
0.6285778,0.03415913256448283,2664
0.49510044,0.1216793171181624,2665
0.6132149,0.029245781565426156,2666
0.27748495,0.014900459186587727,2667
0.17463648,0.0008791234212291725,2668
0.64644045,0.0009969328995393363,2669
0.51804626,0.05475806777816493,2670
0.45111454,9.84575889634549e-05,2671
0.5439752,0.35950388218739,2672
0.5423928,0.5717523867989596,2673
0.801905,0.3028627656077427,2674
0.71197355,0.11087860967346527,2675
0.5510303,0.026917634229627046,2676
0.4921643,0.0016065375123869223,2677
0.50721747,0.11173795711310337,2678
0.27669638,0.02697750352485761,2679
0.42895824,0.021763793200980264,2680
0.64337003,0.041761955507932574,2681
0.39751956,0.0001211258182704977,2682
0.44093528,0.09811558870781317,2683
0.13968956,0.14055407741820775,2684
0.5738774,0.060994808136112855,2685
0.5157586,0.11484647697426885,2686
0.5775507,0.07445998667910725,2687
0.49127546,0.011741805339692738,2688
0.22020349,0.15498631823988412,2689
0.64838386,0.0201628657630279,2690
0.4466765,0.022578848132638753,2691
0.61411494,0.015904608929168368,2692
0.0379889,0.047175534143191485,2693
0.38220143,0.04516522038255564,2694
0.84275794,0.03596064202184176,2695
0.70348567,0.004785411922273841,2696
0.62968826,0.006229187997180408,2697
0.7381755,0.20991591029950743,2698
0.6192402,0.11254589911630403,2699
0.5207592,0.11709750557526592,2700
0.6364471,0.06630789188208998,2701
0.039440066,0.004871154593011735,2702
0.643759,0.08137228932877111,2703
0.4546278,0.0025663696237409497,2704
0.64941084,0.0042791280640602685,2705
0.6646653,0.00010178769797334117,2706
0.34795874,0.014511272192267069,2707
0.35493144,0.3505387508852082,2708
0.5366717,0.3193456080653822,2709
0.06622887,0.011966516175676446,2710
0.73812556,0.001839852147114844,2711
0.262152,0.16033023796766976,2712
0.6214334,0.12549355620621971,2713
0.36384314,0.0668963769861891,2714
0.53549,0.021988817746403856,2715
0.6648036,0.08186257284189508,2716
0.8734311,0.004010421690180248,2717
0.34102052,0.009979515700355733,2718
0.11694613,0.048011822496117254,2719
0.50537246,0.006737970201387865,2720
0.81137884,0.1553053494053593,2721
0.79717684,0.5942231476019864,2722
0.5970593,0.06497439545695373,2723
0.3468387,0.07412417642397086,2724
0.42943352,0.06239121809067528,2725
0.60327566,0.058330188539055264,2726
0.7954322,0.2905862162821145,2727
0.49370012,0.00076917322520713,2728
0.602528,0.19404642198954936,2729
0.71604806,0.32542334502108927,2730
0.5222602,0.0404228180972627,2731
0.7350332,0.024367240845107888,2732
0.8089162,0.008348021945742263,2733
0.74481744,0.09718293306326932,2734
0.38916078,0.1738886563214464,2735
0.43234837,0.21633290015035136,2736
0.7112977,7.95981853299399e-05,2737
0.26277006,4.538704097375829e-05,2738
0.76210135,0.015811447463189493,2739
0.3943774,0.03721166354882013,2740
0.78030074,0.0696692045762639,2741
0.5549091,0.41794960170839995,2742
0.3218339,0.024814787524508174,2743
0.20505777,0.020224438457435927,2744
0.60893494,0.4428006816228354,2745
0.60885227,0.4220246734403132,2746
0.3023248,0.6520428071378248,2747
0.36266148,1.2326393132774959e-06,2748
0.14663577,0.615814483936857,2749
0.3608229,0.37611347690661984,2750
0.80581415,0.10990089458396686,2751
0.8102268,0.052759491915811474,2752
0.10666379,0.035703778980148135,2753
0.17541176,0.1726770190178353,2754
0.9347553,0.00042651233308343506,2755
0.25647324,0.0003815711182783287,2756
0.38483247,0.19975265183425706,2757
0.5927268,0.23877702986102833,2758
0.6857106,0.00035984988002938463,2759
0.5039885,0.06329618943664297,2760
0.6004568,0.4149715775317938,2761
0.65898937,0.7803403052939719,2762
0.14817965,0.018276038388003044,2763
0.7505698,0.04128826607625541,2764
0.68008614,0.02925187735214931,2765
0.6728868,0.13407212365610036,2766
0.573404,0.7939978432327792,2767
0.27348194,0.001133754665767613,2768
0.5680803,0.0004111964602864896,2769
0.28686982,0.03289391847748049,2770
0.5232421,0.28346692167420623,2771
0.14100283,0.9063114380960005,2772
0.82952833,0.030758365896316146,2773
0.8501953,0.1425232779704758,2774
0.81446433,0.14004381752480666,2775
0.2932229,0.23450983823113825,2776
0.3728117,0.28830637884327664,2777
0.77057683,0.035186134799201504,2778
0.8082154,0.13437623450829272,2779
0.41035065,0.046765071235230625,2780
0.4204398,0.0034468369078417974,2781
0.60757965,0.4558513382001015,2782
0.83398813,0.35963573496037576,2783
0.49144328,0.04731896835757619,2784
0.38316667,0.018019465275162055,2785
0.3941092,0.36707520397969884,2786
0.29356828,0.017293695285201142,2787
0.42819327,0.22530288574765872,2788
0.79284835,0.012260104043830967,2789
0.6381396,0.015378265546875259,2790
0.4253329,5.2128352160594244e-05,2791
0.25360626,0.10057854024856987,2792
0.81762975,0.016878673804444067,2793
0.45530015,0.040958654090999226,2794
0.49950287,0.00022303200383745083,2795
0.78094333,0.011573897680105614,2796
0.67313194,0.06951924471782986,2797
0.79382306,0.011273680200488828,2798
0.6179165,0.3316570232973407,2799
0.705619,0.10576785583019978,2800
0.62468344,0.10739892282851138,2801
0.99799377,0.42009650708621726,2802
0.67679435,0.12506806269511342,2803
0.36357975,0.004889135152839186,2804
0.26365852,0.002653457549535511,2805
0.6642601,0.09412457730559047,2806
0.29237163,0.028409986555054556,2807
0.691465,0.37914948264949977,2808
0.6106585,0.36780928799642804,2809
0.061786562,0.12641612448624917,2810
0.46139178,0.07997239189880738,2811
0.819327,0.31438657120803865,2812
0.6379786,0.015758328271823576,2813
0.46703714,0.0388066761099959,2814
0.0042287707,0.0006448365074251797,2815
0.6329845,0.025337232734303643,2816
0.5325052,0.025161154974292825,2817
0.67914814,0.06269662885717277,2818
0.68787646,0.11503633689974455,2819
0.43317568,0.2100745545928739,2820
0.5470025,0.22429730745769993,2821
0.5457828,0.0017537734942231593,2822
0.33399314,0.012568885235841726,2823
0.26468801,0.03424459294557293,2824
0.22357264,0.016258862106367945,2825
0.5840618,0.02569485196532278,2826
0.65639424,0.009110392445368088,2827
0.8471087,0.1777681503782177,2828
0.25945342,0.15917172531263138,2829
0.5775544,0.007924338713076422,2830
0.6740727,6.7028285344875725e-06,2831
0.9995786,0.4261523585517968,2832
0.34443483,0.022527661619133117,2833
0.46610796,0.09021202611050602,2834
0.59456164,0.19858024754416098,2835
0.6784928,0.09834634339596929,2836
0.52521336,0.0017103809975810228,2837
0.6806014,0.006007719914142394,2838
0.97595745,0.5465609732289952,2839
0.23490557,0.8969102070792269,2840
0.37909365,1.4954282174946638e-05,2841
0.33641076,0.018767305090773807,2842
0.09731749,0.0694549996814368,2843
0.9575732,0.04581024332859403,2844
0.36522412,0.11918721652719032,2845
0.5692421,0.14765117340008804,2846
0.7615728,0.2896524067004432,2847
0.83463633,0.08135961288160133,2848
0.77977794,0.022885991672045806,2849
0.32473534,0.008395131890516775,2850
0.24214882,0.26182528354115137,2851
0.22891188,0.020562414954852403,2852
0.34336555,0.00013808060612486187,2853
0.66531384,0.00040997203138191994,2854
0.33007133,0.772923612032568,2855
0.30405205,0.03603173044796586,2856
0.32491708,0.0021746899554437042,2857
0.10007945,0.058465912191293316,2858
0.43144414,0.0005204578837128042,2859
0.2315441,0.02016049941243595,2860
0.42681763,0.010561989438047592,2861
0.8884809,0.021569416928527586,2862
0.45916554,0.010584496431983646,2863
0.5400666,0.000125476699459373,2864
0.29547998,0.36216809317957677,2865
0.48971513,0.13777296096203137,2866
0.7750747,0.01707255076109691,2867
0.21738848,0.061553875387417994,2868
0.25538868,0.05161067237680329,2869
0.2777763,0.0020294885347758103,2870
0.075936526,0.08807787050955616,2871
0.85617316,0.04043425392848403,2872
0.3502273,3.1931597053255944e-08,2873
0.13349491,0.19322241994637476,2874
0.6194918,0.011706573250887189,2875
0.96106833,0.06470893558195333,2876
0.43383005,0.0017060218342677541,2877
0.2621997,0.2223490529167276,2878
0.6947839,0.8376131926173945,2879
0.5440173,0.5660118005241517,2880
0.82598376,0.05166223401285683,2881
0.51490885,0.19318170568787937,2882
0.5430868,0.8267900456825067,2883
0.48095524,0.0028443032882048093,2884
0.47716314,0.011272636766858465,2885
0.56541216,1.278969282762382e-05,2886
0.75593644,0.09769541263432656,2887
0.9038207,0.32767824423575076,2888
0.6871735,0.14387720922036037,2889
0.12713063,0.03413634871028379,2890
0.9956223,0.22589516620041433,2891
0.3420285,0.011815024069849439,2892
0.79772496,0.009905321736129952,2893
0.27747238,0.34338448240253827,2894
0.27776492,0.13882710740417656,2895
0.7511569,0.4393540203737664,2896
0.5083292,0.02786696581804959,2897
0.6710223,0.44550639970795813,2898
0.7718173,0.1405308734826651,2899
0.7480042,0.06291977577650704,2900
0.77167344,0.22242410068551643,2901
0.4057029,0.02109318052377087,2902
0.3763968,0.037578590533790666,2903
0.33662683,0.11604955196961693,2904
0.73657197,0.00303373117431675,2905
0.6262372,0.14012368597131902,2906
0.82282203,0.6137202166985802,2907
0.68653244,0.0390538814642448,2908
0.7411904,0.42620165534549553,2909
0.6651158,0.004367746060272702,2910
0.39038458,0.24557199773493116,2911
0.27220774,0.12160536022999001,2912
0.24642277,0.005491587460895637,2913
0.5418577,0.30643885636604173,2914
0.072790325,0.1151592545932331,2915
0.46978813,0.15385878886840715,2916
0.5732708,0.0007333407526747366,2917
0.15819302,0.02046213557813193,2918
0.60807663,0.1940301113311409,2919
0.22058597,0.05292432676231848,2920
0.2042697,0.0054812756247416645,2921
0.46512535,0.004209314223736351,2922
0.5651263,0.15790982107296395,2923
0.59299445,0.0014687335088898884,2924
0.5033537,0.057589412948357385,2925
0.24598569,0.2094315852215647,2926
0.46560425,0.041013806787759045,2927
0.5528976,0.04862113761233366,2928
0.3290721,0.02090556019079483,2929
0.17384094,0.04788354287734891,2930
0.7128496,0.13255600503418313,2931
0.6145067,0.0001709789829141839,2932
0.90205765,0.13432740026613482,2933
0.041607797,0.38412816725166843,2934
0.44044334,0.009192377403177883,2935
0.27002892,0.08329229703033336,2936
0.7380565,0.7167907649889895,2937
0.72286606,0.005177717966366599,2938
0.5068361,0.002637978256510601,2939
0.037894547,0.023007771557861333,2940
0.5647553,0.037968143170094795,2941
0.9657247,0.39346248606733436,2942
0.24642706,0.33707155248291026,2943
0.48987985,0.4682329758469228,2944
0.8168284,0.02367553807449451,2945
0.8701774,0.12732318746349502,2946
0.54334354,0.011659991253688128,2947
0.2993114,7.834003343272889e-05,2948
0.10663393,0.003415237980961174,2949
0.66523373,0.04897140575364361,2950
0.42725646,0.05783520733538272,2951
0.75513285,0.2865581652821648,2952
0.5694721,0.048904203719574234,2953
0.5727318,0.2603448111967138,2954
0.43539816,0.3819170742807258,2955
0.41136998,0.024821004080741508,2956
0.3233274,0.8726460998629603,2957
0.5697003,0.4166489700284933,2958
0.74020576,0.009841316137023931,2959
0.83212996,0.05378722092905315,2960
0.31518263,0.008924369888691042,2961
0.6190995,0.0013607205282422786,2962
0.466079,0.19654156570848932,2963
0.2327156,0.2621009807221957,2964
0.25800198,0.7480096519349874,2965
0.74791396,0.12347837937310906,2966
0.53273773,0.15323385446385218,2967
0.60816365,0.06737052691094418,2968
0.23865724,0.0483605296324561,2969
0.2556715,0.00011165209906686308,2970
0.5457801,0.08525699189813353,2971
0.63678145,0.015027568494369472,2972
0.3686906,0.0032215641833214597,2973
0.4324407,0.05304988621160995,2974
0.11961222,0.11123072425307821,2975
0.37121254,0.03703942579431502,2976
0.6184342,0.26228408420322685,2977
0.64464414,0.23770984972743314,2978
0.54633284,0.004408041619482141,2979
0.42289448,0.04056733049976219,2980
0.62111324,0.08939416152787669,2981
0.096574396,0.08269580779035988,2982
0.5804962,0.4153822155821876,2983
0.5757236,0.00038021285629181664,2984
0.25995928,0.24338965388404332,2985
0.49139413,0.11684481269871093,2986
0.7485565,0.0008887497083361093,2987
0.37692735,0.07947535455952151,2988
0.37529507,0.062037460780629834,2989
0.55368257,0.005097356348740399,2990
0.71791434,0.013236228463092985,2991
0.30899614,0.00538300882566039,2992
0.08122009,0.7852011693309789,2993
0.4330005,0.08274872753050873,2994
0.18483457,0.008462086946359271,2995
0.53152466,0.14535416068281395,2996
0.7104894,0.002509282403399783,2997
0.37049863,0.07567571701757105,2998
0.47958487,0.30851014958888956,2999
0.035234004,0.20258424575456535,3000
0.75860274,0.2893792314600487,3001
0.56717676,0.006748601906885554,3002
0.4773758,0.21458674406870606,3003
0.24271935,0.20243540385963882,3004
0.2511759,0.1662117421521664,3005
0.4478203,4.201405496136772e-05,3006
0.4172334,1.0608465180858406e-08,3007
0.3184458,0.46030052030730895,3008
0.63244325,0.26603115967600216,3009
0.2785946,0.0035453693557463317,3010
0.36454117,0.005587247158707175,3011
0.85149205,0.03274609151343882,3012
0.6704871,0.08318492793594302,3013
0.35657585,0.0033416342522904576,3014
0.4123051,0.007291526597688228,3015
0.4014596,0.02267969225457883,3016
0.29284382,0.04485552829562993,3017
0.41219696,0.19795027283291866,3018
0.8354324,0.0002797324128081394,3019
0.03917864,0.10991841634323085,3020
0.6959804,0.009320559659148544,3021
0.6096661,0.10282050955400576,3022
0.32104826,0.07594197903560805,3023
0.5277835,0.26988403004531547,3024
0.5126183,0.0026513007601130277,3025
0.52032936,0.11713058287600991,3026
0.96096915,9.885302339567431e-05,3027
0.59071606,0.011829803737612516,3028
0.26347935,0.05671851080799493,3029
0.5028902,0.018441842642492944,3030
0.58117235,0.22637638767907348,3031
0.63111275,0.07977093608483535,3032
0.7039834,0.027385054124076307,3033
0.5343319,0.13680992420281246,3034
0.8082095,0.30086716414910636,3035
0.7399399,0.0058653106375302485,3036
0.30412245,0.002361637735438095,3037
0.5080157,0.0004020498091727377,3038
0.06321135,0.0024376501400359507,3039
0.513522,0.022335271294451654,3040
0.7171973,0.09505621739410067,3041
0.6254285,0.06684235808211982,3042
0.9239887,0.46879950077713545,3043
0.57496,0.08696749395991688,3044
0.64660287,0.04749461831775227,3045
0.17709005,0.8764771779410456,3046
0.6691791,6.335887105578483e-05,3047
0.39956915,0.4947560710778653,3048
0.32415217,5.090989599807087e-06,3049
0.2704717,0.019071795289803184,3050
0.6412427,0.10130570586923114,3051
0.3707614,0.11035225719131073,3052
0.64022744,0.24427990832947363,3053
0.63877845,0.026025958426281193,3054
0.72437346,0.09529705345416258,3055
0.29131842,0.032064628274703376,3056
0.33694178,0.5174021023368813,3057
0.7947155,0.6992270331223447,3058
0.57645357,0.26512038011985767,3059
0.60307825,0.2771876248823952,3060
0.79098415,0.06508848826392266,3061
0.18658215,0.039317273382081304,3062
0.74300325,0.3635196900949015,3063
0.045830637,0.31260187984329507,3064
0.7371652,0.5655282512325246,3065
0.30561674,0.019779370233817314,3066
0.54785,0.006846369391317091,3067
0.51049876,0.431088280606155,3068
0.29608846,0.24097857824532526,3069
0.9199604,0.047020014774596774,3070
0.758218,0.07925688796484083,3071
0.22704247,0.5971414202403397,3072
0.22950155,0.18955999068174828,3073
0.40733272,0.05895373517718051,3074
0.3991792,0.003276516514046091,3075
0.450532,0.007694616224983858,3076
0.5611541,0.31232368171060115,3077
0.88719445,0.21348538042452875,3078
0.7223977,0.13265182831855818,3079
0.3882534,0.24844419352873456,3080
0.6580855,0.0020577068622954654,3081
0.76343215,0.025306782429915232,3082
0.73755,0.3624916598618933,3083
0.23831868,0.00037322547579654326,3084
0.8496574,0.2398376669667756,3085
0.9058272,0.37175054475089897,3086
0.8824655,0.17700549580601868,3087
0.44428724,0.0006898069049860202,3088
0.5579035,0.37514534625369594,3089
0.226953,0.12100601528603519,3090
0.33132425,0.13305402365963756,3091
0.5137405,0.2104565567541519,3092
0.7294087,0.06876574146764836,3093
0.41057387,0.0011101682061686014,3094
0.5325143,0.07744559936561923,3095
0.25127482,0.018115769097325037,3096
0.51362,0.04680721174258381,3097
0.70429885,0.05470235812171861,3098
0.5782265,0.005933942902630233,3099
0.4506718,0.5551213440545177,3100
0.34488004,0.0186729171784585,3101
0.8708948,0.01605246475203787,3102
0.3928393,0.303187609837517,3103
0.5344751,0.04403799841564323,3104
0.54035103,0.17859391191403257,3105
0.8141887,0.0909742590151328,3106
0.46394038,0.05546130454382584,3107
0.5055244,0.0035572104801652412,3108
0.858687,0.17087994013683389,3109
0.37224805,0.5545926930264238,3110
0.24492583,0.059063661210525906,3111
0.34628272,0.043271333941618716,3112
0.42480177,0.02739384256181429,3113
0.25866702,0.013999252478081519,3114
0.5132542,0.1929861446602552,3115
0.29434186,0.0002611965105821233,3116
0.36090714,0.025210286106850947,3117
0.56951237,0.18061689551766194,3118
0.20477244,0.3267860738584119,3119
0.9771677,0.6011576627065996,3120
0.29977015,0.07431216184569091,3121
0.6266924,0.017336855897127773,3122
0.3939365,0.14111759823085845,3123
0.58298117,0.022332061952170284,3124
0.5662558,0.03671504890012683,3125
0.63867325,0.5080153604408736,3126
0.3287269,1.6709735271450156e-05,3127
0.5900357,0.16561017187321272,3128
0.51833534,0.15866740214061215,3129
0.42199564,0.056697191107066246,3130
0.4090857,0.5133791259450253,3131
0.45156083,0.044560610513787485,3132
0.62560546,0.18248654395475072,3133
0.56178206,0.018432591541574773,3134
0.44474292,0.541161801459689,3135
0.32205606,0.01536227944925305,3136
0.4166686,0.007404460676664487,3137
0.55782646,0.033788496619213536,3138
0.97705716,7.50922018465859e-05,3139
0.6870322,0.017499825279029355,3140
0.4838181,0.09999025408828927,3141
0.69409305,0.14183428465042205,3142
0.2261847,0.05420171693507032,3143
0.3497066,0.38828598944550696,3144
0.48008412,0.006572002837822718,3145
0.42676833,7.539125310077404e-06,3146
0.2130661,0.07164137169913094,3147
0.11928782,0.15053942160710093,3148
0.90444064,0.00855385543365136,3149
0.56986076,0.00032876596035478627,3150
0.78609324,0.051710576616147585,3151
0.50130105,0.020590399708207835,3152
0.48676124,0.3244464009792026,3153
0.30914214,0.035646553175861254,3154
0.6291513,0.017558776422148613,3155
0.6102294,0.00038857939614605835,3156
0.5515511,0.1563425057830216,3157
0.5531864,4.755287435533243e-05,3158
0.32948366,0.05544764099645619,3159
0.53868484,0.07763663944884949,3160
0.644282,0.758887889091237,3161
0.049367428,0.4646406188924021,3162
0.8485496,0.04192933596255454,3163
0.89105326,0.7533688791788268,3164
0.02460137,0.029426334298156796,3165
0.93487847,0.39670542401236225,3166
0.57593375,0.03763967506947673,3167
0.35321486,0.0002935960590092294,3168
0.62696135,0.512833333499972,3169
0.88850677,0.049242377143788894,3170
0.46605387,0.025103313390200326,3171
0.76791936,0.11553601641881985,3172
0.5088347,0.02152633411377771,3173
0.22337213,0.0005275708044333469,3174
0.84021866,0.0833283440041128,3175
0.3007893,0.09978302200709878,3176
0.3009405,0.36372968990694543,3177
0.3658769,0.00427841409003155,3178
0.31401303,0.05800201467238978,3179
0.67489624,0.30355093431456914,3180
0.57375383,0.05311391687815324,3181
0.76074904,0.04194799549260384,3182
0.35421136,0.010250084387169619,3183
0.8670491,0.005534054221011463,3184
0.03125143,0.11746815170830512,3185
0.9749658,0.10849596598151934,3186
0.36533177,0.005771574122063547,3187
0.94882864,0.0019546722476588107,3188
0.6534232,0.010060698095765886,3189
0.38540938,0.000613073345507843,3190
0.22481817,0.20764570748970812,3191
0.5323649,0.6136856661430213,3192
0.68754995,0.045489287290082975,3193
0.23038259,0.00018977660493938432,3194
0.39756885,0.11893008580945272,3195
0.67018676,0.027964613354461657,3196
0.6946637,0.001585324681358469,3197
0.43856934,0.0012756762757421987,3198
0.5795536,0.008650425192102927,3199
0.9947006,0.015661176488678,3200
0.30047536,0.060192297653610644,3201
0.953436,0.05455512822891255,3202
0.46421766,0.06752568252374026,3203
0.55877703,0.08536756525721072,3204
0.6774775,0.0838250566188372,3205
0.57354254,0.01646644337765302,3206
0.7055387,0.15014464834465194,3207
0.26250586,0.016806198457570712,3208
0.38824546,0.4694135907373487,3209
0.660194,0.19261279730585049,3210
0.35061473,0.3412593346773088,3211
0.31903994,0.09259786137900651,3212
0.6268112,0.2256962565799809,3213
0.46541148,0.054241164815851284,3214
0.19973427,0.025467044398513647,3215
0.51339006,0.5377814555894616,3216
0.7011496,0.0002969228941093836,3217
0.34590936,0.08539603515242745,3218
0.6527173,0.2931740055462595,3219
0.59331703,0.02156400288733847,3220
0.33154535,0.5206354235118186,3221
0.970896,0.0019508894074248629,3222
0.55212927,0.06999551215711651,3223
0.18440098,0.05313255557959191,3224
0.58067626,0.07587129786150293,3225
0.6376333,0.011518916122202667,3226
0.6528163,0.12191870479281856,3227
0.51508796,0.11663192287670018,3228
0.765625,0.17329798822938333,3229
0.61924434,0.008716056840225738,3230
0.25022146,0.019698143263149524,3231
0.19186038,0.092826634472271,3232
0.11771786,0.0038433408528546565,3233
0.213435,0.1301192334079769,3234
0.5817753,0.520588371138579,3235
0.5646045,0.004016192524600676,3236
0.6944233,0.08762343564438342,3237
0.28824562,0.8260316372657843,3238
0.92933726,4.596587730717901e-06,3239
0.8363576,0.0013054673136634633,3240
0.27037084,0.7713240676187307,3241
0.25756305,0.057353832787853595,3242
0.9946762,0.048082607236104115,3243
0.39842194,0.15075636506671847,3244
0.60017055,0.05741310736333211,3245
0.5806894,0.005072040056587827,3246
0.19669211,0.08178247384820714,3247
0.027408719,0.5892802981762199,3248
0.9512795,0.2819701497200434,3249
0.245945,0.0003677979068232757,3250
0.4089416,0.08776709291229717,3251
0.7078197,0.1311029537024576,3252
0.33223528,0.01344137874578888,3253
0.14635369,0.08947857924418134,3254
0.46176678,8.62853093847436e-05,3255
0.51929665,0.1401867641354199,3256
0.0073187947,0.7549985463744264,3257
0.82216984,0.041755898825707634,3258
0.47438306,0.23406752873135922,3259
0.57004094,0.06328764527168958,3260
0.17338222,0.03737128685933177,3261
0.77680683,0.11803491582921889,3262
0.8831675,0.018472244863920177,3263
0.42996326,0.0026759842014740264,3264
0.611435,0.137578160048402,3265
0.32461897,0.09449047505101109,3266
0.51537114,0.00012200011016384372,3267
0.40780613,0.007620696924909344,3268
0.45293677,0.149346434001594,3269
0.14889732,0.20709701963486923,3270
0.76069117,0.08342312012627819,3271
0.5042733,0.007131367710022165,3272
0.39506194,0.2586874104013008,3273
0.62498665,0.13046668948830953,3274
0.51546013,0.01165828245357401,3275
0.8311071,0.11058026504439356,3276
0.8881576,0.21308759625750667,3277
0.697441,0.10768865740501427,3278
0.69756615,0.02957343802054625,3279
0.010738343,0.3477018901863641,3280
0.35417312,0.4170362296480303,3281
0.5113397,0.5898545775476928,3282
0.40014815,0.17987070261806393,3283
0.19217205,0.07933940163315287,3284
0.2814086,0.11816623483506647,3285
0.5968334,0.03596081921787071,3286
0.59014666,0.03950351731406902,3287
0.35726535,0.02032153349771098,3288
0.1641357,0.19114480907955173,3289
0.3883886,0.007356151586136427,3290
0.45796907,0.05048700175137415,3291
0.6046331,0.35268643588853493,3292
0.5372504,0.15242922024449673,3293
0.663473,0.1940527653010809,3294
0.7721046,0.03130561948190176,3295
0.75673425,0.0026609482400240963,3296
0.64271337,0.021487075551737424,3297
0.9496608,0.1101092887786235,3298
0.05238563,0.08969963469153619,3299
0.53778476,0.13135091027307355,3300
0.7276128,0.5383269615960631,3301
0.6331754,0.22514184749904026,3302
0.5059454,0.04250365261856718,3303
0.9100596,0.20467361547694668,3304
0.66884017,0.030182996736226507,3305
0.40492555,0.018740415409671626,3306
0.3619123,0.024873391726669736,3307
0.8103008,0.19653987666533368,3308
0.30182636,0.42171042155153793,3309
0.9153725,0.0013471486379098548,3310
0.056589484,0.248803731992419,3311
0.27983403,0.07272711601454578,3312
0.7479146,0.06262350282935189,3313
0.49348202,0.18411180119818105,3314
0.69060564,0.12183829606914273,3315
0.49537784,0.03491012134618184,3316
0.77475595,0.0026353386495123173,3317
0.25580594,0.01768582472660064,3318
0.58296824,0.003834490257637522,3319
0.52511466,0.021714451028978624,3320
0.8838824,0.017207066500263483,3321
0.60057324,0.004169257924366086,3322
0.82037824,0.12206600258438512,3323
0.4957696,0.18782548298063698,3324
0.7352466,0.2935958997589828,3325
0.48038578,0.10898925405718567,3326
0.1071085,0.042758708207591055,3327
0.8685249,0.03503207147763877,3328
0.7774934,0.007318832729059352,3329
0.6187677,0.10117018829673037,3330
0.581813,0.09079047575138753,3331
0.59702325,0.2673759281576635,3332
0.88895243,0.41576377752418675,3333
0.8416369,0.09704904507088903,3334
0.18703255,0.000522328996224052,3335
0.28265822,0.016833892489620694,3336
0.052321345,0.00278941468708528,3337
0.05199009,0.04748312190591524,3338
0.3205568,0.23589677241321627,3339
0.49220198,0.46196876426914346,3340
0.79728913,0.4126911315129104,3341
0.21551076,0.5945236613135013,3342
0.56948507,0.26053612287176353,3343
0.689849,0.009486344566855187,3344
0.6947925,0.03239933685706072,3345
0.98743916,0.047533136800284294,3346
0.37268287,0.06479306534339528,3347
0.27672625,0.05876060283813778,3348
0.62960255,0.2487619910906238,3349
0.95300114,0.012582400384605593,3350
0.41131276,0.2915086612455016,3351
0.38600612,0.21038144779128454,3352
0.3589729,0.014817447943788474,3353
0.7023729,0.04460110197925638,3354
0.69147813,0.41052903622569226,3355
0.37167737,0.006104880135715579,3356
0.48887596,0.0110175605945252,3357
0.3425579,0.025192106973776572,3358
0.7860083,0.025770400499521257,3359
0.15468249,0.09494667505348449,3360
0.5480538,0.15631239443212613,3361
0.37886757,0.12237693148287207,3362
0.45932797,0.039201703388159946,3363
0.46004003,0.497797395953185,3364
0.47521204,0.13874687249406123,3365
0.4455479,0.005190073795494016,3366
0.019246906,0.01108302255727228,3367
0.5568332,0.0002948754003934741,3368
0.9068513,0.0661865369122627,3369
0.7963489,0.0006782404552543388,3370
0.6622978,0.4801261152445489,3371
0.12437612,0.14122928604260745,3372
0.5414189,0.03946630648396984,3373
0.23673594,0.01918923591217605,3374
0.2468076,0.34625861604329694,3375
0.46309954,0.04026177096749279,3376
0.87124956,0.6260801707606324,3377
0.47629666,0.08991898536825534,3378
0.9929726,0.028808457349736725,3379
0.15909636,0.2712135309000723,3380
0.31681633,0.05154670341488176,3381
0.4824871,0.13083449702403166,3382
0.61492944,0.04219230181938489,3383
0.3752476,0.15294396702510854,3384
0.36002585,0.018152251335613063,3385
0.21763387,0.021780110574156977,3386
0.9064032,0.33541104014062684,3387
0.3551349,0.030778666242050706,3388
0.5825337,0.020439732910050665,3389
0.2716658,0.1693474741542774,3390
0.8503237,0.05382239270501435,3391
0.47992656,0.08471561867507513,3392
0.34951797,0.4205166694597718,3393
0.44169396,0.00047283319963753456,3394
0.16561586,0.04256925035551353,3395
0.41551042,0.12251314024157277,3396
0.3857837,0.08421919960525427,3397
0.20026177,0.0028115254018380607,3398
0.80795217,0.022303124633541376,3399
0.35938618,0.3871592706733998,3400
0.8733303,0.00418422527849042,3401
0.7692894,0.0015479125264379174,3402
0.27648538,0.0015384508817412965,3403
0.35983667,0.3915804600851036,3404
0.5636267,0.04446693025519272,3405
0.7553996,0.019352529141040697,3406
0.27839103,0.22213096635006388,3407
0.17663789,0.24976724500105052,3408
0.5801745,0.044519129892953674,3409
0.6852396,0.0450901349263488,3410
0.50659144,0.4172688882538438,3411
0.2354551,0.0470789761627249,3412
0.49002492,0.09192597934840498,3413
0.4142198,0.014353810490396454,3414
0.37709266,0.008175010324166348,3415
0.18167973,0.03698855395562512,3416
0.51034063,0.10093208962045051,3417
0.7382034,0.20177861684869453,3418
0.42903224,0.03547618494518119,3419
0.3279388,0.40220265904714164,3420
0.43866622,0.016398282835705637,3421
0.454,0.0005124643277153452,3422
0.12520528,0.2675107025827234,3423
0.39365882,0.3991666453925775,3424
0.2958548,0.18725189059963365,3425
0.75527817,0.34195254474966497,3426
0.36106458,0.027474867876781387,3427
0.59201247,0.977815218232972,3428
0.5927911,0.030835320318037592,3429
0.826323,0.26524795622707054,3430
0.21060047,0.028557273300337842,3431
0.48844403,0.061139698052206336,3432
0.38210264,0.014617755798497304,3433
0.82867587,0.013315563423305737,3434
0.19082898,0.405893673539709,3435
0.62726545,0.5830627657802898,3436
0.9493222,0.1979671838211622,3437
0.91198945,0.11365632729536615,3438
0.69434583,0.0567942796741087,3439
0.47080562,0.08587097747262892,3440
0.8791077,0.016178851716399923,3441
0.16836226,0.6665037973127513,3442
0.40634912,3.991338401724425e-09,3443
0.5620132,0.02180637274743516,3444
0.31381655,0.04916476405810887,3445
0.34703273,0.33514768031314973,3446
0.2605853,0.1766341518117163,3447
0.19844422,0.07403497032765491,3448
0.28945643,0.04335017279416395,3449
0.89859104,0.035175715156922145,3450
0.86282665,0.10608180326873938,3451
0.3080333,0.7142322234373728,3452
0.5128994,0.07030369204764864,3453
0.74809843,0.07010975464399068,3454
0.55822915,0.5919837052416129,3455
0.78330314,0.1080842856913202,3456
0.6273763,0.2878276098529166,3457
0.5196912,0.23836732786077502,3458
0.70729744,0.29569308408676986,3459
0.838395,0.029294101844892007,3460
0.8309383,0.19523133716075858,3461
0.6044458,0.00023191646296203818,3462
0.677679,0.8287983153059106,3463
0.6194744,0.017051024931177286,3464
0.17736524,0.24343426984916347,3465
0.36790365,2.421035837007917e-10,3466
0.38948813,0.057865665134927954,3467
0.5513686,0.2844769283138735,3468
0.44198775,0.13773894347459814,3469
0.6403569,0.1122472926864438,3470
0.47371867,0.3989001914219875,3471
0.6383716,0.005056391070837418,3472
0.48893288,1.4378466264876256e-05,3473
0.50812477,0.10890958958480251,3474
0.7337657,0.0358645998492153,3475
0.32740018,0.1709397657849474,3476
0.12981704,0.23838359518981023,3477
0.46169412,0.008926668435183199,3478
0.36104113,0.006663371319325331,3479
0.48081094,0.07901438768356775,3480
0.19249567,0.07710545564262847,3481
0.5233765,0.13134934969956502,3482
0.011903882,0.1202633853991718,3483
0.2673793,0.03316470828654403,3484
0.50338894,0.008647487186319547,3485
0.7722393,0.01376773134455868,3486
0.4728779,0.09748152633744739,3487
0.23030594,0.19888042531932054,3488
0.60385484,0.04697661195674172,3489
0.36399937,0.6639734708995191,3490
0.29878053,0.0010895537465726499,3491
0.48799318,0.2878942286406885,3492
0.48169807,0.06424137241148219,3493
0.39234814,0.479027198230779,3494
0.20548102,0.012671930656296258,3495
0.04196459,0.013744321430551324,3496
0.6935202,0.04195899084807485,3497
0.40114725,0.14555997005260896,3498
0.52630967,0.027002849750244074,3499
0.33053005,0.1914391407620995,3500
0.47881234,0.8079003119014423,3501
0.68765974,0.06484779825739864,3502
0.4187756,0.0003555616967162231,3503
0.68565166,0.11011411960104991,3504
0.386226,0.3722431897326673,3505
0.43280855,0.09523380762370283,3506
0.6432116,0.13309709889659935,3507
0.9111279,0.19284255473386108,3508
0.7158158,0.05777788200852571,3509
0.55979604,0.8697153375706732,3510
0.39854044,0.09155184370780828,3511
0.539825,0.025551909220127608,3512
0.22781321,0.08534858928225332,3513
0.28027788,1.2081066018745054e-06,3514
0.20053756,0.18423117823802987,3515
0.60538566,0.001202180064133549,3516
0.7003161,0.5482978845449504,3517
0.5636447,0.05696808828792137,3518
0.39325976,0.0013642458142383166,3519
0.614922,0.09891966996115709,3520
0.512203,0.6918158067019529,3521
0.7182322,0.028702272282154415,3522
0.81143004,0.0282723267854261,3523
0.30962527,0.5204257581510668,3524
0.33478624,0.4184748244749138,3525
0.54890907,0.05654532911042117,3526
0.22264013,0.2299719736299856,3527
0.5533281,0.10542165168709758,3528
0.64390093,0.023831652708435454,3529
0.6040408,0.0004746499431018621,3530
0.2062175,0.15969086091723805,3531
0.8650517,0.06331637996728258,3532
0.22113338,0.01377250893098479,3533
0.5861188,0.03370391035895364,3534
0.23388943,0.0024478039647051184,3535
0.76898897,0.011706802353154385,3536
0.17381042,0.10485729745260264,3537
0.53483576,0.3740399467731388,3538
0.5368681,0.010297998041208884,3539
0.3113947,0.262130326734213,3540
0.7152253,1.3131902531520578e-05,3541
0.37457767,0.03138966071347558,3542
0.44355348,0.14112846758431308,3543
0.7885336,0.13149922817929716,3544
0.31322566,0.10018430707589693,3545
0.40654907,0.17110785592333644,3546
0.512186,0.030233994743393233,3547
0.29808992,0.06605913511183367,3548
0.82609344,0.28439177609603716,3549
0.24381015,0.1922088454328463,3550
0.61305207,0.0028954108399874504,3551
0.55144644,0.22181053323145974,3552
0.79654986,0.3270538737012184,3553
0.41150278,0.2861014411953804,3554
0.2863406,0.08650470089032618,3555
0.55470264,0.27541484112565495,3556
0.35680133,2.5969656194426953e-05,3557
0.70527196,0.17329388985754496,3558
0.05071789,0.0288207547024649,3559
0.23562348,0.08635610161910783,3560
0.26211625,0.26051421360215066,3561
0.9043287,0.40152913020458536,3562
0.4472899,0.6912305615342452,3563
0.5863279,0.06481603240707656,3564
0.5568475,0.02358329565418276,3565
0.59604603,0.043117689828362255,3566
0.076263964,0.012384486826262364,3567
0.586122,0.17790042945407494,3568
0.19791645,0.004569533049728511,3569
0.3303401,0.26783046346051903,3570
0.59105784,0.14637879238196524,3571
0.22866961,0.0012831931170355921,3572
0.6317253,0.17407285865545372,3573
0.59722126,0.0007339630307632475,3574
0.46606603,0.0065169030245253706,3575
0.35965812,0.01860431031507875,3576
0.4676208,8.05626202515896e-05,3577
0.31900942,0.03986313019491381,3578
0.31580073,0.03297737264651184,3579
0.21680847,0.03022623376853938,3580
0.40585345,0.2924235351999858,3581
0.5118318,0.3750464993752801,3582
0.52127296,0.16665388857262922,3583
0.67780995,0.19907646937691006,3584
0.70032907,0.21361225551703586,3585
0.49224353,0.1257144863683258,3586
0.3361311,0.17051290165720778,3587
0.032570183,0.02986196838640049,3588
0.18870935,0.5461514363300651,3589
0.28366914,0.007177981244340044,3590
0.95372725,0.0005935275112754933,3591
0.34204823,0.11964291498585794,3592
0.42590767,0.22035247485853854,3593
0.6568078,0.09474973745864185,3594
0.33443466,0.0193847377194508,3595
0.8385446,0.16168799231537828,3596
0.79753435,0.5792699449015477,3597
0.5367391,5.258816536804079e-07,3598
0.39844376,0.22955586706968684,3599
0.8519264,0.45541950168478124,3600
0.37261027,0.9150041092603932,3601
0.2729178,0.0011372181793741114,3602
0.051466584,0.02225816388223899,3603
0.9450033,0.13332788691652628,3604
0.6283453,0.008402100247889665,3605
0.7586196,0.01681977951566444,3606
0.18526113,0.023366807961091654,3607
0.4182937,0.08083334515785134,3608
0.35859033,0.027565031399928157,3609
0.3109377,0.098842356255301,3610
0.52896607,0.03444169169961625,3611
0.6828838,0.0010461669798946048,3612
0.27066126,0.03227956359653935,3613
0.34087813,0.0018573677662317096,3614
0.91675293,0.1091166632613431,3615
0.23703724,0.029879236050956985,3616
0.93483055,0.25365442159350177,3617
0.8676536,0.18083471282668342,3618
0.8809661,0.009580382645240968,3619
0.5272361,0.598907079369779,3620
0.5588159,0.0885409588858142,3621
0.36882323,0.012128973137546711,3622
0.34520817,0.12946314054945507,3623
0.58956355,0.007673302718721378,3624
0.49208277,0.07647269239559464,3625
0.4079962,1.984943727252438e-05,3626
0.6558089,0.00015387848155159402,3627
0.6594722,0.03083381156927808,3628
0.5344307,0.01266002605619211,3629
0.01839915,0.07877758473756853,3630
0.71482575,0.02876596801450311,3631
0.69468415,0.0020556460540204755,3632
0.2829239,0.3086130019330816,3633
0.8505158,0.21602012163831963,3634
0.047684282,0.11128629873128368,3635
0.7953369,0.03629948905915964,3636
0.25946748,0.001010133579282815,3637
0.1862965,0.040974578480093574,3638
0.82916665,0.7045727705011181,3639
0.606668,0.0016783249197535224,3640
0.49751645,0.028028057583064862,3641
0.6955677,0.03998672504488147,3642
0.39130554,0.7664325181392072,3643
0.13281527,0.00041058579465661095,3644
0.3930018,0.03593259424303079,3645
0.5599765,0.006887876664920503,3646
0.1430479,0.13804694761628425,3647
0.520398,0.09834797635793481,3648
0.6231481,0.42139360185531805,3649
0.00399673,0.24221063392426764,3650
0.5394802,0.010066235652403584,3651
0.8887153,0.1711089342305366,3652
0.78447056,0.2564266294567417,3653
0.5883375,0.0007481499003414504,3654
0.3104943,0.7044981494011273,3655
0.6109576,0.0504167488733657,3656
0.39317477,0.2158697490722147,3657
0.67304015,0.04548375706183777,3658
0.6121819,0.7466281721974007,3659
0.85164064,0.004557688158713717,3660
0.35628685,0.009706259933123434,3661
0.16891798,0.28154979192533075,3662
0.83583903,0.005253952781472811,3663
0.5257222,0.06404160536791356,3664
0.6035871,0.06790055109936963,3665
0.35726053,0.11155638355669616,3666
0.12233478,0.02637603494318412,3667
0.505503,0.584259361124074,3668
0.55595124,0.008643536089875052,3669
0.66528517,0.01448074359979024,3670
0.3454718,0.8465415427958294,3671
0.16354913,0.19215279129966312,3672
0.29450127,0.013858284950175765,3673
0.25383788,0.016953741170710888,3674
0.3049509,0.3235319974472315,3675
0.25370657,0.11973009602679834,3676
0.42584053,0.013563245557867547,3677
0.27135313,0.3420173707051677,3678
0.6491184,0.09630544587222023,3679
0.96135235,0.3648667837822218,3680
0.301267,0.005761037359849685,3681
0.6690481,0.00028360359001936274,3682
0.08154526,0.8370453332057683,3683
0.6638597,0.16548239574792856,3684
0.5343072,0.010705083662698716,3685
0.7503959,0.29605118377976036,3686
0.42656028,0.222837744344578,3687
0.67440116,0.10522690857752072,3688
0.70708555,0.029620035770072373,3689
0.77640903,0.07089103063992228,3690
0.251257,0.24072045800246317,3691
0.037961364,0.08227794139862914,3692
0.08859089,0.27716285209807,3693
0.71924907,0.022656466653748264,3694
0.12340918,0.2944358126466093,3695
0.552309,0.2558365685155142,3696
0.7080528,0.0029780778870600604,3697
0.6015197,0.1459546218862177,3698
0.18984497,0.04760393837850338,3699
0.29430676,0.023035714132745747,3700
0.3182299,0.001371187811868765,3701
0.58450055,0.2892676832731819,3702
0.4343685,0.012557513917425123,3703
0.25303745,0.0052608980448102145,3704
0.5658804,0.0437788565482255,3705
0.18945158,0.09437464242587983,3706
0.4985118,0.10682691032590003,3707
0.9067786,0.040239210564967196,3708
0.6487251,0.28250127057793406,3709
0.49373075,0.03580133279284762,3710
0.45050433,0.06150094688131365,3711
0.120906174,0.03859877195121706,3712
0.5437228,0.6270096726679691,3713
0.39927527,0.015888123457529338,3714
0.7484054,0.012036835528939476,3715
0.69763714,0.010916561891782613,3716
0.54543465,0.03499133455451133,3717
0.397061,0.22771060785975988,3718
0.51871806,0.6076596151768515,3719
0.25535405,0.02278278217771853,3720
0.5641305,0.23918285641448422,3721
0.5261844,0.015535707896934434,3722
0.626257,0.008195772339446782,3723
0.4796894,0.04648609842267243,3724
0.6406306,0.3288163932358839,3725
0.7508192,0.17407909120811557,3726
0.7051008,0.06891916301838612,3727
0.60639966,0.6654490272418286,3728
0.8777658,0.1655545353063997,3729
0.4736034,0.138094362058618,3730
0.30116606,0.050438174822873494,3731
0.18853816,0.2714402981102034,3732
0.16294542,0.0049951827498700375,3733
0.74657637,0.01681939534809976,3734
0.48828578,0.2918986472931472,3735
0.5562455,0.02293039671966132,3736
0.5042776,0.0004431394894692403,3737
0.48932055,0.005414298847828516,3738
0.53701127,0.0173273234645583,3739
0.5829201,0.22586876230753783,3740
0.9429289,0.1665405500455734,3741
0.36038524,0.009147718913156093,3742
0.59128875,0.09404296584186737,3743
0.3872549,0.003096507581088771,3744
0.2798318,0.1321673252834649,3745
0.3122491,0.13484774767194718,3746
0.5212215,0.1278243339448152,3747
0.2268835,0.04624839171309752,3748
0.5957043,0.07774529681018576,3749
0.19274607,0.2496113628253152,3750
0.18918091,0.06963209586620388,3751
0.1748777,0.004599053648602856,3752
0.6682151,0.6655774449735289,3753
0.53914857,0.0014024890976917215,3754
0.16566056,0.00010450762112458828,3755
0.05981356,0.08713248075349292,3756
0.50223416,0.011480996473932777,3757
0.20567745,0.016665801891398282,3758
0.6476401,0.5196398216353459,3759
0.3382172,0.8962586467667141,3760
0.3566538,0.1592651122389659,3761
0.45780015,0.42168060295281473,3762
0.5325296,0.15036646151470487,3763
0.4149848,0.0018705705107325613,3764
0.76017,0.0009143648335390398,3765
0.4791386,0.48342813089919995,3766
0.642528,0.003017841224686351,3767
0.4845121,0.5704373327952867,3768
0.13124889,0.022450229236214685,3769
0.22719476,0.07757753452139146,3770
0.60724443,0.0018672884115127667,3771
0.44124505,0.32151868513658927,3772
0.9249463,5.116945865367864e-05,3773
0.13235381,0.028370427426457293,3774
0.2493343,0.03702654443760202,3775
0.39578342,0.09667482848447823,3776
0.37821388,0.00949854369143113,3777
0.97803867,0.18707495574400768,3778
0.41708228,0.04109936597886284,3779
0.43597713,8.042997909346773e-06,3780
0.4296186,0.002968521283367277,3781
0.66195846,0.2767283235749069,3782
0.17266896,0.8094219056238013,3783
0.4105964,0.26099584036666784,3784
0.5798908,0.004428045004515149,3785
0.31275535,0.010066599347576243,3786
0.5971261,0.000729010686995694,3787
0.21279508,0.6562143030447716,3788
0.916702,0.013224481596109079,3789
0.95299935,0.5337411789609154,3790
0.49322462,1.1965004486838643e-05,3791
0.41034403,0.16221729049396746,3792
0.56060344,0.021917118012343115,3793
0.6388201,0.03725037156425584,3794
0.6767264,0.00827821168744472,3795
0.065817654,0.13157624685324,3796
0.6955947,0.00041267691735015564,3797
0.44041193,0.8373802539291152,3798
0.64588237,0.005810686363651311,3799
0.18607447,0.0177867394554656,3800
0.3267817,1.9686205699410193e-11,3801
0.6099826,0.23581575854509546,3802
0.8364305,0.42600097370958284,3803
0.82266575,0.11179994448917378,3804
0.20050061,0.07453501905371838,3805
0.3453141,0.0021376276146173752,3806
0.66334593,0.4460262815697245,3807
0.1635837,0.05135233695283858,3808
0.7012198,0.03117435947278849,3809
0.51602536,0.48397905767505367,3810
0.4731611,0.002327827315658055,3811
0.50815177,0.49174522385527575,3812
0.76069325,0.028766292754505988,3813
0.5288842,0.006292495130173997,3814
0.17014483,0.016556049531714172,3815
0.6853782,0.00714607643356304,3816
0.4373139,0.6995439368324631,3817
0.6083432,0.00920838768397237,3818
0.5227524,0.0096955849219068,3819
0.38815498,0.2564344476931059,3820
0.25634193,0.026853008928729136,3821
0.40298206,0.036523778777686144,3822
0.64629036,0.15551148098814024,3823
0.63461393,0.22285158621590323,3824
0.5580357,0.004618288176330304,3825
0.385843,0.17183744613022436,3826
0.52284175,0.4481278584614778,3827
0.59807885,0.40490609848054543,3828
0.43716648,3.6068833562378256e-06,3829
0.42009658,0.02438457450486255,3830
0.59797883,0.014992377157909388,3831
0.856068,0.2151853434349721,3832
0.52035964,0.011237219556510358,3833
0.57215667,0.00015798657540099127,3834
0.6274296,0.08186195254183229,3835
0.51263285,0.005412459808842251,3836
0.3077339,0.02125789976297717,3837
0.6062102,0.25753145609160855,3838
0.84046996,0.2188431764155453,3839
0.73675686,0.4182885344856975,3840
0.59618586,0.001360770358688693,3841
0.57454574,0.0299794778274274,3842
0.8472624,2.6635497545656716e-07,3843
0.79628694,0.33022953602948696,3844
0.3930367,0.25104491977805843,3845
0.81352127,0.14934981341976677,3846
0.5028247,0.041759830088045936,3847
0.5253954,0.07808977294718737,3848
0.5850715,0.02962466622479083,3849
0.7302042,0.22485583965513556,3850
0.5560896,0.05574005645575548,3851
0.3592807,0.0051489101030061536,3852
0.66999984,0.004051982172648943,3853
0.31967098,0.06567218717282364,3854
0.49880114,0.014333636776176264,3855
0.15480807,0.0918396366727881,3856
0.29210794,0.11048337226254519,3857
0.4073017,0.03273655811308593,3858
0.9321015,0.1557905836072618,3859
0.39247438,0.06079227248264049,3860
0.53481406,0.021162638193603044,3861
0.25509244,0.013725047108583082,3862
0.61774516,0.02130962666253175,3863
0.8100538,0.003190818277401462,3864
0.4490285,0.06851242813944064,3865
0.87180126,0.09812796116195474,3866
0.79068935,0.12469072205911803,3867
0.54323596,0.00512675167347635,3868
0.89243776,0.05079642069904345,3869
0.8041702,0.11790284281624429,3870
0.4384137,0.005734097789488234,3871
0.39440024,0.669960014590967,3872
0.72797674,0.025703628311123924,3873
0.51160085,0.21370906012378404,3874
0.34980553,0.00011545006015058329,3875
0.8921294,0.004586542076265313,3876
0.19104803,0.0010707574135674287,3877
0.44398618,0.05636209109093716,3878
0.29776525,0.04083980768502743,3879
0.5896159,0.20218231647234108,3880
0.6182014,0.06073102691314902,3881
0.5352679,0.0022008130006845577,3882
0.7647586,0.06140898500987421,3883
0.2275655,0.03782717911331169,3884
0.09655675,0.10639311796928304,3885
0.31965518,0.029665265513332935,3886
0.4908927,0.0678373363316744,3887
0.8522984,0.6923366381427256,3888
0.72449636,0.008086819307138268,3889
0.6720406,0.0732559420457987,3890
0.47200638,0.29032963710636017,3891
0.75909156,0.015048362673856478,3892
0.27105248,0.4563456954755411,3893
0.38629186,0.5425372917523531,3894
0.36003694,0.22556863943887448,3895
0.16616145,0.06247286940300042,3896
0.21889123,0.0008230136506662265,3897
0.8570685,0.02161892849154502,3898
0.6436329,0.02720782830031411,3899
0.730533,0.5466619155680241,3900
0.56326556,0.021420671519887045,3901
0.27828926,0.026608030131926707,3902
0.24442744,0.3148898802284549,3903
0.49230984,0.0472502729605974,3904
0.63977075,0.03953224591897567,3905
0.35120562,0.09151883298665973,3906
0.37917674,0.16297985102700285,3907
0.7498466,0.4615570197059965,3908
0.32674307,0.012530043507980466,3909
0.46498558,0.1664514368371489,3910
0.909086,0.058985033182541904,3911
0.1750552,0.3927144460813106,3912
0.47587276,0.2803675921884472,3913
0.5755219,0.06847680381725468,3914
0.5732607,0.030807014193217214,3915
0.52589023,0.04306860978752274,3916
0.39488098,0.13577294998733705,3917
0.3755113,0.809985626959746,3918
0.53632253,0.1003781746829967,3919
0.48255607,0.03220141577562523,3920
0.6380958,0.29062367973955383,3921
0.6291293,0.03291505502841769,3922
0.23512194,0.12740116074180302,3923
0.6979393,3.538267519770651e-08,3924
0.22644097,0.0009660228788417104,3925
0.32125536,0.0949142589034168,3926
0.794797,0.5653384312990942,3927
0.34501487,0.01826798110269747,3928
0.11285275,0.07523320683343629,3929
0.07910204,0.18406020753107086,3930
0.79700834,0.3062141453813545,3931
0.16382831,0.03722351220987992,3932
0.6440535,0.1664858598753705,3933
0.76811326,0.22549030075337198,3934
0.37415317,0.20183080512822704,3935
0.2027694,0.0018014655087288175,3936
0.6796985,0.22737340044477186,3937
0.79992247,1.0918312682658202e-05,3938
0.4082567,0.41022880405349404,3939
0.77414584,0.3694329156834025,3940
0.14279139,0.2805384945833634,3941
0.4848681,0.16733956391935553,3942
0.0696342,0.33415876374483433,3943
0.49462786,0.029606649659993114,3944
0.2576996,0.0849742739778919,3945
0.42706707,8.177489589094969e-05,3946
0.726549,5.210977876630987e-05,3947
0.5989317,0.025246537982871745,3948
0.5953478,1.3724808100465833e-06,3949
0.56419146,0.6419502576876495,3950
0.6589254,0.2630992525299497,3951
0.73089546,0.1719145179526239,3952
0.6238167,0.004716976412343905,3953
0.6033204,0.06026454573858711,3954
0.42984036,0.015814753923094334,3955
0.7605603,0.10005330944610742,3956
0.57783836,0.1543657007332182,3957
0.3555147,0.24774930901626452,3958
0.074045986,0.17894616817287992,3959
0.21109858,0.03549276336711266,3960
0.21576118,0.17334608549297864,3961
0.44240382,0.1647065034900954,3962
0.5443247,0.015391961471523889,3963
0.12901849,0.0026403574028422056,3964
0.80903834,0.42381417970760854,3965
0.5167015,0.43145878002595467,3966
0.08038196,0.10063940275697161,3967
0.38108307,0.0033615823127902816,3968
0.697347,0.040628980619364465,3969
0.39066678,0.27434790394975916,3970
0.61805964,0.00023221322275493293,3971
0.57875603,0.06910779796470587,3972
0.72138315,0.15195882577654932,3973
0.7174498,0.034599112025076914,3974
0.7826364,0.25854647489413946,3975
0.7266579,0.051328576382719496,3976
0.34427267,0.1096106572033944,3977
0.1048556,0.16620336373596292,3978
0.62334913,0.06169422589404533,3979
0.4010541,0.3029092950046999,3980
0.26252484,0.06681321463991298,3981
0.35188222,0.010503535976854815,3982
0.6973937,0.02292990500481199,3983
0.3191061,0.03788529052718494,3984
0.742748,0.0075505904033324606,3985
0.5076662,0.023223443218828323,3986
0.5425437,0.04882884820186736,3987
0.7731639,0.001251331087948715,3988
0.36660358,0.08872189849292947,3989
0.74285,0.03353446703633395,3990
0.62822986,0.13940909015115593,3991
0.76998645,0.011799157138814784,3992
0.74344206,1.407763468673907e-06,3993
0.71459925,0.09533558056426644,3994
0.48750347,0.3007821346396082,3995
0.6000347,0.02515494992731783,3996
0.7657529,0.01698437652918742,3997
0.5330378,0.008792352684810012,3998
0.33709306,0.16290916595227967,3999
0.9972189,0.08648393868759084,4000
0.63911057,0.21790561656991048,4001
0.6374043,0.658816572583887,4002
0.38168865,0.4897484325831584,4003
0.4570772,0.3346186986922008,4004
0.5044655,0.014102176367345893,4005
0.40627694,0.11340372815320489,4006
0.35705042,0.05259666588208473,4007
0.34213698,0.07643958669852421,4008
0.5398476,0.2230934977008898,4009
0.18563738,0.009377403790955953,4010
0.3131711,0.04187979526203202,4011
0.4453178,0.049719663899629944,4012
0.8357973,0.7261410970431273,4013
0.61694753,0.1274039062162341,4014
0.4616802,0.023385123528611624,4015
0.31956133,0.014862857597786114,4016
0.83688796,0.35516130550158675,4017
0.66954476,0.27096675827793615,4018
0.42536822,0.00011264971869692336,4019
0.84094477,0.07216715889637923,4020
0.07505956,0.2771353489667031,4021
0.5712219,0.025098547251020842,4022
0.27306944,0.7297328534392459,4023
0.7244459,0.020579820304930913,4024
0.728754,0.12568554564119064,4025
0.7194658,0.005284942914740349,4026
0.8427007,0.17290014521903296,4027
0.49038568,0.24354211708861914,4028
0.7422749,0.13380908772073832,4029
0.27376124,0.10125284339539548,4030
0.2896123,0.032335186101284864,4031
0.4338814,0.05809422834445411,4032
0.5931703,0.08135721578305993,4033
0.041568577,0.020608944551565728,4034
0.44676486,0.07432258013045358,4035
0.49161902,0.05430165762320731,4036
0.29298747,0.06687307869175292,4037
0.6767239,0.07144371684817415,4038
0.2738372,0.044099891542403874,4039
0.05416569,0.016188771907467366,4040
0.64216113,0.0015627600911638942,4041
0.56338423,0.721689294245125,4042
0.48399252,0.695659746193645,4043
0.57020235,0.06995175462152119,4044
0.3759839,0.1780899010970114,4045
0.72885674,0.3175988327399208,4046
0.14885,0.01611475653556646,4047
0.62177587,0.29157620180198424,4048
0.548904,0.24033935424906328,4049
0.20308894,0.04762510554944463,4050
0.46543437,0.1655607852115898,4051
0.5257403,0.14738523777603313,4052
0.032549083,0.18313277373185693,4053
0.46857303,0.0043629418538374005,4054
0.35665506,0.009065059551807982,4055
0.07146183,0.00407137270743933,4056
0.8826994,0.0013765283800039553,4057
0.39781207,0.010822185778087636,4058
0.5655815,0.008033599629853899,4059
0.4160904,0.05100178280022488,4060
0.4988196,6.0049756611831124e-05,4061
0.6584477,0.23580365667144912,4062
0.6292133,0.003842062141890824,4063
0.56118065,5.144846403165454e-07,4064
0.15702155,0.04401502581404253,4065
0.278812,0.1212043421316734,4066
0.4155584,0.2688910737605551,4067
0.69897026,0.0040109403544592165,4068
0.72620267,0.3224320836563246,4069
0.3279692,0.053352394453921,4070
0.39697832,0.20229649644177858,4071
0.27907968,0.019455050031720145,4072
0.5816165,0.12386441495904779,4073
0.37303793,0.3379599648435523,4074
0.60740507,0.0062994600004640305,4075
0.43527812,0.025243049946959174,4076
0.33315307,0.01745739116310356,4077
0.47159573,0.08609456210542288,4078
0.10838848,0.5650589963963121,4079
0.71024394,0.002395313003817336,4080
0.88679147,0.06683790760658519,4081
0.23994687,0.08917036412883482,4082
0.52278006,0.1180177765508299,4083
0.5505724,0.050854570778798715,4084
0.8187717,0.0609722207108269,4085
0.6382429,0.1890018371103239,4086
0.5293112,0.8095106162506804,4087
0.7151528,0.0005824379870748957,4088
0.5976508,0.0363714167215977,4089
0.849841,0.19488788196656304,4090
0.5801191,0.02473775161251946,4091
0.44983262,0.8589872265905888,4092
0.6311658,0.02690367036678626,4093
0.5296714,0.03905632165821309,4094
0.19509128,0.004131473196788699,4095
0.92698705,7.549010250881858e-08,4096
0.5641585,0.2826891378174782,4097
0.20293742,0.27050635799336936,4098
0.8245195,0.021633873209990172,4099
0.28357673,0.048976444352888726,4100
0.6829149,0.022471580183179334,4101
0.21752995,0.00013024870453514002,4102
0.5981638,0.14619195568866325,4103
0.5240007,4.609168481072541e-06,4104
0.6684594,0.2517114750944047,4105
0.29290497,0.5449193676059886,4106
0.42371053,0.24309204066124696,4107
0.110712975,0.2147041830846653,4108
0.56442416,0.003058700631041874,4109
0.13700178,0.04825044865452226,4110
0.37428144,0.001329248916308544,4111
0.1883564,0.5338604423185783,4112
0.7667035,0.08595402311840465,4113
0.5799468,0.11393515507368931,4114
0.4692988,0.004057928123326675,4115
0.33792743,0.0024113100747474997,4116
0.37493587,0.03726427177927027,4117
0.3547044,0.1430258779332283,4118
0.5244002,0.3062763727422891,4119
0.2517305,0.0032777900970873924,4120
0.7957262,0.08136182842887145,4121
0.2790872,0.45458855887536065,4122
0.46674943,0.02786082765473642,4123
0.83627975,0.023702387094130875,4124
0.48610353,0.7296684773251604,4125
0.9740693,0.01517938529375479,4126
0.47185782,0.1349311688149012,4127
0.426378,0.017597155732847477,4128
0.6424905,0.01902034676844536,4129
0.7282812,0.22935343826688281,4130
0.2081658,0.01632193841655319,4131
0.0030997396,0.1804061386997106,4132
0.28463626,0.06310688655464856,4133
0.54596037,0.36940320350898365,4134
0.57480896,0.1917115688343041,4135
0.261267,0.11433787924817858,4136
0.6122225,0.007153679766759339,4137
0.16640931,0.036427465243068585,4138
0.2301203,0.022171336660508877,4139
0.38893974,0.04476864583065007,4140
0.233033,0.003200170247750606,4141
0.22455218,0.4621814888110518,4142
0.84166825,0.03571945762690132,4143
0.8909427,0.015789346846797135,4144
0.6129086,3.039953975215179e-05,4145
0.40357548,0.6253294001795796,4146
0.77787197,0.014284992361536143,4147
0.4884181,0.1383014437159336,4148
0.5252133,0.001898607026845409,4149
0.78748894,0.022668498560128113,4150
0.15387145,0.2310881711545546,4151
0.35318774,0.07354272798726202,4152
0.001368314,0.9172422621023631,4153
0.50275487,0.17423856009230232,4154
0.09738615,0.064672267333731,4155
0.932026,0.19797659500771456,4156
0.6293198,0.059391177889191106,4157
0.22838333,0.061062432346895304,4158
0.731894,0.0004994848490174878,4159
0.35254592,0.3785701345669393,4160
0.43271247,0.2569502443831299,4161
0.484257,0.03591143641795304,4162
0.47742712,0.0016942303961087906,4163
0.35754484,0.17297450470148965,4164
0.77717495,0.910751236532911,4165
0.53602946,0.10160327680771693,4166
0.23564714,0.005709253127385263,4167
0.49740288,0.7469510932589056,4168
0.079361826,0.031833137847093504,4169
0.42864615,0.55863434554045,4170
0.8824415,0.07129859806171045,4171
0.5685042,0.0003352804779369969,4172
0.47291005,0.02343670717964217,4173
0.63866633,0.15022189546045472,4174
0.25112194,0.0032787373610333025,4175
0.49343526,0.09140732916647287,4176
0.86617255,0.36083658551068937,4177
0.4974089,0.46851347378630837,4178
0.3064821,0.06274611254616143,4179
0.30259663,0.16699250736391985,4180
0.6756183,0.018847492869620622,4181
0.8713072,0.006142193691687534,4182
0.5546331,0.35429227777424743,4183
0.7082693,0.6040181100971034,4184
0.32516038,0.19696304034004883,4185
0.61720765,0.07610131313980575,4186
0.26642042,0.04138557411199074,4187
0.4361256,0.4468524974149488,4188
0.091658354,0.09860149923066365,4189
0.57513595,0.026727196316011104,4190
0.81401706,0.2042031005922095,4191
0.7295798,0.014622757950567854,4192
0.4541235,0.021598369480690962,4193
0.55033666,0.03554447542609806,4194
0.49111426,0.15405415717746124,4195
0.8052415,0.0980333583534313,4196
0.3730548,0.2784461120409632,4197
0.7013936,0.011051555414797317,4198
0.8333742,1.5575635503554978e-05,4199
0.26026556,0.030907137558519336,4200
0.49432576,0.0015270988015279837,4201
0.364914,0.004164708329123462,4202
0.16778758,0.2913269086970195,4203
0.64907026,0.43808678383814464,4204
0.7517003,0.014539592776068797,4205
0.34388864,0.25604461299619935,4206
0.57910013,0.008778956432452885,4207
0.25230414,0.11610787091136317,4208
0.807308,0.06443401376713631,4209
0.3509708,0.06444627215952886,4210
0.7773177,0.04855465404605136,4211
0.12892172,0.20189908870997678,4212
0.2550705,0.0014036134244193145,4213
0.16192952,0.01610641176279239,4214
0.44450584,0.5508702280354933,4215
0.53722095,0.35851233068866883,4216
0.61180484,0.002638032373229373,4217
0.636168,0.024857529417683363,4218
0.811217,0.047701022690236704,4219
0.605119,0.15115991508227594,4220
0.87272763,0.013274149812839548,4221
0.5089937,0.20188479870389617,4222
0.461521,0.34982829391610726,4223
0.5586216,0.02372129586741002,4224
0.7853374,0.0686990440706457,4225
0.7497002,0.002397451150326081,4226
0.5276142,0.003712294624414001,4227
0.8041886,0.2046995895575992,4228
0.54073083,0.10483638699373021,4229
0.7834191,0.00011465958326474343,4230
0.34334284,0.05708693405459824,4231
0.5042337,0.00846139516599162,4232
0.6315073,0.5758344291754447,4233
0.32704788,0.15277598825893504,4234
0.89348483,0.10880675052346671,4235
0.099350125,0.015156302894392354,4236
0.49502188,0.21901074664117454,4237
0.67739624,0.1418003992816987,4238
0.20963663,0.1774773439295136,4239
0.1818304,0.0778921317234049,4240
0.7424334,0.08615998600092047,4241
0.34637523,0.0009392076813628635,4242
0.18123177,0.003256930660406363,4243
0.73098505,0.6375295348208202,4244
0.9280811,0.0020869667766134233,4245
0.38464272,0.5849575340233896,4246
0.6432003,0.038557803982627085,4247
0.34699,0.03634976766540216,4248
0.4344241,0.01696721539389964,4249
0.43997037,0.7700415169702264,4250
0.44040814,0.00012085270089083197,4251
0.65777636,0.019081083988116136,4252
0.5639932,0.00914417569674301,4253
0.46265644,0.14656496096481564,4254
0.2208282,0.025570054038667116,4255
0.7955399,0.008836333101342138,4256
0.16518006,0.007638087050975149,4257
0.14008644,0.19559060226636923,4258
0.52958167,0.09367077965384832,4259
0.7070399,0.02248770549285116,4260
0.41706362,0.05536070576490274,4261
0.32246447,0.8411273475558186,4262
0.4162616,0.0056242467404658495,4263
0.6428,0.0018031422541810193,4264
0.5874647,0.07625726498206334,4265
0.65536535,0.13548590338607033,4266
0.3181574,0.016762055726301028,4267
0.70011634,0.003676003268911141,4268
0.44626883,0.26866635071455164,4269
0.38083816,0.40463750173543617,4270
0.03990853,0.06384705885245273,4271
0.5203807,0.006346338754771344,4272
0.161854,0.02475122811403837,4273
0.55319166,0.07683937459780767,4274
0.5129029,0.09495124252421508,4275
0.50493455,0.4371443093963587,4276
0.62749255,1.049257175902043e-05,4277
0.77116084,0.35479618512867084,4278
0.4924487,0.009708763221081948,4279
0.8087624,0.0031256891841550927,4280
0.18803415,0.04199151438304094,4281
0.55605495,0.6303672176635194,4282
0.79159904,0.02187335250861356,4283
0.62255305,0.0430661416717842,4284
0.76543903,0.018390275372449274,4285
0.61553913,0.004248999762769966,4286
0.6232687,0.002849774893447003,4287
0.6975373,0.23447352422940787,4288
0.69661474,0.08340565334773829,4289
0.7250562,0.040864288671104566,4290
0.72424376,0.03746802374374634,4291
0.48684162,0.0910330795488522,4292
0.6144967,0.02095484390409411,4293
0.5841528,0.17217532861575785,4294
0.0060257614,0.060537135693906605,4295
0.42767686,0.20122362197301533,4296
0.4219613,0.3076578215919508,4297
0.28915697,0.005317095631029944,4298
0.48737136,0.299896113070266,4299
0.54323477,0.03779587989770593,4300
0.41326663,0.005055909616961506,4301
0.16312695,0.16664965987663521,4302
0.37022567,0.17334525283203464,4303
0.46915185,0.030443289898826744,4304
0.78302073,0.005839426101416733,4305
0.55060387,0.003198008675432576,4306
0.14256069,0.018146250635752394,4307
0.08983016,0.2713983399424189,4308
0.4028058,0.0589032481263089,4309
0.5905406,0.2410806868335439,4310
0.093782514,0.013925585416139906,4311
0.9442143,0.003565528030128392,4312
0.7528331,0.2112492386996557,4313
0.7086234,0.012649213425485738,4314
0.37997562,0.18696979054250107,4315
0.50809044,0.03241745677930008,4316
0.15391833,0.0015435958355036112,4317
0.53065604,0.8014734131156817,4318
0.30908802,0.02142970388258716,4319
0.56602395,0.04102725862840306,4320
0.564482,0.064892664039711,4321
0.62238955,0.0128201690822972,4322
0.16517639,6.975789954917259e-08,4323
0.5000094,0.3953732796721562,4324
0.7202824,0.1840365584753229,4325
0.65070343,0.3323481833181677,4326
0.65747404,0.013886252087954541,4327
0.90343195,0.03473571548393572,4328
0.5792184,0.41249303159896794,4329
0.749429,0.6603098984430956,4330
0.30359548,0.10756608344846448,4331
0.5475855,0.009136595615090731,4332
0.8022897,0.017602409071639725,4333
0.043943673,0.2709068596022504,4334
0.7794529,0.10564794167873581,4335
0.86935806,0.07925314858594847,4336
0.90482044,0.5502588537498629,4337
0.34674418,0.005323128373066141,4338
0.3356526,0.15220966008782869,4339
0.103877306,0.023266129647517585,4340
0.37841308,0.2851541828255829,4341
0.29713863,0.058251530813144624,4342
0.37837982,0.16292151583834003,4343
0.8151551,0.019152581956062766,4344
0.35976437,0.03943362616652898,4345
0.4699067,0.4891624641412464,4346
0.81001663,0.08207108365522352,4347
0.526156,0.006274473026409048,4348
0.20646912,0.028160620704530893,4349
0.14859107,0.10191960732044777,4350
0.64581215,0.08579230048745239,4351
0.31748676,0.09541610801840332,4352
0.8437394,0.003768890849122625,4353
0.59319353,0.01132921424972138,4354
0.065611094,0.11048922058590165,4355
0.5785879,0.003079159006679867,4356
0.24914771,0.1057046815501703,4357
0.048718452,0.02165702154025577,4358
0.5766418,0.004709231116192238,4359
0.27468044,0.07584707075522754,4360
0.6868624,0.014659637001561638,4361
0.3341599,0.03912051989816494,4362
0.4850262,0.027530056065770782,4363
0.45378938,0.0009485981701809624,4364
0.5771457,0.013124407799180083,4365
0.022521436,0.5348221277289045,4366
0.16707861,0.035805787412325,4367
0.554263,0.039930364786776085,4368
0.5576841,0.0021540970727932885,4369
0.40152034,0.008924214129765488,4370
0.44413558,0.02766853989568786,4371
0.87827826,0.14638765084186167,4372
0.65396035,0.023088053254585246,4373
0.17891413,0.9546658443820859,4374
0.77114004,0.09116690461649836,4375
0.6888996,0.18906150700463636,4376
0.7526852,0.06277319753740469,4377
0.5727227,0.1244090515380653,4378
0.513364,0.052143155743213404,4379
0.75935954,0.02417061698018247,4380
0.6198299,0.16169145750310623,4381
0.4530713,0.022446675681362747,4382
0.20312053,0.16281460866627614,4383
0.2784469,0.5796967008254432,4384
0.38225883,0.046229491655219064,4385
0.35886467,0.141391939335348,4386
0.29841882,0.20518448111485696,4387
0.7844937,0.00785972599763955,4388
0.3163885,0.04379067776378592,4389
0.930411,0.0004090231899572709,4390
0.18029255,0.03939604307038512,4391
0.8625047,0.03453576030425634,4392
0.5354555,0.01810059273998453,4393
0.70277303,0.008841463705466979,4394
0.19583681,0.05318760331788218,4395
0.1567978,0.37644405090089045,4396
0.6197857,0.32180453099940465,4397
0.64938927,0.5155186395561608,4398
0.40351176,0.3695295208788971,4399
0.793206,0.17230881014835,4400
0.5329042,0.06297769359332452,4401
0.377227,0.02402702174976592,4402
0.019287169,0.022197835248558968,4403
0.26477128,0.014184066782117125,4404
0.5316743,0.493026965414771,4405
0.8286252,0.2139743173164476,4406
0.56852573,0.22919615642626254,4407
0.73638225,0.004046289466308519,4408
0.4393393,0.6303317979166133,4409
0.61662227,0.14608133668729442,4410
0.52588046,0.46088557123227536,4411
0.6536819,0.3239015802237736,4412
0.5208529,0.6005779136006347,4413
0.040781647,0.06823921759136123,4414
0.39496058,0.03641912638676515,4415
0.47290874,0.08427277418469833,4416
0.82696223,0.21920697788537388,4417
0.66380167,0.0038840760021559484,4418
0.37779182,0.001402269669231966,4419
0.2519415,0.13027757064481016,4420
0.93541414,0.0024917640385986387,4421
0.31107545,0.27072811798630264,4422
0.6401224,0.42191632531874323,4423
0.78348136,0.5105948910450666,4424
0.60599834,0.05822448145890772,4425
0.7179707,0.09661180697486817,4426
0.3408561,0.8540485185635862,4427
0.47751102,0.19048249765441286,4428
0.8301053,4.415142422028801e-05,4429
0.88925254,0.07785343566916023,4430
0.14879048,0.02863320545231006,4431
0.37835306,0.13061021765588546,4432
0.591619,0.025665975530837534,4433
0.5525569,0.026636306556147585,4434
0.7221093,0.2376424888996816,4435
0.6037975,0.18547604940732595,4436
0.48799607,0.042275474296567354,4437
0.3546355,0.4444628082131873,4438
0.5576212,0.003033725010459377,4439
0.17815319,0.18250791310893308,4440
0.17787585,0.0059463060679429405,4441
0.28914982,0.15339998988194722,4442
0.818341,0.040798301827461,4443
0.62080353,0.03174675490151035,4444
0.703987,0.04689149410368949,4445
0.32776314,0.08367914500891305,4446
0.9079751,0.016347484038474722,4447
0.3979081,0.4735701374234079,4448
0.460242,0.0015917301734829912,4449
0.8005744,0.0020377228161166604,4450
0.48936406,0.04204039047110422,4451
0.734096,0.003208408038025655,4452
0.45808586,0.0006212488579300274,4453
0.6567176,0.157566331804261,4454
0.33493745,0.052515642815676104,4455
0.5194581,0.043347182968133904,4456
0.5034272,0.3123938115762636,4457
0.10683426,0.08419374479279132,4458
0.87572145,0.03210408434177726,4459
0.7139246,0.5083821577430215,4460
0.4273337,3.8808736442068425e-05,4461
0.90285707,0.0019588101981325786,4462
0.8220304,0.10289741633776592,4463
0.4311955,0.0616798097207728,4464
0.0751425,0.014683366685279206,4465
0.3071246,0.0025486124219778884,4466
0.32319447,0.24605383132845454,4467
0.28539085,0.009939809101641568,4468
0.34238094,0.2311081174000639,4469
0.8237423,0.44175926490531536,4470
0.28782827,0.6277041153172467,4471
0.7092994,0.09528584924741619,4472
0.85071766,0.03303043986877729,4473
0.7780506,0.029902142669985185,4474
0.2503791,0.026844271893255958,4475
0.4515124,0.06470373563251176,4476
0.58898205,0.267037266427786,4477
0.5247778,0.19856173707369157,4478
0.41658732,0.7827178099816581,4479
0.2858952,0.0030902936705928977,4480
0.6453242,0.01357899634273903,4481
0.68228376,0.13272625946885616,4482
0.25159955,0.1932257551878411,4483
0.6092243,0.0009872928971836462,4484
0.6295067,0.0810410099506651,4485
0.5658977,0.09211929690244121,4486
0.25217605,0.013850650009732134,4487
0.48904693,0.007142936040240338,4488
0.42964578,0.07265779042610945,4489
0.3378994,0.36500055677669324,4490
0.6033267,0.43499249083193986,4491
0.5692171,0.04439962364356418,4492
0.65832037,0.1186672974657211,4493
0.94348085,0.052668502937655216,4494
0.43357784,0.04463312375005492,4495
0.37038368,0.029125755072917866,4496
0.032691687,0.026605250060924814,4497
0.45617974,0.07145653401221258,4498
0.0989486,0.03559643935818882,4499
0.62329453,0.3109296180740707,4500
0.84666836,0.31417140946389066,4501
0.36609536,0.13334219617816334,4502
0.47178075,0.07112811654407397,4503
0.65163666,0.015791545244385335,4504
0.6723808,0.1840901573394146,4505
0.35547984,0.19429274027186494,4506
0.29736158,0.3285965562346703,4507
0.67226124,0.4430830108146505,4508
0.5667194,0.02609004512902473,4509
0.24543434,0.009072248155809431,4510
0.609342,0.0298586116542935,4511
0.5506456,0.8153820677656098,4512
0.5884805,0.002004511845313905,4513
0.23607403,0.015076891161935179,4514
0.4474576,0.018576276345687485,4515
0.38841859,0.13972964352533218,4516
0.39826018,0.1185233758611647,4517
0.5036112,0.030770038681400606,4518
0.69819635,0.012154808412517695,4519
0.49420857,0.0028465356439109353,4520
0.8479908,0.48384100522976614,4521
0.34030142,0.006526084073553145,4522
0.4639581,0.01772225219388425,4523
0.5896826,0.004224896924985895,4524
0.6541028,0.00017120992696320148,4525
0.46018928,0.5348319688381579,4526
0.46877265,0.064992039936284,4527
0.47051424,0.062355256784552365,4528
0.4341022,0.0037535484002651667,4529
0.48636517,0.012462520627351124,4530
0.23472703,0.17771332777984997,4531
0.62596333,0.3147936790050358,4532
0.6420741,5.94061156343234e-05,4533
0.52126306,0.052256429874694116,4534
0.48048222,0.00015521556860372598,4535
0.7336715,0.2592040895347451,4536
0.7596228,0.0017751148245846624,4537
0.48007312,0.16810708293545318,4538
0.43614662,0.3272134154369089,4539
0.70974404,0.021339914689217247,4540
0.8816135,2.386567722113335e-08,4541
0.89981115,0.01490920567775362,4542
0.6922102,0.02129883109488876,4543
0.057928473,0.16518443604302863,4544
0.48678252,0.02182461606280873,4545
0.9626293,0.34299717111639144,4546
0.15395233,0.09345140800902697,4547
0.33568627,0.18231785346831253,4548
0.53691804,0.03416822656157304,4549
0.2241182,0.23429948448167548,4550
0.633126,0.02401222047507277,4551
0.35626453,0.3095575415815979,4552
0.73566467,0.026135857224749953,4553
0.08243337,0.0045346319770664875,4554
0.9612454,2.695862473765905e-05,4555
0.4166928,0.08608463427393398,4556
0.6301695,0.060067144407117204,4557
0.15699914,0.5175852471430287,4558
0.8050333,0.1404581608947142,4559
0.14831316,0.00017996227871496477,4560
0.46689063,0.030945054504275062,4561
0.59353256,0.06980791152156937,4562
0.5170875,0.0410552703664929,4563
0.4831626,0.37736728180426754,4564
0.7908203,0.075885119905476,4565
0.816587,0.06414285878276181,4566
0.5900656,0.15383975421211463,4567
0.99052644,0.13225363040425162,4568
0.8830347,0.05268707673086218,4569
0.15009287,0.41362502617602204,4570
0.4359498,0.09348397274690043,4571
0.9753766,0.03694190303224683,4572
0.43366885,0.0007677382917691192,4573
0.56818616,0.304792964175775,4574
0.6676072,0.024994178517424474,4575
0.47384304,0.00017279859427136359,4576
0.823189,0.08591523576810815,4577
0.50772417,0.2552775794784482,4578
0.37637377,0.1845691130335347,4579
0.08866879,0.07175706067627641,4580
0.48558778,0.00023895127014969292,4581
0.07344845,0.11490203630722774,4582
0.58025956,0.14470984665641157,4583
0.9329508,0.1390957135007968,4584
0.276703,0.03650767676792572,4585
0.59801936,0.0006287865306212544,4586
0.6098149,0.20762143349415763,4587
0.92825896,0.2089126593154393,4588
0.34662682,0.1475316678666541,4589
0.48308733,0.03573244709841256,4590
0.32914752,0.004359907105969775,4591
0.7183274,0.2304128282197332,4592
0.1792328,0.008479335286703046,4593
0.75320715,0.043101144731105955,4594
0.7538501,0.033411288487769655,4595
0.63257307,0.030950613545203277,4596
0.45687053,0.03854299381545018,4597
0.7599773,0.22537977181466107,4598
0.4953656,3.671689443620747e-07,4599
0.68754584,0.009277651000649338,4600
0.42684042,0.001894126467378611,4601
0.8382635,0.12358409624314926,4602
0.23858404,0.04429076155198969,4603
0.46124503,0.09641830684681016,4604
0.2908796,0.2674699988844313,4605
0.5518592,0.6573456230808544,4606
0.5440022,0.23681771116805136,4607
0.15876284,0.10810190442236568,4608
0.40913925,0.278517219825382,4609
0.29359248,0.016922772524109845,4610
0.70340896,0.07277644512682416,4611
0.94611514,0.4735649654040125,4612
0.4358751,0.16808974519184589,4613
0.6162173,0.18714753270590975,4614
0.59332615,0.01053217967526445,4615
0.50784284,0.1879268578088334,4616
0.5364607,0.015283302710582885,4617
0.3029586,0.25346589081790527,4618
0.4046623,0.735712718028387,4619
0.48442578,0.3315305457122611,4620
0.5415889,0.02077749534162959,4621
0.28105584,0.0320173217954078,4622
0.47648308,0.08873151090854019,4623
0.23793337,0.037853740414164554,4624
0.6040722,0.04084835311547432,4625
0.3581692,0.013558693041306856,4626
0.3437903,0.00346421264600914,4627
0.42974526,0.07611958904885116,4628
0.36780816,0.026446926877901643,4629
0.32903937,0.19785745858854298,4630
0.20593861,0.07342898894478819,4631
0.38592413,0.029059188790753802,4632
0.33683002,0.2529826491296461,4633
0.26892695,0.24043978607755379,4634
0.21530104,0.31881916185152365,4635
0.7540848,0.07879449675550562,4636
0.11782518,0.380313637340877,4637
0.7690357,0.17670691826496548,4638
0.55024606,0.005071498582573297,4639
0.46099466,0.0030219507357392207,4640
0.34923798,0.0761041113170176,4641
0.5319827,0.141722348299364,4642
0.046580017,0.19165141083556603,4643
0.40994012,0.0018075639105256639,4644
0.35630935,0.35141675378113557,4645
0.8131974,0.0014408915601007751,4646
0.41404086,0.06373439069036434,4647
0.8690457,0.011517407258614836,4648
0.19399086,0.3692072384451038,4649
0.6782253,0.0005101494236495944,4650
0.26816174,0.37222887364175306,4651
0.61184424,0.013920425043204102,4652
0.36423242,0.025405982933264234,4653
0.34955817,0.022191782406272825,4654
0.29675776,0.0341481274674178,4655
0.6996554,0.061280910907850004,4656
0.4512505,0.18889046377452745,4657
0.65779746,0.32780279173204463,4658
0.38745633,0.0073534510820195045,4659
0.8482469,0.008755757973481616,4660
0.59479487,0.2769910366224855,4661
0.3251009,0.046437532314016886,4662
0.59574366,0.4904439057384335,4663
0.5946755,0.03176821527937936,4664
0.5761301,0.05964717461722704,4665
0.76411283,0.16321775647251968,4666
0.21735674,0.07728999471301971,4667
0.7283064,0.39353012265616577,4668
0.32410097,0.011665372663055956,4669
0.22388408,0.3662829455236609,4670
0.84211284,0.05954274270914193,4671
0.5854581,0.03861949664764384,4672
0.38918543,0.27471900643355285,4673
0.19013584,0.15315258844479748,4674
0.571771,0.11561073270915682,4675
0.8181397,0.19823641955227606,4676
0.6263243,0.002254801626174863,4677
0.362105,0.05157717092076726,4678
0.005922079,0.06753891642136563,4679
0.6282508,0.009572452664752616,4680
0.43843994,0.0390485406662059,4681
0.7619422,0.01876525608372819,4682
0.67758447,0.00015430962423002592,4683
0.037714362,0.007591682302480931,4684
0.29125297,0.23227335293972312,4685
0.3866039,0.09447255708022909,4686
0.4024629,0.07369301182971025,4687
0.82835686,0.007868836721354397,4688
0.6414025,0.2140886533981105,4689
0.3703758,9.231359799458832e-06,4690
0.42787883,0.003638157647835357,4691
0.28031433,0.06124441802888607,4692
0.007103145,0.018097010416868238,4693
0.66998386,0.04329248740674688,4694
0.5848889,0.008994330846539689,4695
0.051415294,0.2534986823370287,4696
0.50023186,0.359862216637805,4697
0.36889952,0.5866021415303133,4698
0.5067043,0.3904000618540985,4699
0.77785593,0.028891630704855262,4700
0.60779476,0.02048163926154488,4701
0.52920854,0.06877710790765042,4702
0.6490738,0.05519067119346111,4703
0.6320405,0.5504296276611023,4704
0.7475033,0.20673356228268805,4705
0.55001634,0.042862802998539645,4706
0.5570792,0.06491326596315884,4707
0.8155198,0.05794067968544331,4708
0.43226606,0.01720818225056726,4709
0.60147023,0.040511756852701204,4710
0.629031,2.084923966856685e-06,4711
0.3966285,0.026677878160301434,4712
0.22622383,0.09094341827396261,4713
0.57489276,0.002926837294278841,4714
0.2780512,0.3494287168805938,4715
0.44492272,0.0004689334308397759,4716
0.1750162,0.44410380838818986,4717
0.79025567,0.008950309646920387,4718
0.5554483,0.011191295467398596,4719
0.47192025,0.05102075863342033,4720
0.38690862,0.0021491190300082833,4721
0.712814,0.010407494709584766,4722
0.68021125,0.36639543719038387,4723
0.83191025,0.0775103025478399,4724
0.62606573,0.20181881600340995,4725
0.35614774,0.8000316125322907,4726
0.45856383,0.20039206336536045,4727
0.29522857,0.061535315596310564,4728
0.3835237,0.08212977501766097,4729
0.48875874,0.0005379743165615203,4730
0.6703441,0.43625557040626467,4731
0.21064869,0.09246406280767314,4732
0.7297429,0.034143856842365414,4733
0.7917086,0.04478024916414883,4734
0.6392481,0.050147636704585934,4735
0.44882843,0.040590287448661784,4736
0.9065732,0.04609832588792157,4737
0.011134654,0.029919933729315305,4738
0.2936484,0.01214786699224825,4739
0.80636966,0.017507759081548915,4740
0.50433576,0.1395701144459874,4741
0.087756485,0.19820553873419972,4742
0.4900785,0.0013217519292137551,4743
0.46452957,0.0517393579171018,4744
0.23530382,0.018021546714165615,4745
0.75429916,0.16175919182788334,4746
0.38482967,0.005769739627727365,4747
0.83171093,0.21223315444388005,4748
0.37906015,0.03446892889896107,4749
0.56352955,0.007497192795304997,4750
0.7682215,0.14081230544182055,4751
0.9777874,0.04344523692902962,4752
0.5769786,0.024024104593765826,4753
0.4981084,0.10833879759263937,4754
0.68271077,0.3572621981635061,4755
0.28589785,0.010488181147111557,4756
0.85223544,0.09585922302888718,4757
0.34157202,0.0034495781442270973,4758
0.6857501,0.3587149633874246,4759
0.48422867,0.0011878751758094567,4760
0.60207975,0.5796024617090663,4761
0.6645297,0.03118741555293621,4762
0.28789294,0.1671911510587444,4763
0.5673013,0.015275220847843132,4764
0.7087295,0.04846089868295196,4765
0.8732016,0.18613952318593557,4766
0.4856691,0.09517553651140877,4767
0.54622436,0.01139048437026631,4768
0.7549341,0.46134010653214097,4769
0.6463034,0.02287076030777033,4770
0.5180458,0.3294368572333852,4771
0.66771734,0.07545188459915061,4772
0.9003224,0.47535141809685755,4773
0.5828976,0.2564202719018261,4774
0.81270325,0.0009593650358793355,4775
0.47240585,0.20964579335980116,4776
0.40539938,0.06503044060041063,4777
0.6068044,0.036398509023382125,4778
0.094528556,0.011601609642594742,4779
0.46502227,0.2529957465962487,4780
0.6369287,0.039087803078131284,4781
0.5710234,0.0011985545525356603,4782
0.8287355,0.12569017582171083,4783
0.68956804,0.5649169874507299,4784
0.4120857,0.15577639491376666,4785
0.8427559,0.00013505037830411644,4786
0.45676666,0.14861964885772622,4787
0.84365666,0.33421954397651904,4788
0.056467593,0.00021142332244613804,4789
0.4311359,0.24879886055006187,4790
0.24582589,0.02544328099014795,4791
0.4969576,0.013071413546563219,4792
0.35239738,0.0423836185879199,4793
0.87214476,0.5048153437314354,4794
0.30901653,0.01581915093573137,4795
0.006537318,0.04239101302495242,4796
0.20635045,0.0308358992712143,4797
0.46693438,0.004967876601133141,4798
0.2436373,0.3489763273355568,4799
0.5427719,0.08683366724618065,4800
0.16396573,0.26133945891386684,4801
0.70118845,0.007405965318972011,4802
0.74157804,0.3711269805368364,4803
0.61865634,0.23186997965571096,4804
0.32921046,1.3390336076279894e-06,4805
0.5613616,0.007346140701184284,4806
0.29218322,0.09709925758120705,4807
0.69092155,0.40767982530476937,4808
0.1854837,0.01461336117926112,4809
0.39120054,0.2094550581407109,4810
0.5752402,0.0033183917369980775,4811
0.1487771,0.27725566750575936,4812
0.85849947,0.002019970423568087,4813
0.5141282,0.021928636861948743,4814
0.30371815,0.001273479349432831,4815
0.57012933,0.04378467557335181,4816
0.24958962,0.14373373097896847,4817
0.6768837,0.001994531544851689,4818
0.6135238,0.10624964276259942,4819
0.6990246,0.11053743240731431,4820
0.17213017,0.018415446551370656,4821
0.49011806,0.0888561941833019,4822
0.37446743,0.43426618773762454,4823
0.32005608,0.2775427320309687,4824
0.5359065,0.4314736303539496,4825
0.38003656,0.6494665048158412,4826
0.40998483,0.15687188241835504,4827
0.1126872,0.36751502722982204,4828
0.5017071,0.03620776538760912,4829
0.5610283,0.018407587464830115,4830
0.5037422,1.7543847989061002e-06,4831
0.80787134,0.014105318299879132,4832
0.31568962,0.82894764333943,4833
0.5373528,0.4877749838799574,4834
0.6803818,0.010717363983121404,4835
0.043673337,0.29263719828323964,4836
0.27744308,0.3051709455284682,4837
0.6983156,4.166138566640371e-05,4838
0.27276886,0.5269379395917851,4839
0.59050584,0.10647077584669008,4840
0.12526149,0.05553630145116063,4841
0.635562,0.27767202936712115,4842
0.55438083,0.44690084277137243,4843
0.66682506,0.014793414309934175,4844
0.59019035,0.0021004257512806544,4845
0.121265024,0.12506705986214703,4846
0.054621637,0.19647485678123777,4847
0.87145704,0.0302742063286861,4848
0.3427961,0.42154749904092076,4849
0.3820811,0.09779281438061503,4850
0.8871958,0.08846644839139689,4851
0.7381481,0.06708515104288754,4852
0.9931463,0.08458798980480342,4853
0.9146213,0.08533710734195704,4854
0.5882901,0.40492243637829184,4855
0.061777413,0.00878877292167652,4856
0.58532405,0.02013208759246711,4857
0.3478612,0.05061349181621175,4858
0.490816,0.21072085708406513,4859
0.85340947,0.0044556586712262945,4860
0.62052345,0.07850007843701144,4861
0.53714925,0.23995502484640352,4862
0.9119301,0.07608331683189783,4863
0.6537249,0.0001724546118069831,4864
0.47793815,0.013365656557175348,4865
0.57529306,0.25104018457477106,4866
0.82084304,0.051656860399973005,4867
0.32750273,0.0018597761525665799,4868
0.5457953,0.025326968579601674,4869
0.33046216,0.0002469240626528013,4870
0.45497826,0.05210962939466521,4871
0.5998781,0.4604537606965462,4872
0.68337405,0.1666589258008231,4873
0.48824397,0.07148131655540153,4874
0.09071717,0.010617145367631942,4875
0.20794651,0.40657681202727675,4876
0.6163095,0.05696704574938533,4877
0.566356,0.013606929231584302,4878
0.48915485,0.055998831451363404,4879
0.23774189,0.10305838449097966,4880
0.3423885,0.0046995564948076225,4881
0.14392212,0.7943468432177175,4882
0.28219894,0.001751755640421175,4883
0.776466,0.48312465856232056,4884
0.24829078,1.0163247629269557e-07,4885
0.59668154,0.2515639993195155,4886
0.5850249,0.3961883310916609,4887
0.37609679,0.45591218490858737,4888
0.087480366,0.026767675106189673,4889
0.14856097,0.00590822007978428,4890
0.85568106,0.12263320667335041,4891
0.79439616,0.03787555629426868,4892
0.36781368,0.15584811686608133,4893
0.11632985,0.1814068904445983,4894
0.82046306,0.04113911941533555,4895
0.6681896,0.16672336264211435,4896
0.43456522,0.02111297508569157,4897
0.48529774,0.04413291716072932,4898
0.81788194,5.902083369992174e-05,4899
0.7541115,0.07982763758094424,4900
0.8012291,1.9081316555048115e-06,4901
0.15511444,0.006804917249172549,4902
0.5100957,0.03839047393441448,4903
0.31434697,0.1470145165516984,4904
0.047792792,0.013321601743163679,4905
0.61336553,0.0423315286041091,4906
0.38511693,0.00163953969167021,4907
0.51081574,0.559658614085269,4908
0.37910002,0.00026685214615551845,4909
0.2179524,0.04359773061867954,4910
0.47067147,0.1270058189259921,4911
0.42187357,0.001250932988869068,4912
0.56505835,0.0560542236872218,4913
0.1249814,0.052621900027176254,4914
0.6968499,0.0006246892741302915,4915
0.6324588,0.22142579400504359,4916
0.3568349,0.46066262896800586,4917
0.37319124,0.0029151977158421052,4918
0.5270258,0.019035578551713016,4919
0.60166574,0.0037851224827895502,4920
0.5017075,0.10792796891676416,4921
0.61787105,0.20167699720490403,4922
0.20896876,0.07411696246348756,4923
0.71625817,0.09882647031098257,4924
0.5538056,0.31168439146597005,4925
0.49057996,0.7176839910102693,4926
0.99543685,1.1097787101067094e-05,4927
0.27893502,0.0643079027839793,4928
0.3899986,0.0574470071639526,4929
0.31191534,0.6284058656360723,4930
0.34253544,0.033289202116719985,4931
0.621663,0.09695903475992249,4932
0.11845505,0.006734998939379699,4933
0.55576956,0.014328017817930914,4934
0.67453456,0.00773543597324505,4935
0.25245097,0.45431460140381125,4936
0.6089695,0.019790998154911074,4937
0.21435767,0.2616265464876888,4938
0.7648331,0.30697900163098235,4939
0.3404111,0.3862410192514001,4940
0.8222574,0.01156938057143865,4941
0.64735365,0.013651884765475322,4942
0.51108766,0.009582503736858696,4943
0.46188605,0.03238754022901677,4944
0.47185293,0.05559039488792817,4945
0.7855364,0.2648671264876887,4946
0.5750047,3.1863604531640467e-06,4947
0.6034382,0.08783000569393883,4948
0.6265752,0.4848226762957016,4949
0.23492274,0.007139275508255853,4950
0.45466694,0.05515943037036943,4951
0.70591104,0.6938202377891077,4952
0.3289342,0.0006347949432351918,4953
0.9390285,0.01134474164010175,4954
0.2924692,0.9047411901637873,4955
0.6228626,0.16047786811240308,4956
0.67661273,0.6947389003725565,4957
0.37083936,0.10460754309083847,4958
0.75689495,0.1745000790318418,4959
0.2536248,0.11084324731053972,4960
0.44119248,0.18987470912659918,4961
0.8184027,0.009029924362480778,4962
0.3741819,0.04865836314367288,4963
0.48979548,0.07137333557045633,4964
0.46171847,0.01727913506601267,4965
0.1421439,0.003515730644960888,4966
0.27198088,5.218834740163634e-05,4967
0.20533162,2.525037372964609e-06,4968
0.5996747,0.004342933697420502,4969
0.59895235,0.009658311911818884,4970
0.6992456,0.012582646703997079,4971
0.46744367,0.23165925504193374,4972
0.79170704,0.18200885814233397,4973
0.26546037,0.0005261902984410171,4974
0.48438632,0.0043788657833480436,4975
0.6325979,0.12851026535405818,4976
0.47780275,0.08047413445265847,4977
0.40469885,0.007494471767361505,4978
0.6348681,0.026211226489930232,4979
0.33695763,0.19095623758488686,4980
0.55259055,0.03478898921809712,4981
0.3731726,0.03936789445460251,4982
0.70321435,0.15688929586037187,4983
0.39386034,0.007849158167104795,4984
0.8601482,0.09248849171588878,4985
0.521159,0.022883256198359705,4986
0.6767993,0.18559244874033626,4987
0.3420496,0.5049120176583523,4988
0.23975998,0.35561299679006975,4989
0.8391944,0.016282594783655048,4990
0.5452012,0.06273069057513771,4991
0.24837756,0.08207269222013043,4992
0.1358403,0.0032481032374861597,4993
0.42589045,0.04670892017721202,4994
0.37472323,0.1329364605002836,4995
0.8992067,0.008814742413124183,4996
0.37005457,0.08265636435406218,4997
0.3615713,0.1560286842888495,4998
0.5580351,0.000478224723346026,4999
0.8630858,0.0637164889014759,5000
0.60922474,0.001646792703803626,5001
0.35670647,0.1751472568948741,5002
0.7349466,0.009277953910129958,5003
0.9898892,0.0014198514239125593,5004
0.51465166,0.00293577587845427,5005
0.61573493,0.0029705487692321393,5006
0.57104987,0.7432024056481815,5007
0.36837402,0.03182964321541908,5008
0.5702055,0.11316248152395716,5009
0.5494913,0.022212009087976325,5010
0.61079895,0.16779633380606543,5011
0.31476295,0.04954024065939841,5012
0.6789001,0.14979990217031652,5013
0.30815017,0.0052561957401497834,5014
0.6741159,0.0008684370031357247,5015
0.6058931,0.16355750370150404,5016
0.5028597,0.24150381917955738,5017
0.6339062,0.08994306486285826,5018
0.34528136,0.04277373064973608,5019
0.8374671,0.017816386349568565,5020
0.4007197,0.052732070039049575,5021
0.6647163,0.5090019736517024,5022
0.34883836,0.12937882211094245,5023
0.44785893,0.13577988267610958,5024
0.5585143,0.08799606380961614,5025
0.7407611,0.3312129486174331,5026
0.4641484,0.1341448263813067,5027
0.4995174,0.39775402462985576,5028
0.34165645,0.013252336142818386,5029
0.73764086,0.0037183419842297333,5030
0.20567676,0.06363075175092946,5031
0.19014826,0.22096831784248017,5032
0.37255865,0.21205570558970263,5033
0.25276247,0.03373952946028295,5034
0.6321988,0.18386880273246725,5035
0.9955727,0.11338760820871226,5036
0.8231979,0.1979441172191553,5037
0.050556928,0.09499023585620776,5038
0.76416045,0.31066761685378924,5039
0.25759983,0.14649618549514434,5040
0.52807456,0.22978928872209967,5041
0.5221815,0.4906079664803096,5042
0.31585926,0.018055596485060846,5043
0.66920245,0.11607429927549016,5044
0.501869,0.02005691004842265,5045
0.5996812,0.009134003048030487,5046
0.5429432,0.058742479258837306,5047
0.04981774,0.1638110811909308,5048
0.5124006,0.18871400716388817,5049
0.3524067,0.08442394213949699,5050
0.7609627,0.1846008035505204,5051
0.15484318,0.0839835070541606,5052
0.29816753,0.19302745288352358,5053
0.5530685,0.28747428334556246,5054
0.8980115,0.3878180409548604,5055
0.31793487,0.31240646410198697,5056
0.7326637,0.023246578140439934,5057
0.9188968,0.00023740123793374274,5058
0.12782034,0.06194917559483765,5059
0.61065483,0.00632839632732983,5060
0.5091398,0.00044693493674282113,5061
0.37443656,5.127397634638498e-06,5062
0.45677662,0.055766331277166126,5063
0.5197659,0.1662845546141043,5064
0.33749434,0.1287817498473404,5065
0.3009584,0.24636958338395695,5066
0.2753051,1.6351617881265036e-05,5067
0.5548296,0.07386473784399109,5068
0.6292349,0.19467425627793747,5069
0.30073577,0.4097823058106527,5070
0.19215006,0.006656501250362214,5071
0.19101003,0.16066056767555242,5072
0.27866068,0.1070814751335859,5073
0.8603729,0.01703004771965818,5074
0.6404777,0.1271521174573006,5075
0.49863786,0.1647608163612657,5076
0.48072958,0.10121292133591797,5077
0.25183195,0.052578142177938623,5078
0.26778758,0.33713926974885045,5079
0.14867601,4.486921714886971e-06,5080
0.41619068,0.022404776965715262,5081
0.53732985,0.0028774291486577505,5082
0.217855,0.06893715588939454,5083
0.87346125,0.033777393354264496,5084
0.46176893,0.09445976008994342,5085
0.5127967,1.061862008958312e-06,5086
0.34172377,0.16302547834580444,5087
0.76306784,0.5270243535740256,5088
0.19977841,0.28935025969027905,5089
0.55665946,0.051206637705952456,5090
0.35263157,0.2141127418388802,5091
0.3832157,0.003925122890844807,5092
0.6966374,0.11860016272074306,5093
0.41812235,0.2654526322534116,5094
0.5243541,0.7462377806301966,5095
0.72407436,0.151137432667693,5096
0.6885637,6.898918806658887e-05,5097
0.7606859,0.19684577086423508,5098
0.84983814,0.022417716814265888,5099
0.659679,0.0009351084323025743,5100
0.13980553,0.000836109116535203,5101
0.79960346,0.20738547802850718,5102
0.70503294,0.009387998363984977,5103
0.59308535,0.3163121149678054,5104
0.33262318,4.7478578266718955e-05,5105
0.51846296,0.020207112094762215,5106
0.47271016,0.6062322958607398,5107
0.6138599,0.054529282607393,5108
0.77531946,0.17220247759862825,5109
0.43682212,0.11814100963159876,5110
0.32420042,0.11444376984729099,5111
0.523605,0.8530932206141705,5112
0.7634425,0.047074602736021175,5113
0.8152114,0.056620038862698126,5114
0.09405729,0.2981524536598338,5115
0.55683917,0.19091416048459112,5116
0.42578,0.37976709471912407,5117
0.26167545,0.027960211508540733,5118
0.7235921,0.08027759200169166,5119
0.36727127,0.06579150250800297,5120
0.62371665,0.02805612620152778,5121
0.3732419,0.18728026068932047,5122
0.41833916,0.1913089667540851,5123
0.3320758,0.010873619577808755,5124
0.6185139,0.46140323706131425,5125
0.60467607,0.04959204718231591,5126
0.3106386,0.204255975773617,5127
0.75018775,0.00042957561888062363,5128
0.6104771,0.12260445381960285,5129
0.24471748,0.4127981891555938,5130
0.7453492,0.4124625987771974,5131
0.39518207,0.09730802843976107,5132
0.405961,0.027916408879367402,5133
0.48420617,0.08876236893880084,5134
0.5161978,0.0005231305590727404,5135
0.86410046,8.180319289972414e-05,5136
0.42326066,0.20243310134143394,5137
0.60868025,0.015437687593552381,5138
0.62628484,0.0004982007996984656,5139
0.5992396,0.0010408238628448372,5140
0.75885844,0.16672622417056368,5141
0.2533914,0.4599797721566289,5142
0.63797826,0.007031964720912956,5143
0.39894295,0.003111758229854863,5144
0.20796788,0.005291556347934849,5145
0.6252929,0.7921889007319964,5146
0.36523795,0.1373075605975873,5147
0.7183502,0.2555782552615348,5148
0.888185,0.026198594125232164,5149
0.6903001,0.17403231902188698,5150
0.5887394,0.7755048033917207,5151
0.5838878,0.2516767391798849,5152
0.4464316,0.17674447974650404,5153
0.7297266,0.00310641693324304,5154
0.45926106,0.08289404707970677,5155
0.46033055,0.09919178400488958,5156
0.29699707,0.02681491369152961,5157
0.016754389,0.0003508741091166729,5158
0.9285893,0.33907869584480915,5159
0.49387258,3.115375317439944e-07,5160
0.86175025,0.15488557770784062,5161
0.39664572,0.023861218009262827,5162
0.47453168,0.22995297185966485,5163
0.4840093,0.0005534955864401487,5164
0.13685286,0.004793822141672796,5165
0.28625882,0.8940745820753438,5166
0.79509425,0.09526246262762288,5167
0.5659521,0.030842864892389417,5168
0.7210778,0.002693776439730254,5169
0.44640005,0.3212125822113679,5170
0.4800611,0.046813390105329554,5171
0.05719608,0.04911376531385526,5172
0.4489414,0.728380721410526,5173
0.45368767,0.013234749210943635,5174
0.13213241,0.06391958670749187,5175
0.88867104,1.2452341163731902e-05,5176
0.69615495,0.020870204142492133,5177
0.84507096,0.016635537876287583,5178
0.4524028,0.11118655510121614,5179
0.5704306,0.2521687142390088,5180
0.95816934,0.008663091859485843,5181
0.39382496,0.07143709477329467,5182
0.31378824,0.014071993757411685,5183
0.5119377,0.07721177400196615,5184
0.5984546,0.003245341969111255,5185
0.5879994,0.00313407807232387,5186
0.4457838,0.04024013164924178,5187
0.31858745,0.016631540388342535,5188
0.4427446,5.679021503830926e-05,5189
0.14369684,0.2652075991385284,5190
0.50128156,0.17956508686968622,5191
0.752257,0.00012340448431275315,5192
0.84744704,0.24185423722746935,5193
0.31671527,0.4896665048871421,5194
0.5692491,0.16198261042011702,5195
0.47636196,5.279474932263797e-06,5196
0.8494063,0.0035659141957457316,5197
0.13794398,0.1150480166779022,5198
0.74939203,0.0002398593747985272,5199
0.09000164,0.398847778184123,5200
0.92333007,0.0007705627532029944,5201
0.60805887,7.084222130642074e-05,5202
0.48665053,0.5850385498031851,5203
0.8703706,0.04532772169720816,5204
0.50507313,0.08414043138465613,5205
0.5163636,0.0005291573754410371,5206
0.22980511,0.22674617093658442,5207
0.1340869,0.025013862464622224,5208
0.31374246,0.005455345400585917,5209
0.52949995,0.34165454927543165,5210
0.56402296,0.04537277785133001,5211
0.49075142,0.02762709188564936,5212
0.40213603,0.17057414965235293,5213
0.45994538,0.0019174748803450724,5214
0.23871222,0.5433033394824867,5215
0.6704617,0.007561356636263501,5216
0.6731015,0.01789141508796631,5217
0.04453653,0.10070029288322797,5218
0.26922596,0.04931240974720726,5219
0.30411825,0.08774233700739065,5220
0.63259846,0.6997398218515116,5221
0.45150092,0.025037909729854153,5222
0.48768243,0.027994551533328336,5223
0.6276665,0.000513674147784512,5224
0.50364524,0.41740085387414494,5225
0.5899116,0.6181205076632887,5226
0.3424986,0.04191872192194369,5227
0.22900742,0.2370965025786298,5228
0.5671709,0.0804606266016926,5229
0.6367732,0.2233173268810919,5230
0.38666567,0.021770352831125536,5231
0.48182482,0.054666055091323405,5232
0.5222449,0.009991358544860501,5233
0.90397364,0.012634220352561355,5234
0.14699656,9.304116822297822e-05,5235
0.50707364,0.1089776317162498,5236
0.35390908,0.012641517472783501,5237
0.42765707,0.04069413554927056,5238
0.45123965,0.05719799005549889,5239
0.18978575,0.1083206097107132,5240
0.5122976,0.045364070938725354,5241
0.544748,0.32201636510276205,5242
0.24644366,0.10613047175176481,5243
0.7401864,0.001970174111476622,5244
0.85729647,0.7389175997682721,5245
0.3778781,0.02556988633967718,5246
0.2679031,0.11677883381504206,5247
0.20120928,4.1820297604879904e-05,5248
0.7729095,0.022445901421888098,5249
0.17551386,0.3617933564720115,5250
0.23098412,0.14297559147122682,5251
0.49719864,0.2661051762197577,5252
0.5626259,0.001872844688598775,5253
0.29972285,7.965590779164374e-06,5254
0.9494251,0.2944588754019667,5255
0.5201289,0.08597075303276215,5256
0.25123215,0.07101102443066488,5257
0.23259684,0.000692033047883616,5258
0.61122084,0.10393486733983241,5259
0.071354896,0.02463185714759356,5260
0.79473984,0.0640080426972833,5261
0.48215505,0.08974145553576497,5262
0.60774827,0.1895319098586181,5263
0.118144095,0.1512162188145869,5264
0.06707147,0.00960416557815691,5265
0.35959616,0.03168981616099185,5266
0.20501933,0.17879252463231124,5267
0.45474982,0.2588522829051361,5268
0.45749712,0.0009930587306818518,5269
0.118303955,0.051073504179970405,5270
0.73428094,0.08235459207727396,5271
0.7670426,0.006015209163123863,5272
0.2995624,0.3297634475363036,5273
0.5239582,0.010046822587149864,5274
0.62274,0.0057943932654413175,5275
0.41098297,0.0021163247290329873,5276
0.48505342,0.00019198875216687585,5277
0.15456337,0.0561541845222637,5278
0.9801364,0.1510038614228239,5279
0.69149137,0.0006882859456545356,5280
0.8428272,0.337182310322914,5281
0.5861196,0.29018915659656264,5282
0.32380462,0.007819593584583185,5283
0.4478036,0.44646861040746894,5284
0.76745176,0.034246082858347876,5285
0.41935718,0.7661769063610887,5286
0.28207284,0.005430616120570755,5287
0.1976023,0.0003149298417439588,5288
0.78150237,0.04853355987361876,5289
0.56312627,0.2139196412526661,5290
0.23966724,0.22597001584871337,5291
0.17858249,0.04417849264478902,5292
0.5026876,0.0015835571731998017,5293
0.4250066,0.24439690367622208,5294
0.3586254,0.009149108275947858,5295
0.37203258,0.17517378822911336,5296
0.46346062,0.0038248555062555508,5297
0.5742798,0.06596058580455737,5298
0.5934169,0.13496068326657998,5299
0.49884516,0.04484012336785976,5300
0.5247209,0.33907488197255337,5301
0.27033225,0.0008834391684814792,5302
0.54256165,0.04840482631633195,5303
0.78624475,0.3649143557378064,5304
0.6766304,0.025198597853737723,5305
0.6303834,0.005852771315599809,5306
0.4320621,0.12486260800624195,5307
0.43644753,0.003959710027835178,5308
0.61010647,0.12977190474638473,5309
0.5584004,0.02421918343030213,5310
0.7407516,0.16468850491145026,5311
0.75363123,0.00042685243729345527,5312
0.20905817,0.16662111828355122,5313
0.58397704,0.000575188323817411,5314
0.30822986,0.15775996785839655,5315
0.83740735,0.23265377021910447,5316
0.76416254,0.30181532894943935,5317
0.090893745,0.0003513746671981857,5318
0.25908825,0.1559701542759407,5319
0.11064419,0.17504212949845155,5320
0.4373952,0.25046273895224036,5321
0.3480138,0.02275398752506928,5322
0.94100535,0.07350886167822356,5323
0.582907,0.08651333389521208,5324
0.5047871,0.0066929855054565545,5325
0.33459264,0.025760648886674387,5326
0.5414814,0.018429043526027086,5327
0.570902,9.554628119454432e-05,5328
0.5474827,0.0002805400986222077,5329
0.7108472,0.15306026932903444,5330
0.52711874,0.3078262736526002,5331
0.60529643,0.04110699440043439,5332
0.5866461,0.1651405179741905,5333
0.5329281,0.07376780134794937,5334
0.010259062,0.017127162793884505,5335
0.49123475,0.14826631015998074,5336
0.14047143,0.16721041420863422,5337
0.4873047,0.008702941495475737,5338
0.21274397,0.08409365865314611,5339
0.2895868,0.09824647829267201,5340
0.36323124,0.27780064202962707,5341
0.5767399,0.33582230495134074,5342
0.07321283,0.06064747621701894,5343
0.7189894,0.003492400056482402,5344
0.3919465,0.2783408463452715,5345
0.7605262,0.5964487105428694,5346
0.6717684,0.16931179020799028,5347
0.48076692,0.2867367478418526,5348
0.26434743,0.0004026377149448683,5349
0.91932106,0.1536028767111814,5350
0.600238,0.43644680559568,5351
0.463884,0.2737317693162643,5352
0.57360446,0.014862822076843004,5353
0.4989619,0.8265256800549358,5354
0.42140827,0.003391091203278184,5355
0.82381517,0.016470010978219825,5356
0.45320576,0.06046510775887823,5357
0.6108726,0.00795319004469696,5358
0.5273868,0.003988762641398718,5359
0.9516167,0.05061594694926786,5360
0.44714764,0.5601803844872727,5361
0.44997868,0.30376325195816173,5362
0.9429212,0.01709238942505663,5363
0.61888695,0.004192818011743793,5364
0.3008974,0.00013685232489068125,5365
0.20058966,0.12344098735214726,5366
0.67094237,0.800979946428603,5367
0.21602175,0.07208562918842178,5368
0.51512754,0.12434368836252263,5369
0.73406965,0.1504551979658969,5370
0.6028602,0.05846231212220457,5371
0.5500072,0.017744236511622675,5372
0.093762815,0.03525926322340034,5373
0.3616696,0.0001551857317684798,5374
0.5862934,0.003366489534202811,5375
0.2604556,0.049426601635319534,5376
0.39843303,0.16387874343635186,5377
0.6333035,0.026759676627837067,5378
0.57811344,0.9428764470833889,5379
0.38007456,0.5114243265424652,5380
0.27529252,0.4497897628083794,5381
0.39916715,0.33308652017443724,5382
0.26169387,0.3319880781731434,5383
0.31037268,2.9629364021798467e-05,5384
0.42660075,0.16314313825238652,5385
0.70685905,0.28337755145009347,5386
0.579159,0.012074073709351301,5387
0.2907651,0.029917678326897464,5388
0.43902525,0.24767379869319114,5389
0.012331367,0.15263684915744052,5390
0.31356245,0.24763747282640552,5391
0.5789814,0.024115090436055937,5392
0.48207834,0.004069636047862927,5393
0.5977942,3.4348523918227084e-05,5394
0.25744104,0.1408045780892611,5395
0.7807457,7.043678576713037e-07,5396
0.6207196,0.14424533113085386,5397
0.4440962,0.0268292144085923,5398
0.2490263,0.3633447039361047,5399
0.8099021,0.12294700027990445,5400
0.7371311,0.002674520224856445,5401
0.70954466,0.04394413674004349,5402
0.57422346,0.163535062211484,5403
0.7180449,0.12440111070970909,5404
0.38208184,0.08602103316899008,5405
0.31225908,0.0010015638315403381,5406
0.42145902,0.0032163638562934297,5407
0.5184337,0.0003947932375302156,5408
0.5979913,0.4361438536368519,5409
0.56921154,0.20565108403892224,5410
0.70932305,0.17247682405046622,5411
0.50911474,0.6957009723892272,5412
0.38086528,0.0029601403176419583,5413
0.49392352,0.014109514866936195,5414
0.20932007,0.4248641123598043,5415
0.69741863,0.07028676669107531,5416
0.55471075,0.013274802494153396,5417
0.3879415,0.0004086783784984731,5418
0.18029323,0.018969057247517507,5419
0.42822424,0.048696091987284924,5420
0.69424236,0.714799392183668,5421
0.3835231,0.012489568204486587,5422
0.82888836,0.008667737078651804,5423
0.73642564,0.02680576739233122,5424
0.71321714,0.12600941268291685,5425
0.07856098,0.1647516296993427,5426
0.55018246,0.0002933677863107778,5427
0.59456563,0.019280792566501826,5428
0.5094785,0.001826687145441691,5429
0.06420636,0.39468353508600607,5430
0.6437683,0.19440914647473834,5431
0.68691266,0.003946907225804945,5432
0.40305138,0.6868511614430922,5433
0.549626,0.9785374950407655,5434
0.6988458,0.05047793683602087,5435
0.5509765,2.618157444694977e-08,5436
0.3843109,0.18939196322601765,5437
0.7026435,0.3628122110850882,5438
0.52190393,0.08065483470663866,5439
0.2681144,0.32862749648859474,5440
0.18721408,0.017356000964529085,5441
0.18998483,0.24867709773835087,5442
0.4906492,0.14419254765913,5443
0.3028242,0.052787620283718036,5444
0.7711311,0.36563959184643424,5445
0.18788636,0.0035553268928565753,5446
0.8694024,7.737426167954784e-07,5447
0.57615674,0.06043761072937365,5448
0.8720587,0.09925935204191061,5449
0.62458634,0.18861634001106461,5450
0.62726134,0.11967546282454093,5451
0.78077734,0.15342231512302254,5452
0.7982167,0.06551585339339912,5453
0.33678722,0.02162949588448068,5454
0.039620906,0.027945379484646742,5455
0.86411095,0.2179129164899419,5456
0.61410177,0.005491332553853385,5457
0.7982067,0.5257008500145818,5458
0.64139616,0.061990411005533104,5459
0.42640322,0.02940095069218005,5460
0.48471868,0.1544603719798948,5461
0.53983814,0.18147754677158154,5462
0.3165949,0.024399937629806277,5463
0.10975796,0.028003959575764632,5464
0.23407778,5.0215392650685227e-05,5465
0.097171605,0.7372696525661546,5466
0.69687945,0.011346755694689922,5467
0.84240544,0.00418455280813423,5468
0.7046764,0.041870338171328,5469
0.06477547,0.12031539479823727,5470
0.15047854,0.0641511854849673,5471
0.56832,0.0361276041793163,5472
0.1601628,0.11709039463211861,5473
0.28099918,0.14150665031107587,5474
0.7200763,0.6470562485997053,5475
0.69464463,0.03487795661274886,5476
0.09457159,0.23588208508357403,5477
0.20766068,0.30025318765058173,5478
0.5484322,0.6921227704209182,5479
0.34242588,0.5636280139876144,5480
0.5447895,0.004851441854630477,5481
0.7300117,0.27816775286369,5482
0.8635504,0.2553737497188229,5483
0.37074444,0.0034861122551038373,5484
0.28035462,0.06707833153439552,5485
0.76206756,0.18504375590321565,5486
0.6141329,0.017147308871025422,5487
0.40734273,0.15315889241004432,5488
0.35237604,0.050711919698422314,5489
0.19029203,0.05689207611803202,5490
0.5480694,0.14644989708976366,5491
0.9933592,0.000586491076160707,5492
0.5985052,0.10762829815153394,5493
0.07672423,0.9581152783921622,5494
0.60415584,0.4058804584382272,5495
0.03312561,0.07021135583109143,5496
0.19119546,0.08077654218387191,5497
0.51399827,0.007763869934909291,5498
0.081055254,0.42473853435850206,5499
0.5056984,0.0025263717257338384,5500
0.36495888,0.06152497696205334,5501
0.55707693,0.293812964156679,5502
0.361873,0.011038095828349906,5503
0.43862724,0.10134162991411277,5504
0.38071847,0.05418791191432524,5505
0.12232965,0.08917530516742177,5506
0.4956372,0.024558471947793876,5507
0.75981605,0.4749516282198234,5508
0.33188668,0.2060704232691191,5509
0.59471774,0.2941690693554035,5510
0.8075674,0.0005498348732416373,5511
0.5593315,0.06814396211417169,5512
0.5918593,0.2506232422260841,5513
0.8425733,0.08712200449670038,5514
0.23787239,0.01754945724974244,5515
0.8699868,0.030198253088919193,5516
0.020359308,0.01148528274315207,5517
0.80412596,0.5289084848368806,5518
0.20913324,0.004873995071427878,5519
0.62615776,0.049417467489490795,5520
0.6448657,0.06846011368812623,5521
0.48282486,0.1259495693606252,5522
0.6128459,0.050908171193049384,5523
0.3004083,0.00875414754125481,5524
0.6095642,0.3289069890456037,5525
0.52942485,0.015141879477916398,5526
0.43116313,7.340228951212804e-06,5527
0.59670603,0.0025256356607768196,5528
0.09879032,0.10011940750482397,5529
0.51094043,0.02572001632794553,5530
0.27525944,0.14696380439458076,5531
0.45259476,0.4216847200710906,5532
0.44628173,0.03757913996282511,5533
0.44352672,0.07746005603019572,5534
0.24848914,0.13482461736371523,5535
0.08546555,0.037900709459783716,5536
0.88271457,0.1953689023180989,5537
0.83448416,0.013647985866838658,5538
0.71584356,0.18060209954392187,5539
0.07466406,0.28113248169283395,5540
0.64202976,0.05574410444351859,5541
0.23358694,0.0531541023829118,5542
0.28197795,0.3521132807597531,5543
0.2561218,0.00977882595716067,5544
0.3410556,0.10052570724439581,5545
0.7257092,0.002696726434297451,5546
0.32356358,0.09917370708300262,5547
0.37642774,0.10806347858675946,5548
0.8079134,0.09102205593473726,5549
0.4838536,0.17611005394938736,5550
0.38721472,0.18967940325556762,5551
0.27050713,0.07691961052587583,5552
0.38186324,0.18040297083258974,5553
0.49595016,0.009085073531558876,5554
0.1763672,0.024375285102273735,5555
0.8859526,0.13671351839686288,5556
0.35425973,0.42236083512968986,5557
0.31925088,0.14978015473431563,5558
0.37016416,0.01718394248171419,5559
0.47945666,0.11028512364602779,5560
0.6366217,0.12877749578794445,5561
0.49962473,0.0038694019743784453,5562
0.32633686,0.0008088929667931536,5563
0.5773947,0.2557509853955172,5564
0.23150018,0.0004720493220349824,5565
0.31433776,0.436754654697025,5566
0.114762604,0.024855507052352215,5567
0.14548013,0.16725274911378823,5568
0.6669513,0.034325716743587927,5569
0.5314055,0.7618813316205245,5570
0.96703136,0.013895648196080738,5571
0.4505045,0.4179292772509895,5572
0.8746796,0.1546094557961679,5573
0.28783965,0.5107695995160393,5574
0.9276152,0.3451946275362438,5575
0.7190251,0.16057158724099485,5576
0.4794882,0.05490522133147316,5577
0.6596989,0.018129317592640012,5578
0.7539489,0.13988903664550115,5579
0.5097095,0.00030119999987683914,5580
0.4028119,0.17179952434550352,5581
0.56750774,0.09647586821824218,5582
0.52114236,0.2029177101191306,5583
0.67612123,0.0010092483533540857,5584
0.94009626,0.019866600573765412,5585
0.29005992,0.5156415094825484,5586
0.71593946,0.19664440671525024,5587
0.79774725,0.22559267571615502,5588
0.7162746,0.1145335389510192,5589
0.61737484,5.654915583136935e-05,5590
0.33471835,2.4987668402379665e-05,5591
0.5330896,0.042815814546707125,5592
0.4640471,0.3100915988854215,5593
0.41539776,0.0001097494665639226,5594
0.5484039,0.20986031362502874,5595
0.4027372,0.1889291313896848,5596
0.6753187,0.005190627042217877,5597
0.45566744,0.16174605675920264,5598
0.4241404,0.1776341837146931,5599
0.19125211,0.19281112693888228,5600
0.53128254,0.0037485271463644602,5601
0.0068882704,0.21881991038054854,5602
0.45380732,0.4449507321769436,5603
0.47569355,0.005929343848026257,5604
0.42649361,0.38935569876819803,5605
0.357145,0.3467420800495633,5606
0.7401998,0.06355946581785359,5607
0.20984006,0.38403894878703604,5608
0.5748498,0.1429002143491791,5609
0.35610408,0.1404838724292175,5610
0.765182,0.21896785293413543,5611
0.46605325,0.009309329098296166,5612
0.8051235,0.21065857661368192,5613
0.48949325,0.18255265461138329,5614
0.33319888,0.017852869710777285,5615
0.6136719,0.05671434059501817,5616
0.4825923,6.79590593955912e-05,5617
0.6621306,0.01269013457410073,5618
0.5888799,0.1728831411745175,5619
0.18182644,0.002591856151064354,5620
0.34887567,0.8389029567942755,5621
0.5481544,0.06410345469903597,5622
0.6449348,0.20640350874716484,5623
0.21823362,3.091553904913086e-06,5624
0.38778138,0.37163750306770443,5625
0.6728764,0.08310330683270538,5626
0.067961365,0.5676485832024715,5627
0.50373214,0.1508070747020427,5628
0.43234304,0.00829789818255943,5629
0.743487,0.8579429826131988,5630
0.48762962,0.018931532813012103,5631
0.13930708,0.03163729988403746,5632
0.19335979,3.5437100526992587e-05,5633
0.33427086,0.026473611729569663,5634
0.42623156,0.13095128620640167,5635
0.32260907,0.10470089630128594,5636
0.23830876,0.05696133289226736,5637
0.41063946,0.024319920091726125,5638
0.044605702,0.3539876745476292,5639
0.1974824,0.3262444836150885,5640
0.51496184,0.29391449874298753,5641
0.8212116,0.006849036843495003,5642
0.41159374,0.012837318526606993,5643
0.7671087,0.0002420574362580394,5644
0.98223627,0.04180636559577777,5645
0.48174626,0.6237893858616116,5646
0.75404227,0.007567924673188335,5647
0.6013187,0.019938042013536314,5648
0.53246987,0.011812409793818346,5649
0.7526274,0.09006369167476799,5650
0.20103955,0.1699605183313079,5651
0.8036025,0.07730645692333904,5652
0.64340997,0.3049273651241936,5653
0.6040829,0.01576307943354919,5654
0.8032674,0.05561761342619764,5655
0.49641225,0.6927761090355745,5656
0.6832465,0.03211476343505237,5657
0.5399881,0.04933433130518465,5658
0.9544525,0.0003223993245811958,5659
0.1676833,0.2789305175416446,5660
0.5840637,0.13253652190761914,5661
0.6183283,2.1294467074203273e-07,5662
0.39778638,0.0013885583842541559,5663
0.82922363,0.6216901587939238,5664
0.6467472,0.02459653593980332,5665
0.7230853,0.16240311988213488,5666
0.6901252,0.050175649380733274,5667
0.16183624,0.8042051223875065,5668
0.48673078,0.10694577553133773,5669
0.98760486,0.25967930229374614,5670
0.48372802,0.012661182392194175,5671
0.60242194,0.05888245535739151,5672
0.22787908,5.5285918477075886e-05,5673
0.44372088,0.060224435314818754,5674
0.35203975,0.10532058782669192,5675
0.47900888,0.0038679947336212536,5676
0.35360572,0.8252297804187823,5677
0.46114004,0.035396872239636556,5678
0.6913539,0.00504037916799573,5679
0.83360386,0.02025105363579124,5680
0.34202075,0.5390246508554313,5681
0.81829596,0.032760188978263716,5682
0.5767284,0.0063553658530988094,5683
0.7317982,0.10192227374532102,5684
0.3422687,0.2828810753172161,5685
0.6107033,0.07561856053675843,5686
0.5449096,0.11532836235092439,5687
0.54200655,0.0009606588461943234,5688
0.6907766,0.14252300145201194,5689
0.14676827,0.16360920149365737,5690
0.81003314,0.01704152628148411,5691
0.4688698,0.0014902439840530734,5692
0.07032865,0.007947197719608261,5693
0.16560009,0.010995523867984223,5694
0.15030566,0.02246024229743137,5695
0.5073997,0.0029431062611773393,5696
0.19496569,0.03812204664379358,5697
0.36261708,0.24059118900848595,5698
0.3469267,0.15435360568340703,5699
0.3338061,0.15057059677253384,5700
0.5827576,0.02125833114995145,5701
0.39857185,0.2482363546705196,5702
0.54921067,0.06962152841548648,5703
0.37492862,0.013212566012472147,5704
0.32543314,0.0015977034542604786,5705
0.5065176,0.046494966353611396,5706
0.58796483,0.022277549157789293,5707
0.5255035,0.23255954032541262,5708
0.38094127,0.013677574563067478,5709
0.23612005,0.022157360292666583,5710
0.3101099,0.24947129116709202,5711
0.27230853,0.20967711502887343,5712
0.4006156,0.5899978919495863,5713
0.8712071,0.013891692374536376,5714
0.48267058,0.04233812623686564,5715
0.6098389,0.13249190735547922,5716
0.9038244,0.21769582229240705,5717
0.09642041,0.4638904874981801,5718
0.55185795,0.061877399596526904,5719
0.44902667,0.0037237641471153326,5720
0.40577102,0.000986059166442585,5721
0.71193916,0.0003836576481090423,5722
0.5726391,0.01111389987947713,5723
0.7851934,0.0030319502103837224,5724
0.5409941,0.26112436365381486,5725
0.09594703,0.00951826839208997,5726
0.11951578,0.02026188375543736,5727
0.5393707,0.05834016432456591,5728
0.876429,0.008913838257589636,5729
0.5780147,0.25511142230163586,5730
0.69086766,0.058343730447672014,5731
0.70955503,0.23968196457681112,5732
0.520527,0.02789024313850169,5733
0.6723715,0.1972213728491222,5734
0.33199498,0.21785794347784454,5735
0.809006,0.6633903852996996,5736
0.67398065,0.02150729396157835,5737
0.05892214,0.23639517575484995,5738
0.013536066,0.0017815338446987837,5739
0.3437075,0.31081139928777446,5740
0.6306318,0.23029930548395613,5741
0.6727914,0.38084609013664794,5742
0.32891273,0.2350735667875968,5743
0.64170265,0.0341435254358854,5744
0.7206131,0.0015818299102106988,5745
0.3065614,0.3357787636431475,5746
0.26369154,0.009145011168449029,5747
0.29192582,0.02267840341032154,5748
0.6569969,0.0941437829526849,5749
0.19302145,0.015020130421686675,5750
0.96977884,0.009989535303567455,5751
0.8473644,0.03630986980921187,5752
0.69482493,0.008382694223308899,5753
0.18847275,0.18242517632122363,5754
0.28357494,0.0010242857673763961,5755
0.103028655,0.2314173300290841,5756
0.9775396,1.2733772213918738e-05,5757
0.31220114,0.012761471663695723,5758
0.68029904,0.0003202324515180658,5759
0.701789,0.0007027619334419441,5760
0.4955283,0.009023392618800646,5761
0.27300113,0.03189896967837863,5762
0.123891115,0.3647964977365281,5763
0.37313437,0.14999524282405158,5764
0.41627997,0.031650599499312905,5765
0.59507066,0.05667853610676347,5766
0.453807,0.03565067058631585,5767
0.655532,0.05879787319511438,5768
0.45109174,0.11180243374007047,5769
0.73240155,0.02339137609028694,5770
0.46158108,0.017104147561404066,5771
0.86969805,0.4082282154641383,5772
0.4939717,0.39607666449342693,5773
0.85850155,0.03142363416094421,5774
0.3070854,0.006560047098046844,5775
0.8468813,0.11741577699123965,5776
0.073620886,0.0006742083153382303,5777
0.75577724,0.07967685827440199,5778
0.31014463,3.690698712859169e-07,5779
0.36872017,3.4431502482555384e-05,5780
0.60607624,0.39221307647793097,5781
0.79399455,0.2010733112148612,5782
0.53357273,0.06463225282251085,5783
0.7739235,0.3531284472647065,5784
0.951264,0.013259913366045293,5785
0.43135768,0.013668117725026265,5786
0.54624015,0.00022006090714452473,5787
0.821652,0.012407444891714501,5788
0.2779291,0.6021929134345217,5789
0.7038688,0.7156087616175457,5790
0.73218656,0.025793226409716718,5791
0.6766004,8.768435222612202e-05,5792
0.81155384,0.0009796668838001372,5793
0.5081235,0.19025093782146257,5794
0.60587317,0.11044632304670715,5795
0.19468468,0.027582705029134735,5796
0.64931357,2.108900425813707e-06,5797
0.27898186,0.23025856803068379,5798
0.27220488,0.02545039003547901,5799
0.6705535,0.0013066491254415825,5800
0.49777746,0.2906296251552384,5801
0.51544034,0.030026408319907293,5802
0.5771374,0.1118816504970703,5803
0.72544104,0.2598440412665034,5804
0.36712536,0.003083644509724693,5805
0.8803009,0.0037788030552555474,5806
0.5736769,0.012504953922684626,5807
0.54943395,0.05550196955125422,5808
0.20995677,0.005110363261696706,5809
0.5218544,0.004848987999868624,5810
0.39880538,0.5181039604126754,5811
0.6581166,0.01739194640810166,5812
0.18502262,0.017706878224015878,5813
0.7051392,0.04072522937510521,5814
0.8465998,0.41735677932325577,5815
0.5015843,0.020201994928150706,5816
0.63133574,0.10494422358238499,5817
0.26174235,0.005469935239075407,5818
0.8259131,0.03407688605528891,5819
0.28568035,0.07337411841214549,5820
0.395449,0.20180833493070363,5821
0.30599922,0.015425902138532576,5822
0.30626035,0.3283208809144648,5823
0.7564038,0.12111214760654655,5824
0.7631017,0.03137345744421025,5825
0.51663685,0.0004748255396174842,5826
0.37713772,0.22194518698625793,5827
0.8602749,0.031017450959567552,5828
0.6936503,0.13814043812761023,5829
0.40542534,0.1062206280031923,5830
0.1019105,0.17053896800227356,5831
0.24665952,0.26300125858878526,5832
0.6121918,0.1635828297957564,5833
0.62642705,0.4402125684950926,5834
0.05332026,0.11280574218892724,5835
0.22682163,0.009715438563564953,5836
0.86966836,0.009446931168565672,5837
0.1270163,0.12577001622173314,5838
0.39755052,0.00955517195216131,5839
0.12724549,0.13563078179237822,5840
0.31347418,0.0008502751735299094,5841
0.5263893,0.0005769232424502868,5842
0.8799309,0.4607863572679272,5843
0.0670411,0.005913597406625371,5844
0.9594228,0.026122330346114574,5845
0.14810869,0.017668088444582244,5846
0.66731447,0.04359121376021261,5847
0.42143828,0.03405473872201384,5848
0.31387544,0.07649474571447608,5849
0.49085256,0.12651183636275845,5850
0.30683866,0.05896989617398447,5851
0.7800756,0.02217756344197891,5852
0.5220423,0.08322581644135998,5853
0.42733622,0.3050415527992095,5854
0.039073795,0.007697100371816355,5855
0.604808,0.04185204650303741,5856
0.26890466,0.37270482079618183,5857
0.8070904,0.005651466845501256,5858
0.5274862,0.03196209195129566,5859
0.43887502,0.13413150942687435,5860
0.592285,0.09845944264682274,5861
0.6600785,0.9414177224876915,5862
0.4823793,0.34932340527931705,5863
0.7846789,0.004456470792361212,5864
0.8188521,0.013655941649063096,5865
0.59312934,0.05518801072829488,5866
0.15764418,0.2183632804168082,5867
0.18641719,0.009566317883079462,5868
0.6329191,0.0020265367787519,5869
0.59279996,0.7839073064646452,5870
0.013217896,0.2839449709830325,5871
0.45632687,0.37199498904051354,5872
0.6483195,0.004661421684438391,5873
0.051849216,0.29494884992722453,5874
0.20920831,0.07112716425918159,5875
0.70957357,0.5490488852162455,5876
0.65574616,0.0009865726932141879,5877
0.57027507,0.030909923218652373,5878
0.04743442,0.04675320411990649,5879
0.9343016,0.7951704575010893,5880
0.7505803,0.36183495479885847,5881
0.57490146,0.00010747647699304376,5882
0.542233,6.919851034651624e-05,5883
0.67227364,0.45363499374557426,5884
0.8178215,0.023645167916112292,5885
0.9172261,0.221958987255236,5886
0.7084824,0.07380047424941906,5887
0.587548,0.040231596160026646,5888
0.5076177,0.4238575122786091,5889
0.34156996,0.5294413081331466,5890
0.68817705,0.11450791206690958,5891
0.8520125,0.05769647160232277,5892
0.38741553,0.004396793080949679,5893
0.44200182,0.5554309848543434,5894
0.30252165,0.260465965916962,5895
0.029382825,0.10075647775608859,5896
0.49973318,0.21368058476587276,5897
0.46457884,0.003916719258208083,5898
0.6617391,0.30818784157239554,5899
0.6749525,0.011722694977850742,5900
0.30723274,0.5006276327339392,5901
0.36057752,0.04557526434975001,5902
0.48766464,0.13026490455439627,5903
0.335605,0.0017766895810590292,5904
0.67793965,1.4494552686361624e-06,5905
0.63445663,0.01868931364642739,5906
0.13878947,0.009672055155052773,5907
0.3029018,0.13826824743685934,5908
0.493453,0.04260255277091267,5909
0.051068485,0.04199639122582915,5910
0.49452454,0.01783309391267039,5911
0.55715495,0.19892161096155364,5912
0.56885344,0.15382792433116993,5913
0.89195573,0.229562429869266,5914
0.4755881,0.011720478209041787,5915
0.21803096,0.1659790021534952,5916
0.7601557,0.024206758789494725,5917
0.26495385,0.0027046690251419717,5918
0.57624704,0.14851729422261925,5919
0.0089354515,0.02801510052291316,5920
0.5649187,0.09295528723035842,5921
0.96184117,0.02887413326486936,5922
0.5321297,0.06611640894446462,5923
0.598767,0.00866482513392378,5924
0.36466247,0.1916724058189233,5925
0.32489556,0.007787949737302305,5926
0.38940257,0.19201914130876954,5927
0.2595804,4.858870435354093e-07,5928
0.21231598,0.15310805764141097,5929
0.31177133,0.15837594238022662,5930
0.6423391,0.008007844788301572,5931
0.64376664,0.0003262205398347006,5932
0.40426075,0.001945723475681848,5933
0.4772519,0.06406206504018128,5934
0.3900239,0.11877449255991496,5935
0.7570679,0.06476597205938071,5936
0.23052466,0.04308578810619191,5937
0.60423553,0.013451117904059307,5938
0.2795873,0.583249711985654,5939
0.11854231,0.0007773976748618413,5940
0.38403144,0.09391573367720685,5941
0.39721578,0.09514359274064718,5942
0.57566446,0.047197837830568384,5943
0.4482714,0.004053877883598551,5944
0.3332885,0.1908755328060104,5945
0.66226476,0.035868490501730556,5946
0.4136916,0.30606734995071067,5947
0.58281994,0.021045826534341467,5948
0.8037591,0.6367486046840474,5949
0.8739742,0.25340729986968097,5950
0.40220755,0.10786127154222518,5951
0.4634075,0.05185522507186689,5952
0.7318338,0.00015681695259143,5953
0.6285769,0.20972388244776824,5954
0.58543354,0.8562352512729049,5955
0.30278775,0.021461195937357822,5956
0.105314314,0.13278252293513518,5957
0.73045677,0.03937948509332533,5958
0.7811315,0.1073064529463378,5959
0.56959283,0.2865419176641432,5960
0.626102,0.6310387884789966,5961
0.7047015,0.21683149145167235,5962
0.19867453,0.0021006854164552233,5963
0.6886416,0.0202794311047018,5964
0.6636324,0.0031589330652886413,5965
0.19143659,0.27071156402679936,5966
0.3710968,0.07052755650522365,5967
0.027452618,0.16793507929396523,5968
0.35977983,0.023505954421264044,5969
0.5039778,0.0001529259350354313,5970
0.6020442,0.006557480998630463,5971
0.48836696,0.8231966817725547,5972
0.7134093,0.10434628484401161,5973
0.71372443,0.0005179370579722015,5974
0.4166941,0.09110714941811952,5975
0.31573084,0.14554283433763843,5976
0.46276903,0.02298314739661232,5977
0.16426656,0.42002858387541203,5978
0.30698797,0.009055110462048117,5979
0.4927854,0.013366860901361497,5980
0.410294,0.3553586754266673,5981
0.6278133,0.13228228614504145,5982
0.08756149,0.00036530719759557764,5983
0.7002767,0.002988826150216534,5984
0.6293522,0.05057339547583153,5985
0.36521953,0.006735007347224886,5986
0.8453969,0.6259966065795612,5987
0.31565934,0.04755800730560714,5988
0.44984502,7.544670611260735e-05,5989
0.20727575,0.1974500850678162,5990
0.40058887,0.17917219013579086,5991
0.48665625,8.421497081186193e-09,5992
0.69093734,0.02826332780020797,5993
0.5407892,0.0971454653188657,5994
0.67668164,0.0073422558218100824,5995
0.65480626,0.11191260164871215,5996
0.34216467,0.07227215086951433,5997
0.73122376,0.3841659763744634,5998
0.13601029,0.006361886040044992,5999
0.6791081,0.2959995147232709,6000
0.3531649,0.0138724415220949,6001
0.43776065,0.1733093231675299,6002
0.4756329,0.21643146013457723,6003
0.42163044,0.019662640253665906,6004
0.4553799,0.00263606944052113,6005
0.6952999,0.3392890383237333,6006
0.27550504,0.5253061832317579,6007
0.016644627,0.026977535265930407,6008
0.5749698,0.04183295586732598,6009
0.09286666,0.07540260800140657,6010
0.8366827,0.0045452861519630575,6011
0.76338375,0.007341538229860346,6012
0.49450696,0.0134478599457013,6013
0.35971278,0.48475203254762766,6014
0.51940393,0.012274481594641612,6015
0.45809546,0.49927303230656744,6016
0.35731378,0.0006069037119271318,6017
0.337299,0.018415798153836038,6018
0.3699864,0.11339189426899066,6019
0.21479419,0.3796442730417203,6020
0.63383883,0.1227241424356353,6021
0.5534083,0.05746874785253362,6022
0.7167342,0.009368828331493611,6023
0.34569108,0.22325908877069633,6024
0.26350057,0.06910924407463574,6025
0.52613646,0.07510598423879683,6026
0.21111178,3.646490195971364e-05,6027
0.30884328,0.013324673100509554,6028
0.56456494,0.0037772425986616134,6029
0.5950903,0.24016696647945912,6030
0.6161998,0.03243974832755528,6031
0.25868803,0.06130508209979949,6032
0.07672277,0.01806000658764747,6033
0.44710025,0.7190580675318784,6034
0.25033617,0.8699135412694832,6035
0.5616641,0.2926647089141788,6036
0.71501553,0.018311213541448778,6037
0.8317599,0.03921641933010755,6038
0.3559141,0.012882095180209937,6039
0.5607778,0.043410579996582835,6040
0.5580572,0.07799475834673468,6041
0.2554593,0.03711275244092065,6042
0.6960547,0.535729272815625,6043
0.5714795,0.11250694288212804,6044
0.28181666,0.26694817977491975,6045
0.19665626,0.0017936447246320042,6046
0.29107755,0.0221231491951016,6047
0.7612304,0.30623632628666025,6048
0.4119711,0.922022932275134,6049
0.9976104,0.5475925768244869,6050
0.29507414,0.2969858370036861,6051
0.512865,0.06525947814953233,6052
0.39162412,0.001966853058370495,6053
0.48747888,2.166523779050283e-05,6054
0.6499467,0.34758099562244243,6055
0.8018732,0.3514489654763417,6056
0.86583996,0.0009273530425540767,6057
0.11948156,0.4638307199321005,6058
0.7414783,0.00025704911566993844,6059
0.17076722,0.23241122619309976,6060
0.680024,0.829536038820801,6061
0.45440933,0.06145766044652571,6062
0.8340312,0.028686996406265576,6063
0.32804942,0.02741585905354274,6064
0.85635376,0.20783021538940283,6065
0.2422052,0.07608666715027115,6066
0.7185824,7.27728460728395e-08,6067
0.438088,0.6394042770221542,6068
0.62921286,0.004855073953171816,6069
0.6479856,0.3645727244913007,6070
0.43466365,0.053893921394702664,6071
0.96030337,0.02275237426765687,6072
0.38423383,0.00146912080950783,6073
0.65427256,0.08289172664905607,6074
0.52882135,0.12003455957576763,6075
0.2837054,0.08297120149926655,6076
0.30619967,0.2550006959217898,6077
0.57341,0.050421302426248246,6078
0.62372595,0.0009726076375522264,6079
0.8063781,7.188274288592651e-05,6080
0.501843,0.0035263277495372154,6081
0.7413274,5.4968725614889395e-05,6082
0.394701,0.0008934248172306369,6083
0.64291227,0.15072706430605115,6084
0.23563668,0.06592183593776504,6085
0.43526143,0.010718519527509901,6086
0.82847106,0.5372489317257229,6087
0.4526803,0.0016681618114562401,6088
0.7721019,0.03329754574200005,6089
0.7563543,0.3555414173781562,6090
0.50030816,0.006781102101875893,6091
0.2081154,0.03423659379936831,6092
0.17297885,0.028815476780134224,6093
0.3100211,0.14478174148987583,6094
0.18822202,1.0697832809877298e-05,6095
0.98613095,0.018600359273641065,6096
0.75878483,0.01155280814738826,6097
0.26772994,0.4682097641460207,6098
0.14705789,0.3874931174983669,6099
0.45438743,0.3008679389883281,6100
0.46561635,0.1861891205382759,6101
0.41558248,0.14090758077762114,6102
0.43555275,0.09687894016668504,6103
0.41089296,0.23259291679288135,6104
0.5241252,0.4023593393955089,6105
0.37298983,0.07916134384879418,6106
0.6352346,0.2780444901369991,6107
0.5198708,0.004873185892261084,6108
0.6982871,0.00038413694578556546,6109
0.72307855,0.2733948388311457,6110
0.680758,0.04737173435656446,6111
0.14466035,0.06425810666375684,6112
0.4628913,0.020153465373845696,6113
0.61010575,0.020491199411327918,6114
0.76325685,0.9015430651130533,6115
0.41354668,0.04926587095089743,6116
0.57278943,0.011693689542250573,6117
0.6336219,0.008894708699430098,6118
0.47683966,0.412555865977688,6119
0.5305469,0.29925854177071765,6120
0.39613014,0.00026324716619449516,6121
0.8933104,0.009560368286110595,6122
0.95727366,0.23563742409106023,6123
0.3894395,0.2598433470990959,6124
0.48839888,3.707178992632911e-05,6125
0.7889154,0.011785045775549449,6126
0.022469074,0.0031744454704004947,6127
0.16672441,0.03525199859700064,6128
0.61865294,0.023043341814075826,6129
0.5972013,0.002631018026724007,6130
0.37722504,0.24115657165214255,6131
0.23399818,0.25929469618776607,6132
0.3806943,0.7191954719028217,6133
0.49795827,0.0017555405458882915,6134
0.85780764,0.08694722113051963,6135
0.72270536,0.0012201875374413227,6136
0.65897655,0.06823024137506829,6137
0.26199818,0.04763696808268297,6138
0.51385665,0.1970954542763964,6139
0.16063058,0.15921631034196304,6140
0.6879766,0.047236042807331347,6141
0.3737479,0.10551868313929195,6142
0.45056862,0.06822085230932802,6143
0.7251636,0.2538296713902952,6144
0.20955431,0.43088562204435765,6145
0.6620365,0.7541970822801737,6146
0.25247622,0.4397092357531903,6147
0.19188094,0.00911609209017718,6148
0.54047143,0.0003070057275739099,6149
0.7622038,0.03614119886527898,6150
0.6339033,0.7063525969597403,6151
0.54901254,0.18433143005183195,6152
0.43098843,0.08376252624135648,6153
0.37224662,0.03495013209520234,6154
0.37742606,0.1846817940418105,6155
0.87910676,0.18896370499015977,6156
0.5427713,0.10876280860298741,6157
0.68167436,0.03903602858887151,6158
0.4671606,0.005010283151058143,6159
0.43544534,0.12594951895400888,6160
0.71868575,0.12262381944693694,6161
0.2912978,0.18169328884704072,6162
0.88330054,0.6766896656548065,6163
0.12809557,0.0020104699852239206,6164
0.32846016,0.1157180264272387,6165
0.32003337,0.4849337826701797,6166
0.62714106,0.2807959143299629,6167
0.47369343,0.32241984189676115,6168
0.5119397,0.02625890876988635,6169
0.6685121,0.030358026918554486,6170
0.572072,0.16234219562326363,6171
0.24943992,0.009605712688997741,6172
0.5299303,0.09398386613638446,6173
0.8420313,0.00031787384323674544,6174
0.71631485,0.1429995410316802,6175
0.16559944,0.09207895909931063,6176
0.30575225,0.8075557916040931,6177
0.6415639,0.07467745408684859,6178
0.5496787,0.5412910326955341,6179
0.22696444,0.007550187351387665,6180
0.79440856,0.2087818451960969,6181
0.61570925,0.8734241038404579,6182
0.34043777,0.5980949418721411,6183
0.24565089,0.18299265077420315,6184
0.9036227,0.16161991571453474,6185
0.46634093,0.015982507437457247,6186
0.66963327,0.02247596014939046,6187
0.42409694,0.005922410832035615,6188
0.38026655,0.00011400700622219421,6189
0.606137,0.004939296474505509,6190
0.35886848,0.10654100661105802,6191
0.3396923,0.01245957288500092,6192
0.657574,0.028577600993963143,6193
0.40711287,0.0038292265127132298,6194
0.41837665,0.01640280643510343,6195
0.4215271,0.0008388039593660318,6196
0.5062474,0.00649474275565064,6197
0.49213144,4.454804422429028e-06,6198
0.5785881,0.1178705133497715,6199
0.22574937,0.3140057601902726,6200
0.26319313,0.00553771955140322,6201
0.3933249,0.10976584259494213,6202
0.5970656,0.21448986685435834,6203
0.85072565,3.490416080421192e-05,6204
0.70985603,2.3153236350717894e-06,6205
0.34504414,0.010671195023230242,6206
0.53940886,0.06416884442242202,6207
0.5441626,0.05915941126392083,6208
0.6781738,0.00033430534561262686,6209
0.35603026,0.004805423597727277,6210
0.85210687,0.013402282467735244,6211
0.3002139,0.0008773099156569372,6212
0.83785033,0.024954763145236456,6213
0.7848477,0.00010370962114436109,6214
0.24263197,0.004602284010485095,6215
0.2538266,0.10659307979967979,6216
0.73340446,0.41134266604912095,6217
0.19427091,0.035803991777814424,6218
0.4317254,0.08602163908819237,6219
0.39980203,0.24046467380749365,6220
0.15435451,0.09324300200149609,6221
0.8750205,0.09358083055516914,6222
0.6113022,0.03989872691336323,6223
0.56447667,0.017926880534607517,6224
0.6954183,2.4124724672763998e-05,6225
0.7027832,0.10738550473092716,6226
0.41495568,0.4820432166667009,6227
0.5578146,0.8705100745706378,6228
0.61820275,0.055873660608833704,6229
0.6515486,0.4264255568368939,6230
0.4968799,1.7226768650819244e-05,6231
0.5299018,0.013749758255134768,6232
0.46074298,0.2160012357890156,6233
0.50746167,0.008238138622148365,6234
0.32873723,0.0034403143919373405,6235
0.58678854,0.009842925338277513,6236
0.43684158,0.1672521255664396,6237
0.54759985,0.11716868056919806,6238
0.435523,0.11263927774289959,6239
0.7028623,0.5874260644659456,6240
0.5572578,0.1055920637570066,6241
0.9308723,0.57054626000702,6242
0.6643418,0.0932887924087449,6243
0.42071286,0.1658785256855262,6244
0.12313032,0.002209529020462933,6245
0.25982904,0.19891735008126116,6246
0.39448345,0.2270192379560868,6247
0.81466115,0.06022678311437175,6248
0.7485209,0.10337971366652915,6249
0.78632,0.11003201723486057,6250
0.7139576,0.06321712879536558,6251
0.13701862,0.053584331825775794,6252
0.6887132,0.009607816035371138,6253
0.37753296,0.09398228782769658,6254
0.07190487,0.03320558316271362,6255
0.9892901,0.015109559474411036,6256
0.9082438,0.0028697976027269863,6257
0.23135477,0.0757891284534247,6258
0.08389351,0.13754401709740607,6259
0.99990386,0.3142966902161446,6260
0.41945148,0.023931476032651257,6261
0.7296447,5.591943212326921e-06,6262
0.27034906,0.593797910552173,6263
0.83099127,0.18173230608804078,6264
0.6736406,1.1407576760786285e-06,6265
0.46613556,0.0013907110975901328,6266
0.19985154,0.058294357016951445,6267
0.28839678,0.14232384683541677,6268
0.38016516,0.1848113939344223,6269
0.45830393,0.03604339482098165,6270
0.7076133,0.18559292064989688,6271
0.255728,0.20804671941268033,6272
0.2603312,0.037513281966923,6273
0.6328503,0.12235473430632016,6274
0.71556264,0.19051247157264223,6275
0.11419681,0.057819280137446756,6276
0.6434331,0.07687793569970955,6277
0.20934,0.00010325292192620601,6278
0.3045264,0.04446147042539052,6279
0.07655692,0.39377397101789,6280
0.13325539,0.13657795025225086,6281
0.5284005,0.0013197284945814505,6282
0.7524803,0.009035711983023912,6283
0.91208756,0.0046710565516946126,6284
0.5090767,0.02392245417046314,6285
0.021350741,0.020690408477372423,6286
0.32055044,0.20606801689093973,6287
0.13592264,0.042774593999868195,6288
0.7868304,0.2477277089570975,6289
0.55880004,0.23815357121301595,6290
0.2297363,0.011319423095665741,6291
0.75253356,8.555538756015696e-07,6292
0.58832824,0.09729232780824501,6293
0.21587259,0.11848268527985031,6294
0.16588718,0.10172952296477332,6295
0.22891587,0.7979051672348118,6296
0.31098327,0.265172797051284,6297
0.7252642,0.028138943353880792,6298
0.17822903,0.005746035467284136,6299
0.2500246,0.41548436747145623,6300
0.34209645,0.13960599521148678,6301
0.489681,0.00035696111263456437,6302
0.099880815,0.01217637587198705,6303
0.7191907,0.007942223617307802,6304
0.14136589,0.3765265565359855,6305
0.52311105,0.14855939357241757,6306
0.5448343,0.06038740780994451,6307
0.019207776,0.11388971545179893,6308
0.16458246,0.041746110417851486,6309
0.5252907,0.005536964562258723,6310
0.8217732,0.24712690671583504,6311
0.7842308,0.0001121064967461589,6312
0.22399399,0.005135733599850267,6313
0.19011208,0.003210234027606781,6314
0.42959073,0.0012205292336502456,6315
0.1997379,0.006739907657107929,6316
0.5520009,8.002034607494726e-05,6317
0.21617928,0.010125214424339214,6318
0.08594945,2.058661001473354e-08,6319
0.71301347,0.10005152805171924,6320
0.5436535,0.17184240951288596,6321
0.5627936,0.014472559383769434,6322
0.5832302,0.2678110247537125,6323
0.44148323,0.3255951354060594,6324
0.2909309,0.0810442329870809,6325
0.40658084,0.13303737420598744,6326
0.22599429,0.18054477373182312,6327
0.6022409,0.06405997027878789,6328
0.9897294,0.1166754675524975,6329
0.42151335,0.0017254616557644835,6330
0.25795108,0.011648058956917886,6331
0.3809902,0.21252002059772399,6332
0.60133135,0.045046291884429136,6333
0.84913373,0.1851934009573531,6334
0.38324466,0.23488833313469176,6335
0.75260746,0.014323412294750827,6336
0.3988248,3.1887705762344823e-06,6337
0.48746687,0.6458763988065399,6338
0.43267018,0.10279973133914967,6339
0.42955446,0.041338067989119716,6340
0.7862035,0.11836245651960761,6341
0.54060036,0.06742215261579065,6342
0.53841925,0.22845042814536218,6343
0.087459385,0.021326546194904466,6344
0.5350005,0.40812387409032946,6345
0.73528,0.8498807037349984,6346
0.5225072,0.12433844644313567,6347
0.34050435,0.0769174166916517,6348
0.41548347,0.006953783112097898,6349
0.48608,0.03943994538041253,6350
0.22702056,0.05072439253931072,6351
0.4143503,5.6701027932562076e-06,6352
0.7988787,0.03077950719777225,6353
0.41533306,0.023769342540916987,6354
0.32177222,0.05854654624455891,6355
0.227817,6.668112335477822e-06,6356
0.26685584,0.024595580839580213,6357
0.74382216,0.021943775835038176,6358
0.3853975,1.6156103050432e-08,6359
0.4250833,0.35418039562003245,6360
0.25250375,0.34396097775271595,6361
0.15784043,0.4350813789951096,6362
0.5905719,0.000586103902432008,6363
0.5361516,0.2586703740312163,6364
0.4788525,0.06062351432011834,6365
0.44563895,0.022214876223914225,6366
0.6839919,0.08836025753671292,6367
0.852768,0.006357604001677136,6368
0.48322022,0.02739308803759594,6369
0.7867073,0.08688569896080248,6370
0.20373252,0.032415771943550595,6371
0.85035694,0.005990133590313258,6372
0.8704105,0.025021413809370625,6373
0.1448577,0.018810209531524093,6374
0.53171587,0.025336392409732435,6375
0.44436887,0.5459407728730186,6376
0.23441437,0.05168528329926343,6377
0.23156387,0.5798185159677015,6378
0.7323288,0.07461667728327197,6379
0.6192843,0.21807744144019758,6380
0.54358923,0.0013056236959205077,6381
0.42768297,0.242429998586005,6382
0.5449585,0.10035300658280674,6383
0.045978516,0.5484423706061827,6384
0.55528706,0.09085607218032597,6385
0.7666327,0.018680144269025874,6386
0.46900508,0.06557465821914482,6387
0.72439235,0.12603538335136652,6388
0.91496706,0.001231706008704565,6389
0.60695714,0.002398846364682465,6390
0.3133515,0.14004228927515608,6391
0.8001412,0.10096317409810718,6392
0.82021624,0.02755386372535607,6393
0.5625132,0.2702210169647624,6394
0.13919654,0.06747980533800804,6395
0.33713588,0.0032283769794526603,6396
0.71435565,0.27181401197007343,6397
0.40321085,0.07130843464999337,6398
0.68281746,0.814498850233731,6399
0.5619114,0.39140794325721684,6400
0.7346376,0.00013488543100014725,6401
0.104073256,0.010053512528751595,6402
0.7249903,0.10190864112307545,6403
0.41612732,3.671760568689874e-07,6404
0.60263467,0.011404123463757304,6405
0.4146012,0.006610355570846092,6406
0.42431968,0.0011103110425594103,6407
0.5514513,0.23401425943196355,6408
0.40114498,0.05645285357775368,6409
0.7060068,0.9127863080141434,6410
0.30022246,0.021288331955126406,6411
0.8436465,0.35891425471604144,6412
0.078781515,0.015329191686253007,6413
0.631847,0.0004541540940647821,6414
0.15003029,0.07835362042861697,6415
0.38733798,0.37942373014501996,6416
0.82224905,0.0254907407941654,6417
0.35177067,0.008118698501802551,6418
0.2743327,0.4434030434461674,6419
0.37473118,0.024921338246584435,6420
0.90074337,0.03719522354740261,6421
0.5155194,0.01891015610695547,6422
0.33808738,0.08863003856944564,6423
0.5070393,0.010240241619069758,6424
0.4742563,0.9769834542562509,6425
0.40807903,0.007071788745459322,6426
0.030619204,0.026362508525674226,6427
0.8637081,0.03609603307754413,6428
0.4933001,0.048651867200423034,6429
0.22798103,0.10529458402481952,6430
0.28422314,0.0017200464703517593,6431
0.49474213,8.427989701660399e-06,6432
0.20765206,0.7839674922263999,6433
0.7656281,0.02982943200351344,6434
0.46582124,0.20111705663146007,6435
0.70498466,0.2886673261928843,6436
0.4090794,0.16347896858994276,6437
0.25837946,0.009903884529763098,6438
0.7842541,0.2152236873462879,6439
0.5199846,0.17206822979975328,6440
0.9986333,0.09624771359183518,6441
0.71045226,0.07136339351121997,6442
0.30561835,0.38010307477454836,6443
0.45023936,0.002653713999574995,6444
0.56798744,0.037061875561090835,6445
0.40154943,0.04012223308296173,6446
0.882599,0.001116305883036087,6447
0.9093926,9.214895801766121e-05,6448
0.4596418,0.38285418024418033,6449
0.50281054,0.11050320267492193,6450
0.43583804,0.010520238995978771,6451
0.020117402,0.06454873771838697,6452
0.6721388,0.08773245917206658,6453
0.37090698,0.00026654439838212987,6454
0.70880896,0.16854597982620922,6455
0.30963516,0.13623113069184253,6456
0.43454674,0.15586934847465553,6457
0.31444746,0.02035007491434154,6458
0.2527907,0.0019252225354686825,6459
0.55752784,0.0492642130220675,6460
0.3467682,0.033334767365298126,6461
0.29048944,0.05224818293330979,6462
0.989262,0.015583578210282438,6463
0.9138705,0.03705023665060895,6464
0.5480649,0.0030396574411274456,6465
0.33243924,0.014081440105203532,6466
0.96535045,0.002780132716460775,6467
0.5281741,0.059828166286983085,6468
0.5768769,0.19221369019284687,6469
0.5303055,0.16415839459676881,6470
0.9000733,0.059955141421047284,6471
0.47297156,0.07288216797837253,6472
0.7261339,0.3270539768121284,6473
0.25688243,9.675640615280207e-08,6474
0.28044546,0.15030135935267983,6475
0.42083883,0.10274663134148158,6476
0.6678214,0.275281077557863,6477
0.30230206,0.02417540382615159,6478
0.40390578,0.030361330294122663,6479
0.56911224,0.0428239163420824,6480
0.5366067,0.003051206362112097,6481
0.28225502,0.08710820327949682,6482
0.61308366,0.03591671762163238,6483
0.25424755,0.012530664087444677,6484
0.58208394,0.0484224206095387,6485
0.3073567,0.04331419190447851,6486
0.2696031,0.04260856716779388,6487
0.49079308,0.10335454816996685,6488
0.5411691,0.13536359291809888,6489
0.30272532,0.3491663488837897,6490
0.28693607,0.34885997068077296,6491
0.20146438,0.5658114375758986,6492
0.3665746,0.03493331067901884,6493
0.63317496,0.004703087993466666,6494
0.2717892,0.021269881487925395,6495
0.75498366,0.22312437936664606,6496
0.5019061,0.0032645955285021317,6497
0.3979235,0.22656008746263223,6498
0.6896403,0.00024327959422544045,6499
0.45441276,0.0020132194906675245,6500
0.42787135,0.7811583536557014,6501
0.86066115,0.11918097783528257,6502
0.9595394,0.038565926495067224,6503
0.5759939,0.05748395880981227,6504
0.31256562,0.02934118047003836,6505
0.30302435,0.4138696655100652,6506
0.6300227,0.058086752422636105,6507
0.26455083,0.04684962081056785,6508
0.64915305,0.17228343376106167,6509
0.8301276,0.00012866434667930642,6510
0.46094874,0.011306157653470589,6511
0.31465074,0.06251001418196908,6512
0.1594812,0.04112939610144137,6513
0.2659775,0.018888092953720993,6514
0.59293914,0.07619047818691262,6515
0.33687636,0.1601526489000899,6516
0.8196051,0.00011452187611557692,6517
0.35877937,0.11050192321292761,6518
0.3996886,0.0005305512148166945,6519
0.55758137,0.04514643147704418,6520
0.5683325,0.03990207929625627,6521
0.23777461,0.3469496185841769,6522
0.62628657,0.11797736021129156,6523
0.44805658,0.011468934456810525,6524
0.69182503,0.00027023689781601845,6525
0.29573944,0.13675217111104201,6526
0.55456173,0.0036547733236197075,6527
0.4094356,0.03332480817617439,6528
0.7585552,0.0086550653167023,6529
0.67952466,0.32403467473876424,6530
0.4824275,0.16084063772883572,6531
0.50443584,0.008008980897136897,6532
0.6395191,0.00014999655488932563,6533
0.243334,0.005729339846368392,6534
0.5408302,0.008942417098783283,6535
0.63117856,1.1912126321909976e-05,6536
0.3815189,0.026943509055894575,6537
0.6065977,0.014392200692765497,6538
0.3841709,0.36565820184690007,6539
0.3538341,0.00022263434685164182,6540
0.42008322,0.12176112146230608,6541
0.30925375,0.0002961812562560721,6542
0.797262,0.04784270188351525,6543
0.44539103,0.06562642312828791,6544
0.683261,0.37582683516388943,6545
0.6236566,0.1396178662438411,6546
0.655289,0.005615188740188233,6547
0.57093585,0.8436138483039783,6548
0.34571946,0.04231720115754477,6549
0.5809174,0.595392595976657,6550
0.9010689,0.10553121959600995,6551
0.14770082,0.07119949944319179,6552
0.50981665,0.08460515573557346,6553
0.63402194,0.03855413215681509,6554
0.38663232,0.7492115946582873,6555
0.8466046,0.03978990534452612,6556
0.7409978,0.32872571263710926,6557
0.12952274,0.006938108431992336,6558
0.23622584,0.08099785225620301,6559
0.84839845,0.001437485342507281,6560
0.51957315,0.0252693776906263,6561
0.30313402,0.46821543203985727,6562
0.32091892,0.1959097800209832,6563
0.04485041,0.05517631125279185,6564
0.6606486,0.04312046472813089,6565
0.32226396,0.002615819090437379,6566
0.8217848,0.029546141227931706,6567
0.24595532,0.08529378756942181,6568
0.33339396,0.017396799691016148,6569
0.47926077,0.16478751535125113,6570
0.7706997,0.051037550837865285,6571
0.34504303,0.2353774839929157,6572
0.42450103,0.08015691581550499,6573
0.21372706,0.00266978325051033,6574
0.24733815,0.10632180613627414,6575
0.51006454,0.032705366613026886,6576
0.69195914,0.2973263898901818,6577
0.797227,0.04746780872652038,6578
0.65988123,0.010613124179404297,6579
0.57474226,0.25566250920182193,6580
0.35118306,0.08735633986156509,6581
0.5064,0.05138751721984062,6582
0.42138615,0.10573602200379141,6583
0.55000085,0.192616887175052,6584
0.26519734,0.13351194342431363,6585
0.30745387,0.16475335602260488,6586
0.48617765,0.024838601624112274,6587
0.6885136,0.030797127430000567,6588
0.54768854,0.011951031169857023,6589
0.45062825,0.20330831870233634,6590
0.47772497,0.030847910002115037,6591
0.36303642,0.0009879530429769572,6592
0.60511625,0.013601420872499576,6593
0.37208736,5.4742671207945085e-05,6594
0.6221125,0.08898209642306182,6595
0.3378525,0.02806986593581694,6596
0.36159605,0.04739853957273089,6597
0.14960718,0.0011041028063033785,6598
0.6008897,0.008270526064043082,6599
0.6041112,0.008345019784267823,6600
0.6392905,0.015836710903095762,6601
0.46385723,0.011502728728254162,6602
0.80823076,0.22796023955908729,6603
0.53523886,0.01328807112593135,6604
0.7194115,0.8426683672696075,6605
0.27867144,0.0031785782317999955,6606
0.8511278,0.0013031175418609978,6607
0.67355126,0.00016200735681894384,6608
0.8510884,0.3500179038014156,6609
0.6118598,0.31219729846872013,6610
0.22371873,0.04306352716260564,6611
0.36802724,0.042028239376053364,6612
0.45234543,0.04820472498051188,6613
0.15844417,0.061483076130082415,6614
0.13581508,0.1583497271210553,6615
0.23122156,0.3093298318340647,6616
0.64723164,0.3021350552369877,6617
0.6116967,0.01679962239469743,6618
0.7263815,0.07044119351311298,6619
0.90959716,0.10740719794881072,6620
0.3760368,0.07516360287726895,6621
0.9982681,5.338343383911592e-06,6622
0.76858604,0.016896421374770532,6623
0.53268754,0.09649180014549243,6624
0.4166983,0.12690212146876872,6625
0.50984895,0.04333721799830481,6626
0.54448825,0.45746132607260154,6627
0.25628722,0.9729400259162253,6628
0.5293849,0.4502582139784334,6629
0.9833931,0.2661617147690369,6630
0.31746465,0.0009965564069543415,6631
0.44022286,0.08917833992282637,6632
0.24166831,0.0006978420402595886,6633
0.607185,0.19234626451312808,6634
0.6697806,0.029229674052312696,6635
0.32257938,0.06527887413012455,6636
0.016236633,0.031323580491765715,6637
0.21259731,0.02968114353116304,6638
0.83375776,0.5081634331047333,6639
0.5656615,0.3293013764075036,6640
0.60472274,0.05415594688245671,6641
0.119802624,0.01736673140705485,6642
0.8807869,0.02147298932560508,6643
0.675515,3.246850722038941e-05,6644
0.69724923,0.498990863557398,6645
0.5468069,0.3924931978703194,6646
0.5475139,0.0003011108848612718,6647
0.116692305,0.11443748376496388,6648
0.4430044,0.05385265076095844,6649
0.46334353,0.0033619484621940916,6650
0.42291346,0.2815987280224385,6651
0.80151737,0.02452902196510389,6652
0.34427777,0.7796059761507689,6653
0.61511546,0.0006189417928332702,6654
0.57202184,0.14446242003887505,6655
0.5174008,2.0960605534994023e-05,6656
0.30831587,0.020431266595340412,6657
0.47969562,0.03396889831556612,6658
0.2055754,0.013085853094506073,6659
0.20054147,0.0033452940463124382,6660
0.6306631,0.5047792195202868,6661
0.50034,0.25359733159025677,6662
0.2481851,0.035002755060075955,6663
0.6026279,0.0008733091266996841,6664
0.33516604,0.49132981908302986,6665
0.3911453,0.16013508520788827,6666
0.59559745,0.1323167524088621,6667
0.5614287,0.13567645320550245,6668
0.087106496,0.1784692983824096,6669
0.0062943995,0.06045002101779597,6670
0.42415637,0.0023661490762304947,6671
0.45635062,0.04562259953149474,6672
0.8199445,0.18060414714680206,6673
0.49671772,0.7134245773502603,6674
0.67577636,0.3047511074549952,6675
0.51101387,0.12802955387005588,6676
0.09596267,6.070344490022602e-07,6677
0.50646293,0.03822168991810396,6678
0.7405147,0.09182002905380901,6679
0.47878668,0.0932271120847786,6680
0.495055,0.024698298334800414,6681
0.35812753,0.006406852624364303,6682
0.67621154,0.09533059019523155,6683
0.8275178,0.057324596776095534,6684
0.27655512,0.16947357741725613,6685
0.3606574,0.07300300593980179,6686
0.59706783,0.054345950081223844,6687
0.7933637,0.10822367633776839,6688
0.5871799,0.677048347246056,6689
0.92976093,0.15987813257383837,6690
0.52499896,3.278157330922476e-06,6691
0.44843015,0.25465719456923164,6692
0.40342462,0.0011150600225026377,6693
0.36920652,0.2798582890541719,6694
0.6458725,0.09742971040806937,6695
0.051549405,0.22926447837458716,6696
0.9066632,0.09454554508059303,6697
0.45910573,0.05911273644559125,6698
0.51045114,0.013546173613221248,6699
0.64769876,0.020206032361973558,6700
0.70293355,0.0009463674673697749,6701
0.82009625,0.010105681897781186,6702
0.33630002,0.11646356973790908,6703
0.49415162,0.0018900190548513053,6704
0.39704826,0.00043499318344387164,6705
0.6590406,0.022329479578100796,6706
0.20173529,0.06407888571125013,6707
0.55836976,0.136522787366899,6708
0.61657155,0.14727518918638283,6709
0.9692224,2.3210572176852027e-09,6710
0.2106956,0.005159307070637595,6711
0.8418229,0.004962961996196935,6712
0.2925976,0.5639723932426813,6713
0.58365756,0.02725336919761372,6714
0.34802726,0.0006420316611635069,6715
0.7779889,0.00858444204995559,6716
0.19275469,0.003993849082091231,6717
0.7168152,0.5710773469536566,6718
0.55354667,0.054114485710936196,6719
0.7479346,0.06684715356154468,6720
0.4149966,0.1689557634698037,6721
0.53467983,0.2041970169834223,6722
0.5889814,0.007072631836495161,6723
0.89594394,0.027560265572748367,6724
0.013635606,0.13119533752745122,6725
0.69116855,1.3087905550933167e-05,6726
0.43277335,0.006054685357496705,6727
0.1434201,0.3638456139212351,6728
0.21653533,0.024280520476469013,6729
0.53817624,0.3627878029456755,6730
0.82878935,0.0006449768940570435,6731
0.4084826,0.01566827593509498,6732
0.4814776,0.014938035296753003,6733
0.35249406,0.06501840594822199,6734
0.8517984,0.09643943032149553,6735
0.5198223,0.687824118527636,6736
0.22052675,0.1638586022108892,6737
0.605215,0.05384036479871599,6738
0.61893165,0.011203667402993764,6739
0.3925288,0.0405439955337057,6740
0.4083299,0.056219256869530464,6741
0.57059497,0.051232101753362604,6742
0.9237796,0.1324490314503714,6743
0.23392135,0.5712126830450182,6744
0.5579592,0.037511168463016116,6745
0.56091166,0.014291869914159946,6746
0.3657031,0.005599103702056501,6747
0.54258454,0.19693244938163978,6748
0.35747474,0.0344427972707042,6749
0.2664101,0.0027337391894802438,6750
0.612156,0.49928407797195207,6751
0.53457814,0.04566796952588021,6752
0.67585784,0.06526477313110941,6753
0.11366904,0.8764799855681642,6754
0.28954166,0.2819954285873063,6755
0.2583409,0.2869050392283141,6756
0.58011436,0.02815513054687013,6757
0.8705423,0.24393488437197122,6758
0.031000763,0.1855223464614807,6759
0.2965234,0.03921766948321884,6760
0.69310445,0.05922358596327431,6761
0.25769672,0.001153242813131392,6762
0.55033904,0.06696938425261323,6763
0.49532038,0.04600580686774817,6764
0.26959014,0.16743926798259545,6765
0.26683477,0.3264425457218284,6766
0.6225268,6.1018957605129217e-05,6767
0.2708668,0.007862331851039836,6768
0.15969792,0.013334503141890934,6769
0.5580222,0.48526513707921237,6770
0.49973726,0.0799069772866101,6771
0.42266154,0.00010614360416107393,6772
0.7137659,0.0576645936537218,6773
0.5360105,0.005916124695525426,6774
0.47236887,0.4093521558670699,6775
0.59338194,0.3166422833380921,6776
0.44876578,0.10248286493693415,6777
0.36784196,0.013538999214553175,6778
0.14617783,0.004461656591246944,6779
0.3831237,0.47880731203499793,6780
0.7236932,0.2930188204469381,6781
0.48095503,0.13869278777921176,6782
0.71180975,0.05279959433021131,6783
0.7716748,0.6141023538345515,6784
0.75060797,0.24110062024583298,6785
0.32719857,0.126747530017787,6786
0.2567707,0.1361567799009132,6787
0.47519475,0.06379353572815033,6788
0.5019285,0.13649585467211686,6789
0.42778197,0.0024517905626419557,6790
0.357741,0.5132333845094453,6791
0.52688265,0.04125725413483596,6792
0.55411595,0.11137838689382992,6793
0.17065981,0.001018463894672439,6794
0.46822873,0.0010745092404864992,6795
0.1629858,0.024757417844167948,6796
0.6055245,0.01326326756874268,6797
0.17093998,0.534731178450255,6798
0.29557797,0.027628045118729534,6799
0.61969554,0.005629889664254154,6800
0.74145544,0.005745878729958062,6801
0.3939034,0.01249678030114608,6802
0.30301774,0.004349178837909793,6803
0.41774076,0.10335167985588078,6804
0.30011833,0.06512985171489073,6805
0.43430126,0.008765736001928854,6806
0.37482318,0.00122686786590465,6807
0.5756393,0.07476887639412223,6808
0.50311965,0.003961364328870334,6809
0.6046118,0.35227983368855764,6810
0.41045195,0.008957221646642139,6811
0.3350544,0.0016667030394702958,6812
0.68721676,0.04477930921019427,6813
0.40874138,0.023142928789710995,6814
0.4769106,0.07232287763154203,6815
0.04151082,0.1783957264953343,6816
0.37262276,0.09059496256112984,6817
0.7731925,0.0947354466712503,6818
0.7766434,0.05318497599803284,6819
0.3936547,0.004990097937633498,6820
0.33037424,0.006032928067095882,6821
0.83430976,0.702741592888908,6822
0.32950467,0.09707553793164675,6823
0.1976141,0.12480567677299145,6824
0.7445203,0.6058453242235058,6825
0.6690959,0.14589585422626358,6826
0.5336175,0.5142141222271643,6827
0.15009755,0.6136859967634339,6828
0.8072735,0.007051200061012105,6829
0.78785735,0.06474840423533067,6830
0.46735394,0.011375155017615182,6831
0.5749351,0.7838632121656041,6832
0.54294026,0.051175359704607536,6833
0.7240662,0.08683698528664671,6834
0.23915073,0.09438414221216374,6835
0.3082084,0.03665370540328064,6836
0.7386569,0.1495890958725486,6837
0.69236034,0.05176208371599229,6838
0.71510684,3.6642901572709197e-06,6839
0.288849,0.0023167121204034436,6840
0.262947,0.06871404995271499,6841
0.6040084,0.05093858529192526,6842
0.50175256,0.0004995398156140457,6843
0.35970795,0.05248312648468677,6844
0.23053336,0.001651394313215463,6845
0.4520724,0.24778949893140764,6846
0.2179713,0.048402661196279104,6847
0.7995145,0.02827755457973266,6848
0.08674958,0.00447565259568657,6849
0.23788384,0.0683336806697226,6850
0.8181936,0.0850585460143468,6851
0.3562865,0.022678243179469395,6852
0.3652917,0.0006344245942361354,6853
0.4548192,0.02188234452475834,6854
0.43205833,0.33340745114839726,6855
0.70803267,0.33157273561305955,6856
0.67456293,0.0022028220037335865,6857
0.5445814,0.022767623325115192,6858
0.38568464,0.04600655290889169,6859
0.22883865,0.09222925675071102,6860
0.6911736,0.31240606559137796,6861
0.5585552,0.024542560934779026,6862
0.5945144,0.14941277272754808,6863
0.17751876,0.007605684926456418,6864
0.83975375,0.4833525258346073,6865
0.95390195,0.12892752784081912,6866
0.24903363,0.020447460556754803,6867
0.07363835,0.097133559235182,6868
0.14410445,0.004394615545545772,6869
0.16712329,0.02604488838448977,6870
0.29072145,0.04859517265088582,6871
0.7129933,0.4566765940356328,6872
0.24084711,0.02078251264842906,6873
0.5749215,0.1665544111714935,6874
0.7970345,0.02623537811387095,6875
0.5890397,0.3667730686205148,6876
0.351661,0.2602793843734399,6877
0.76535153,0.16159098966970506,6878
0.63806325,0.07887281679452378,6879
0.6256801,0.07878293814263825,6880
0.516649,0.0012500411795260404,6881
0.4366411,0.5161127385445012,6882
0.19088271,0.14458922424499415,6883
0.56769836,0.002124044358763688,6884
0.63181895,0.18879334270371026,6885
0.7160342,0.05077020122575351,6886
0.14097148,0.1740634780154266,6887
0.2451832,0.6554655907619757,6888
0.38905537,0.036178880925702116,6889
0.4074061,0.002859622739123878,6890
0.5446525,0.0020404613103367684,6891
0.2225326,0.2355563158075577,6892
0.2655692,0.002894739826048109,6893
0.5970662,0.07953250543173232,6894
0.31137294,0.8479983420336881,6895
0.72741926,0.193324928861306,6896
0.6400212,0.027826123440318644,6897
0.6033131,0.23497506227985135,6898
0.8861658,0.3777520983299446,6899
0.54732084,0.3014079781485332,6900
0.4396537,0.005371414470006079,6901
0.36623272,0.2312903952763458,6902
0.0892435,0.20290826747164434,6903
0.8764866,0.09163699066332046,6904
0.6330236,0.039716898084085336,6905
0.40200317,0.03773934120534696,6906
0.45103425,0.14864327666935803,6907
0.60205483,0.0014911854545707362,6908
0.64650697,0.05780559071883653,6909
0.6991528,0.00621993658986574,6910
0.18838829,0.06761738061205826,6911
0.6771014,0.057171698729461755,6912
0.5161503,0.20525506795275386,6913
0.77247083,0.06964586444122697,6914
0.76367855,0.1659793741437587,6915
0.5073658,0.044992907237842175,6916
0.63148093,0.008819891060104968,6917
0.4613464,0.02298513883912018,6918
0.10036966,0.0685826640527353,6919
0.44983834,0.0066557789791772265,6920
0.4317511,0.03422236390848239,6921
0.40120214,0.2976114163306704,6922
0.5022936,0.3578307060863418,6923
0.093417555,0.002971709316055557,6924
0.29637462,0.010712579991373063,6925
0.33520943,0.005757757549221284,6926
0.61363417,0.007026691890183323,6927
0.22521827,0.00021227026122264608,6928
0.55558366,0.22270268462803983,6929
0.6848271,0.0014890201064062252,6930
0.58530486,0.006025143845313697,6931
0.13708872,0.6262859286723814,6932
0.18191165,0.00939077427349076,6933
0.1591461,0.03192415333777155,6934
0.81842864,0.02832802030261863,6935
0.81106967,0.013213448716195217,6936
0.13970909,0.11282152157847204,6937
0.43846595,0.009901347344128328,6938
0.7685781,0.05069296640474047,6939
0.65415716,0.08901558414604951,6940
0.6592237,0.023586545659832574,6941
0.3602086,0.01133097368851349,6942
0.83173764,0.07236794244920983,6943
0.7724163,0.026035885708945133,6944
0.38417533,0.45651674982221924,6945
0.40611959,0.1112155252743252,6946
0.24548304,0.004684105554614566,6947
0.2045415,0.048611016951139785,6948
0.48808265,0.014325574234867728,6949
0.67936945,0.14832915454580123,6950
0.9463916,0.006865976298689596,6951
0.6112112,0.34132395558116524,6952
0.33700225,2.941249419578761e-07,6953
0.32020152,0.12785374519813125,6954
0.8710557,0.10182218968552333,6955
0.34443104,0.3874921807397784,6956
0.59398776,0.0017337603206524883,6957
0.540545,0.18531606448249902,6958
0.48559693,0.000106538331397824,6959
0.13299304,0.0016366878863902686,6960
0.3521378,0.026848565029737793,6961
0.58969605,0.005299332543997121,6962
0.61365587,0.18284127498419217,6963
0.58476126,0.0061694557183781945,6964
0.5812916,0.08947417166801253,6965
0.5116779,0.23313686797351277,6966
0.38273448,0.000782812460300333,6967
0.2830339,0.6179390314210634,6968
0.9385223,0.012401640363091822,6969
0.33876786,0.06733169315796744,6970
0.45240936,0.004667751730989621,6971
0.5043635,0.030197812671724725,6972
0.5335372,0.05513880946999425,6973
0.39072597,0.00860134843328522,6974
0.7525613,0.45176862442535665,6975
0.30581003,0.02279615116779232,6976
0.86410886,0.16025443811027024,6977
0.44026342,0.2257751174626194,6978
0.4657712,0.150084159873711,6979
0.08885768,0.3733086231094264,6980
0.4739916,0.18101692906987887,6981
0.89453816,0.2261957711917663,6982
0.50935006,0.04952689801164984,6983
0.63125545,0.008455716188928174,6984
0.68151736,0.14590373391641276,6985
0.22928202,0.5397450875560216,6986
0.16919559,0.0003153053926410259,6987
0.51578385,0.0014034828952614233,6988
0.4222768,0.7801174386892548,6989
0.43430015,0.007016016410548042,6990
0.38148442,0.0654119607985793,6991
0.6766823,0.20394018103747624,6992
0.8600949,0.024063191796938985,6993
0.15410471,0.00012232133519439166,6994
0.014729083,8.45039225272003e-07,6995
0.69340473,0.15661714640839927,6996
0.40871617,0.12117941553334165,6997
0.348193,0.3868813077828267,6998
0.11397177,0.04964592542628667,6999
0.68875676,0.42771949460832537,7000
0.3736589,7.951177413685243e-07,7001
0.777714,0.5336426268242724,7002
0.44460267,0.033489817056149916,7003
0.72252065,0.005166505177171696,7004
0.42088905,0.34247205092120553,7005
0.46977684,1.220060929362941e-05,7006
0.56254536,7.213296874376156e-07,7007
0.47937155,0.3477329824566716,7008
0.2901207,0.16516571883303255,7009
0.5082764,0.38446435914747984,7010
0.23107651,0.005469093691259745,7011
0.5759069,0.9610139103532154,7012
0.6757541,0.0028479183067309805,7013
0.4357915,0.6216043639413144,7014
0.05685231,8.415327898324657e-07,7015
0.3180549,0.15003104629464187,7016
0.5147995,0.0001147828723288415,7017
0.43551946,0.5449992124841995,7018
0.78987163,0.046481444161785374,7019
0.76554894,0.033810438778839325,7020
0.78560954,0.1733644688487395,7021
0.32099572,0.033171777587743166,7022
0.18412414,0.06356788657326805,7023
0.50583446,0.12783004249134092,7024
0.30518273,0.0003548205395023016,7025
0.5321581,0.000265634657779299,7026
0.87920344,0.21080733119617526,7027
0.71890044,0.01111457725262051,7028
0.6899374,0.14820587760619616,7029
0.32481486,0.0012138097056013908,7030
0.09658414,0.059740651232863075,7031
0.043002456,0.04983175831523175,7032
0.631887,0.7562939733428962,7033
0.15895322,0.025602221751991193,7034
0.6158943,0.1534514234157476,7035
0.7555374,0.45606604842915627,7036
0.33188486,0.005416366839278659,7037
0.32837072,0.12224300507432698,7038
0.5587667,0.002245939639993805,7039
0.8231617,0.00177704345234274,7040
0.76263154,0.22740134935340575,7041
0.07583821,4.164647745134036e-07,7042
0.19737399,0.03142621442277204,7043
0.22761849,0.1331941089856909,7044
0.29074818,0.013758424133517216,7045
0.20262381,0.265994863650042,7046
0.3185809,0.45539134909521156,7047
0.81880164,0.3186408584543826,7048
0.3916114,0.008786186316506777,7049
0.5303517,0.10763327111712036,7050
0.860397,0.4127059857441273,7051
0.32870448,0.0053166567021920635,7052
0.69870424,0.06083885768108226,7053
0.747738,0.03869227561125635,7054
0.49906275,0.0003414150162267375,7055
0.13006768,0.07725204728001178,7056
0.7418064,0.17300603319858912,7057
0.5256721,0.1572288204167066,7058
0.46362224,0.00021816413453186435,7059
0.40442553,0.3540837516539957,7060
0.5961513,1.1809033119716313e-05,7061
0.36937082,0.23393974580782415,7062
0.16027173,0.1321196690979358,7063
0.7157566,0.2854111413422534,7064
0.15866232,0.1361598260282102,7065
0.59486794,0.077121399881812,7066
0.3073809,0.3070367234912733,7067
0.47261932,0.13361307918438206,7068
0.37787753,0.031792190578793095,7069
0.021294415,0.11856316163539725,7070
0.54583675,0.12338806708735005,7071
0.5709672,0.44757835067928964,7072
0.5129256,0.6119906809282102,7073
0.3315792,0.3297053508563804,7074
0.69344914,0.04084763823719976,7075
0.37854818,0.11914635512922268,7076
0.84063256,0.010225958431476367,7077
0.274911,5.814864782692475e-07,7078
0.62154466,0.014187408604910778,7079
0.43334594,0.1789837580345681,7080
0.54745346,0.0037783797404394638,7081
0.6371459,0.1444551574505955,7082
0.5623822,0.033050293051892984,7083
0.43025392,0.02313977424637836,7084
0.8060438,0.29801125915250737,7085
0.3462388,0.552208430773097,7086
0.3190666,0.013184347475098132,7087
0.9271969,0.11304725503029911,7088
0.27412134,0.41456050495282,7089
0.64030945,0.2762488793704068,7090
0.5743678,0.03294034937724599,7091
0.5334036,0.015135530675644543,7092
0.2835698,0.05722894904529729,7093
0.78817916,0.18376766900880823,7094
0.23986691,0.7723756183621688,7095
0.22819039,0.0002866148928045229,7096
0.44311848,0.21354042259165867,7097
0.13571444,0.04341543253256174,7098
0.8033236,0.04258743015942208,7099
0.40294388,0.09915074579223294,7100
0.60389596,0.06502301084741018,7101
0.64387006,0.002195690095947809,7102
0.3797633,0.0008698285054393873,7103
0.84522665,0.14414173075775627,7104
0.82738507,0.27571081657863983,7105
0.73648727,0.14352941684304327,7106
0.40539515,0.008582472103625373,7107
0.69744253,0.09308130136739483,7108
0.6559851,0.28592138424836777,7109
0.30458313,0.0013837583419052165,7110
0.5683099,0.03305168837699914,7111
0.18800181,0.15378412457413598,7112
0.546245,0.00042535552156067766,7113
0.28716382,0.13212343095973683,7114
0.36435285,0.17323588007915894,7115
0.6868008,0.9878466083240741,7116
0.079281956,0.15048647526013342,7117
0.75231993,0.0025662228278348193,7118
0.54987156,0.19598013719456656,7119
0.3587552,0.19517595339017652,7120
0.6457908,0.03488621222349793,7121
0.50598514,0.12437918800637536,7122
0.63772595,0.16432933529894717,7123
0.7492439,0.17550700959490667,7124
0.7433364,0.0008299633691903158,7125
0.026356578,0.0065329186982019255,7126
0.69452786,0.005301927293677365,7127
0.24063855,0.35183284674191306,7128
0.07639235,0.012308753846571254,7129
0.34034088,0.0077632931307057155,7130
0.87493885,0.00031526082776365784,7131
0.5093963,0.001220533125819905,7132
0.7914653,0.09551733062902375,7133
0.51590234,0.0011596922119976865,7134
0.22251207,0.03040044505142569,7135
0.39863646,0.2631864980514736,7136
0.7081709,2.901257569121054e-06,7137
0.36563712,0.002220524745007555,7138
0.16280428,0.047309644216528036,7139
0.4162444,0.08332616236753514,7140
0.48019174,0.0031397696374893124,7141
0.33061117,0.3720052099583438,7142
0.51051474,0.0004816894107051636,7143
0.3332821,0.018001789110376934,7144
0.9289713,0.10230023004208963,7145
0.39106047,0.3072650356525395,7146
0.87870497,0.1631801074942976,7147
0.22612381,0.17496768483518516,7148
0.35629225,3.302884290911499e-05,7149
0.57443094,0.0296323110675782,7150
0.6016713,0.1424940798428543,7151
0.56387085,0.0013820537135049151,7152
0.33631134,0.06731871029246304,7153
0.5265969,0.1580711369158243,7154
0.3120927,2.1328757293655065e-07,7155
0.7271074,0.18579315887385298,7156
0.44941002,0.056375192315209835,7157
0.102496356,0.10192816586968714,7158
0.56994426,0.0021022544464631286,7159
0.7366987,0.08410095629818186,7160
0.35607594,0.02348484305186817,7161
0.9017298,0.40051652235192514,7162
0.72890294,0.01769002235856525,7163
0.56409085,0.006085000225325402,7164
0.7164735,0.052383305484075354,7165
0.622295,0.02736858250573405,7166
0.42319372,0.04303983296842132,7167
0.6728593,0.013460980129700338,7168
0.21186024,0.019905146218389725,7169
0.848519,0.06654413621348348,7170
0.12556666,0.4961400900407201,7171
0.27335513,0.13683180758820318,7172
0.5514495,0.06280866641729994,7173
0.5779456,0.013625879354520858,7174
0.72973377,0.5591057597664724,7175
0.78001916,0.0815833933972659,7176
0.61758894,0.919469743007441,7177
0.9835783,0.14434301317208553,7178
0.73189664,0.03299835557971719,7179
0.3825896,0.23690902206624986,7180
0.4681016,0.00010921333566425794,7181
0.37752816,0.00652286303692693,7182
0.56454587,0.28306626367408544,7183
0.060338974,0.004298691322256124,7184
0.16087139,0.0211696965923047,7185
0.6133429,0.01793965094291906,7186
0.62315816,6.133618875932497e-05,7187
0.5400385,0.007090517286773668,7188
0.16266447,0.005226013396249448,7189
0.45543128,0.016289388083125595,7190
0.4065238,0.1273864681235792,7191
0.94718355,0.0014282923552339187,7192
0.9658358,0.16802916750785324,7193
0.42225328,0.01971652747328488,7194
0.48794582,0.5281033575750903,7195
0.7112526,0.05101363087904321,7196
0.66604745,0.009420138731870569,7197
0.35911644,0.27788239357294536,7198
0.6792323,0.20721569123512418,7199
0.69842815,0.00365640557778943,7200
0.2530408,0.02925691152084431,7201
0.7036441,0.007872339561128662,7202
0.48382935,1.8974718452642805e-05,7203
0.22754973,0.08549441650457533,7204
0.2653124,0.037579516426938124,7205
0.5125274,0.02891888239853777,7206
0.35170484,0.10282934124905783,7207
0.6515625,0.061553020955657504,7208
0.52162874,0.007510571823621722,7209
0.24839762,0.005494293389184835,7210
0.6906874,0.02471426271387226,7211
0.53851736,0.00478829510837212,7212
0.88410664,0.005772477802491931,7213
0.7907886,0.05342777281440068,7214
0.25373298,0.024245218963379698,7215
0.36715814,0.0765345300310702,7216
0.28308395,0.6273998475528388,7217
0.15820992,0.029275468505642485,7218
0.35460582,0.1403698932602729,7219
0.57936156,0.10377439904651044,7220
0.97919154,0.05048618916013147,7221
0.42975113,0.2877171662063402,7222
0.76903033,0.49806110647500923,7223
0.17423823,0.005438767086669633,7224
0.8919805,0.010752954662887209,7225
0.72665465,0.3239578844368826,7226
0.74328184,0.5137216247583563,7227
0.5288753,0.04390354465968392,7228
0.2514264,0.010590823407050325,7229
0.61694634,0.6206455352322114,7230
0.6392652,0.21653171874811306,7231
0.71247774,0.03012837344960726,7232
0.3995355,0.0023604221844929544,7233
0.16807538,0.04818185694444899,7234
0.41374394,0.03607001754619167,7235
0.56336445,0.8893777540728427,7236
0.44439322,0.3944798496059517,7237
0.40669543,0.08327817720002159,7238
0.8918853,0.01876098936868571,7239
0.7892835,0.09999042366594098,7240
0.2839268,0.006736089222309356,7241
0.19386959,0.2037837226916307,7242
0.5634611,0.12441924032744289,7243
0.6620841,0.014155778071884662,7244
0.39893606,0.8875572340978698,7245
0.46586436,0.02185993067514433,7246
0.6190277,0.254227046969321,7247
0.73237944,0.010156253797658115,7248
0.27470422,0.09420964740774121,7249
0.6679733,0.006719849594328138,7250
0.50351286,0.04152876587501236,7251
0.502672,0.010448944353355971,7252
0.57000446,0.17025966968341122,7253
0.25442818,0.046392591014476736,7254
0.5961301,0.212891079740131,7255
0.68707603,0.09677432051952985,7256
0.751915,0.0009907114305221481,7257
0.28695872,0.044997565725989196,7258
0.61283994,0.8241585215635254,7259
0.80206335,0.11342898308190913,7260
0.26525784,0.0029750198790828883,7261
0.14297858,0.30140303192594237,7262
0.22489402,0.1827085151123953,7263
0.63580567,0.042776085271788875,7264
0.7816618,0.01590474774120152,7265
0.26463118,0.3407604553440849,7266
0.24745622,0.12197400579735716,7267
0.8574666,0.22008023595040468,7268
0.0557172,0.0028522576394729013,7269
0.73756486,0.07750806106750154,7270
0.3313949,0.2021557197713743,7271
0.6689835,4.815197148044788e-05,7272
0.5923892,0.03087533990023237,7273
0.48870486,0.016680077913953272,7274
0.59898204,0.0018118167652103024,7275
0.028624386,0.005180700687776016,7276
0.65701234,0.3641160992904869,7277
0.02577138,0.1391718078867028,7278
0.22575885,0.06934829207937726,7279
0.65644205,0.10887804332103429,7280
0.78851783,0.27680901946383907,7281
0.34541568,1.085169256640887e-05,7282
0.40442044,0.6778313230414923,7283
0.8032909,0.03579128689521436,7284
0.7063167,0.22445719274103273,7285
0.4528652,0.2788706757035078,7286
0.90520597,0.2537129701575837,7287
0.7523016,0.030147222691469067,7288
0.3441186,0.016432571865015944,7289
0.40657583,0.0025769895772986043,7290
0.13996664,0.0020751576994581687,7291
0.44221756,0.0742755538276227,7292
0.33629885,0.28148777850386747,7293
0.33791494,0.4365204235759429,7294
0.18955812,0.010045839053883386,7295
0.51081353,0.1712609631024934,7296
0.5531471,0.26907754504901765,7297
0.28942925,0.06076615210648967,7298
0.805425,0.05714488701415891,7299
0.61805624,0.01886624936895957,7300
0.32870466,0.000412586148327978,7301
0.5173679,0.5312741972927039,7302
0.9419055,0.005174338645987004,7303
0.53420603,0.000196361633583457,7304
0.6443127,0.3000065652844783,7305
0.35480583,0.048807813291379266,7306
0.7970774,0.13287049336504517,7307
0.7424721,0.12300270023432255,7308
0.27292573,0.4657931962334432,7309
0.29785913,0.0008898670107351313,7310
0.43051794,0.4410703096507214,7311
0.5861225,0.06688919557090074,7312
0.41344878,0.040428009062062155,7313
0.26480955,0.0034319853726008927,7314
0.9809643,0.10152658209505414,7315
0.34841472,0.00032404075090299196,7316
0.4842015,0.5103678226457423,7317
0.07403803,0.11594477535883942,7318
0.07341415,0.33566582839446113,7319
0.35612142,0.30144250641757864,7320
0.60603195,0.000705730870773115,7321
0.66505045,0.36915518245485535,7322
0.28750634,0.16406501488497827,7323
0.5020255,0.009145702150325133,7324
0.5513297,0.3632049166651304,7325
0.45182088,0.0008148742824927712,7326
0.61195225,0.348926858671283,7327
0.4056301,0.21404828542925391,7328
0.54968655,0.447569348706119,7329
0.25395018,0.44467387239076983,7330
0.2789659,0.4436857902274051,7331
0.86516523,0.23537216653527596,7332
0.06785458,1.1386744076029617e-06,7333
0.08802125,0.6081224846099529,7334
0.8845935,0.17524629675798517,7335
0.8723645,0.03672910907953301,7336
0.39722574,0.1846237682967692,7337
0.032705903,0.0007312917915023785,7338
0.7130992,0.02043384358158007,7339
0.7025453,0.00026975982521728904,7340
0.56750154,0.000141190106679189,7341
0.46561834,0.00010494820107163495,7342
0.6817175,3.771985946838045e-06,7343
0.12254116,0.17034057205947783,7344
0.4664849,0.4740092329322743,7345
0.7840542,0.24727050455050387,7346
0.33916983,0.4080503479630059,7347
0.84328794,0.042020682236970835,7348
0.5503012,0.38672297333663724,7349
0.7852595,0.0034003796195338732,7350
0.6113268,0.0024487840827320663,7351
0.73653877,0.04524776710704732,7352
0.25875255,0.1281534478160152,7353
0.4224053,0.21052027439589516,7354
0.43030792,0.004370604550462533,7355
0.3749728,0.1151416754300045,7356
0.45971403,0.002516798007397863,7357
0.46893483,0.015903733366516102,7358
0.59750813,0.03960444818945898,7359
0.7469281,0.06422141728671905,7360
0.46212223,0.12244660089684886,7361
0.28781188,0.004641461048291288,7362
0.287224,0.0007840494906380057,7363
0.71120524,0.04458585516811768,7364
0.49149808,0.060246350780285764,7365
0.554505,0.01513130782177773,7366
0.29721454,0.20181709305930987,7367
0.54868984,0.015769858061138273,7368
0.40032858,0.08186034707568629,7369
0.043307543,0.0014811489679425523,7370
0.44076514,0.04592496850533584,7371
0.61585265,0.030152466870247713,7372
0.32896376,0.20518070148890977,7373
0.33658996,0.00019576177448702003,7374
0.7768445,0.012828546259897487,7375
0.54296345,7.671182405013281e-05,7376
0.760923,0.008999000665676795,7377
0.5410344,0.0019004194861939148,7378
0.7417227,0.03130075784979255,7379
0.20566323,0.45765405197989134,7380
0.14417925,0.43510973411943216,7381
0.79965484,0.010333802848865406,7382
0.40368146,0.26406541670227446,7383
0.36685318,0.05514298744843617,7384
0.45489693,0.031664851822246425,7385
0.29564586,0.13409853837845456,7386
0.4337815,0.45730724221269814,7387
0.4929291,0.035131921821260396,7388
0.67969203,0.01773276967538965,7389
0.87135136,0.12085273847235922,7390
0.09508973,0.007744130350432157,7391
0.39889273,0.20394126636126322,7392
0.4083603,0.9232998347888055,7393
0.4765941,0.7361014360536543,7394
0.2138964,0.12271326702039258,7395
0.2491585,0.033418248091960354,7396
0.33196965,0.25840395518649373,7397
0.10737905,0.04846403850062385,7398
0.4805173,0.24902150811524,7399
0.46200714,0.0002350484767477047,7400
0.4668954,0.3977222617652516,7401
0.00052785873,0.7214576495850548,7402
0.8879935,0.114296068495456,7403
0.30445266,0.15683694104473622,7404
0.60225236,0.10737897504496167,7405
0.41380233,8.958429281190976e-06,7406
0.60167766,4.995378955313744e-05,7407
0.1398373,0.050225006499695454,7408
0.6502281,0.178158670963962,7409
0.68578184,0.0013367627493252679,7410
0.6178805,0.14694314974367448,7411
0.64000344,0.07503704968054109,7412
0.50632966,0.26436081198285893,7413
0.7458899,0.01852313441582432,7414
0.3022666,0.0023704017740134764,7415
0.43046084,0.08479789992628364,7416
0.7480626,0.8357572952222578,7417
0.20578787,0.1687930287040802,7418
0.27882284,0.25308659237132947,7419
0.5461452,0.09032058851505391,7420
0.6512268,0.0549127801612009,7421
0.22702086,0.006986269282675656,7422
0.7555082,0.09458315283499995,7423
0.9498613,0.0018111541827297484,7424
0.328265,0.00012624942930285392,7425
0.25420746,0.004024395674343806,7426
0.4843939,0.39484407010207295,7427
0.46049723,0.03852312917380638,7428
0.44142222,0.05394101966213654,7429
0.925748,0.04331318458094303,7430
0.5493288,0.0015658731805250306,7431
0.40519154,0.23126471245496047,7432
0.2197605,0.1709680997229922,7433
0.5662699,1.9474085564430843e-05,7434
0.44829553,0.5855605696556453,7435
0.3613807,0.08448904682672964,7436
0.38027415,0.03739536733099785,7437
0.90356153,0.04709652112409212,7438
0.748158,0.002777730386226561,7439
0.45329756,0.5937579151742159,7440
0.59260625,0.04221811001047573,7441
0.3361929,0.005656756479602916,7442
0.61719954,0.08192943995785032,7443
0.43723324,0.0006295106038034161,7444
0.41571593,0.10501211449189739,7445
0.7343303,0.09713654602441214,7446
0.2647228,3.1528690064836884e-06,7447
0.1533907,0.21865397439636167,7448
0.85144,0.0008608914438228643,7449
0.67942667,0.005698851283130837,7450
0.5120816,0.009531814658195279,7451
0.69903195,0.003384442233316364,7452
0.39046156,0.0649392706288748,7453
0.7580206,0.20387210371794925,7454
0.18989861,0.08053805864848382,7455
0.32791907,0.00044802680351173926,7456
0.72981614,0.11241725694666724,7457
0.4383205,0.05183846460457536,7458
0.93655825,0.399614986384178,7459
0.38800114,0.04664908625222377,7460
0.72958887,0.04698817267537091,7461
0.26980782,0.02091366866826255,7462
0.25354695,0.020320128387753256,7463
0.64439994,0.021237704931206677,7464
0.1749936,0.08497712581522734,7465
0.65217525,0.01039833840526838,7466
0.25905585,0.0008761152198491937,7467
0.2108987,1.7516707441930574e-05,7468
0.447191,0.06733566402090374,7469
0.6044498,0.07893454200855175,7470
0.81168866,0.5635129458253658,7471
0.39837182,0.3277647834258863,7472
0.31191903,0.35648181243400623,7473
0.50590366,0.014040770406998132,7474
0.26024204,0.00025728563494960825,7475
0.26383466,0.2798962700343974,7476
0.69919145,0.5770961275510337,7477
0.6678726,0.0030269627600419857,7478
0.36630315,0.001125161618669646,7479
0.73243684,0.08991581428299439,7480
0.99215394,0.026767438439081713,7481
0.3849363,0.20039891867834358,7482
0.9972921,0.013152326378251514,7483
0.6006901,0.08773599511065555,7484
0.5506463,0.6454896553265148,7485
0.26075983,0.05416744356261329,7486
0.41817182,0.015824591314193975,7487
0.421368,0.4802168829410476,7488
0.6493438,0.04344486257780016,7489
0.44496432,0.08180128963770235,7490
0.64887416,0.0001183278493720176,7491
0.121981025,0.22246773286137042,7492
0.41721633,0.09663461513594689,7493
0.9314581,0.25430729523681633,7494
0.56570464,0.1687380985241643,7495
0.5712206,0.176019005968956,7496
0.5505952,0.08043228365443889,7497
0.6582899,0.0006632842931890455,7498
0.1723131,0.022264670041348283,7499
0.57618433,0.09780277955263504,7500
0.7542359,0.0051615885262382335,7501
0.51226753,0.034745835756051,7502
0.1658661,0.05285614406190153,7503
0.14686555,0.018184390399117584,7504
0.35587102,0.13720449570253343,7505
0.48168612,0.1556486221187852,7506
0.5072847,0.21092499650633803,7507
0.116687745,0.5766468271068954,7508
0.42928416,0.197363023928998,7509
0.76514524,0.2260382405457793,7510
0.55753607,0.01961729795013538,7511
0.44648504,0.13454829205662017,7512
0.47824892,0.02357505376870179,7513
0.47686973,0.24632631515033143,7514
0.86005354,0.4125131574545305,7515
0.5857759,0.10762659573444229,7516
0.16972396,0.0005867970879974862,7517
0.7749538,0.05631483534276686,7518
0.6367297,0.005007845579473411,7519
0.3900087,0.067554553245917,7520
0.4246557,0.24111809375963453,7521
0.50501263,0.030100727804439474,7522
0.4623516,0.11486797383462453,7523
0.27789795,0.3027514283157762,7524
0.95235455,0.21578081624057124,7525
0.34420046,0.08926860092544367,7526
0.43308842,6.54014302427269e-05,7527
0.068908036,0.0845553854714652,7528
0.78911436,0.4832027240829678,7529
0.5701689,0.29117529266222336,7530
0.38349196,0.13727755449845735,7531
0.6386537,0.13226173511417275,7532
0.23116136,0.002313615713836775,7533
0.30231637,0.06580221943012231,7534
0.4669135,0.07620755980777746,7535
0.37076223,0.007296084704479831,7536
0.6374393,0.5717668092150374,7537
0.3284783,0.006834035475057602,7538
0.7928325,0.15376773134935812,7539
0.53811795,0.0001806370687607123,7540
0.23364174,0.3443626090014565,7541
0.6170581,0.11403800538218484,7542
0.44437277,0.002593532656652358,7543
0.8179873,0.38932126748448503,7544
0.21499136,0.23398626460549424,7545
0.4531751,0.015339924012075548,7546
0.12004197,0.2039130493506295,7547
0.9613075,0.04787783234972825,7548
0.60130554,0.0021843700064825855,7549
0.9724686,0.6271266052084931,7550
0.70643264,0.3305046455651776,7551
0.8034693,0.10176646177730164,7552
0.27383965,0.11239716946655232,7553
0.42641252,0.04176638280880691,7554
0.43877658,0.8181153986896574,7555
0.5510782,0.016863517360744717,7556
0.35218823,0.11046034674614581,7557
0.3057505,0.0008877628158942354,7558
0.46577626,0.11925498739889213,7559
0.52806616,0.011818600179310189,7560
0.2549642,0.000968116799907911,7561
0.7812551,0.18741591153714324,7562
0.14175096,0.09022234808555855,7563
0.5928771,0.09376325786133125,7564
0.5374485,0.3589865639369766,7565
0.39911622,0.01467335268574179,7566
0.64055216,0.002467022856616925,7567
0.6055264,0.05919004724336962,7568
0.8639652,0.07264257680926875,7569
0.13861582,0.08687257438849438,7570
0.7738804,0.10688136119264122,7571
0.71450686,0.0057954723952119225,7572
0.7657825,0.0013733254024607408,7573
0.24033284,0.019069862100622375,7574
0.8677014,0.2816345816784907,7575
0.49569565,0.013365492547726709,7576
0.045733333,0.1595249365889919,7577
0.7999494,0.00314387483094569,7578
0.40923285,0.04010714540633639,7579
0.54115576,0.03508444869477273,7580
0.32071567,0.08457789341875838,7581
0.8889653,0.20942782088038042,7582
0.70784,0.00010278775352183123,7583
0.525271,0.0018228277013171968,7584
0.7241861,0.015035526298663764,7585
0.49730846,0.49650466891263456,7586
0.10672259,0.45356923599575255,7587
0.3193959,7.113365371313532e-08,7588
0.45524502,0.12545017909158696,7589
0.41342473,0.020282897092451572,7590
0.6420085,0.006302600610835753,7591
0.7255919,0.06978473076991153,7592
0.42722952,0.0008929111569271435,7593
0.048891097,0.16619690946837395,7594
0.113016814,0.007900259085482112,7595
0.7208425,0.11235839065924012,7596
0.79514635,0.1505186216482383,7597
0.31890982,0.2739278841180025,7598
0.8721952,0.007255052645508695,7599
0.18977112,0.0027132838356158013,7600
0.48841417,0.0667836422265082,7601
0.16493824,0.21551810412094577,7602
0.30583006,0.16737867904012724,7603
0.25198546,0.02847178237738785,7604
0.72462523,0.4151595946878249,7605
0.50965077,0.13917490446471983,7606
0.56394166,0.02268361485913443,7607
0.3882048,0.007199969402826338,7608
0.30671376,0.09349654952703242,7609
0.38154018,0.012011076145113382,7610
0.48475415,0.06497988787491071,7611
0.008105218,0.35041396824571097,7612
0.47680822,0.052805542722310056,7613
0.5523617,0.24429697443806103,7614
0.6387706,0.0030844994465721296,7615
0.5881462,0.39303116749580636,7616
0.70617384,0.006758835912466519,7617
0.011338592,0.16625283200808846,7618
0.65328735,0.13111344704516234,7619
0.5936572,0.1343215283558421,7620
0.2257796,0.01735854913677693,7621
0.61561525,0.02291375305800686,7622
0.87661,0.003868860113497207,7623
0.6566758,5.920583691861426e-05,7624
0.21920201,0.03583703048349405,7625
0.5870188,0.06496951700899033,7626
0.7816551,0.13338776201341215,7627
0.15934703,0.10099742657282759,7628
0.30861545,0.16173474664663137,7629
0.49673307,0.05798478525933776,7630
0.28614652,2.8388710582694255e-05,7631
0.68286884,2.3240763496559067e-05,7632
0.43615878,0.03506973310491331,7633
0.44944078,0.20111361974466122,7634
0.6799034,0.015450498487576115,7635
0.67545336,0.5113778999062328,7636
0.6651774,0.00942411880402392,7637
0.476501,0.013421427420543553,7638
0.72302824,0.0058310978833475075,7639
0.8057387,0.008819071104620248,7640
0.45732394,0.025940022869204743,7641
0.34955117,0.9525270966245539,7642
0.46269417,0.11756955491600574,7643
0.5548593,0.0011456262318440525,7644
0.38156757,0.04094669485615721,7645
0.18956837,0.45864105065388705,7646
0.4968363,0.05495188488381434,7647
0.88170785,0.32651534899313633,7648
0.16986096,0.29799260368511166,7649
0.7894104,0.3681738127038597,7650
0.7025223,0.00015285594692233365,7651
0.30404735,0.03918772655487031,7652
0.39631987,0.25159575915842697,7653
0.5874371,0.0055146957296882205,7654
0.2251049,0.15860237886189685,7655
0.26427877,6.587128424821612e-05,7656
0.5655563,0.2455558628728661,7657
0.57844573,0.2428201006663936,7658
0.5670934,0.18029528817156784,7659
0.22796887,0.9546596272322013,7660
0.15557876,0.24899469848103883,7661
0.6873499,0.2497712882974754,7662
0.3214364,0.40461645520699474,7663
0.51090115,0.24910329507445578,7664
0.5390685,0.000450015767003966,7665
0.17358497,0.11772530468941536,7666
0.45121357,0.0520940811570741,7667
0.47152743,0.06914865126911676,7668
0.94080853,0.08478467545788096,7669
0.07760286,0.16884319951907178,7670
0.75533956,0.026487572221127263,7671
0.19003716,0.021580006438005155,7672
0.3725954,0.03992713839555781,7673
0.7034995,0.002519680533330714,7674
0.86963654,0.002327052979636605,7675
0.87363356,0.0014514558932421204,7676
0.4577354,0.2233273957945034,7677
0.61675286,0.20368553919322493,7678
0.79451823,0.24733379772724912,7679
0.6893094,0.05768882361861661,7680
0.51697224,0.05481710163610228,7681
0.76105654,0.24181403157129974,7682
0.48176888,0.002046351422471224,7683
0.051783353,0.10593071859754148,7684
0.09161353,0.10894964242275787,7685
0.3105377,0.0006964376091017366,7686
0.77777576,0.004855790969077797,7687
0.33785582,0.16454352225113436,7688
0.49624437,0.11531232072251982,7689
0.31654593,0.2420241594104522,7690
0.35333276,0.18271964230423898,7691
0.37151188,0.0011300756884035802,7692
0.81799257,0.30447513711401875,7693
0.44940898,0.0010110957657998665,7694
0.27892333,0.0501914488005666,7695
0.32429853,0.3767610840770925,7696
0.7170049,0.17663220301938848,7697
0.3652391,0.00610611692170429,7698
0.40656888,0.06675514421513028,7699
0.5073714,0.2792104562698076,7700
0.8456038,0.11813385121443026,7701
0.74805605,0.011733052556615227,7702
0.16109726,0.5918545082477321,7703
0.20150179,0.0166584434489724,7704
0.40846774,0.03904309571065649,7705
0.5980649,0.05183658675284114,7706
0.09331459,0.07399163205989269,7707
0.12613726,0.05587331811366142,7708
0.34562963,0.0012483009499418842,7709
0.71806246,0.8346250019886384,7710
0.58947253,0.05926482777770745,7711
0.2634201,0.33424867950968534,7712
0.47844777,0.27265020670879886,7713
0.21685946,0.00018232187152372408,7714
0.57766145,0.037262027263074704,7715
0.48596582,0.28522229110065855,7716
0.6608757,0.3132051469129622,7717
0.89723086,0.00745465847153835,7718
0.6364548,0.0291347994952302,7719
0.23521265,0.1672759463139951,7720
0.18268365,0.07417499387618891,7721
0.32042986,0.016359346513940803,7722
0.45132998,0.11686558873131633,7723
0.657748,0.08206984068944496,7724
0.37620622,0.0661563019665307,7725
0.0741404,0.7439991028999607,7726
0.6583265,0.32784700120256044,7727
0.6849548,0.030539198866065227,7728
0.1330994,0.07270448044800187,7729
0.008471996,0.05693226096992685,7730
0.76550627,0.03450586837652463,7731
0.6267411,0.03724044666407378,7732
0.4032621,0.03141314569804771,7733
0.76223993,0.006258720213934564,7734
0.53436816,0.5773602751620157,7735
0.63304,0.49643613644235735,7736
0.2709853,0.012672646549954654,7737
0.6125805,0.07502529177871821,7738
0.55538964,0.3484700905150823,7739
0.48403135,0.1402008026056558,7740
0.5675209,0.05552533750966558,7741
0.5030826,0.0015713200449844523,7742
0.6427778,0.16799262856053304,7743
0.5242226,0.06216995413192483,7744
0.8647896,0.05339301973676556,7745
0.3796991,0.1274993644542676,7746
0.4248175,0.06510713932684793,7747
0.17715055,0.034047273638820624,7748
0.21708238,0.028729215231895706,7749
0.22060412,0.06476330911057249,7750
0.36198142,0.0009233122556368873,7751
0.5308749,0.1707223392981008,7752
0.37735838,0.007136933506260693,7753
0.53344214,0.007829733048852905,7754
0.6152389,0.022847283009850502,7755
0.5834525,0.26940281041816944,7756
0.8564565,0.12153016112628509,7757
0.52743936,3.698402547472603e-05,7758
0.5433851,0.18799212679956537,7759
0.53545177,0.017960913075625525,7760
0.37837502,0.010528433408068846,7761
0.7852043,0.02703926108881696,7762
0.89326185,0.17042131354771836,7763
0.47152117,0.25625785070478,7764
0.73277164,0.269795035285941,7765
0.44702795,0.035683446541556085,7766
0.37151873,0.1556727286343595,7767
0.5614245,0.0019652870163154256,7768
0.3461287,0.1504167848318222,7769
0.6024874,0.24704034361178312,7770
0.69473976,0.2490986714306872,7771
0.5611832,0.008673783399533338,7772
0.52095616,0.018158548364900093,7773
0.22340572,0.004225760275004442,7774
0.27966636,0.10141817697838272,7775
0.49174267,0.04397889510761801,7776
0.583006,0.001747288056432063,7777
0.4431389,9.937771081246025e-06,7778
0.26598537,0.06764944323278828,7779
0.29422134,0.051071288556894495,7780
0.2375699,0.05924086167292741,7781
0.3262086,0.08505741947164314,7782
0.33562487,0.2561755959131322,7783
0.6848018,0.2870800435963112,7784
0.22066978,0.05150158163676927,7785
0.123043716,0.9279898545776122,7786
0.6359948,0.05025741689245556,7787
0.49836516,0.012983669774287365,7788
0.10431489,0.008568705400342389,7789
0.3329782,0.07161473220449632,7790
0.34058994,0.22799626635495127,7791
0.8477484,0.013717113707486798,7792
0.8187439,5.327141979816066e-05,7793
0.40212452,0.14842303099035783,7794
0.53373086,0.0011636692948667068,7795
0.38200372,0.06049428637376853,7796
0.4505548,0.11857313373177247,7797
0.47584724,0.06314694156377505,7798
0.38663238,2.7022225241545067e-07,7799
0.70325327,0.0004036979772598578,7800
0.07368994,0.10044234924312333,7801
0.7696974,0.22974529597916926,7802
0.51712775,0.1852381640653009,7803
0.3530803,0.31669904761038525,7804
0.2437957,0.0411756870944007,7805
0.37701452,0.2755419435278978,7806
0.1355016,0.04912064328675028,7807
0.8488759,0.00021002162171622133,7808
0.90772825,0.014971967584027999,7809
0.9139795,0.03459605186328902,7810
0.6700909,0.039566224835243434,7811
0.33557838,3.0470025929604612e-05,7812
0.49086937,0.08977257660178964,7813
0.42014563,0.05484614332545879,7814
0.7076582,0.0851556208926388,7815
0.3421371,0.050619279967119075,7816
0.4219158,0.018023434823242084,7817
0.45368063,0.025912479797155497,7818
0.39226502,0.004974313020762763,7819
0.86080563,0.05805706744158368,7820
0.6282198,0.004786472627111922,7821
0.7113616,0.04037306180285341,7822
0.69722444,0.030079179478706718,7823
0.2692889,0.4401651533373076,7824
0.54117024,0.0005541333820188294,7825
0.32864338,0.21283982393079937,7826
0.5923636,0.2976771320619817,7827
0.27589786,0.019951897738105222,7828
0.55648303,0.07073213666102415,7829
0.94093966,0.015239042066451847,7830
0.63215643,0.13475179755245476,7831
0.9314612,0.6153815193315632,7832
0.87166387,0.22072959576134887,7833
0.03122133,0.0016022600691673761,7834
0.688233,0.03947955533917329,7835
0.7431123,2.326100056570435e-05,7836
0.22383896,0.017337226112705353,7837
0.49843866,0.23573815328084222,7838
0.30567715,0.10478983292306579,7839
0.64033335,0.000784479109427484,7840
0.51841134,0.10987782367082606,7841
0.37645605,0.08881150252950475,7842
0.5391199,0.16423865060135034,7843
0.66974986,2.4792165773877852e-09,7844
0.7513015,0.8602690073637282,7845
0.8870584,7.536770128993347e-05,7846
0.19428188,0.005233835556120175,7847
0.5463858,0.06679482470715423,7848
0.26012394,0.019624816213318776,7849
0.31118327,0.031634384725011365,7850
0.60117644,0.00465872353359046,7851
0.20203176,0.003931218781640209,7852
0.92280257,0.41532621275994325,7853
0.62201244,0.594163768474293,7854
0.50988996,0.4193670747530384,7855
0.68627864,0.0030814112801696254,7856
0.12144318,0.2458231886107903,7857
0.22026369,0.0009572827364394258,7858
0.5139761,0.35719609815567366,7859
0.45033768,0.005240904831662435,7860
0.5762462,0.029018073435206574,7861
0.37455487,0.0016720273092496773,7862
0.29424924,0.00518792807777052,7863
0.37439495,0.12115512926609937,7864
0.60681,0.23448091523302186,7865
0.42203766,0.0012683014638835274,7866
0.15619773,0.1550654849426447,7867
0.66190314,0.00630393132527342,7868
0.5188385,7.632434242047633e-05,7869
0.41542467,0.04076161814151342,7870
0.5950835,0.0691389104031849,7871
0.3364219,0.04470662947545498,7872
0.05203733,0.13742241429910662,7873
0.4867892,0.10434072589253458,7874
0.5184345,0.33868127278210225,7875
0.26974332,3.5062119738039766e-05,7876
0.45616627,0.010088135526336776,7877
0.7433001,0.016151289546106385,7878
0.5788368,0.005160316877185132,7879
0.33789194,0.035122404000923695,7880
0.30945683,0.3447029152230265,7881
0.42283586,0.16453015638239102,7882
0.4783826,0.043022353082419536,7883
0.675176,0.024954516150603283,7884
0.8605454,0.11360868498959605,7885
0.22813144,0.01310375775408295,7886
0.74919635,0.05367364650720175,7887
0.6071589,0.13965560808630004,7888
0.59458435,0.008696696609952554,7889
0.39511335,0.09347228392883285,7890
0.22667438,3.922988698798848e-05,7891
0.13443732,0.35757817269357844,7892
0.637788,0.8887010597481095,7893
0.7629179,0.08516133376602343,7894
0.7049187,0.2934154531715167,7895
0.13462418,0.0009468441783775806,7896
0.29378328,0.21556833434287517,7897
0.060438156,0.3299774339976318,7898
0.46755776,0.22718096838672208,7899
0.51732296,0.1047608542597316,7900
0.9894264,0.0023304953903503555,7901
0.61849344,0.008028540257705446,7902
0.39499804,0.004977698888261295,7903
0.5539837,0.3655004877817423,7904
0.6482046,0.0711868483052763,7905
0.087715656,0.11241151739191162,7906
0.54647005,0.06388634468209195,7907
0.58458745,0.03950099281963636,7908
0.88626623,0.06341638067799284,7909
0.6006295,0.08501075288850976,7910
0.23510757,0.13711078233043253,7911
0.45609677,0.0019071295820905503,7912
0.9158299,0.06059412881664525,7913
0.36564147,0.2820537425292224,7914
0.17729431,0.009508906767313908,7915
0.48663726,0.04324294167024939,7916
0.60472035,0.024807990900466367,7917
0.5682308,0.049304152068434776,7918
0.43390477,0.07380027169801254,7919
0.23620903,0.19437578251713708,7920
0.14270738,0.3270993479780317,7921
0.2568072,0.012726041150775205,7922
0.7246263,0.26443447971496975,7923
0.31411988,0.0057189279142632905,7924
0.8148514,0.010341300497555156,7925
0.84985924,0.020953537383245863,7926
0.6156005,0.09941641336318052,7927
0.4483066,0.002563616890139117,7928
0.6908724,0.1183231060676012,7929
0.3019427,0.46867780851572965,7930
0.8648274,0.033111118450449825,7931
0.53828746,1.6428448044066023e-05,7932
0.8354101,0.08531155006804143,7933
0.26198065,0.0487776532467288,7934
0.42624235,0.029655024462618307,7935
0.4780709,0.06636969187960276,7936
0.6493286,0.0006633695348525796,7937
0.43634498,0.055161506347138525,7938
0.24050573,0.20387752902154435,7939
0.34035057,0.0241107720714103,7940
0.36859006,0.4170530570052488,7941
0.47368646,0.06116066061785373,7942
0.44000712,0.27037456530265797,7943
0.604102,0.029976746709639745,7944
0.56588995,0.010836039988684593,7945
0.39578807,0.12141875195770307,7946
0.61995035,0.10532177794642351,7947
0.31899685,0.1410675414359701,7948
0.24203277,0.1135859190316622,7949
0.61098224,0.5098427023710458,7950
0.44905773,0.7423602032070665,7951
0.525979,5.739254030399389e-05,7952
0.64852285,0.031555787255003596,7953
0.8970556,0.38230466934576385,7954
0.31399554,0.06165833032692794,7955
0.66109985,0.14232721685203065,7956
0.59987,0.11851595928203593,7957
0.38780078,0.7847398856556438,7958
0.28151762,0.21957819209301205,7959
0.1723418,0.06707808013388182,7960
0.92976236,5.3905614830409166e-05,7961
0.3452937,0.238540292188259,7962
0.72425795,0.25868170269119095,7963
0.41015863,0.06172104345011608,7964
0.3175341,0.14611457777402714,7965
0.20726377,0.30377915344192913,7966
0.650682,0.03259120977932017,7967
0.669024,0.29703792291771436,7968
0.40176058,0.0023664854488030696,7969
0.34568942,0.014528894120881345,7970
0.40745845,0.04241894020239335,7971
0.45526996,0.1731477407900123,7972
0.23497641,0.09420279589469163,7973
0.6294495,0.15048399824321518,7974
0.21690112,0.020392904798723396,7975
0.45163283,0.006212067019016099,7976
0.53653604,0.0016294122223080188,7977
0.28785688,0.04397712063843105,7978
0.26494312,0.05937118804059941,7979
0.7957607,0.016810116082321767,7980
0.59719825,0.01623832743289322,7981
0.86578584,0.9136019146360256,7982
0.37034565,0.27487464861910704,7983
0.48238635,0.03961465140501391,7984
0.8654425,0.009143290934696999,7985
0.6676298,0.022812751720493605,7986
0.11010307,0.044892988345518685,7987
0.96941274,0.08700766830179753,7988
0.32676426,0.011647450325661286,7989
0.35710892,0.15141375297881346,7990
0.66618824,0.0094787627499115,7991
0.3376282,0.0010663526121882792,7992
0.7989743,0.023996204986699198,7993
0.76476085,0.4532333110045148,7994
0.892091,0.5049312969850679,7995
0.8814172,0.34738504072559695,7996
0.7437506,0.019752737791668067,7997
0.05831349,0.12067080465787718,7998
0.38967606,0.0025847906307167098,7999
0.17360505,0.5612376965344165,8000
0.32354963,0.014050283734988228,8001
0.70274365,0.0667841120503759,8002
0.44371197,0.30776036224257003,8003
0.4930869,0.05336286294223884,8004
0.36298925,0.024340482661631784,8005
0.29655597,0.11329720997494279,8006
0.19308901,0.08235778090839087,8007
0.19963557,0.21395736586581854,8008
0.86101186,2.6352078948265945e-05,8009
0.028469205,0.06854113561712061,8010
0.41489616,0.06061439755488337,8011
0.7744405,0.19290451967418823,8012
0.59597284,0.12043242888124067,8013
0.5703544,0.0055649797679297236,8014
0.098906845,0.021052229783473222,8015
0.7105478,0.010275437936613303,8016
0.4558373,0.7789081418806358,8017
0.34885317,0.010974862138414001,8018
0.3027821,0.030847550243364698,8019
0.39956096,0.27196940592814667,8020
0.16806108,0.006963114453833766,8021
0.9375942,0.43958076707979915,8022
0.09725198,3.6286979595023164e-06,8023
0.60113204,0.04457152580514671,8024
0.48177242,0.004032605661029532,8025
0.7029022,0.07385750905079722,8026
0.25350365,0.6830957599855114,8027
0.53906155,0.0005043786207543019,8028
0.36248446,0.05282731838634431,8029
0.46500903,0.013536680922142694,8030
0.45015642,0.041935267891128974,8031
0.4335384,0.00644206248242351,8032
0.7651658,0.037057123010393045,8033
0.34014493,0.19843305062333388,8034
0.41039687,0.03246237957603338,8035
0.69494593,0.007397001039322259,8036
0.65546095,0.03681135089168454,8037
0.14001697,0.961598129362143,8038
0.22832444,0.13697652924275083,8039
0.54645085,0.0343412626594475,8040
0.56829125,0.17241519193458502,8041
0.64632285,0.0016501241773314522,8042
0.7155479,0.07440559222334212,8043
0.8174352,0.00028891686187307644,8044
0.06729323,0.0061787873771614425,8045
0.5227596,0.3277883316607987,8046
0.1683194,0.04192542587337998,8047
0.6549918,0.07105179990791789,8048
0.51910555,0.02362748285071599,8049
0.39969912,0.17087068884361137,8050
0.7705854,0.2171120099696108,8051
0.48653737,0.006746990914569533,8052
0.583528,0.0027012054043317013,8053
0.61986566,0.024898832042906837,8054
0.92411846,0.22497692352646842,8055
0.6080865,0.0019268599546264917,8056
0.3078021,1.8330595935882939e-07,8057
0.2985033,4.08968133963053e-06,8058
0.07217872,0.07643878952111934,8059
0.09187645,0.03832811620767221,8060
0.47181338,6.430463176215933e-07,8061
0.29299593,0.15409344079642062,8062
0.6142564,6.341256099237303e-05,8063
0.8664046,0.000487476611446214,8064
0.5714985,0.4248568353520817,8065
0.6994717,0.6184245532883645,8066
0.5467109,0.360444249545459,8067
0.22805315,0.10677007549055093,8068
0.33963537,0.10715946484977193,8069
0.62609446,0.07172784442299639,8070
0.6592393,0.08102916883334131,8071
0.8178848,0.4520083080508517,8072
0.17093202,0.043701655387561905,8073
0.59646183,0.13474326052695185,8074
0.3222651,0.8931564247270279,8075
0.9532759,0.23126248618109974,8076
0.5718892,0.1765192655808904,8077
0.56687754,0.06735668730848338,8078
0.7056913,0.026857216117161797,8079
0.49757698,0.0017198712849572897,8080
0.6522957,2.7421398716248105e-05,8081
0.17856634,0.00258369345665572,8082
0.31543475,0.06263305424905447,8083
0.93235576,0.12682452939742506,8084
0.23718998,0.20578654324867104,8085
0.45103276,0.06986433350111931,8086
0.38736105,0.002291766712081925,8087
0.19892502,0.7253773394968197,8088
0.32267925,0.04087042147289572,8089
0.24483272,7.891354646434358e-07,8090
0.7825403,0.028067830404023074,8091
0.6476978,0.06958208076636277,8092
0.47391433,0.00491332155735033,8093
0.44263342,0.05671346778884738,8094
0.72563696,0.20260771671248756,8095
0.80553323,0.012946642688978249,8096
0.4502679,0.19591357124192443,8097
0.4992172,0.09056898099317993,8098
0.055603832,0.0023588919219813226,8099
0.421403,0.0053231565645160865,8100
0.49608496,0.11685219835623083,8101
0.59739536,0.472600988349879,8102
0.39995968,0.25181884026690265,8103
0.5933584,0.00290244489827119,8104
0.9653013,0.09295922072565722,8105
0.5229552,0.14679195613838897,8106
0.88614833,0.14149564911089402,8107
0.85895383,0.07452274209642014,8108
0.42952353,0.13761505665808033,8109
0.13896951,0.41600281943425205,8110
0.7354413,0.18052773712409034,8111
0.40451366,0.06777831448481958,8112
0.56529593,0.918801006108852,8113
0.70245767,0.0030313464629705945,8114
0.521745,0.05326358682286619,8115
0.5545567,0.4042962622226456,8116
0.52852,0.00013135638032114337,8117
0.31811738,0.5014562631659512,8118
0.4652643,0.02201733288979168,8119
0.5868045,0.015928508654468765,8120
0.5945534,0.13564783394641547,8121
0.12700915,0.18790882505805834,8122
0.338779,2.7349103428409438e-05,8123
0.8254465,0.27876236268227866,8124
0.74450994,0.7381194816538043,8125
0.3397106,0.1747145959552778,8126
0.48853576,0.005858146091670606,8127
0.65924615,0.023747015529463854,8128
0.30294007,0.06742751556805697,8129
0.81575674,0.029259272828818555,8130
0.016714305,0.021898382416911187,8131
0.2948322,0.0025873279019989702,8132
0.36351618,0.10558080251310287,8133
0.33001158,0.3354911188307683,8134
0.309655,0.034209342703821,8135
0.9835001,0.0006547224787888041,8136
0.47946763,0.0797287517432376,8137
0.48020625,0.31145948526187595,8138
0.10178095,0.016171141567430453,8139
0.6195527,0.03978522196666439,8140
0.62539166,0.0038080722015929954,8141
0.6268829,0.020239997569783227,8142
0.9067188,0.0901580366029501,8143
0.613996,0.0036471969770293625,8144
0.7705693,0.49920817812266205,8145
0.53811246,0.15341121064094898,8146
0.7819827,0.010240349068098191,8147
0.06756973,0.7186221531436369,8148
0.4915751,0.15572378696955036,8149
0.7015001,0.20037656814975408,8150
0.7068338,0.020111955529535475,8151
0.87130415,0.04618734994918014,8152
0.82025766,0.011482602116180825,8153
0.76938015,0.0862847585060562,8154
0.50610924,0.005756531718344019,8155
0.41092134,0.4243147104328679,8156
0.848907,0.009020321725481112,8157
0.2159073,0.007446254355809945,8158
0.76387763,0.05725784148604969,8159
0.3832092,0.22127729986528777,8160
0.44760156,0.16165072986933632,8161
0.22436464,0.014685146817817296,8162
0.61104625,0.023732574479732916,8163
0.51039225,0.13181731127476437,8164
0.18352398,0.0012074862516306768,8165
0.7238169,0.302317856099599,8166
0.7182067,0.015231458431808556,8167
0.4879445,0.925795060312351,8168
0.62732923,0.1227014037554136,8169
0.98732847,0.021467593448038776,8170
0.7107951,0.13301410960607848,8171
0.599027,0.19714003031385277,8172
0.24235216,0.1932510488408683,8173
0.5268697,0.002471552175369704,8174
0.3501995,0.034916919015425964,8175
0.5761077,0.17997226590095736,8176
0.4284588,0.31771726720099097,8177
0.69238234,0.21658341282906116,8178
0.6397505,0.575589553829718,8179
0.98140836,0.10563194905235732,8180
0.72740734,0.21499738929675552,8181
0.4436782,0.5352640677225077,8182
0.47896248,0.6764093670117005,8183
0.5161035,0.1880030179625915,8184
0.77232,0.21885477198468467,8185
0.8376392,0.007290658062538123,8186
0.4243814,0.6236446430864483,8187
0.119953185,0.16570451995589136,8188
0.7158465,0.0053731460404872955,8189
0.36390212,0.0007974760009152915,8190
0.11694297,0.0018902600372727057,8191
0.3140017,0.49666742670357383,8192
0.22890598,0.09619494898104082,8193
0.32822505,0.13305990649003743,8194
0.82801056,0.049087168164462264,8195
0.6295931,0.1252740720503174,8196
0.43841386,0.010516519403852316,8197
0.54947126,0.458019509603262,8198
0.7894808,0.00035104559012628434,8199
0.5994307,0.0026919571683577696,8200
0.27647603,0.020335838968042027,8201
0.4170784,0.04284632008639352,8202
0.87225384,0.11713015325576749,8203
0.6647532,0.10500622110020996,8204
0.3975219,0.23898248626046148,8205
0.79898685,0.3871636004041304,8206
0.9135802,0.11320882012935325,8207
0.7217797,0.02031389288868858,8208
0.43676543,0.00858828206651195,8209
0.19263688,0.027362318342257972,8210
0.7096035,0.2320762242484014,8211
0.24451202,0.012535504505240042,8212
0.40503272,0.00034597983668879957,8213
0.55676764,0.14211022163419526,8214
0.32315394,0.23520785317880694,8215
0.12876424,0.04769255458603904,8216
0.6014843,0.04538982030789224,8217
0.6363036,0.014239277494341633,8218
0.7049694,0.24308271369629797,8219
0.47494322,0.49590137577793,8220
0.5403911,0.14567394699399383,8221
0.67058027,0.10605871597431153,8222
0.6821512,0.652003882912985,8223
0.25257945,0.30070312565187063,8224
0.74813837,0.21336874119174917,8225
0.6227138,9.582772326023616e-06,8226
0.6248698,5.119246947523659e-05,8227
0.5761656,0.00042540001149191976,8228
0.21652454,0.4646556468951327,8229
0.46685633,0.32549916277701313,8230
0.56309557,0.6154047110327078,8231
0.40382716,0.09341623314586528,8232
0.8292061,0.11321929015807611,8233
0.80917424,0.14586878429423153,8234
0.33652896,0.36180269909939,8235
0.60873437,0.01014839198278839,8236
0.24369654,0.11668384475702075,8237
0.56584275,0.27300049565272066,8238
0.49887374,0.008574360575387345,8239
0.69293845,0.049227799007745286,8240
0.9258526,0.02739265459456207,8241
0.14983562,0.05110954058444262,8242
0.81305444,0.008877271585056192,8243
0.19264442,0.059121011526692545,8244
0.31650645,0.8528748342764937,8245
0.5640758,0.011339289290938347,8246
0.7143907,0.0029378407228270423,8247
0.5834973,0.13327655139906025,8248
0.31808102,0.3660492881845096,8249
0.32606316,0.03678233629719017,8250
0.25541875,0.23897979703782116,8251
0.557949,0.045717899094068065,8252
0.5828978,0.031298415951765544,8253
0.536932,6.08160379765961e-07,8254
0.3363058,0.02748763709806332,8255
0.6560722,0.21687217667506786,8256
0.7921078,0.10466658349265089,8257
0.68721455,0.048053236634459165,8258
0.62089175,0.007814316058632226,8259
0.67636204,0.03556844870055315,8260
0.12851584,0.06797003045216987,8261
0.41222838,0.19836323871209646,8262
0.9378731,0.5410486867091364,8263
0.47767627,0.06161488711947448,8264
0.33471224,0.002975928072602416,8265
0.7130755,0.008903260667340566,8266
0.64278144,0.503087555128816,8267
0.32836807,0.021474326751168216,8268
0.5846171,0.3451012240046828,8269
0.20996737,0.9248121029317036,8270
0.24053064,0.05492386965986038,8271
0.13958889,0.00015027578764188884,8272
0.32786173,0.0698545819096661,8273
0.6209414,0.21138239971519932,8274
0.36084414,0.29639265654207336,8275
0.5089635,0.27195916996162917,8276
0.3588877,0.11202114283162869,8277
0.5323661,0.35279163383662826,8278
0.6115537,0.004646226140788075,8279
0.5821013,0.05053550835376625,8280
0.77049196,0.31342640366664487,8281
0.8887978,0.02015433257194228,8282
0.33080202,0.019480995524990316,8283
0.78171384,0.1646069134252281,8284
0.60141116,0.2725509055723551,8285
0.27596655,0.009909334765104735,8286
0.43848878,0.022746417830928536,8287
0.41455323,0.08811842891950533,8288
0.32527345,0.30482660915139265,8289
0.55621046,0.024327467978227164,8290
0.3949213,1.765646221613667e-06,8291
0.65331364,0.041060728726240996,8292
0.6224272,0.0017558380814204763,8293
0.2169492,0.05562254222392576,8294
0.6948718,0.028965591823460327,8295
0.9443539,0.2548953083231208,8296
0.56581503,0.8205089955628848,8297
0.10853481,0.0008647166585905276,8298
0.8539076,0.041033703210315096,8299
0.2298797,0.004103516237988953,8300
0.64037114,0.006279545304157426,8301
0.83365524,0.00044722375507945383,8302
0.7221739,0.010558023192445016,8303
0.18241578,0.234061030031645,8304
0.38536495,0.0011946063011151749,8305
0.26843822,0.2660803551088194,8306
0.8284844,0.1191889092377785,8307
0.7868715,0.08430660233210305,8308
0.73968977,0.24815603869408948,8309
0.26517218,0.05709165387857108,8310
0.39385572,0.03338642168026422,8311
0.4273343,0.1571566224086031,8312
0.52582794,0.37882357515819254,8313
0.5247617,0.3766471308196516,8314
0.5081251,0.011195496262032045,8315
0.45166022,0.00895291158674367,8316
0.383715,0.2900189512565606,8317
0.3415733,0.01879428420873706,8318
0.54089576,0.22474383195608755,8319
0.32064998,0.1899642889978929,8320
0.25417235,0.011807861475328299,8321
0.10208845,0.3576072788948971,8322
0.6342581,0.03326617701859453,8323
0.010850549,0.003265715808169296,8324
0.53265995,0.13424848942351206,8325
0.36168784,0.059892826504263905,8326
0.058446705,0.3381092084176867,8327
0.37874433,0.23127679822210237,8328
0.68794364,0.0002760870879940677,8329
0.2981885,0.014404092593342367,8330
0.28615206,0.006129309483295096,8331
0.45728812,0.17291178028797743,8332
0.12454787,0.00015046858339188012,8333
0.45910197,0.027015176067629956,8334
0.6282356,0.0006738188555589479,8335
0.6282154,0.16464881463037342,8336
0.48286238,0.005510718740231221,8337
0.25536358,0.020085057829382472,8338
0.64682823,0.012973841898387068,8339
0.9849603,0.16904336608118223,8340
0.7651354,0.01696054731120424,8341
0.39194486,0.02391104995358209,8342
0.43165058,0.10928446517655237,8343
0.42685795,0.3386465559066296,8344
0.35763532,0.8613901962741144,8345
0.75886494,0.5032523559903754,8346
0.63505185,0.04316850524677308,8347
0.19719851,0.16198151466680014,8348
0.49099192,0.2692195561975794,8349
0.5301472,0.004962551867483114,8350
0.35179383,0.1048517620267459,8351
0.5389632,0.13001461582676876,8352
0.51289994,0.25778891941104987,8353
0.55758816,0.19687621079018564,8354
0.15269017,0.0001112566685811051,8355
0.28503448,0.33212303113791086,8356
0.10942155,0.1862352806548556,8357
0.54239905,0.18146190250407976,8358
0.6590965,0.0012584876441160925,8359
0.01833558,0.5886333733402054,8360
0.73392165,0.020734347518312216,8361
0.99628174,0.07318452777026556,8362
0.45917946,0.7299305260190762,8363
0.6799207,0.0053319342440012645,8364
0.4375372,0.09611232393100035,8365
0.44887024,0.04076736084147389,8366
0.5318137,0.27180548563349366,8367
0.32929856,0.019524731528085298,8368
0.30187052,0.11865625899991349,8369
0.4945336,0.0008334336364808684,8370
0.57282704,0.2815526486596337,8371
0.20525882,0.12046348013196244,8372
0.8297781,0.009254573320827537,8373
0.33996886,0.0025094080377109826,8374
0.5095723,0.2790712844684061,8375
0.41777644,0.04777225532751973,8376
0.42661318,8.843076060154974e-05,8377
0.6908234,0.18743241463800675,8378
0.6088562,0.18380795686125087,8379
0.30905265,0.1322522186541656,8380
0.43029404,0.03363223248633575,8381
0.16551232,0.026412755660338395,8382
0.81475097,0.04197917488242267,8383
0.33152574,0.005238903542371227,8384
0.6529717,0.022725296926804743,8385
0.42129973,0.11947005230878288,8386
0.25913522,0.3604594443844983,8387
0.44194728,0.03677864184891521,8388
0.6634236,0.012399602614886185,8389
0.46826646,0.08514896876415289,8390
0.30806527,0.04277300185784934,8391
0.29924133,0.13337223885294539,8392
0.8464989,0.6913787812804771,8393
0.44685584,0.05146339310800877,8394
0.8563888,0.0033531076669150598,8395
0.6057453,0.008775804588466054,8396
0.4508424,0.044193428038418886,8397
0.39180547,0.0995927647313746,8398
0.39082417,0.08296150818371527,8399
0.74040246,0.4023733115797845,8400
0.25422132,0.0836747680092881,8401
0.6303179,0.0011123782737142928,8402
0.8574687,0.000585742503808842,8403
0.29050815,0.030944535581395597,8404
0.66319734,0.07316014210046567,8405
0.28859377,0.31001195144765925,8406
0.63943076,0.41179056119671914,8407
0.8288802,0.4933550198728297,8408
0.3419765,0.057058830013892864,8409
0.6179471,0.038504318759614624,8410
0.78659153,0.2093660486487419,8411
0.6597783,0.4346070833141316,8412
0.48708153,0.333733534211162,8413
0.5191327,0.40870902847812246,8414
0.43866435,0.037767000058287196,8415
0.36108917,0.1652965872914024,8416
0.3461766,0.17695748463031177,8417
0.53475195,0.009181277040571461,8418
0.528832,0.3374972225682225,8419
0.6190754,0.00037240509094034073,8420
0.6825179,0.019028737164954426,8421
0.59959316,0.002468065500235437,8422
0.4327942,0.1575856516049624,8423
0.5539353,0.0165576892152291,8424
0.42274016,0.1798041367967652,8425
0.7154658,0.12897447180076954,8426
0.41238007,0.7397756993692313,8427
0.21611503,0.040017999256906946,8428
0.2885151,0.027973002755224508,8429
0.67813885,0.04530361416648652,8430
0.62706137,0.5917457610473286,8431
0.37843663,0.00010844221214482681,8432
0.4415256,0.009969537486327937,8433
0.7647289,0.037462247535429594,8434
0.42303738,0.2813017076119885,8435
0.84688234,0.18694538716604436,8436
0.53947514,0.007449436804895418,8437
0.47793996,0.0051190681274656995,8438
0.67731893,0.20464524996169345,8439
0.26698366,0.16519345546461509,8440
0.55308324,0.0019343721131079067,8441
0.45949623,0.006721066756700103,8442
0.4219018,0.18202520217495066,8443
0.46440473,0.0005115039310395079,8444
0.73160744,0.04487086745990352,8445
0.42629096,0.04622507059121131,8446
0.44827893,0.09069961460913402,8447
0.44355962,0.03473390270189053,8448
0.6707153,0.14484364284956883,8449
0.33740175,0.1308115219498379,8450
0.22210956,0.4129972587682402,8451
0.2849565,0.17184794572039397,8452
0.46133992,0.19144293591314857,8453
0.4632003,0.029787946297350515,8454
0.16798443,0.027823873783707865,8455
0.4935703,0.08366334410742945,8456
0.39984834,0.12188899565150157,8457
0.2809646,0.14418239436127667,8458
0.7981637,0.007611808713622452,8459
0.45925927,0.058757999271754964,8460
0.5269253,0.3074493717595991,8461
0.8202679,0.4776457266367703,8462
0.47449762,4.974308447093169e-08,8463
0.48315138,0.27362342340310497,8464
0.7097244,0.6898657116316613,8465
0.7197919,0.0035082753427545113,8466
0.28348655,0.18046864660978418,8467
0.13191435,0.016083038874863984,8468
0.9778508,0.07984081498169558,8469
0.6132857,0.21396936678868902,8470
0.8492782,0.7491609088505979,8471
0.20135468,0.08709883773652582,8472
0.43053773,0.7166594621927432,8473
0.6997397,0.46532126970946464,8474
0.3816132,0.2209302844760324,8475
0.37253228,0.16451808468472434,8476
0.8156388,0.18177743590277362,8477
0.26484245,0.002322422369878299,8478
0.6040201,0.11796464225236544,8479
0.34306228,0.07653095678618185,8480
0.6815556,0.18121100335274443,8481
0.62096167,0.022791060189432343,8482
0.2027485,0.053229693307457186,8483
0.22450745,0.22178371770831903,8484
0.5346875,0.02796458074628498,8485
0.37188572,0.19914227603823087,8486
0.89369154,0.23081676043654664,8487
0.43038562,0.08537261098934286,8488
0.3073504,0.2029707680676303,8489
0.31684592,0.4066149310683311,8490
0.5422429,0.03488568297372263,8491
0.725311,0.08429298779598653,8492
0.32927704,0.006248765586788289,8493
0.42341602,0.41575661773439765,8494
0.27675292,0.17801128467284869,8495
0.7506981,0.23811008946807571,8496
0.16430646,0.1138398970915029,8497
0.518057,0.0063431978878771425,8498
0.9384731,0.096904735642066,8499
0.12579179,0.022620573502210382,8500
0.5470772,0.0002867588212019596,8501
0.4184316,0.010465683649413969,8502
0.43728364,0.019118260456955447,8503
0.5798315,0.08488751489016967,8504
0.94581544,0.1305865470353728,8505
0.6113149,0.04548835967944755,8506
0.7659234,0.025112020488058735,8507
0.91510904,0.7808071735437275,8508
0.1031602,0.00037462307937727237,8509
0.65764856,0.010207960843849385,8510
0.41624147,0.04451222119812492,8511
0.33878395,0.03352879694821282,8512
0.86568475,0.09202835629370618,8513
0.7625309,0.3774925359408356,8514
0.52804667,0.1085067384283465,8515
0.36274445,0.003871671750695614,8516
0.5689205,0.5184140062303689,8517
0.43827987,0.24134467911686067,8518
0.071201175,0.05411009882954976,8519
0.40363926,0.00379658160159911,8520
0.46778876,0.00019135743488827173,8521
0.57690865,0.003266636020873224,8522
0.50044286,0.0006727127338318531,8523
0.49790606,0.027492039366932213,8524
0.49239746,0.09167261517793567,8525
0.5464848,0.037813459037730784,8526
0.07854754,0.2610970180049082,8527
0.6321697,0.013040490870728278,8528
0.21445417,0.11155500291764035,8529
0.41873783,0.020369659132724444,8530
0.6732597,0.027375481548372934,8531
0.52557635,0.02154599696417872,8532
0.2836544,0.3999383901887398,8533
0.083940566,0.23168735927893408,8534
0.33414042,0.4674865855680459,8535
0.75069124,9.166153892385283e-05,8536
0.37899026,0.019605353169157878,8537
0.2830785,0.7532875229675764,8538
0.6023179,0.6978740206543748,8539
0.4974112,5.233057890051758e-06,8540
0.49938655,0.28419712143859277,8541
0.6160604,0.0725253853529118,8542
0.30166507,0.003348390972501663,8543
0.6803374,0.0005502891643234116,8544
0.39330128,0.029590087122582168,8545
0.49336714,0.004506993892374281,8546
0.4490352,0.05823086843985965,8547
0.33398312,0.001169919507716558,8548
0.8843622,0.0013901943555937285,8549
0.38522092,0.33015185493870675,8550
0.40968552,0.00010460573647997521,8551
0.57897025,0.16436158232456288,8552
0.79872096,0.1577870051891452,8553
0.82610047,0.8382778357998583,8554
0.33458972,0.011101039748408321,8555
0.47005248,0.005608340124924463,8556
0.39096344,0.0008965565222848584,8557
0.6764941,0.048231674336572085,8558
0.59292847,0.00034418610354144393,8559
0.732901,0.1047831585162987,8560
0.4814085,0.1966049126859814,8561
0.5505114,0.015039539663168773,8562
0.62120277,0.2545723347642692,8563
0.85482585,0.16232756171873156,8564
0.5757934,0.747937934213452,8565
0.62344694,0.028267781823886624,8566
0.5208606,0.15269065308888213,8567
0.18710706,0.03934322545414119,8568
0.46118554,0.027046797419366195,8569
0.7032559,0.0016928311625104824,8570
0.5405165,0.005405645416222083,8571
0.49156365,0.12152608801960796,8572
0.27217692,0.66010978041941,8573
0.18578112,0.04901849333749391,8574
0.9599235,0.2845023755437769,8575
0.6228408,0.26411073790142836,8576
0.5442517,0.008918276043867197,8577
0.4386436,0.1812584865927433,8578
0.39542913,4.843588409701473e-06,8579
0.062996805,0.04957392217764903,8580
0.4658029,0.014590031689736669,8581
0.049720645,0.7502988864493073,8582
0.19634181,0.2679805055128283,8583
0.15456578,0.02363478275576222,8584
0.6203195,0.09312232975459725,8585
0.12857538,0.11138997088630252,8586
0.62982446,0.35139966942259937,8587
0.57227486,0.009419374586962763,8588
0.68738604,0.4184118113111953,8589
0.45047155,0.0032859285536710366,8590
0.24432668,0.26261235535808203,8591
0.009440839,0.027527461850890722,8592
0.679448,0.12844487835088841,8593
0.5053049,0.11513814098874812,8594
0.9708594,6.259516758062198e-08,8595
0.5036697,0.018299170481619016,8596
0.46317255,0.052602767339287274,8597
0.6230159,0.0041329828226366345,8598
0.36790502,0.06420265276139289,8599
0.6700934,2.5657486271725657e-05,8600
0.7480272,0.0002031863437284299,8601
0.49181786,0.5312829508349733,8602
0.8217901,0.004109783889604406,8603
0.5759741,0.6082558137641741,8604
0.83454686,0.002688115914124486,8605
0.30701637,0.06307576250640871,8606
0.35249394,0.09130875785461459,8607
0.24388567,0.19388517288900942,8608
0.6752131,0.010724346323749318,8609
0.53085876,0.07044093271796407,8610
0.874964,0.09457668756856355,8611
0.81074363,0.05295728475332929,8612
0.43928167,0.0006323808251288457,8613
0.86828804,3.0911144750461587e-06,8614
0.5125089,0.147362610697901,8615
0.684906,0.0695743934966657,8616
0.49334872,0.011578609667769055,8617
0.5749028,0.6615689251730804,8618
0.19843599,0.13335850593219153,8619
0.6174492,0.1388375730344379,8620
0.5858017,0.02876801642054718,8621
0.31884775,0.0405651969683211,8622
0.3763517,0.04510734272891138,8623
0.83025384,0.41189965008911217,8624
0.073107064,0.013307163667007205,8625
0.32178095,0.023140092515270005,8626
0.6789285,0.29248326941384645,8627
0.32735726,0.005373704395615581,8628
0.42464042,6.986968523782287e-05,8629
0.4657826,0.05317049447952598,8630
0.40615398,0.0006764691123103071,8631
0.14748102,0.03093652388867866,8632
0.46448347,0.00834893394680982,8633
0.23797396,0.12260731899741989,8634
0.6811217,0.14916094042694863,8635
0.2566545,7.658255547852665e-06,8636
0.37967774,0.2779483736520279,8637
0.3145365,0.02103974743496554,8638
0.37022418,0.5646300992129832,8639
0.75220066,0.0045050201478346015,8640
0.29058105,0.44603317822979405,8641
0.5791773,0.0006209608846670622,8642
0.82318336,0.018702875085398973,8643
0.5642093,0.12536330790670894,8644
0.57212037,0.4779459290841223,8645
0.2862149,0.1824264407908632,8646
0.2601663,0.8496648334649017,8647
0.66118556,0.03015364000386766,8648
0.13707131,0.29974058470001336,8649
0.5525272,0.018040534239398817,8650
0.009846151,0.24560194082285325,8651
0.5478796,0.428667658645242,8652
0.64900625,0.6231911673507632,8653
0.80809975,0.7360165565995186,8654
0.5363433,0.001995211191545209,8655
0.6702801,0.008947770700581024,8656
0.67520964,0.041791841111146276,8657
0.26208502,0.4753488247900311,8658
0.77998364,0.00028022523162311006,8659
0.18859866,0.0010027220658448126,8660
0.7195301,0.6445016045147457,8661
0.8519161,0.13318438456596052,8662
0.60914284,0.005417609346759542,8663
0.3435303,0.08455366577986449,8664
0.62383306,0.12807089290816856,8665
0.86761916,0.01816907065196235,8666
0.80216384,0.16559890727615234,8667
0.16281056,0.00021136814822753604,8668
0.50202304,0.14978704315302233,8669
0.6811151,0.002086160253092017,8670
0.18616503,0.0024552363150718384,8671
0.32183164,0.04330050965164565,8672
0.9860095,0.16726671703134707,8673
0.09815681,0.1444125371639652,8674
0.47700065,0.004770238669366357,8675
0.52297235,0.15474541171689585,8676
0.22145692,0.6040533951546677,8677
0.65490997,0.017900368395074456,8678
0.3763188,0.0049220792128318504,8679
0.36043555,0.1286933076036607,8680
0.17356643,0.08764912653534436,8681
0.39136204,0.19171971991641099,8682
0.6036633,0.1512391725886582,8683
0.48742557,0.018440571975597075,8684
0.6531378,0.3545886417003177,8685
0.3455714,0.00699559580865233,8686
0.120351315,0.2026718762688799,8687
0.63159716,0.3592913999002266,8688
0.5688653,0.005595744507238242,8689
0.97090036,0.24277202338762396,8690
0.63623136,5.608328842756348e-06,8691
0.49759337,7.285831957063818e-05,8692
0.43539244,0.13474813877756753,8693
0.6963694,0.0008584489953268039,8694
0.99985427,0.0005408109375271985,8695
0.053028762,0.03177691731893689,8696
0.5259595,0.07253351582404471,8697
0.46280447,0.1028393858289738,8698
0.21750322,0.17114236428170684,8699
0.67977667,0.01030853030908517,8700
0.5837566,0.3624148126400895,8701
0.45643046,0.006447317393574538,8702
0.5589721,0.45014774916999767,8703
0.74599385,0.005044944953308713,8704
0.50265145,0.051133673722004794,8705
0.59852296,0.06727344251618649,8706
0.29414284,0.24361982235666865,8707
0.38763127,0.008451478769512114,8708
0.5125877,0.025998771445666466,8709
0.6888349,0.03596102594739881,8710
0.5425661,0.0002742070928596152,8711
0.5851427,0.010901456106838939,8712
0.542172,0.005479832503165802,8713
0.40227276,0.38202654434821437,8714
0.44978428,0.030356344988377217,8715
0.22555938,0.15347995122244953,8716
0.4866094,0.0034313160544651943,8717
0.7427251,0.011045319586916338,8718
0.43354064,0.0007809685706471485,8719
0.6600499,0.01876127943390561,8720
0.4512101,0.0043001524577964845,8721
0.30553213,0.015339913619878059,8722
0.6945763,0.05712724993889718,8723
0.19232264,0.0427736521640085,8724
0.7179742,0.14506577785297273,8725
0.6719921,0.019018942533635657,8726
0.7538837,0.11137185980402337,8727
0.6649504,0.07160499595379827,8728
0.38098395,0.06616955180932052,8729
0.45205778,1.6114555785122764e-05,8730
0.8644581,0.021221050390228972,8731
0.70415163,0.03476335720649855,8732
0.560921,0.03757948590271548,8733
0.6590612,0.02131263871963559,8734
0.47250223,0.004521137955255252,8735
0.97724974,0.0010966506919012431,8736
0.5995781,0.02991140160443156,8737
0.5913919,0.05294629704647892,8738
0.3201164,0.7129740229528929,8739
0.65612566,0.1808846349849538,8740
0.40491015,0.08156221358434426,8741
0.2838229,0.1999368647997425,8742
0.46426535,0.2566422548979479,8743
0.3752874,0.184203088244931,8744
0.61359257,0.04487430769122865,8745
0.75111496,0.1638902886343862,8746
0.6427963,0.01660889420959261,8747
0.49912387,0.02934743485658549,8748
0.19765714,0.004774665160132787,8749
0.6053829,0.005540219794039516,8750
0.41695797,0.17093672342382563,8751
0.13573882,0.04593114211468538,8752
0.28597486,0.43527606099345195,8753
0.41246736,0.1370361791375531,8754
0.31484082,0.03294773309809543,8755
0.33106375,0.1462181122000483,8756
0.18711495,0.18818898948606194,8757
0.06336945,0.501704086298341,8758
0.19658318,0.0016593206156223757,8759
0.2310352,0.012573879960746699,8760
0.40098104,0.1689003538689974,8761
0.19040939,0.008950358211268609,8762
0.6976881,0.048053053110520785,8763
0.38198197,0.01673871605871874,8764
0.18650603,0.12180614371891245,8765
0.75803137,0.5424247149011637,8766
0.28274453,0.008498765333606469,8767
0.2826395,0.01892765142804358,8768
0.46846604,0.17629433158210805,8769
0.4618512,0.0035325161280914345,8770
0.795115,0.004747815994850597,8771
0.23519456,0.011100473066523871,8772
0.5980286,0.03235543441208595,8773
0.43045306,4.868510824190486e-05,8774
0.52287936,0.13882320327914346,8775
0.34355024,0.08228856377489373,8776
0.59246105,0.509440753671838,8777
0.8433068,0.1038527998396385,8778
0.5260256,0.5531489161523723,8779
0.62512517,3.877147086090493e-05,8780
0.4476923,0.004468622669085991,8781
0.87873304,0.08524973199142505,8782
0.29231757,0.03859747433951552,8783
0.5249951,0.09032086348086671,8784
0.6399022,0.18662057550501523,8785
0.48549318,0.035676869971496626,8786
0.52412,0.0020719710171186578,8787
0.22637096,0.2797592264306495,8788
0.8298837,0.02978268991562436,8789
0.9270802,0.014954708736557088,8790
0.878778,0.10824770110645861,8791
0.44266766,0.015046462556690725,8792
0.42691052,0.4649056750870859,8793
0.32432497,0.0009480299811779788,8794
0.7869667,0.0016631638699844658,8795
0.9141216,0.008987059857573058,8796
0.14784583,0.2308443115728195,8797
0.35391212,0.026816074917632483,8798
0.35905713,0.8950735249887437,8799
0.46482635,0.41711047182121114,8800
0.6688125,0.8277817230082929,8801
0.61825824,0.05942914955003841,8802
0.5920311,0.3735358360761758,8803
0.57202,0.145996513120657,8804
0.596827,0.04224606280345109,8805
0.8765062,0.0012206685791228244,8806
0.39850807,0.2942282135594909,8807
0.4704877,0.000187725639549545,8808
0.40825623,0.7655421567297314,8809
0.37398303,0.17074994957019188,8810
0.3787661,0.5327046834401128,8811
0.46334067,0.018482084526129504,8812
0.46149567,0.09773816541258816,8813
0.5445044,0.009290012163820286,8814
0.76268935,0.16775602058225264,8815
0.45270154,0.35439367333724453,8816
0.7614522,0.014520285594969118,8817
0.20967475,0.004565980720829156,8818
0.3123024,0.15445714116418743,8819
0.43804842,0.08706157418088155,8820
0.2674163,0.4512845547281422,8821
0.23665392,0.3371171181185065,8822
0.13572538,0.2322838827598231,8823
0.57071203,0.45925311534775576,8824
0.15011185,0.0002985792736310707,8825
0.47066453,0.10696561833554022,8826
0.77386105,0.148213964586712,8827
0.51034,0.459440685960394,8828
0.76775944,0.6714936386650002,8829
0.77249134,0.4510115672396465,8830
0.5287553,0.2347936664877403,8831
0.5667548,0.11282040768491067,8832
0.5542498,0.09434951610687925,8833
0.29002333,0.017217744812725626,8834
0.422212,0.12791018619673875,8835
0.7716956,4.797776055572196e-15,8836
0.072563976,0.00022957729044164154,8837
0.71638817,1.0868594766515755e-06,8838
0.63151526,0.018186061049433405,8839
0.14884526,0.2076923547361131,8840
0.38691813,0.03170804971584268,8841
0.95262957,0.00987079726474007,8842
0.36741418,0.13418409603083262,8843
0.14975613,0.01541492654902997,8844
0.33173957,0.0663396435223971,8845
0.41796663,0.012792708583087129,8846
0.84847534,0.03153241857289109,8847
0.7816144,0.0865880154275699,8848
0.3654437,0.002628333828669989,8849
0.9133465,0.07360005130998681,8850
0.040753692,0.014096459787304762,8851
0.40799648,0.20285334807099614,8852
0.7078112,0.03605862291181022,8853
0.17945176,0.13743129357893435,8854
0.70061064,0.0004482239704270192,8855
0.7149497,0.04479773964834178,8856
0.33077443,0.2030077561876691,8857
0.37908506,0.199592486567977,8858
0.56727093,0.008187287582120364,8859
0.76989794,0.0008735859189398152,8860
0.313702,0.009402740736997775,8861
0.30342242,0.006100257522438518,8862
0.62006,0.03330272180767323,8863
0.23340973,0.044045000831246024,8864
0.34966227,0.023233862791561487,8865
0.67078865,0.19346906626000124,8866
0.5462096,0.16308824684777867,8867
0.3911751,0.4445574273236081,8868
0.14971092,0.23168345797138815,8869
0.7651979,0.07075898748701788,8870
0.53940946,0.13359837932738797,8871
0.31987154,0.012833754534932186,8872
0.81896746,0.00044943998357088835,8873
0.42209706,0.028906219371458236,8874
0.9307362,0.0012781008501536238,8875
0.98896974,0.04311868246004798,8876
0.45112464,0.429203202390465,8877
0.666631,0.011002941364454847,8878
0.35914266,0.03372401944095276,8879
0.34271145,0.03003012317206176,8880
0.45761383,0.2434598028549417,8881
0.5281668,0.05996919642392469,8882
0.9751215,0.00442301734335278,8883
0.528313,0.09219849637182453,8884
0.37466764,0.028861434853410018,8885
0.63561,0.01434631265335139,8886
0.23861024,0.023270696280867583,8887
0.98109436,0.00014267949226090624,8888
0.4974909,0.2798814074513253,8889
0.67567956,0.2414071597190111,8890
0.57340807,0.0899023087481333,8891
0.18656585,0.2446177515415157,8892
0.5607794,0.0015295240420665273,8893
0.17182669,0.7704923844083694,8894
0.9111489,0.30767840646762845,8895
0.60597414,0.033973331750190405,8896
0.55400157,0.0075857361266283875,8897
0.22248152,0.12018919893996038,8898
0.55642426,0.6745966465410969,8899
0.5951169,0.4577355112353744,8900
0.8986796,0.0004206589930647619,8901
0.40829754,0.11477349484153823,8902
0.8259961,0.09746197857587814,8903
0.6137737,0.12570728846843887,8904
0.8995373,0.06139251634540797,8905
0.8374026,0.07339324563791788,8906
0.5592288,0.05279963372188333,8907
0.24313131,0.16762706707854044,8908
0.5335662,0.009205344087138455,8909
0.75287616,0.1876334596024875,8910
0.401669,0.012788505594604345,8911
0.75447047,0.01211114144945172,8912
0.43182653,0.01683498447078477,8913
0.065142006,0.16400614283710716,8914
0.6069359,0.054731677951764965,8915
0.6843738,0.27338690631844964,8916
0.7228176,0.36780343257894266,8917
0.16146663,0.2878376347260164,8918
0.3268987,0.00019415213672430384,8919
0.75189114,0.12417877218720748,8920
0.16966039,0.0028329489379504812,8921
0.7555318,0.0006331317898904199,8922
0.2510401,0.055665754902407466,8923
0.40515196,0.34778135235519025,8924
0.64565814,0.04004654911103726,8925
0.2380737,0.08679111322849223,8926
0.4910657,0.21375777457035747,8927
0.66290027,0.0004220301138118995,8928
0.6845708,0.3391493642428953,8929
0.45691428,0.4438719429933761,8930
0.47952783,0.4691971579423178,8931
0.4680282,0.6224039020171979,8932
0.7126312,0.006037594989525328,8933
0.11569238,0.5833464643504528,8934
0.23002216,0.09416497740407989,8935
0.15853637,0.3684702730501426,8936
0.4493738,0.0036396165177820313,8937
0.493306,0.16691410808087107,8938
0.38050818,0.24974964038674283,8939
0.4887144,0.039157916205546074,8940
0.66303515,0.1079346134172891,8941
0.5984308,0.15808213478835847,8942
0.5189013,0.4831818596281687,8943
0.14674565,0.0011787310218441013,8944
0.56002903,0.9651995815938201,8945
0.4493644,0.8080969978930441,8946
0.59195673,0.11523789060047937,8947
0.8358365,0.0672947347423043,8948
0.89359677,0.1525462764040566,8949
0.40953434,0.026606899229300682,8950
0.6763541,6.17111040475754e-08,8951
0.8138442,7.456062053013934e-08,8952
0.43015033,0.02970095950393196,8953
0.43026793,0.007136052477212453,8954
0.8134523,0.15878005656628544,8955
0.60712636,0.01834529849974993,8956
0.34887588,0.009433554879502344,8957
0.38784438,0.004853537131604507,8958
0.67903084,0.03445231962684815,8959
0.33464503,0.08264291343682569,8960
0.8020741,0.006281215468484004,8961
0.21242186,0.0004905122668390212,8962
0.13021743,0.019574105170415197,8963
0.624643,0.005848822079462823,8964
0.28851515,0.0026446950819043976,8965
0.54093677,0.014314520311673408,8966
0.31506252,0.016146996264903783,8967
0.20834649,0.15172244333140056,8968
0.60349095,0.40648019105326466,8969
0.49839747,0.019471349918861444,8970
0.25072777,0.023801226363509006,8971
0.36968303,0.023934479051032118,8972
0.4498072,0.08335264071630878,8973
0.28153667,0.6970826544214311,8974
0.25278014,0.0005963020568606912,8975
0.837864,0.032061421696599667,8976
0.83292,0.5676356420145556,8977
0.6844142,1.0951544631919906e-05,8978
0.6168121,8.780174689621648e-08,8979
0.25561956,0.4583612789512525,8980
0.47377723,0.10044345523740884,8981
0.55624044,0.008989224334348758,8982
0.38094747,0.07897804471141087,8983
0.5943026,0.19690200293431778,8984
0.5699458,0.0706161870909156,8985
0.5977754,0.38436437458158,8986
0.70755315,0.00017613024115712463,8987
0.6836824,0.03274251280340544,8988
0.20201835,0.025060022093863918,8989
0.6964549,0.022578188495219524,8990
0.2771936,0.029284201776258206,8991
0.6440922,0.010591043800564998,8992
0.5601424,0.033069092069235556,8993
0.928872,0.008241796650620163,8994
0.43725786,0.407859275198402,8995
0.44183847,0.02031153249816462,8996
0.51858,0.8196768632342756,8997
0.6394586,0.1478550394695978,8998
0.58857477,0.011181704531810966,8999
0.87098086,0.07168654707582196,9000
0.5868573,0.00609151142192789,9001
0.6159492,0.32368881660044446,9002
0.6231785,0.03514491522004086,9003
0.4726303,0.027288328720037582,9004
0.13573149,0.06831032649566755,9005
0.6143591,0.2934501479767228,9006
0.25462365,0.02360435849668976,9007
0.34504336,0.16744132742203685,9008
0.7933122,0.15771533104170607,9009
0.5986843,3.8349780631275965e-05,9010
0.87688076,0.12761508469597016,9011
0.16934341,0.00699781641228867,9012
0.68454486,0.09095388192294229,9013
0.66603726,0.042165019065479196,9014
0.33520198,0.009732965710048527,9015
0.81620884,0.009194391261561123,9016
0.15351251,0.033554388102618855,9017
0.37835354,0.011228532508456956,9018
0.8750653,0.29001292099060627,9019
0.16125575,0.04884915909589587,9020
0.5031359,9.271150733234705e-05,9021
0.6565685,0.0002806972438129426,9022
0.60708064,0.005103103276327481,9023
0.7924315,0.11782596330681967,9024
0.28783745,0.0050505707235587475,9025
0.6387502,0.10186018542911958,9026
0.52170545,0.18084582043945188,9027
0.67442846,0.11199543100650468,9028
0.59894425,0.05989618934478286,9029
0.3175432,0.04445400293123056,9030
0.56865734,0.07429977671091577,9031
0.18380716,0.038006054509972236,9032
0.34975085,0.34215782300743625,9033
0.41514626,0.3237806021865081,9034
0.1108132,0.10254199739542375,9035
0.5076808,0.12475897465866179,9036
0.2482428,0.1678010843698015,9037
0.5154161,0.06285830619574388,9038
0.51599,0.07414300971305794,9039
0.7316835,0.006992793411745339,9040
0.23989105,0.024690961327813888,9041
0.19126162,0.22355225357310166,9042
0.43356115,0.25579677569627735,9043
0.5529495,0.02641500511240079,9044
0.5502728,0.25794412861615684,9045
0.6373851,0.14247760257725545,9046
0.3642969,0.03297272343062266,9047
0.7278253,0.01034837676060262,9048
0.3491916,0.005421238120480437,9049
0.79943997,0.006657001318694288,9050
0.8786222,0.014876873038591976,9051
0.31665528,0.10626708109623889,9052
0.5178844,0.04796468018070167,9053
0.62203246,0.11625969796777072,9054
0.45512363,0.009804396079266857,9055
0.33104596,0.01543072406853389,9056
0.82304657,0.8400017344274188,9057
0.50098133,8.141393477494541e-05,9058
0.5196581,6.19708197687112e-06,9059
0.18645689,0.20135029497848436,9060
0.6156817,0.003218022507896815,9061
0.3064989,0.14972603151312616,9062
0.40067977,4.29837834557419e-05,9063
0.10902727,0.010605818003592758,9064
0.57152706,0.16478381552850258,9065
0.16810891,0.02111727377761193,9066
0.6354068,0.10510424196378994,9067
0.30337036,0.3989765468874957,9068
0.3163656,0.03938703092045597,9069
0.53832495,0.004851082481993435,9070
0.30046493,0.12650829612892905,9071
0.49622908,0.010765088889843318,9072
0.91746926,0.008300638470687483,9073
0.6401981,0.10414529717212273,9074
0.435714,0.0016744830415829765,9075
0.62666196,0.03984025917152165,9076
0.37876135,0.15745462188068368,9077
0.4936632,0.319595039405984,9078
0.6260103,0.2837109683076962,9079
0.7015362,2.0225946174628214e-05,9080
0.66927147,0.04391486506488617,9081
0.50174415,0.039815177229333254,9082
0.7138847,0.09041714008570255,9083
0.5720966,0.016399266147277346,9084
0.19815183,0.001656245330253032,9085
0.4772872,0.4137210732301358,9086
0.31570983,0.00022070389121943917,9087
0.7379749,0.006970278003368168,9088
0.5414452,0.1478120668676736,9089
0.69384944,0.0006366414764240112,9090
0.4936611,0.045011904492988315,9091
0.34265614,0.08671252858516927,9092
0.32886752,0.0967598840391836,9093
0.37731755,0.22282900651202187,9094
0.3026567,0.04779021302298567,9095
0.13082343,0.004235032330211135,9096
0.74690706,0.0008227014798059242,9097
0.40373832,0.0008710663294878945,9098
0.6323252,0.0004177316816206512,9099
0.6691926,0.37450518809116384,9100
0.7396127,0.09678805528948908,9101
0.5292385,0.05622743274096041,9102
0.54920727,0.00010089608766107496,9103
0.017906576,0.07699220762520911,9104
0.4272593,0.003023593562834228,9105
0.46774855,0.10330414407283332,9106
0.71881056,0.18889640699712792,9107
0.85610986,0.04031486708270813,9108
0.25934666,0.03757346281999028,9109
0.46326172,0.0004491210374166493,9110
0.610571,0.2500142288242047,9111
0.4053132,0.0369198893331407,9112
0.22113687,0.3070513765023589,9113
0.98101485,0.010642331338532535,9114
0.3314041,0.003692959059097374,9115
0.53335655,0.28519521380912644,9116
0.3428402,0.11472042596120756,9117
0.6387982,0.002814908087717382,9118
0.28355348,0.022705487650816786,9119
0.6509862,0.22157998378166066,9120
0.9524766,0.10845766043113625,9121
0.5433733,0.0143294051223594,9122
0.772925,0.05880812244769456,9123
0.8745729,0.0036247604871024147,9124
0.28490204,0.013993722425742317,9125
0.25190634,0.040347685757182956,9126
0.3840276,0.13463708535748567,9127
0.5970706,0.08471891326765682,9128
0.5659585,0.03307532320745455,9129
0.49443105,0.005295842375980343,9130
0.6071606,0.0639780416821982,9131
0.46855694,0.6011757306723805,9132
0.719654,0.0008571864243511864,9133
0.2129451,0.21765198227884267,9134
0.43317902,0.0041525598271352025,9135
0.8473618,0.013911055000961793,9136
0.47236505,0.028839220626683697,9137
0.31989968,0.27689064306165206,9138
0.20367801,0.4715486635361603,9139
0.5203908,0.000793553230029364,9140
0.122844964,0.2981581294195085,9141
0.3021017,0.075195437352967,9142
0.580703,0.008201222417754355,9143
0.39493173,0.2556784537964211,9144
0.5369682,0.11486275221909586,9145
0.43662232,0.06600239523709593,9146
0.8255233,0.8989968831954271,9147
0.35807377,0.09109145421690172,9148
0.81573004,0.029132512973952352,9149
0.54881,0.11266825313993394,9150
0.37077773,0.26399024556179884,9151
0.44257966,0.6991967706230364,9152
0.72704077,0.6072229220519267,9153
0.7871621,0.011690552923024943,9154
0.19798228,0.2236588529649371,9155
0.5011696,0.007189615058341338,9156
0.22179356,0.07570564939158902,9157
0.030062258,0.0004260052090256459,9158
0.42191538,0.00042759067736092786,9159
0.45451236,0.052843739955610945,9160
0.46162784,0.007899838955108566,9161
0.5790944,0.4635158965220236,9162
0.85856104,0.01811015997190859,9163
0.303096,0.340641588160414,9164
0.50007725,0.14388066248369638,9165
0.74457985,0.13329332848729303,9166
0.38679987,0.44210352798053904,9167
0.84266484,0.12233382239642332,9168
0.53521645,0.4935672620055783,9169
0.5452389,0.12463715038868381,9170
0.0512484,0.17242884400159497,9171
0.40139896,0.36029476681871647,9172
0.7692294,0.001257999448242503,9173
0.7100515,0.020441440666730374,9174
0.40536943,0.019783300136695714,9175
0.32687563,0.4536584521479372,9176
0.6169725,0.10759864314243768,9177
0.57543755,0.016287355305111106,9178
0.54094833,0.15935433089930856,9179
0.44787547,0.006733003700085731,9180
0.7129532,0.2853732520864748,9181
0.23518515,0.12106389254319735,9182
0.32656896,0.0004206519900503911,9183
0.831089,0.0249227664212329,9184
0.6903099,0.7366946602942791,9185
0.93501496,0.37105964584355805,9186
0.48009178,0.3807914212810309,9187
0.19297957,0.07334051196035765,9188
0.24370202,0.4420104640712282,9189
0.66693306,0.061692927302014706,9190
0.50345886,0.1300201910847398,9191
0.2847182,0.22697940686275891,9192
0.7828592,0.165857270936981,9193
0.53352857,0.03306911055795745,9194
0.1994066,0.5725416310125861,9195
0.57970744,0.09031768177200325,9196
0.31934315,0.0016197648236525774,9197
0.40802136,0.004070877011202409,9198
0.49599132,0.023170052771585944,9199
0.07430303,0.04672666112741954,9200
0.53187454,0.0352496031652914,9201
0.45725486,0.0976420955006616,9202
0.106915414,0.12771881125375428,9203
0.34290707,0.1431168375156163,9204
0.44691658,0.017797831644512006,9205
0.33598274,0.5045883502501529,9206
0.60240066,0.302375794354987,9207
0.43485057,0.012169014647561004,9208
0.5773106,0.0014244285879457708,9209
0.43638423,0.24574046322487814,9210
0.5995602,0.5513203979537704,9211
0.089318216,0.33117370738581026,9212
0.25084174,0.1400866681866244,9213
0.82002044,0.05658398860170306,9214
0.74211526,0.011923228727255536,9215
0.4542931,0.027989542493737952,9216
0.38261378,0.050677468904113725,9217
0.51177245,0.06930947589949427,9218
0.93779993,0.14662460855462983,9219
0.4580309,0.20415124942834204,9220
0.74257725,0.1828600751478339,9221
0.575278,0.04514382788376765,9222
0.05959618,0.0018050727933352456,9223
0.4033209,0.018760034594427724,9224
0.5816387,0.017216764580150666,9225
0.05591309,1.7266798476573221e-06,9226
0.29796106,0.0043112732755344165,9227
0.43642506,0.0004646095029487844,9228
0.35655868,0.0013708743953046907,9229
0.5630003,0.5146852419829123,9230
0.49541995,0.8675135426280332,9231
0.3400075,0.18872936708450325,9232
0.5128586,0.08768604067543037,9233
0.57716733,0.03511276240955265,9234
0.77692145,9.57261274345028e-05,9235
0.5901159,0.026487799202965377,9236
0.52609026,0.09791574358185928,9237
0.7186113,0.04295709838776194,9238
0.4685033,0.41042474310610133,9239
0.6612566,1.7214867193951917e-11,9240
0.5256643,0.19089832311589167,9241
0.7182013,0.8662050489627913,9242
0.5812087,0.23502849552315186,9243
0.60545444,0.5974035087480845,9244
0.16669351,0.16803942951697404,9245
0.27647722,0.12590970245415245,9246
0.4795788,0.0545249108833358,9247
0.51872826,0.017960661584547104,9248
0.47494972,0.28365100755885747,9249
0.9268106,0.3834565611430326,9250
0.66150284,0.1379723944817842,9251
0.6880454,0.03772182873019926,9252
0.6787894,0.41285663766554337,9253
0.3488912,0.023519912473319842,9254
0.79894215,0.009460046857715471,9255
0.3536443,0.011432146901204896,9256
0.75804114,0.004402193600992372,9257
0.30370456,0.7194260128893782,9258
0.11783776,0.4159929396281795,9259
0.71039796,0.005878183899239783,9260
0.7113004,0.1063695802117914,9261
0.61745834,0.0009934675852132176,9262
0.63409853,0.09193815975537639,9263
0.29410666,0.020682852623619744,9264
0.32084966,0.01824953048502934,9265
0.26924723,0.01775225327073983,9266
0.1488162,0.004270468689808739,9267
0.76029545,0.005754416872940085,9268
0.6644326,0.025512901263885304,9269
0.72745764,0.3221814011647279,9270
0.49427032,0.017400180459844213,9271
0.3751963,0.05601906167265638,9272
0.3372978,0.009360280279178266,9273
0.7044254,0.13032995085654162,9274
0.143276,0.000100274200602792,9275
0.4839062,0.11104798065001888,9276
0.46465665,0.17922518267677717,9277
0.20210934,0.1484258245967316,9278
0.11355454,8.42488255967843e-05,9279
0.5220293,0.003700815843719337,9280
0.23204592,0.013602854784240562,9281
0.80691946,0.2608914718930474,9282
0.19620013,0.4432674196303692,9283
0.39225116,0.03564658251481654,9284
0.45471764,0.2653119378174868,9285
0.3630407,1.495482439427388e-07,9286
0.5061221,0.06082256222738869,9287
0.56301486,0.04709929309802719,9288
0.7366996,0.20962060560127596,9289
0.28431028,0.0013211743938708028,9290
0.48688823,0.07830621131403802,9291
0.109634936,0.023527122988049674,9292
0.14640191,0.12010473440164605,9293
0.30396587,0.056803461369131704,9294
0.13227734,0.019403484703611987,9295
0.8236331,0.02496306472807409,9296
0.48303497,0.14302133109254717,9297
0.85380924,0.002615098028337101,9298
0.30868036,0.19065730366131017,9299
0.57126904,0.08138747395711793,9300
0.5097427,0.017729108875549338,9301
0.6381097,0.03849457943507011,9302
0.5973511,0.012201818523432524,9303
0.549172,0.1926338712270028,9304
0.47681904,0.3707804293899024,9305
0.46987593,0.23361286634212564,9306
0.589587,0.018005738158918205,9307
0.65729046,0.002543719665750708,9308
0.84757924,0.1859250308475323,9309
0.0281384,0.0906482422508162,9310
0.5568814,0.015980026593228194,9311
0.41795996,0.002223294113099177,9312
0.10547373,0.592986464539854,9313
0.24491206,3.6580043150569702e-06,9314
0.16305247,0.042920969049370594,9315
0.29177395,0.24901528875959794,9316
0.6173773,0.08020063532002332,9317
0.84177816,0.11697070262145867,9318
0.31663948,0.2131116749553597,9319
0.40142184,0.010180760670156483,9320
0.5761941,0.42462502376513567,9321
0.6035059,0.08617530497316608,9322
0.48312783,0.021900961242086004,9323
0.67555094,0.009607567273792129,9324
0.48015824,0.08476220115690794,9325
0.4613427,0.06343961367405938,9326
0.24515724,0.08132791008868931,9327
0.7535809,0.0781308472225844,9328
0.5583942,0.18778807310792187,9329
0.58735263,0.04149395787672713,9330
0.49657425,0.00208716698894421,9331
0.3645864,0.22025786774999723,9332
0.3589977,0.04519685596994565,9333
0.79532784,0.0031067479155017807,9334
0.6890437,0.8346133434426503,9335
0.50245315,0.023284833667215857,9336
0.4373194,0.03726320006069008,9337
0.6604528,0.1873373499914883,9338
0.6473826,0.07356828695239288,9339
0.4075628,0.24679055784714277,9340
0.44040766,0.015553162642646183,9341
0.5617988,0.09051191990148882,9342
0.6621051,0.4922651304076977,9343
0.10606387,0.0070002048720229386,9344
0.35337394,0.1042580681791943,9345
0.79629064,0.1778366311706674,9346
0.6467801,0.3432593694972539,9347
0.7485769,0.26973104764681644,9348
0.44421774,0.003993025305399755,9349
0.16618493,0.008152250037271064,9350
0.66130537,0.0011605157439748377,9351
0.48545116,0.04332533022563647,9352
0.43498728,0.9425361241487514,9353
0.31799886,0.007569044234486406,9354
0.48518866,0.04512292149432396,9355
0.34186757,0.13419234216668713,9356
0.5509062,1.740584023477384e-05,9357
0.5384879,0.1510125246905833,9358
0.51464844,0.011312329925735483,9359
0.9051281,0.03605516066175512,9360
0.73047566,0.5516559172168318,9361
0.4535682,0.02317105100360471,9362
0.6041065,0.13608139118102877,9363
0.7494335,0.02094488568691647,9364
0.16990736,5.7996237442780164e-05,9365
0.20732108,0.23622055193661856,9366
0.47216555,0.0188801741334856,9367
0.59014523,0.36815375455287463,9368
0.40611434,0.07094132362928002,9369
0.60918975,0.0008696407422052022,9370
0.6724032,0.967017813811386,9371
0.5804916,0.02948152702525514,9372
0.76340234,0.3354988962652552,9373
0.1951274,0.0014815324198587364,9374
0.47570232,0.005021371172647069,9375
0.55817986,0.01915589019973959,9376
0.75528085,0.18021785509445717,9377
0.3874155,0.39469991881287375,9378
0.44213048,0.01167736060435116,9379
0.39606225,0.04893906125190422,9380
0.37738478,0.2229292363740417,9381
0.6370636,0.04828347038476116,9382
0.3707211,0.015695836182673534,9383
0.5450205,0.5174006478467486,9384
0.73945874,0.7759813274255158,9385
0.534205,0.4132312974923473,9386
0.43058297,0.11111091959953535,9387
0.66800714,0.00022817978481154213,9388
0.41910416,0.12785445887912464,9389
0.544355,0.35204157655462204,9390
0.5561355,0.07655722132118359,9391
0.17024526,0.14998673828674378,9392
0.20185173,0.04234139752454832,9393
0.3324861,0.16952635643763095,9394
0.31541097,0.012943952570208441,9395
0.36387694,0.13069342702523265,9396
0.76867276,0.1351796978339604,9397
0.37612012,0.05879246440751389,9398
0.5495815,0.6940685820743732,9399
0.4764887,0.0037737873364116293,9400
0.89606476,0.31706820143429637,9401
0.7570685,0.06078322424847519,9402
0.5528136,0.20058300672726584,9403
0.6854666,0.016329811334676852,9404
0.20905995,0.012696116726209796,9405
0.37608418,0.32335979734260195,9406
0.5329612,0.14949678764708726,9407
0.6142509,0.021762280170285725,9408
0.44187266,0.2962122624013675,9409
0.45477635,0.2724136915980158,9410
0.7038794,0.9040283370654212,9411
0.5293672,0.12333660282132082,9412
0.5877194,0.03924345661584178,9413
0.623418,0.0286474388191304,9414
0.36967242,0.005376525227198244,9415
0.4599501,0.010965438945789966,9416
0.37313968,0.5719190450484228,9417
0.2738104,0.06784370653120272,9418
0.5430145,0.14837685668035058,9419
0.68333733,0.006424393475409679,9420
0.5152589,0.19519870762178806,9421
0.27044815,0.04256866941291558,9422
0.3157163,0.012089556416305323,9423
0.8161994,0.6695907406580904,9424
0.6860989,0.057524638808657436,9425
0.12351614,0.0036303832382817976,9426
0.48819134,0.0942355162517845,9427
0.41774973,0.02290659977172235,9428
0.5226438,0.1183938284563202,9429
0.6191405,0.01394616868883208,9430
0.8441793,0.009548535679652883,9431
0.2488625,0.009128375977185193,9432
0.25079215,0.026618005625924437,9433
0.25283873,0.04711625301120613,9434
0.2990855,0.0362924111996533,9435
0.5372895,0.0005532392463446289,9436
0.7057369,0.3449983946888673,9437
0.7415209,0.13168232654509957,9438
0.5993034,0.06247546140119838,9439
0.61196214,0.06407846059934844,9440
0.8671544,0.21357667385751172,9441
0.48186824,0.9646042076485283,9442
0.150291,0.017285533155125266,9443
0.2736537,0.5109681273411473,9444
0.37229654,0.007000643399643691,9445
0.52268785,0.2142356920774596,9446
0.4979992,0.5379815161573215,9447
0.3385829,0.019764812690201247,9448
0.44154632,0.0008394204842499995,9449
0.81470203,0.037659349940086496,9450
0.42689654,0.20298179908322328,9451
0.5322064,0.039065612198277914,9452
0.66716474,0.05685639570319665,9453
0.91158545,0.021768420592415776,9454
0.82372737,0.054367623277004735,9455
0.3898184,0.01802471905672536,9456
0.20535764,0.07182372298421896,9457
0.96430355,0.0013444314240032454,9458
0.74667144,0.13137572526024757,9459
0.75664663,0.8935994185314481,9460
0.8500879,0.26959070738927754,9461
0.54318345,0.15646364713502964,9462
0.71384716,0.27216565113488334,9463
0.59217125,0.022726978521651762,9464
0.89170617,0.04502832082106334,9465
0.8049858,0.21743986589159978,9466
0.42828816,0.22015762054440885,9467
0.026756316,4.879590601459043e-06,9468
0.6615054,0.0028040457076360325,9469
0.7028117,7.428376316085516e-06,9470
0.46149534,0.5468201776417037,9471
0.7818078,0.1930707121297023,9472
0.62491834,0.04328629893305518,9473
0.38137722,0.2918083318253834,9474
0.49541393,0.14564123078932983,9475
0.84159803,0.005618930994603929,9476
0.3082484,0.024167832897571264,9477
0.68379813,0.001188516787322137,9478
0.30064225,0.4176024527658059,9479
0.41250893,0.050717537925254096,9480
0.28326178,0.1318050024602574,9481
0.67692816,0.015551808140626084,9482
0.6049496,0.007716529644350327,9483
0.39203864,0.04348881432176987,9484
0.2505255,0.24477543754505288,9485
0.6738463,0.08114792840952764,9486
0.7841494,0.14490500410138696,9487
0.55396515,0.28675197605213704,9488
0.42238402,0.0011038551640065166,9489
0.6552527,0.02758197887976804,9490
0.6965924,0.024925937038784696,9491
0.8361443,0.2690923315434934,9492
0.8187745,0.5544662958039727,9493
0.8066076,0.4231428245478233,9494
0.54595256,0.08716204112533872,9495
0.5437158,0.5934446342091104,9496
0.41515002,0.07405798354323509,9497
0.28736937,0.017978892754646168,9498
0.55579525,0.5384891056408453,9499
0.7218771,0.12120453803372488,9500
0.6380925,0.10499940442670759,9501
0.6241086,0.35752029632315,9502
0.82522416,0.02409712051871579,9503
0.9093486,0.042734165122948996,9504
0.28987604,5.367024351804402e-10,9505
0.6572845,0.06833450916784457,9506
0.63198525,0.00899857574491328,9507
0.4419423,0.11943895111833726,9508
0.14571318,0.04414650917838119,9509
0.5709667,0.11101115633924767,9510
0.81674635,0.014868277824768497,9511
0.4711791,0.06064313487246767,9512
0.3893176,0.0660619932592936,9513
0.65812826,0.23430574726737233,9514
0.61101234,0.02385031319265405,9515
0.759189,0.239688906667054,9516
0.46608853,0.13938200345025895,9517
0.35049897,0.06658312883491736,9518
0.37126786,0.32198711579068406,9519
0.56049794,0.6949749693595446,9520
0.77871776,0.005308981017928986,9521
0.1599774,0.2658175875567484,9522
0.63985586,0.038250407373323074,9523
0.15974867,0.00041284641594642804,9524
0.32852426,0.4308006738230205,9525
0.5988684,0.014198329995132528,9526
0.42778373,0.05520507466698946,9527
0.36480343,0.0016997112642572836,9528
0.65515876,0.3539624001070166,9529
0.34723735,0.003371725709070814,9530
0.43768546,0.0009546540395278143,9531
0.1785622,0.014459173610193861,9532
0.18336824,0.10631932019380577,9533
0.6957984,0.18534407962567986,9534
0.21124676,0.01644891521085016,9535
0.73430127,0.06765266909789555,9536
0.3697415,0.07510146921397454,9537
0.40424722,0.10111271895140914,9538
0.45823613,1.4739782840633096e-05,9539
0.64868385,0.00047280644310102726,9540
0.40634787,0.010635033774016265,9541
0.65360326,0.009230509175801793,9542
0.52283144,0.22005204544681162,9543
0.4320868,0.0008657937779188456,9544
0.75245535,0.4125489931178977,9545
0.56187606,0.02766991475036239,9546
0.6237277,0.01766357704060823,9547
0.71829796,0.3074245657045533,9548
0.4152574,0.007533450534581102,9549
0.773203,0.056441864635587265,9550
0.4858819,0.13864673611323242,9551
0.7292912,0.5133617741466949,9552
0.55352974,0.13563659000179124,9553
0.5837787,0.009949464556490114,9554
0.42468968,0.0113379265107846,9555
0.8096603,0.012957526392080298,9556
0.44977015,0.2985270350736354,9557
0.6570585,0.03990885920499286,9558
0.41074798,0.18296550291561947,9559
0.7787388,0.15663602268459526,9560
0.28677365,0.02894913167698204,9561
0.69109464,0.016294759010911854,9562
0.44089007,0.049246551821669746,9563
0.31135678,0.04910683832088631,9564
0.5470839,0.15668660526858122,9565
0.65907115,0.5018126799483581,9566
0.14320275,0.460339959394924,9567
0.49241573,0.005503233660911456,9568
0.34572935,0.243512693138618,9569
0.4823051,0.0011399018100507812,9570
0.8396001,0.048764081458171425,9571
0.39731973,0.00023450764238087515,9572
0.4336103,0.05141204475698017,9573
0.6389437,0.006311522290337146,9574
0.78831637,0.0032582164125312322,9575
0.39853725,0.1546634863664601,9576
0.2971055,0.0003059611242334339,9577
0.5919827,1.831750418071361e-07,9578
0.305219,0.12555021973324595,9579
0.28558043,0.036575556360017844,9580
0.39069209,0.10522206328066505,9581
0.81426346,0.02369173113247059,9582
0.58605754,0.0787864481390768,9583
0.6535016,0.024399488699964333,9584
0.3783788,0.06207009728107511,9585
0.7338639,0.1389677107569373,9586
0.6181531,0.029420795579377518,9587
0.29483062,0.1292384685660801,9588
0.3432454,0.4423613400142307,9589
0.78877413,0.08141730449699172,9590
0.6424807,0.14190003407231272,9591
0.67502,0.3553209285145777,9592
0.8063648,0.0770888511425567,9593
0.6260784,0.01716581621448825,9594
0.54175115,0.04488711731869171,9595
0.38827568,0.12876104433336333,9596
0.8324353,0.07676215683615607,9597
0.21281451,0.011291380106682257,9598
0.7663655,0.02629444070593967,9599
0.4090883,0.011600779498737236,9600
0.48890293,0.28717543222966146,9601
0.52713686,0.15504787008495755,9602
0.5043038,0.2347006363425358,9603
0.17960599,0.26864446443751167,9604
0.7506819,0.10378359728479393,9605
0.47828767,0.33477743231185997,9606
0.5918515,0.742304908065579,9607
0.23152962,0.011446837102877689,9608
0.36080968,0.18377248714078284,9609
0.5016618,0.4298323922262079,9610
0.41668636,2.6761651368471254e-07,9611
0.36145425,0.12406425086273115,9612
0.6925773,0.02393643043908523,9613
0.49033883,0.013398629638423917,9614
0.19033903,0.17028425337226358,9615
0.20340216,0.1940805104032499,9616
0.47235316,0.3595249142038198,9617
0.4033536,0.02129881780238411,9618
0.22078672,0.0013689814493889495,9619
0.77564925,0.12449992366697421,9620
0.50414264,0.1392811429419682,9621
0.7313739,0.19614704791496515,9622
0.2469368,0.0332733089704562,9623
0.3743037,7.998578529371782e-07,9624
0.5523721,0.6112582237399888,9625
0.39586186,0.2053615278499882,9626
0.6737389,0.39820153381803064,9627
0.30189484,0.09136916690154272,9628
0.49172667,0.33338422842219034,9629
0.2744378,0.10604320839185369,9630
0.34959286,0.001337222009085386,9631
0.78977764,0.26008083346612537,9632
0.4573511,0.1226109746420256,9633
0.21396655,6.11187684040425e-05,9634
0.5031285,0.25623329239887377,9635
0.53611296,0.02483925798460441,9636
0.7634319,0.6947312803928944,9637
0.5941845,0.22074195724269458,9638
0.46053696,0.03983058634133419,9639
0.7167717,0.19652988338275243,9640
0.3678288,0.0005508251697694638,9641
0.3929671,0.16322363397398298,9642
0.4984098,0.043778012267277254,9643
0.39256012,0.019875572297679674,9644
0.8364003,0.02811318604259049,9645
0.53449225,0.004437785227344515,9646
0.67657894,0.4452930897432571,9647
0.5361595,0.035638387870642274,9648
0.408424,0.05995651358894954,9649
0.22967768,0.07438080014895604,9650
0.06848574,0.021374086441383708,9651
0.627789,0.15554897612360272,9652
0.6780086,0.3098105238248959,9653
0.3275658,0.09616991294978013,9654
0.2251015,0.12010094038135923,9655
0.7285378,0.08008105087117695,9656
0.7647202,0.01642794364769457,9657
0.5625498,0.031905907647912346,9658
0.4166857,0.3397157457083152,9659
0.8016188,0.10229000936594486,9660
0.21756482,0.009625974028539652,9661
0.7527783,0.47915955076189387,9662
0.36630625,0.3039158539033081,9663
0.105786115,0.05680630486900777,9664
0.27105665,0.011538859609976007,9665
0.58263546,0.3368308274578425,9666
0.82813513,0.014804896206690336,9667
0.58642787,0.32203124530844396,9668
0.53041095,0.0030213807436557604,9669
0.38120052,0.24603084304412262,9670
0.30319065,0.20313613623648838,9671
0.45909688,0.026416168947814303,9672
0.09136897,0.06331999130154028,9673
0.41171476,0.27945761440718875,9674
0.33942407,0.007839266789136424,9675
0.5868093,0.03934119304346948,9676
0.5512074,0.11023913819934285,9677
0.52726454,0.4010521438057285,9678
0.9927095,0.022884504666184805,9679
0.8323233,0.05379969754462906,9680
0.76097685,0.014397095299782378,9681
0.8080816,0.11510704141430138,9682
0.83233774,0.41992808258939546,9683
0.47833467,0.1621692739434175,9684
0.45724487,0.32043985298869165,9685
0.6240937,0.14350412220443565,9686
0.3684557,0.6577573588108734,9687
0.76062465,0.12964328468649386,9688
0.6417377,0.12373827227924765,9689
0.9435086,0.31886458402897405,9690
0.6341376,0.13575561942687384,9691
0.4275475,0.020009853543229743,9692
0.16056052,0.07188119694531565,9693
0.19900069,0.011530061153750945,9694
0.6718113,0.05908428765790107,9695
0.15841854,0.0001221309339279326,9696
0.42190033,0.4667370490507846,9697
0.62811667,0.5851112797962613,9698
0.35936853,0.01084502711673117,9699
0.40164402,0.00022520947122847,9700
0.9809737,0.3730708154824948,9701
0.7613373,0.4619529999214802,9702
0.56306255,0.016493529985911602,9703
0.24051318,0.0003484930396775834,9704
0.796381,0.0002724898960441241,9705
0.6676669,5.2013632490534634e-08,9706
0.7114186,0.31304067814763836,9707
0.53672,0.6069799064097863,9708
0.42149192,0.34050978615806415,9709
0.96200085,9.370165073611853e-05,9710
0.30812925,0.12013236536267285,9711
0.358195,0.001284451168234595,9712
0.5971151,0.0007619360706807686,9713
0.5864854,0.8731406632743749,9714
0.59154516,0.008129053202545002,9715
0.49500427,9.506785035535135e-06,9716
0.53122276,0.17563440253207227,9717
0.10877934,0.1724862681115636,9718
0.115305424,0.04504699125630449,9719
0.18503994,0.6695939173160294,9720
0.32019955,0.13853106160541104,9721
0.38107038,0.22585267112942353,9722
0.4111132,0.07693646630958358,9723
0.44395363,0.08557843377746888,9724
0.54280686,0.42117392867604403,9725
0.6990812,0.3144384266937233,9726
0.67641544,0.06887674458025117,9727
0.73722035,0.0020510016828233124,9728
0.22319186,0.016294329505288113,9729
0.47553247,0.025627493670830934,9730
0.24380687,0.20145057238772837,9731
0.7123336,0.0071560434869679815,9732
0.15530777,0.015856458700154435,9733
0.6291148,0.003723273591879256,9734
0.30624372,0.0019785303712188495,9735
0.8165123,0.00017479518884713476,9736
0.0836643,0.06094093930067692,9737
0.73621047,0.04701934070015162,9738
0.09855881,1.1364904699202582e-05,9739
0.7140733,0.027905785729923735,9740
0.37199003,0.12588072802706954,9741
0.23852983,0.07760224510834202,9742
0.49022675,0.02291432876329039,9743
0.69812965,0.26376202040776753,9744
0.12659582,0.00013183826261223746,9745
0.7254882,0.12077818180206105,9746
0.4784945,0.159477880022239,9747
0.16537878,0.020560337152354814,9748
0.9964754,0.2988390381929701,9749
0.40937433,0.35387148896056553,9750
0.5010148,0.08884265300418419,9751
0.48660192,0.043839859615254606,9752
0.5623462,0.09103786071069836,9753
0.607472,0.08452279056450954,9754
0.5388557,0.10512770146830863,9755
0.57211035,0.0014800926100858815,9756
0.55461925,0.0014777048431463585,9757
0.6366188,0.20574043591145275,9758
0.49553367,0.5215483148365768,9759
0.46475986,0.00645078446510368,9760
0.26594394,0.12116276729530649,9761
0.68361884,0.00934986689027024,9762
0.32081914,0.15105665538565333,9763
0.5237937,0.2314622787235816,9764
0.678602,0.25107730698205794,9765
0.7773342,0.46297316938906685,9766
0.72483504,0.05725015343853119,9767
0.7262069,0.158405872453774,9768
0.40216774,0.09114538777795926,9769
0.053602457,0.051526266023743876,9770
0.20682144,0.06766316977145308,9771
0.35277042,0.010580162045412234,9772
0.6580167,0.05259141591141745,9773
0.6042786,0.007148233123949083,9774
0.59614444,0.058354415644372624,9775
0.43499064,0.07348065990629563,9776
0.44012648,0.01980928365743272,9777
0.25470954,0.05900976370573524,9778
0.30396786,0.05738182210774802,9779
0.63355565,0.4786171345019599,9780
0.3278566,0.007943784117340421,9781
0.39862767,0.2252211086810307,9782
0.51422197,3.72183542078081e-05,9783
0.7191599,0.002370310849984026,9784
0.33549878,0.680145933586761,9785
0.8002975,0.03550615899731734,9786
0.40455493,0.019182236401642357,9787
0.72030294,0.006368884239451428,9788
0.173955,3.4856160377896644e-06,9789
0.057689786,0.1107909063922193,9790
0.5997175,0.000837034441921293,9791
0.7581833,0.09627482516230736,9792
0.42940766,0.00019801840504827753,9793
0.30913863,0.25788830045037914,9794
0.51199675,0.030843443951803346,9795
0.17761505,0.021470261171168382,9796
0.59162205,0.7300781477309567,9797
0.19507006,0.004691217222278017,9798
0.81417453,0.09886211129096452,9799
0.6577099,0.26553693466133294,9800
0.11511311,0.021586652036801334,9801
0.7517848,0.021633079728420695,9802
0.5592778,0.13251929265264747,9803
0.59510607,0.05855446382131593,9804
0.2635467,0.06924286604719711,9805
0.58116496,0.04045728342157837,9806
0.22300872,0.4289673395997108,9807
0.008434504,0.03542064428655134,9808
0.38180625,0.021428582192235698,9809
0.5998225,0.15198656486374318,9810
0.7910156,0.1385871568645882,9811
0.23607156,0.01292607485635158,9812
0.13390028,0.008311990354285769,9813
0.3841041,0.09333862572883284,9814
0.05630794,0.009558874031972397,9815
0.7801086,0.9214992224197113,9816
0.65059304,0.02857690500116529,9817
0.3008749,0.030844409068945762,9818
0.4727496,0.0030365953016919904,9819
0.7611304,0.008672028455240137,9820
0.890373,0.2936348901929469,9821
0.28121525,0.3665598428556703,9822
0.34167194,0.9092398213566175,9823
0.31812793,0.04774218691731151,9824
0.3369605,0.0424397358009579,9825
0.658107,0.2904856396286048,9826
0.37257224,0.0002911784581823052,9827
0.5374989,0.2683347302558254,9828
0.070569396,0.10016825964253996,9829
0.7859132,0.03235566177083924,9830
0.33060563,0.03056433993193694,9831
0.34325624,7.181629844481253e-08,9832
0.8276111,0.08426751625815172,9833
0.7125385,0.009969424653423042,9834
0.5136015,0.018058726341503677,9835
0.43033123,0.004291790993257031,9836
0.6150267,0.1469801032997771,9837
0.8244523,0.29293147284105786,9838
0.6809422,0.03293897601302529,9839
0.6613603,0.023199432685579825,9840
0.6337609,0.4435624120383916,9841
0.6224315,0.9746877885860599,9842
0.8467847,0.000540112453300755,9843
0.65115297,0.062161880419828834,9844
0.27373,0.28294285633292887,9845
0.7246239,0.41409041366312876,9846
0.6187029,0.033228122192766676,9847
0.27103913,0.633523526762801,9848
0.3655736,0.5358523035843961,9849
0.56055295,0.005120692684463995,9850
0.51014274,0.26065569183999454,9851
0.5057189,0.017404395689348248,9852
0.24663585,0.2300411025023823,9853
0.2532847,0.45335119282954756,9854
0.80835724,0.06984781147160367,9855
0.53335667,0.5890885374296186,9856
0.6816775,0.2199737697200533,9857
0.6982304,0.14701553545716967,9858
0.56192744,0.1359984516984561,9859
0.18069768,0.01055518860064118,9860
0.60588866,0.0867178243199853,9861
0.3927051,0.049126315359359414,9862
0.49933222,0.013731501507805765,9863
0.71761405,0.010605014318240022,9864
0.5065872,0.023791627520451646,9865
0.3467291,0.22943594285723537,9866
0.30457938,0.09843685689622432,9867
0.6872565,0.10657960386518522,9868
0.6100494,9.514703259670591e-05,9869
0.8163831,0.002188436806505286,9870
0.56366646,0.07125146893982817,9871
0.4479857,0.00523342730713046,9872
0.7488945,0.10735375357565165,9873
0.406781,0.007780158419694632,9874
0.6001499,0.0002170935820808432,9875
0.47667456,0.02198685736995172,9876
0.5149327,1.3902659841212206e-05,9877
0.42381144,0.14902404951685508,9878
0.35711873,0.3840201067187431,9879
0.3303909,0.06337228266902918,9880
0.8653312,0.10832074476080229,9881
0.46581918,0.23438147267546633,9882
0.36473024,0.001283749262150504,9883
0.58862543,0.7387988477646869,9884
0.56180555,0.40248317453358906,9885
0.3977249,0.03817389774774213,9886
0.5714813,0.0363323145099363,9887
0.6106864,0.0016727755774190503,9888
0.21621704,0.12120419520529063,9889
0.75392413,0.02086928776163749,9890
0.1466578,0.07725655411653189,9891
0.863163,0.005219311039491538,9892
0.4744747,0.272901999055573,9893
0.4130808,0.0005339716447631319,9894
0.52125025,0.06840620277065788,9895
0.38222992,0.1578977572243564,9896
0.24423376,0.5003453154787595,9897
0.6845731,0.05823834413580234,9898
0.2995035,0.06096243575004362,9899
0.8338357,0.12985481641869562,9900
0.38134143,0.04310945615809214,9901
0.53210974,0.015095636617973994,9902
0.29815838,0.0005063237111280766,9903
0.4055637,2.4418525817586503e-06,9904
0.6007725,0.06720270422131151,9905
0.22421464,0.17064459258325734,9906
0.11891243,0.0010591989654026473,9907
0.31454223,0.007447961810897964,9908
0.3950202,0.017184168797237415,9909
0.7684546,2.913540432462293e-05,9910
0.31552035,0.25439225957813394,9911
0.7935723,0.025028539286696773,9912
0.57599324,0.1586743551210026,9913
0.22077039,0.0729348885420298,9914
0.83897907,0.021636993552581363,9915
0.33449998,0.0035451078259666514,9916
0.6469806,0.005513200187100813,9917
0.8369543,0.4367508119829259,9918
0.52703327,0.010215435881488317,9919
0.19712767,0.6273685865265728,9920
0.07560456,0.0030155379870513747,9921
0.43678,0.49183483352111,9922
0.43433324,0.43902640934104836,9923
0.5196564,0.04182890918303506,9924
0.25450712,0.1195385253895582,9925
0.40449426,0.21929658561050638,9926
0.7156359,0.11499574716884117,9927
0.35801208,0.17705481826725214,9928
0.610758,0.1655505131837729,9929
0.39946318,0.042933819170521165,9930
0.2948764,0.2387291471017244,9931
0.84461445,0.05719358430181188,9932
0.33614764,0.011671627929426191,9933
0.92049605,0.7526080127028275,9934
0.83308375,0.5034747659973975,9935
0.6585108,3.4828921673407536e-05,9936
0.506469,0.014117422571411171,9937
0.39891985,0.5493526353657305,9938
0.6437502,0.021187247701682618,9939
0.2999626,0.002753048948162567,9940
0.28576213,0.16705018800345456,9941
0.8580441,0.04536743402559572,9942
0.5990525,0.08077654218387191,9943
0.53622025,0.27916457876193496,9944
0.023549974,0.09850265553122656,9945
0.6311311,0.30033007672719647,9946
0.5795224,0.06599364061562536,9947
0.28185436,0.0029711070029135953,9948
0.80415225,0.02571820185546391,9949
0.50607497,0.4934934186826732,9950
0.19842076,0.043093950735018365,9951
0.22319436,0.00027278101611443036,9952
0.17425582,0.30313763927900317,9953
0.5566914,0.0005154143903214059,9954
0.13402799,0.03366559296461054,9955
0.40577936,0.003660131148395501,9956
0.31343132,0.03313728490964546,9957
0.82921624,0.15806533935532863,9958
0.6575381,0.19580140246207087,9959
0.74911577,0.3383946210301429,9960
0.3678065,0.027340871129442463,9961
0.55532366,0.021597106856363416,9962
0.68184316,0.24866551160730183,9963
0.20179033,0.022928415859511338,9964
0.45405883,0.02346807713170278,9965
0.16724363,0.1079160275451108,9966
0.096511275,0.007178660352934436,9967
0.85200024,0.00028460035444918586,9968
0.41740718,0.0013471369024975097,9969
0.5970209,0.06535403587342589,9970
0.5610472,0.2568193085495179,9971
0.28540814,0.09260190359294963,9972
0.41480094,0.22993056711842216,9973
0.32767916,0.08498260454625059,9974
0.4667489,0.00012997262972166333,9975
0.5251389,0.011321388266009466,9976
0.57359743,0.006562487514029993,9977
0.24803168,0.6862710467863052,9978
0.66871333,0.0030909749610481393,9979
0.57079506,0.0007684450534578728,9980
0.2525593,0.06671147541171231,9981
0.77615345,0.003160723595381975,9982
0.31106323,0.7841435008387129,9983
0.45867956,0.01587293018925296,9984
0.9341531,0.08473291635820206,9985
0.21713102,0.07166524462088758,9986
0.70073456,0.020671041809526215,9987
0.45232952,0.04919986040148113,9988
0.37755808,0.1562358908667189,9989
0.35633984,0.7614054868883211,9990
0.06291327,0.035703308994244426,9991
0.28437468,0.005182519491083761,9992
0.6399399,0.610625233123041,9993
0.80557525,0.05950771839758929,9994
0.49279764,0.0654572732494961,9995
0.59928983,0.005418866353395277,9996
0.18499303,0.0020398959983472507,9997
0.89955676,0.017338991837801004,9998
0.4084187,0.0028768382635722986,9999
0.6162965,0.033005924440683676,10000
0.37819314,0.008777247084164589,10001
0.06488216,0.010450919744752974,10002
0.37396938,0.10454822082023416,10003
0.30248863,0.6245896904686322,10004
0.7686516,0.027341424188801165,10005
0.09835249,0.10315187069987522,10006
0.58210206,0.02760837151146959,10007
0.48899382,0.025743398687745996,10008
0.6373458,0.018689337749106312,10009
0.86964047,0.036497203860558346,10010
0.40864474,0.020220583640822434,10011
0.2619692,0.06669620421602555,10012
0.5353397,0.01884058100205971,10013
0.4307278,0.9340554598816531,10014
0.6917363,0.0017413754017883173,10015
0.6803739,0.061470683712084896,10016
0.59614575,0.04641946842646139,10017
0.5903322,0.03304480458582369,10018
0.09089637,0.24229559535492906,10019
0.4810608,0.0001358523323683353,10020
0.54614556,0.002623677700809804,10021
0.6002226,0.3425160280705448,10022
0.41244584,0.004523435113579754,10023
0.23245153,0.008528692268540364,10024
0.31942362,0.3010393120695567,10025
0.21030366,0.0001264649532757987,10026
0.5434889,0.020207827681161496,10027
0.6983037,0.08126177442794312,10028
0.4174984,0.48609974853194926,10029
0.79082656,0.13348856395585834,10030
0.76420784,0.15763968492226857,10031
0.5829951,0.04238341814978211,10032
0.28368014,0.774891045653861,10033
0.19285771,0.11157709468042216,10034
0.22280943,1.0460048363732103e-06,10035
0.8361131,0.006790419868376328,10036
0.48765022,0.09129133392861723,10037
0.5200673,0.26757518178100326,10038
0.4300888,0.34478411560140837,10039
0.9870376,0.10514878756282528,10040
0.42680046,0.0005920149194754828,10041
0.6689767,0.5259384635816191,10042
0.3575415,0.15290735194325855,10043
0.28055704,0.015440146792332092,10044
0.43894213,0.2281877204756394,10045
0.48255688,0.28560697813014335,10046
0.26612312,0.7969696205517552,10047
0.6047929,0.5295480098842963,10048
0.69136953,0.041934229482025555,10049
0.58379054,0.00417150770344987,10050
0.4525755,0.06537995706638933,10051
0.43756428,0.24477950305246357,10052
0.33659127,0.049716676636974405,10053
0.6282437,0.8894982898412505,10054
0.44873422,0.5097748074073283,10055
0.10728863,0.003509782643472886,10056
0.64212203,0.26775129507588447,10057
0.6745772,0.08605008302217215,10058
0.45505735,0.24283593556987187,10059
0.50628775,0.10292921360733713,10060
0.94226307,0.043804966828856234,10061
0.30588293,0.01734784527960659,10062
0.1629377,0.03876178318122833,10063
0.73107105,0.14913559162271234,10064
0.5232381,0.06323128750092483,10065
0.45202702,0.0016643157895654848,10066
0.010275155,0.31027968319277927,10067
0.6703946,0.09622728069178459,10068
0.44292733,0.06266944919738951,10069
0.68722355,0.006938813437593117,10070
0.39216012,0.2560644374584993,10071
0.5397318,0.10805166077031203,10072
0.78343284,0.001168499436231534,10073
0.5609661,0.0942564828431475,10074
0.23420644,0.17300219582864426,10075
0.23700386,0.006770077496596423,10076
0.30992517,0.3921955886407607,10077
0.4210765,0.14368882214663775,10078
0.4250153,0.48712433363358476,10079
0.4140122,0.009225181767060131,10080
0.68329954,8.4631003055204e-06,10081
0.09209868,0.0007412165402781964,10082
0.5800744,0.41204456344980706,10083
0.27940226,0.26435879029318077,10084
0.22469237,0.04825928552395434,10085
0.51194954,0.05924242196862939,10086
0.7012752,0.20093210019274488,10087
0.3422705,0.02108276410717017,10088
0.8153364,0.0809493566392067,10089
0.44556937,0.09187539982691242,10090
0.6249811,0.38659881888401454,10091
0.57861865,0.0004866261590571216,10092
0.14158985,0.0006168128424710103,10093
0.7572657,0.03759665362564345,10094
0.456105,0.05385269074040605,10095
0.54227024,0.005045080349997913,10096
0.58046395,0.13153697820507346,10097
0.73670286,0.0036098938017109458,10098
0.22038558,0.7385912086648354,10099
0.65874124,0.013473369751286662,10100
0.8626481,0.010646767785742965,10101
0.46279934,0.00026210072574977573,10102
0.4237627,0.1360493430990525,10103
0.1297094,0.04964744252260589,10104
0.087433875,0.01870500942354405,10105
0.5088534,0.02210535458643727,10106
0.4964788,0.11775022367025999,10107
0.47436288,0.0016388929043120763,10108
0.26085457,0.02103355113910746,10109
0.57251126,0.04940351256015432,10110
0.27035612,0.13225112063413488,10111
0.46769777,0.05668798075047848,10112
0.51132804,0.00012786449391617396,10113
0.2976644,0.271840759043211,10114
0.4474445,0.20937984842765717,10115
0.54937375,0.08891142252167544,10116
0.69303334,0.017643531678542893,10117
0.66069305,0.005230486764550561,10118
0.42474073,0.12410676955776195,10119
0.3382488,0.0016480150878963689,10120
0.71285677,0.20336917881864525,10121
0.60718447,0.003766766107883946,10122
0.45455158,0.31098074747139054,10123
0.5350033,0.06830806467680069,10124
0.3146422,0.21539844676574593,10125
0.288959,0.01836439257638204,10126
0.13431525,0.07195940627895259,10127
0.675872,0.021258145320911415,10128
0.49232605,0.17547391171384266,10129
0.37596992,0.06954855860345192,10130
0.45250505,0.014471957520690765,10131
0.32252425,0.35087231967920246,10132
0.5455626,3.1548772332153496e-05,10133
0.6675328,0.2395411951958768,10134
0.3021837,0.01886690476481496,10135
0.65191793,0.0036843873858476944,10136
0.5588174,0.01966458077866015,10137
0.43714496,0.029520518833881456,10138
0.18080133,0.12102122868234622,10139
0.8602567,1.8901482248258983e-05,10140
0.63738835,0.03538451900637702,10141
0.5893575,0.004583095322232457,10142
0.7875684,0.4324782491425069,10143
0.48036218,0.16495542951427483,10144
0.47059828,0.036790226728322224,10145
0.5153181,0.07188927319420585,10146
0.9642043,0.017303327586261293,10147
0.72564125,0.7581302063353514,10148
0.82230055,0.020236517893521273,10149
0.61750734,0.06839465913014404,10150
0.13501957,0.02871905950515212,10151
0.5528228,0.02056023358999543,10152
0.63824576,0.008340024561165267,10153
0.6062574,0.16344010999843592,10154
0.7799658,0.09507029953587302,10155
0.078620106,0.027546761721459756,10156
0.6137321,0.03632900120419699,10157
0.35597515,0.17314934069514207,10158
0.37071463,0.5226517289371491,10159
0.17102855,0.02205632636634529,10160
0.4905764,0.11600343393341263,10161
0.7085754,0.016572248120552528,10162
0.7413404,0.46666839115010783,10163
0.2072007,0.20415631824065597,10164
0.7020552,0.07700200031974982,10165
0.28811085,0.2598997527354767,10166
0.50394243,0.0542813983617502,10167
0.84987515,0.006481294027686932,10168
0.44150352,0.09861387565500693,10169
0.37881,0.1866902439156288,10170
0.18022999,2.5679238774001862e-05,10171
0.30571845,0.09903932433683087,10172
0.09114048,0.5355246168734658,10173
0.4933085,0.18147847485313087,10174
0.48461702,0.042746065518087316,10175
0.47715688,0.04710765796972425,10176
0.48432365,0.04781934107655752,10177
0.73031056,5.3251872947941596e-05,10178
0.42701498,0.2082112109531572,10179
0.91629076,0.008325354615854007,10180
0.36094028,0.11590915516454643,10181
0.15260863,0.0016257839828133663,10182
0.5246233,0.02820436576536643,10183
0.6089842,0.2591422550367632,10184
0.018624365,0.08371260876430349,10185
0.9480853,0.0440199976746659,10186
0.59429806,0.009000575093438093,10187
0.68768966,0.22338510498059677,10188
0.3019517,0.0023750013288875225,10189
0.74342334,0.6694714476873309,10190
0.3927083,0.13557478743519585,10191
0.40822923,0.0003376104962925396,10192
0.006716132,0.00012961052246470163,10193
0.7859648,0.006009469352681673,10194
0.9763135,0.07017958954218405,10195
0.21979088,0.044267310469691575,10196
0.34547535,0.19232175213660646,10197
0.49879742,0.07396819469986013,10198
0.67584944,0.022592648283040754,10199
0.4853206,0.0452672778687001,10200
0.86730874,0.4286944365546979,10201
0.13447788,0.35140587195207973,10202
0.7333601,0.9941373458117833,10203
0.34395075,0.0018916901961652675,10204
0.498361,0.020996809774744093,10205
0.6798274,9.563732953903227e-06,10206
0.72013414,0.016071090244455653,10207
0.24115503,0.4573801686191886,10208
0.3192652,0.7244786256138382,10209
0.6971862,0.22839426084344455,10210
0.6185803,0.6311076632351819,10211
0.569801,0.19023466099953648,10212
0.33437026,0.6460320382237058,10213
0.6839566,0.03883814208409626,10214
0.291861,0.05824672511943508,10215
0.7227686,0.09913991955787306,10216
0.8064046,0.18309152919384922,10217
0.6551328,0.0022241046732223483,10218
0.5623082,0.00041545552307989804,10219
0.9081498,0.001245093782882627,10220
0.25625533,0.7186712813158449,10221
0.2903155,0.2115589796406161,10222
0.35288364,0.0012772831468289608,10223
0.6246597,0.23000427934217127,10224
0.2893111,0.12446205006891407,10225
0.6619114,0.2094394093087243,10226
0.28348064,0.0008479163676404764,10227
0.25759104,0.021128627856579613,10228
0.28850585,0.0010341861531730724,10229
0.59047526,0.2259288384276572,10230
0.035381943,1.893574677512912e-05,10231
0.52798504,0.21793611016124162,10232
0.5299153,0.024480956639919088,10233
0.91239655,0.0675376529581381,10234
0.44132197,0.08646983316970559,10235
0.27701494,0.0127185088141373,10236
0.5318988,0.09490561599877287,10237
0.788195,0.00010665288533765545,10238
0.32485205,0.030067686605434393,10239
0.5659468,0.2540547481414643,10240
0.345927,0.29581490096939755,10241
0.5008412,0.00022804237698249817,10242
0.25554174,0.6263812725286938,10243
0.14608938,0.0008241188348286258,10244
0.7547387,0.027741964023790807,10245
0.37166604,0.18666979499373235,10246
0.43561935,0.03131237170225955,10247
0.52595115,0.0028176610447704824,10248
0.5430712,0.09792671981932664,10249
0.23673362,0.0806874233621326,10250
0.17086864,0.12378886705375218,10251
0.46682525,0.17171237893846933,10252
0.5877928,0.0952661420551087,10253
0.75012684,0.076805628142792,10254
0.39010412,0.22836039216203044,10255
0.14396217,0.0004345570846585558,10256
0.2280033,0.018081587210391967,10257
0.43545824,0.011232496994357499,10258
0.28204784,0.3416274878095613,10259
0.8106464,0.008019962061620714,10260
0.65493786,0.05361026582625875,10261
0.49641913,0.20716502445055987,10262
0.5020915,0.05892716875645729,10263
0.3480317,0.0033342905915611804,10264
0.20331621,0.16847944791790928,10265
0.89375126,0.06310091296589221,10266
0.6115142,0.0002737295920527477,10267
0.5176707,0.022828871249141083,10268
0.53291374,0.014543516430700164,10269
0.6899788,0.6293568234754815,10270
0.4524647,0.00025185631813289216,10271
0.6407012,0.00235147961941088,10272
0.721977,0.0007291831185085086,10273
0.55517006,0.2420815880064629,10274
0.10124922,0.03535151186782082,10275
0.64786416,0.0032275601007280695,10276
0.56739676,0.05116916482040316,10277
0.40329048,0.044709318450839024,10278
0.4996,0.0728672535165736,10279
0.2531579,0.011101537141753836,10280
0.16865653,0.00658188109862186,10281
0.7383975,0.4124724156324815,10282
0.17318052,0.05342852792846645,10283
0.24663612,0.1451227249321889,10284
0.39417684,0.40836229366109256,10285
0.5719631,0.014972411492403895,10286
0.7589558,0.001192130218422855,10287
0.4621546,0.2290784257703969,10288
0.41961983,0.033421574551807005,10289
0.54130644,0.32873627037204567,10290
0.41998446,0.1357503406012167,10291
0.9120429,0.0056047057207505545,10292
0.7143244,0.0438792303432254,10293
0.12959898,0.051335672832061086,10294
0.3965261,0.08725474805573331,10295
0.12424177,0.3262154612969743,10296
0.740865,0.0005856208780325143,10297
0.5461902,0.015427843299104379,10298
0.2089588,0.29769442748415187,10299
0.28981832,0.3568346934055546,10300
0.59143156,0.00957331731521189,10301
0.5607009,0.6734441900916277,10302
0.86891377,0.046536076168664384,10303
0.55696505,0.0021723331538660027,10304
0.4208826,0.05589850255660855,10305
0.77599007,0.15685981866527157,10306
0.47783238,0.010256664260944268,10307
0.36084324,0.041394161286407966,10308
0.28702396,0.004773011088849547,10309
0.5091396,0.59985816411059,10310
0.49290413,0.0477272615035003,10311
0.54231316,0.10034654526669988,10312
0.9780101,0.0006246379323115653,10313
0.63163185,0.021277843338802307,10314
0.07115385,0.4182006202775441,10315
0.7475246,0.010005538612623105,10316
0.36963013,0.025254383609313435,10317
0.67441434,0.04501606349283888,10318
0.40191692,0.0054688635412478434,10319
0.7536259,0.008055200762125594,10320
0.2898535,0.06724277295722342,10321
0.334954,0.24673195955766924,10322
0.3401327,0.049210683175770965,10323
0.79952526,0.13444006182630616,10324
0.44315013,0.011530866525538263,10325
0.21750307,0.008758648437569976,10326
0.08961457,0.02815659724174194,10327
0.6423103,0.1048525527884499,10328
0.57891387,0.00307112480613878,10329
0.23488238,0.000947633302177921,10330
0.21956933,0.7482628145309934,10331
0.46709844,0.7744055765541761,10332
0.65510964,0.001991546083940249,10333
0.5309739,0.03196980630532937,10334
0.67723703,0.02087852495228043,10335
0.7766776,0.07184913036248433,10336
0.6822616,0.046081748253384854,10337
0.031469285,0.01179615293407302,10338
0.79528105,0.025823392726489033,10339
0.3698897,0.00807270949012206,10340
0.57604575,0.01919728863942827,10341
0.34702665,0.17550157915274964,10342
0.21631283,0.027795663145322388,10343
0.09342897,0.18394540030217213,10344
0.419424,0.05666558972302566,10345
0.16807252,0.19748539787297686,10346
0.7253951,0.43442959355336275,10347
0.060823917,0.5362548398349883,10348
0.294662,0.2721285495100039,10349
0.31695426,0.18254892583868274,10350
0.35269904,0.007562371528273177,10351
0.31197298,0.05058234609677099,10352
0.5377794,0.1354730190941278,10353
0.69358385,0.244234927677542,10354
0.6635985,0.05082115741466965,10355
0.72885036,0.009983381823882346,10356
0.567348,0.0020185600741866303,10357
0.02042231,0.0005639611661513104,10358
0.43631342,0.05674029386329634,10359
0.7541567,0.6877625356938033,10360
0.34112692,0.021942090319387982,10361
0.46259972,0.12699765266578814,10362
0.9917104,0.04146737602785903,10363
0.41252178,0.13887965843238573,10364
0.78872526,0.009819202185528756,10365
0.53583723,0.5961670397800776,10366
0.76347464,0.6213103252454211,10367
0.16408989,0.040724181099942,10368
0.7712702,0.00021462673349444526,10369
0.91200745,0.18562534973388292,10370
0.7473743,0.8281521502070194,10371
0.6640688,0.028896217267588717,10372
0.6341845,0.007396507939494696,10373
0.61676,0.004651733782549315,10374
0.443874,0.03915446392311249,10375
0.17884296,0.02324897704451046,10376
0.6750081,0.20362945026871232,10377
0.461147,0.1752380956443083,10378
0.42805547,0.001191229528963965,10379
0.5831184,0.16581984771548805,10380
0.7495773,0.17743868796589665,10381
0.3660545,0.12981557279750489,10382
0.32988045,0.009712760637189892,10383
0.44257304,0.11387873157555031,10384
0.86707366,0.010438923655829394,10385
0.4360212,2.900912787326018e-07,10386
0.42140794,4.869808157555368e-10,10387
0.33184722,0.0975684871029856,10388
0.30039507,0.1592173920358454,10389
0.48401952,0.23081604588657448,10390
0.28097,0.03788723555147035,10391
0.41870055,0.2883439030889882,10392
0.62756985,0.35952934211433973,10393
0.47884044,0.23731530290141273,10394
0.3600474,0.7445630770178363,10395
0.32123047,0.003093729397114935,10396
0.49297878,0.010604738554380181,10397
0.3717711,0.5624228445954151,10398
0.32482436,0.08152477689312818,10399
0.29859072,0.00039717481359105106,10400
0.37225538,0.0033996394029905735,10401
0.4432428,0.023040641595719398,10402
0.31525278,0.11343094028198901,10403
0.786577,0.008314881842506661,10404
0.618505,0.2069883491862598,10405
0.27544984,0.021026296430629903,10406
0.5202605,0.22091230677562382,10407
0.7261131,0.8626183246531862,10408
0.14000127,0.6512252458082505,10409
0.67392755,0.32022301218919746,10410
0.71907014,0.0012449491910293807,10411
0.6720343,0.010822369773476403,10412
0.72933805,0.17140744053597595,10413
0.1674237,0.14683165224722453,10414
0.32912183,0.3233747240832457,10415
0.96772873,0.00036289466324166265,10416
0.36765283,0.004096118785390348,10417
0.43715146,0.0019683921854650893,10418
0.6886579,0.0025677590597633013,10419
0.4946748,0.03795075612129451,10420
0.5298849,0.25148795731352536,10421
0.7665934,0.30313958733320245,10422
0.65744174,0.021178100174172317,10423
0.37008196,0.05205005537238425,10424
0.23134324,0.015657102654759752,10425
0.65089744,0.010227767932912076,10426
0.38174796,0.05623326926195305,10427
0.8482809,0.31395135830019605,10428
0.9065136,0.1817993401654514,10429
0.8967984,0.21644280841831168,10430
0.62767345,0.04177911601369065,10431
0.9368222,0.0800529517959344,10432
0.46519652,0.024693604838272,10433
0.7509923,0.7061353063823675,10434
0.7849314,0.022532611345346974,10435
0.32340622,0.0017517444123053396,10436
0.79298574,0.07194072560265373,10437
0.9728437,0.05736907682388784,10438
0.38794306,0.015712515686447746,10439
0.5152354,0.06869661264527475,10440
0.3883968,0.0016833223054943383,10441
0.5053134,0.5539920010670749,10442
0.65368223,0.15144743695102314,10443
0.19073457,0.9274410722096341,10444
0.7363107,0.16287126474606586,10445
0.533206,0.12475281876628629,10446
0.40290433,0.008730545437473931,10447
0.8966363,0.16446543275224204,10448
0.6075201,0.021736361515750733,10449
0.45249704,0.24775910485744582,10450
0.721357,0.6929517386669858,10451
0.4524709,0.029419203554149797,10452
0.7078667,0.14884936889555067,10453
0.47497112,0.39929956314250126,10454
0.57187116,0.08235899048924605,10455
0.67466164,0.20186562687233975,10456
0.64740485,1.6918357595378127e-05,10457
0.23967767,0.2588658672060717,10458
0.47994962,0.10565103438506425,10459
0.775447,0.19552785109145715,10460
0.6751362,0.17945271783700104,10461
0.6405134,0.1395072989317505,10462
0.7100315,0.07939359068822541,10463
0.4473131,0.13255260056957008,10464
0.4734341,0.0026122207802528235,10465
0.328691,0.2748320214236645,10466
0.624547,0.03847527202630289,10467
0.13545495,0.06154502213805096,10468
0.5505583,0.016358735787804793,10469
0.37383437,0.1643364735444905,10470
0.13140139,0.006829290655196946,10471
0.38966832,0.0003940775569551977,10472
0.21195367,0.011208348020306595,10473
0.6739251,0.08850656060473767,10474
0.18784675,0.02082065820008397,10475
0.5399847,0.009269849184011908,10476
0.3615526,0.1691595517512277,10477
0.3609413,0.0026002564223101803,10478
0.33426738,0.13072271000988328,10479
0.7524258,0.48327983170534544,10480
0.63390756,0.0007836379149751511,10481
0.590979,0.6678262682901879,10482
0.4649785,0.007959935460322736,10483
0.7317606,0.09125324757667605,10484
0.61289394,0.1971333998549789,10485
0.8130543,0.07982531022043174,10486
0.6916968,0.06477120637050976,10487
0.5333281,0.08509907143998172,10488
0.6975581,0.18065468221832007,10489
0.12571335,0.2161979359406769,10490
0.60451436,0.8619155841564181,10491
0.6370941,0.0030218831313851098,10492
0.3196309,0.08336765777889736,10493
0.81605464,0.4071036748233558,10494
0.3040266,0.04675792672146733,10495
0.73369044,0.12641253571584452,10496
0.9914533,0.034093803945608216,10497
0.56044644,0.15257322282321836,10498
0.5140345,0.042807253926485815,10499
0.40107262,0.0491513480014415,10500
0.35242712,0.0034875097603881055,10501
0.7507018,0.0022736280850966985,10502
0.38552684,0.32452584091614606,10503
0.7111434,0.8444164629044504,10504
0.946152,0.5027805666126044,10505
0.534426,0.04318272083096485,10506
0.44085094,0.04193723429311847,10507
0.6831719,0.20400472915630619,10508
0.4719217,0.029565838571173956,10509
0.6761762,0.8735606796230087,10510
0.15759909,0.9165718373164192,10511
0.50294334,0.272896237739937,10512
0.12364641,0.042781142431534434,10513
0.21751642,0.6381560896852037,10514
0.60683346,0.05379277322101436,10515
0.42922625,0.061858899765870605,10516
0.5815808,0.41188641118052105,10517
0.48440504,0.07978231691560331,10518
0.698274,0.008867808198591934,10519
0.50755006,0.13588449183146573,10520
0.51587534,0.001423991608864307,10521
0.38944286,0.004420805548284593,10522
0.09603527,0.07990339408438485,10523
0.788218,0.5174287200478593,10524
0.34738016,0.011347385659815034,10525
0.2086466,0.3950973209697866,10526
0.4494693,0.027807626705765937,10527
0.32003093,0.016205095510182028,10528
0.6597018,0.07447762625937501,10529
0.46927053,1.4617628601177879e-05,10530
0.14864111,0.2811509841812427,10531
0.48278898,0.002691926174044763,10532
0.38766405,0.07425177773969695,10533
0.41863382,0.09857310079014305,10534
0.8667088,0.06805169710261935,10535
0.5455414,0.005949798896609923,10536
0.4003181,0.0002795957773245717,10537
0.46656254,0.17193125952013458,10538
0.6680869,0.03931092681805698,10539
0.48621798,0.17158515533646496,10540
0.20271963,0.04749351466866365,10541
0.81827945,0.10385860099492025,10542
0.59942937,0.03677481753711812,10543
0.2815692,0.15216144330243558,10544
0.3338965,0.00258809656043361,10545
0.29258093,0.29261291464841177,10546
0.7853776,0.3388561678690737,10547
0.27526644,0.33855109826114016,10548
0.25183707,0.007598343714463287,10549
0.35693276,0.02226835314572074,10550
0.36482435,0.005690873981403984,10551
0.26224065,0.27320315472600654,10552
0.35400903,0.1659096988800244,10553
0.41671222,0.007269940364725134,10554
0.8722081,0.044895627588759014,10555
0.40734503,0.04190497415830849,10556
0.5489754,0.13793780042948292,10557
0.8341627,0.023836258949139863,10558
0.093177766,0.008250375948145986,10559
0.25275105,0.20756306728140098,10560
0.85658795,0.016451795441751273,10561
0.3918064,0.407729578696596,10562
0.6208704,0.3444658321701036,10563
0.30359674,0.4002875459828639,10564
0.40023836,0.08388312533889965,10565
0.6152897,0.38197881482258667,10566
0.47294867,0.027525536449699326,10567
0.14186656,0.037486524286183695,10568
0.39961356,0.02986480299027058,10569
0.74999493,0.01333336179249238,10570
0.7095896,0.0587856470200734,10571
0.45469946,0.12623339656350804,10572
0.6370746,0.2976971179508914,10573
0.38728914,0.11586341041623027,10574
0.63981223,0.34849820633249096,10575
0.32829207,0.45985167960991014,10576
0.403228,0.34178028898060386,10577
0.41311342,0.17379263113196786,10578
0.5575491,0.49630092548716687,10579
0.40404242,0.02695855910355745,10580
0.481951,0.5539329078480932,10581
0.6120448,0.23775944618586245,10582
0.38654518,0.43382875255383935,10583
0.28484824,0.013933251313716024,10584
0.46693143,0.07501996016238552,10585
0.63654095,0.0435432412477286,10586
0.35859343,0.18391895001018488,10587
0.37761986,0.04016311513469581,10588
0.5333568,2.1553816498843985e-05,10589
0.61098975,0.14932839231572187,10590
0.056707084,0.2896291562253577,10591
0.7182797,0.5263620688058721,10592
0.41580194,0.007510492749116029,10593
0.3738213,0.23412353547987697,10594
0.57572526,0.7607521470044126,10595
0.7315312,0.5647271661058205,10596
0.7743581,0.07336571571666158,10597
0.38243753,0.03824803597293118,10598
0.52540565,0.2831536167950227,10599
0.23895967,0.1697461705418426,10600
0.60136604,0.09625974415946395,10601
0.24041536,0.04913161471309576,10602
0.42705804,0.28019566605122287,10603
0.48439637,0.39341949220885525,10604
0.52003044,0.7473580539341345,10605
0.046094358,0.17064294676729264,10606
0.9477028,0.007309175836177596,10607
0.37465775,0.011990558034139873,10608
0.43465543,0.00021976791333207184,10609
0.6574033,0.055160692231617695,10610
0.7411705,0.032876280248901206,10611
0.23082548,0.5712921102135088,10612
0.5526722,0.302987277833522,10613
0.37622964,0.030868956976578463,10614
0.7933066,0.030055026736761026,10615
0.6046529,0.01771753937906349,10616
0.24565315,0.12817213925141407,10617
0.42188847,0.027647341272626115,10618
0.5086312,0.13734585509232486,10619
0.5669317,0.04054785168020162,10620
0.51096404,0.07104766579364095,10621
0.6325734,0.5475379420052361,10622
0.2702996,0.03475279172731966,10623
0.50741434,0.02764936197355599,10624
0.7284867,0.3615698547054166,10625
0.75737333,0.012520563563519662,10626
0.6149437,0.007750256583005219,10627
0.54922277,0.20248527258835794,10628
0.031487703,0.179829812817465,10629
0.26470417,0.011519385576665047,10630
0.5211121,0.10751043110416027,10631
0.35697305,0.0009345698904330406,10632
0.8190807,0.0003282941231121454,10633
0.37406537,0.13833080631763547,10634
0.22752514,0.34123282892120316,10635
0.6194735,0.2950493425029799,10636
0.73779845,0.0031640588366316927,10637
0.70844454,0.03542546243074644,10638
0.5786834,0.07242231430309276,10639
0.2975276,0.002771241072237292,10640
0.5443133,0.019927942641183412,10641
0.43165714,0.060395496848396936,10642
0.6423322,0.08732209585399885,10643
0.60574913,0.10761960707591472,10644
0.84825146,0.045280194936068593,10645
0.725251,0.03620192774982457,10646
0.85765123,0.004061448201150525,10647
0.5366965,0.002836907729754941,10648
0.49919486,0.3130703136670856,10649
0.32292587,0.3859096162043621,10650
0.34685117,0.002951621621187487,10651
0.9053489,0.07014178968229733,10652
0.17119703,0.07492581512115813,10653
0.64107573,0.4426932740530199,10654
0.66099995,0.059080044796388675,10655
0.6954208,0.9508363184773538,10656
0.36661166,0.10259212235193108,10657
0.6347763,0.4898381880074745,10658
0.6760277,0.05397490520497369,10659
0.94949126,0.2936894833246794,10660
0.279943,0.012057404315538301,10661
0.11479068,0.04904994533556338,10662
0.40593404,0.19844453414360666,10663
0.39212465,0.21997147231367606,10664
0.38455495,8.255791141746632e-09,10665
0.18948352,0.008082820934695591,10666
0.80324423,0.08202155874275667,10667
0.6122868,0.028264453583050374,10668
0.4601012,0.01314021900875079,10669
0.75491774,0.236688237439845,10670
0.04421085,0.07307596281442093,10671
0.5876919,0.17537031717402327,10672
0.36946344,0.025972099361506695,10673
0.4280949,0.1365281422542999,10674
0.7896186,0.14629062466911805,10675
0.6162951,0.030996116739598577,10676
0.35831913,0.027781699721530193,10677
0.57283425,0.007265379681478865,10678
0.42873874,0.26832877474596006,10679
0.2308738,0.12978613303093908,10680
0.77065295,0.21870986048604965,10681
0.6178317,0.07911420881232052,10682
0.14051816,0.03540984174996169,10683
0.5510658,0.0027998572770390954,10684
0.14246628,0.3734334350424765,10685
0.3219328,0.0014064207055424832,10686
0.23637849,0.226978622838726,10687
0.30422115,0.003834299221268904,10688
0.3039288,0.27864338281734713,10689
0.23999673,0.2051575887586017,10690
0.48366052,0.6208254395012548,10691
0.76276684,2.972327713211455e-06,10692
0.82628,0.13636248148360378,10693
0.48920044,0.23818161400111212,10694
0.8328991,0.00016745484615923622,10695
0.71672386,0.06683652863109858,10696
0.5116593,0.014743709679483965,10697
0.58173907,0.05978931169581732,10698
0.3171783,0.005678312169031346,10699
0.4484258,0.050457538894067344,10700
0.5712609,0.0021721904153482775,10701
0.8456309,0.09900207848926863,10702
0.1023103,0.0021429584828912517,10703
0.6162853,0.03244628219263853,10704
0.79128367,0.005891932638775484,10705
0.5899571,0.09043628668354299,10706
0.9614154,0.05543041190726263,10707
0.3747062,0.011530946226082158,10708
0.08617079,0.05025487358984105,10709
0.5407375,0.19538522724336593,10710
0.34006324,0.6830516917270493,10711
0.26020038,0.01463136184662179,10712
0.6861571,0.04998919531408205,10713
0.6250533,0.009806290504096957,10714
0.27037,0.021583275343812963,10715
0.36949044,0.40260053108287525,10716
0.30067095,0.003286376861649545,10717
0.41544184,0.342862015424382,10718
0.80537134,0.12388193825171706,10719
0.96885836,0.01108999540145581,10720
0.6677895,0.8035183545374195,10721
0.53201205,0.0027144404566649813,10722
0.3561085,0.28552017545388936,10723
0.5291081,0.012373709671411343,10724
0.43377715,0.0010491387704172296,10725
0.4080952,0.18726023840136474,10726
0.2712083,0.7104434219645994,10727
0.7896904,0.009486177884648565,10728
0.29238638,0.07799306935755007,10729
0.6445502,0.2469392707098529,10730
0.55674255,0.20710968234143087,10731
0.3093732,0.01842957420501578,10732
0.84582293,1.972053563273177e-05,10733
0.84587353,0.12303716941437402,10734
0.74814415,0.0028574769808779846,10735
0.12889457,0.023686030229028807,10736
0.5599091,0.033831244358120044,10737
0.2942499,0.680709832473972,10738
0.715328,0.035590646495866525,10739
0.6009122,0.4406941523074086,10740
0.5658738,0.003624804513339985,10741
0.66901535,0.041134567862319955,10742
0.76976705,0.29589150997394664,10743
0.5432869,0.24341435715134543,10744
0.2182455,0.05809714838156918,10745
0.12740466,0.1355478886072118,10746
0.24594066,0.9314284853746698,10747
0.6756705,0.051238058424785064,10748
0.68172884,0.08098583489424623,10749
0.08686447,0.06818352842435389,10750
0.26464415,0.12864306033288445,10751
0.3244673,0.050934341835222996,10752
0.4587141,0.05939416102529831,10753
0.25589782,0.07106889605772544,10754
0.4211955,0.006452005597742067,10755
0.52861345,0.0035039555022734195,10756
0.548158,0.5336686777991033,10757
0.50361234,0.02352095062800037,10758
0.30534998,0.06494236840332002,10759
0.6127007,0.03012692520034096,10760
0.39797756,0.0011648090913672854,10761
0.5045402,0.029365265343970787,10762
0.45458108,0.5587858004958738,10763
0.4195803,0.1928226430800574,10764
0.075751096,0.09767012592843591,10765
0.7509614,0.7560946428172204,10766
0.25774318,0.034699818351957616,10767
0.12729454,0.01570103850807564,10768
0.19532135,0.037150263554392673,10769
0.41723603,0.6181452726302629,10770
0.5275438,0.70419789148768,10771
0.4096563,0.008161322545955129,10772
0.4964371,0.7118719442707118,10773
0.66509,0.46387494201492974,10774
0.3996328,0.860903616633116,10775
0.06648162,0.005685306209012049,10776
0.57553715,0.06492341543976074,10777
0.15526247,0.11155247177932213,10778
0.2702058,0.2256085188582383,10779
0.51780045,0.03055803142892772,10780
0.36257702,0.15220733612454582,10781
0.84954077,0.04898927840357911,10782
0.17147958,0.10482092580886522,10783
0.698187,0.08728246352188457,10784
0.59717214,0.00010708767768986382,10785
0.39618057,0.014180882309896177,10786
0.10478383,0.04967405378124655,10787
0.52505594,0.0017251316620350277,10788
0.2515638,0.11239943727303375,10789
0.42439365,0.1750568406127709,10790
0.043170005,0.4938660891586669,10791
0.30738738,0.02205872125200462,10792
0.69615304,0.6969848039964847,10793
0.8614218,0.3072591319689337,10794
0.72120035,0.04319822761053092,10795
0.48696515,0.008859591605095286,10796
0.4993371,0.1813518908941726,10797
0.26536083,0.08036381611402474,10798
0.5820811,0.010651110762959694,10799
0.40369725,0.7351113800557133,10800
0.67585075,0.03896458419650093,10801
0.1009258,0.5004105641305866,10802
0.87615705,0.1425232779704758,10803
0.8958445,0.6834956962691959,10804
0.24146259,0.24018807020188412,10805
0.42010114,0.02078572968329375,10806
0.61410785,0.04367378047081026,10807
0.6433898,0.042052533130615036,10808
0.63905454,0.178785313752951,10809
0.73795235,0.03989616221702231,10810
0.46581876,0.03568382824541003,10811
0.362972,0.008143792636091426,10812
0.4008046,0.00021539296876215493,10813
0.06547138,0.0007265397140928593,10814
0.6612333,0.008503731543307008,10815
0.56622684,0.23862477462471282,10816
0.3029344,0.14828881333341934,10817
0.7586845,0.032471488279082826,10818
0.73923075,0.03532378235267294,10819
0.2604574,0.037582009301223664,10820
0.74838895,0.08790311310349758,10821
0.19934803,0.06458184082076628,10822
0.72204936,0.18881253173163326,10823
0.95952785,0.03198101984179971,10824
0.30487287,0.013607679637523368,10825
0.36421514,0.011923779310506947,10826
0.5974605,0.005271753305752995,10827
0.2783255,0.00348207946535531,10828
0.60076743,0.712049898575558,10829
0.2671017,0.034371142748363004,10830
0.25237572,0.006796033193958342,10831
0.8727684,0.04451450860334988,10832
0.5247852,0.041963710120707286,10833
0.062315464,0.28911245361814925,10834
0.59421206,0.012836982097711887,10835
0.17184335,0.007687925650168889,10836
0.5252228,0.3033908675995876,10837
0.5211473,0.06191842160792367,10838
0.41831213,0.6593666338978926,10839
0.3072589,0.009769046796145077,10840
0.735977,0.007649930312127798,10841
0.6326103,0.10092811918092334,10842
0.4509262,0.0008944836312587556,10843
0.3711632,0.028196785654632257,10844
0.5135206,0.03674415374136064,10845
0.88922143,0.01678403004605987,10846
0.14671752,0.25284889698711954,10847
0.8306942,0.03113934238060933,10848
0.4865073,0.03853307090233442,10849
0.57616544,0.008134134171846908,10850
0.289273,0.08751961600427449,10851
0.22792548,0.03763541710183781,10852
0.41818714,0.05214730539568617,10853
0.8992283,0.024780974721944862,10854
0.82565737,0.005976997395029283,10855
0.46004984,0.0012326734696352067,10856
0.42696077,0.0677318338010313,10857
0.42974573,0.1484622591148783,10858
0.7759218,0.02100460933759227,10859
0.47726685,0.8388099604566434,10860
0.5595954,0.040896314703562836,10861
0.7503358,0.06494675455073874,10862
0.49784815,0.31717641070429237,10863
0.57953143,0.014314633779262181,10864
0.3469086,0.022613641909194505,10865
0.3258442,0.005728749035195264,10866
0.69733083,0.2096281395315914,10867
0.34437984,0.09137166313294917,10868
0.4039114,0.02231246217199945,10869
0.3947412,0.014888220564877682,10870
0.8671019,0.0005947646404807484,10871
0.5950246,0.285567299773356,10872
0.55394036,0.08764167597948029,10873
0.83964276,0.0016228691778753636,10874
0.79389936,0.20134126539870428,10875
0.59823877,0.00018997174211263321,10876
0.32565382,0.07231157315835166,10877
0.29951167,0.08788429320506018,10878
0.7684524,0.011516531347489256,10879
0.70677614,0.050599525971079286,10880
0.42666006,0.0252902369788692,10881
0.9847825,0.08751861855541085,10882
0.54588294,0.021504783453145725,10883
0.6552523,0.018468852376225413,10884
0.57502455,0.03552480609607684,10885
0.79537714,0.009737417713813543,10886
0.73208135,0.2134966126555602,10887
0.9611021,0.01588550425430652,10888
0.4509477,0.7489723955796773,10889
0.51280195,0.015637146030105752,10890
0.47220302,0.09207318055859398,10891
0.47814754,0.028998332124138167,10892
0.4608668,0.01451868002464928,10893
0.37037075,0.25830986744691575,10894
0.15530097,0.0012020138306633164,10895
0.27451867,0.07295044924756729,10896
0.3544837,0.11163008225403459,10897
0.78127015,0.1173384666309857,10898
0.15518764,0.016980994851672405,10899
0.24263772,0.10756379962079339,10900
0.626102,0.04082975850181221,10901
0.41181472,0.6805479681711223,10902
0.30967945,0.01179273122944214,10903
0.49176064,0.05875809886013442,10904
0.8555725,0.00047710772798671366,10905
0.714884,0.2255483505700483,10906
0.72157645,0.0312471577859044,10907
0.27455115,0.03828085357310368,10908
0.615177,0.30495201990265913,10909
0.64697796,0.10354642605481873,10910
0.7926115,0.05027999451574441,10911
0.5497697,0.25183952069195364,10912
0.6217542,0.2785120096667902,10913
0.699316,0.20886359681909064,10914
0.5554521,0.00016695072909218356,10915
0.6275966,0.05739476521557356,10916
0.720985,0.05827769879159027,10917
0.27664793,0.06646033510692159,10918
0.66234875,0.03435462590604446,10919
0.5075283,0.013937834962779883,10920
0.36515296,0.050694252716930045,10921
0.4798593,0.14114416887001752,10922
0.70645773,0.20929101045659226,10923
0.7817422,0.09918276630374533,10924
0.049127847,0.00895576396435836,10925
0.82301307,0.01709113843678413,10926
0.4836827,0.12275479522232695,10927
0.32654616,0.0009631982493301708,10928
0.53793955,0.361825834003074,10929
0.82745963,0.16578515634705512,10930
0.9228609,0.00803247369678517,10931
0.5519905,0.015559132955734056,10932
0.047816724,0.05030730284280902,10933
0.5436372,0.08159358446747846,10934
0.6163931,0.3207567846277524,10935
0.38864273,0.16108656395784204,10936
0.30175388,0.12944600601233888,10937
0.73674524,0.011600025244218562,10938
0.6439082,0.4481620725738944,10939
0.3018849,0.08417094099022979,10940
0.8003816,0.21148647555382297,10941
0.44620797,0.04661028124386575,10942
0.34880477,0.09985762568134271,10943
0.69976634,0.16543223368066767,10944
0.35398543,0.7081004570532056,10945
0.60141706,0.07239302822616842,10946
0.054183304,0.06868314499739432,10947
0.44007808,0.0164576611114499,10948
0.32830232,0.08854266164828486,10949
0.7590121,0.012526016998463502,10950
0.336228,0.02272351077059013,10951
0.6908508,0.22802584613019292,10952
0.80764806,0.11867390163223604,10953
0.6329222,1.72136395185819e-05,10954
0.70086235,0.0777480348895247,10955
0.3604548,0.0022141893531403864,10956
0.6255065,0.04892606345192725,10957
0.37611747,0.7792056874459283,10958
0.28022188,0.02116949811273817,10959
0.30279812,0.19077764719573703,10960
0.23437122,0.00018593380722239878,10961
0.7668704,0.02967328469261675,10962
0.6097419,0.1088868105060062,10963
0.3431803,0.005016133807805413,10964
0.2504785,5.372302048675872e-08,10965
0.7595983,0.05946296207957665,10966
0.2979579,0.16091743290369367,10967
0.20612693,0.10208136467741492,10968
0.04984221,0.014263533228060088,10969
0.29500705,0.0021831958612763365,10970
0.28419307,0.3191795366284592,10971
0.112662315,0.15746958064944136,10972
0.46395212,0.0005882231247823057,10973
0.591202,0.009771380677079647,10974
0.3564585,0.08050746109018424,10975
0.81064093,0.003484971641186317,10976
0.8142656,0.4505370215988523,10977
0.76022875,0.05218506690203472,10978
0.4976699,0.006675935709181452,10979
0.7529866,0.4396348286214326,10980
0.59707254,0.010431038354859522,10981
0.53998464,0.05278431202476387,10982
0.8808433,0.19918392885467678,10983
0.527856,0.017956509439250888,10984
0.48140472,0.3972326857805572,10985
0.74337244,3.671831694792329e-07,10986
0.4481038,0.033990239380584604,10987
0.53782403,0.0548893760141677,10988
0.55631506,0.013512843455660239,10989
0.49765354,0.038124844163219464,10990
0.30898988,0.0019078237670539092,10991
0.33584642,0.019174661390389345,10992
0.6369623,0.12357858019886139,10993
0.39600208,0.02818888723026449,10994
0.27749148,0.3266998315795522,10995
0.4008561,0.04753688677883359,10996
0.5356204,0.08597798323103342,10997
0.11969572,0.00711572369403387,10998
0.45984346,0.30481428537775956,10999
0.24867675,0.03755651661140567,11000
0.53899986,0.4612949981989397,11001
0.15239117,0.0008242272688373227,11002
0.44331086,0.020063594690082173,11003
0.9146185,0.051825540837211345,11004
0.48591587,0.13489343346714058,11005
0.80862594,9.372765240367651e-05,11006
0.42060143,0.01322798716579593,11007
0.59172165,0.11687006833073867,11008
0.2145496,0.15955876116608736,11009
0.041231275,0.011905431079632513,11010
0.2717983,0.13084710088951126,11011
0.3437891,0.47994228133097916,11012
0.23801845,0.010872262867640765,11013
0.093517035,0.001531662340500096,11014
0.30956358,0.01776015095491419,11015
0.14250883,0.020532363655523623,11016
0.526117,0.021591184006833634,11017
0.42607182,0.0009890050450306524,11018
0.8785155,2.349430402359486e-08,11019
0.4945,0.5291099104140483,11020
0.7164397,0.041303248886715334,11021
0.35265732,0.030298075497764126,11022
0.8363869,0.01275012368975787,11023
0.79509616,0.001792627767255311,11024
0.46169516,0.0005343347885116702,11025
0.64462286,0.2545325186437122,11026
0.49490967,0.0008220947672922863,11027
0.83182067,0.21308161428878133,11028
0.6808599,0.28650933113369365,11029
0.14930296,0.18978447539550306,11030
0.3087775,0.042145943427116854,11031
0.4048572,0.026691879995787884,11032
0.625844,0.01983785097441356,11033
0.5350696,0.00659062883898831,11034
0.71639526,0.2066381874695354,11035
0.8174406,0.06099315482806084,11036
0.7232271,0.0817048019364296,11037
0.25695133,0.0028154923211898266,11038
0.6935129,0.10429827508561498,11039
0.6371305,0.0027235205592730824,11040
0.2495994,0.3429141498040252,11041
0.7023718,0.2089772788202389,11042
0.430493,0.10816835360183279,11043
0.049069583,0.2693550269587757,11044
0.80957323,0.31516457583221047,11045
0.4637906,0.3400235129145235,11046
0.53663695,0.025457743691996333,11047
0.51306623,0.011969526978353242,11048
0.7511731,0.09442962120645709,11049
0.824816,0.20467368802680175,11050
0.26263142,0.041226368733083434,11051
0.71390224,0.007603345719087916,11052
0.5730777,5.746138376022017e-12,11053
0.47473156,0.014701653433090807,11054
0.5516333,0.073978340059598,11055
0.29173452,0.12771315736817399,11056
0.812226,0.1737516913123626,11057
0.08726862,0.015926809037031198,11058
0.31879854,0.031583875395923465,11059
0.40765962,0.05320429369267114,11060
0.4247976,0.25820475112987107,11061
0.38058257,0.036468434880091875,11062
0.52361435,0.17684406613832693,11063
0.8703878,0.10596011673430757,11064
0.6595772,0.570325917649506,11065
0.49389878,0.10256079210114265,11066
0.21327534,0.05694057006780686,11067
0.5969426,0.03742939980848904,11068
0.27396643,0.12100083034045966,11069
0.31606567,0.07872693588803058,11070
0.21765393,0.2329247207694804,11071
0.6517301,0.5806627197671158,11072
0.8345846,0.11861616066244281,11073
0.49363938,0.06352268387114943,11074
0.72500676,0.45084061943300763,11075
0.34384683,0.24335677419132126,11076
0.8240111,0.19378132708808513,11077
0.43876052,6.186402293300822e-05,11078
0.81408596,0.07312164729065447,11079
0.25677067,0.03684409177195287,11080
0.3109169,0.02746035000551479,11081
0.29803646,0.005068651460036223,11082
0.20106408,0.02179306965357245,11083
0.44678324,0.021132829827786807,11084
0.720703,0.16205421168409398,11085
0.835784,0.24815084146321265,11086
0.65062666,0.03871919752091541,11087
0.5686498,0.05613540247569378,11088
0.41442117,0.0014922504594285944,11089
0.69327635,1.612562529929368e-05,11090
0.04644656,7.232946045947306e-05,11091
0.7305894,0.008301385939773713,11092
0.5581303,0.7280766192971193,11093
0.09661329,0.4910497654825646,11094
0.58384156,0.4079376434234453,11095
0.48301563,0.11343895574657119,11096
0.30855915,0.10337971366652915,11097
0.1182566,0.11185665440350953,11098
0.5657935,0.45032872290550663,11099
0.80227923,0.2634094405261548,11100
0.08209428,0.4296251158544754,11101
0.96894467,0.03186579825730309,11102
0.86698973,0.23299891183816954,11103
0.58735216,0.09406835488522212,11104
0.8252078,0.24394175312984276,11105
0.09693056,0.05319299028807915,11106
0.2461012,0.1038281149341062,11107
0.5999846,0.1498924081548781,11108
0.639248,0.52692186717346,11109
0.35848543,3.5806030230289734e-07,11110
0.45124665,0.0007311295868062663,11111
0.160415,0.029979615247089725,11112
0.68041337,0.12611796143838802,11113
0.4193796,0.0066331212353302315,11114
0.04242626,0.05440337472153952,11115
0.34075868,0.008444605907319809,11116
0.29567897,0.008136142682749134,11117
0.4287029,0.13953897620233602,11118
0.93162394,0.0010925787823172068,11119
0.5804347,0.7899316717717602,11120
0.5004446,0.08467216151221273,11121
0.1885598,0.4036786629149001,11122
0.5357576,0.007151815011333921,11123
0.40698683,0.07542298829002916,11124
0.40770924,0.12319152758129202,11125
0.68502784,0.01033713763950424,11126
0.47599465,0.015690783129158718,11127
0.90032464,0.1266269850263637,11128
0.2214134,0.06347114361113301,11129
0.3845016,0.12653742940571736,11130
0.16978663,5.550474065926366e-07,11131
0.31031156,0.23727639400281825,11132
0.53909934,0.10679906911215402,11133
0.5002596,0.034681525746959464,11134
0.6105272,0.007070596917783105,11135
0.7446711,0.016291681980906775,11136
0.7282299,0.0005898696626091842,11137
0.51100105,0.033105307842825914,11138
0.54284173,0.09162229907259534,11139
0.20677432,2.9989669279227464e-05,11140
0.22693303,0.18590761486654275,11141
0.47840852,0.13428185833094022,11142
0.567567,4.581505958204684e-06,11143
0.42105165,0.0489910783512014,11144
0.2113685,0.08986861026707485,11145
0.2800004,0.2652724546973581,11146
0.37167287,0.003949402571436643,11147
0.5239014,0.010444219356167779,11148
0.015003413,0.1813177709550696,11149
0.69552195,0.08351338416436557,11150
0.92394006,0.04127221758885799,11151
0.63731956,0.14167108463895642,11152
0.31172815,0.04817798305932423,11153
0.5063427,0.01793116773365112,11154
0.7301585,0.5576062527982047,11155
0.7975922,0.32707624934009044,11156
0.5207573,0.5291301744674752,11157
0.6191291,0.31815143997508255,11158
0.20455396,0.026826219475696945,11159
0.51035005,0.007221786546646545,11160
0.31068507,0.1323590730097059,11161
0.5107289,0.09510087745549232,11162
0.88070637,0.008760648634357703,11163
0.28118932,0.19286163529135897,11164
0.7451903,0.02090177223603171,11165
0.58531094,0.015062324576012517,11166
0.39737058,3.794490882635435e-05,11167
0.6530419,0.022520813763146408,11168
0.7018546,0.6208596240658207,11169
0.8351465,0.047757493361646926,11170
0.4680468,0.010319093811322603,11171
0.10624492,0.0242687319220732,11172
0.39752513,0.48468596685287507,11173
0.4525893,0.008726208535125221,11174
0.8017483,0.018743603687343135,11175
0.37661272,0.061935291963144394,11176
0.22030362,0.33332941923092363,11177
0.68557644,0.16234859826761924,11178
0.75815743,0.023787894217792108,11179
0.32272243,0.004055617160809838,11180
0.7417177,0.0781315518969289,11181
0.05393532,0.08809888048510621,11182
0.55176306,0.6070082708714034,11183
0.60727036,0.10691117985286952,11184
0.5343286,0.1382258686930243,11185
0.46510825,0.35206293410870604,11186
0.8710618,0.13641336797997786,11187
0.9652419,0.020601339716148026,11188
0.3333643,0.05222473724949434,11189
0.77617073,0.03959132661967151,11190
0.11717808,0.20735763698020837,11191
0.64573014,0.04639162579027775,11192
0.5956898,0.003162971175465472,11193
0.61899954,0.3210658158891705,11194
0.30101633,0.09009305378803038,11195
0.5999777,0.9721209444839666,11196
0.18171665,0.15017484191979125,11197
0.4568357,1.32883236595183e-07,11198
0.91680133,0.12054481703453278,11199
0.77178675,0.19431471945268594,11200
0.4353493,0.0055956640222092294,11201
0.39566845,0.2763935378236559,11202
0.1314764,0.03378505825986815,11203
0.5443693,0.03894146349022316,11204
0.5238701,0.0019232763083182167,11205
0.6350519,0.005463234321174599,11206
0.9446405,0.015360401693333815,11207
0.5622802,0.0007662921898733908,11208
0.61447525,0.006628888530779754,11209
0.7091729,0.2453641351430532,11210
0.31854784,0.2803330536675191,11211
0.26138014,0.08563910948189267,11212
0.48546064,0.4006687475562925,11213
0.99889386,0.5047745078095964,11214
0.9334344,0.36652569942367436,11215
0.42551962,0.03687860003841321,11216
0.9180666,7.591194212528242e-06,11217
0.4694628,0.051400436192482524,11218
0.17168033,0.06851124682359071,11219
0.69360226,0.06394835440215517,11220
0.12451273,0.2844042180844867,11221
0.09416407,0.004920353764705194,11222
0.33230445,0.43546441793437196,11223
0.5099035,0.059435477538321166,11224
0.49644876,0.13262588960840221,11225
0.41217995,0.8492353254633473,11226
0.47894928,0.1402786068553423,11227
0.74230313,3.970052382378645e-05,11228
0.5135242,0.031086355772680586,11229
0.014797509,0.0631353494738425,11230
0.09999427,0.002557655712032265,11231
0.123693734,0.3852834761602865,11232
0.41858244,0.019033745856545135,11233
0.34538138,0.13631390913574223,11234
0.27184567,0.031934985633836246,11235
0.3007828,0.003998961238579084,11236
0.31632954,0.0433208587919155,11237
0.49769104,0.2770696957940357,11238
0.32352537,0.04297568356877407,11239
0.5536669,0.03757012601830436,11240
0.66169214,0.3226466770846328,11241
0.70924824,0.1165178127941843,11242
0.60907054,0.024426707983917564,11243
0.19318125,0.22964127353183336,11244
0.7419195,0.370868913969855,11245
0.2552126,0.034732627082985384,11246
0.22287172,0.27206199169644235,11247
0.4549876,0.08610456659042344,11248
0.39118364,0.23473134851012184,11249
0.5570184,0.05022280589409755,11250
0.4169703,0.010425833236780457,11251
0.7074394,0.09189696619627348,11252
0.36647543,0.19002178496395483,11253
0.4374217,0.5765524868480484,11254
0.14121157,0.13051420843631226,11255
0.13821173,0.05296227255217581,11256
0.8213042,0.07800260546875738,11257
0.36514828,0.2995283523417412,11258
0.4210455,0.029878165169514515,11259
0.51847327,0.008519873385311256,11260
0.46126926,0.00971656744220629,11261
0.3474475,0.072218527884094,11262
0.33340225,0.024333321001927588,11263
0.6216058,0.14550834276562954,11264
0.713605,0.11121961185568052,11265
0.9342605,0.19556136324782275,11266
0.7477373,0.36110694646656305,11267
0.96063113,0.026606263112415818,11268
0.4492128,0.0680685666800807,11269
0.19281691,0.7450925719058482,11270
0.50077355,0.06857668918526674,11271
0.4634232,0.227947576132043,11272
0.80490124,0.0264059847396143,11273
0.7651699,0.6392694385308756,11274
0.4018791,0.4055815681464724,11275
0.6279592,0.1881138624526998,11276
0.5892489,0.0007788450127296525,11277
0.17648003,0.2690839583934714,11278
0.16608158,6.129852163252528e-05,11279
0.42196345,0.09956516664413814,11280
0.7213183,0.023132836800421292,11281
0.44482994,0.010565473587156633,11282
0.6478617,0.005670331810938528,11283
0.79731977,0.12040635436871373,11284
0.2321263,0.31465733150774633,11285
0.6495272,0.019985016195763435,11286
0.29826874,0.00040023530507443656,11287
0.50688267,0.0020243196716804687,11288
0.5800813,0.07504962943104827,11289
0.07158095,0.05912883006115183,11290
0.91732645,0.0458077173082639,11291
0.65913546,0.056714576115869594,11292
0.27360505,0.0002591722253724616,11293
0.71255136,0.002043612729568995,11294
0.59932387,0.15801012110370682,11295
0.448355,0.2443354178804161,11296
0.18374252,0.07814529399941036,11297
0.625538,0.01427401116310079,11298
0.4622542,0.05581975755666873,11299
0.9893515,0.41502791433091973,11300
0.74201477,0.15324343103778632,11301
0.637388,0.0041359799848121525,11302
0.35929027,0.011906195882324338,11303
0.4884768,0.0003563268924210058,11304
0.9528574,0.0005247748900918096,11305
0.43262374,0.11320184051364227,11306
0.93839663,0.21350350197654433,11307
0.5106465,0.3029987672129855,11308
0.7737411,0.06180831630610753,11309
0.41728866,0.0030566560763439494,11310
0.6217189,0.0011622916874978564,11311
0.50549936,0.4680910201090573,11312
0.27295148,0.3704223476126196,11313
0.24720389,0.06301909650439978,11314
0.8131975,0.15320921436753449,11315
0.506792,0.06102796917902959,11316
0.54295146,0.6173835505171243,11317
0.6070764,0.3151096223391839,11318
0.46559703,0.018531018496155738,11319
0.7260047,0.49704019963224827,11320
0.8859859,0.022357829087918293,11321
0.22734183,0.46454173835872004,11322
0.79075956,0.2820637084746626,11323
0.36609313,0.0004907331217879147,11324
0.56438845,0.17284364037919644,11325
0.6269455,1.5949214281187246e-06,11326
0.2901541,0.6200985598006282,11327
0.41968566,0.005050864331813948,11328
0.58147174,0.47104498568567615,11329
0.43376127,0.038986386872560994,11330
0.5393441,0.4574428923044301,11331
0.33161122,0.455407473892915,11332
0.90271163,0.03168205406351808,11333
0.41446704,0.00151724795613946,11334
0.3040048,0.14401711611507884,11335
0.27374953,0.19518876552817493,11336
0.2931047,0.013001992748135023,11337
0.34389818,0.03541594341962009,11338
0.4876886,0.03277944267036292,11339
0.5295465,0.0013515665902219625,11340
0.47925103,0.0025381477436287356,11341
0.25708473,0.01917707556640778,11342
0.46984679,0.1038921477782945,11343
0.7999306,0.3199846753004131,11344
0.6002027,1.6402959423421474e-06,11345
0.03399098,0.002609791852473919,11346
0.7252137,0.14474632224428846,11347
0.57275534,0.020050093688943435,11348
0.6658838,0.030344036080917534,11349
0.45683476,0.11273466264685154,11350
0.5835581,0.44001636161776864,11351
0.77797735,0.048581182541505875,11352
0.77342963,0.03997504324002,11353
0.10050407,0.2152532209239555,11354
0.49203762,0.08529484119956951,11355
0.27421695,0.3071999030521739,11356
0.55556685,0.13520558496045068,11357
0.4689658,0.0010140921258551287,11358
0.63237476,0.006751953919626446,11359
0.46346784,0.07188692306797627,11360
0.41405815,0.004986895895775827,11361
0.8364378,0.10421949098246291,11362
0.07147238,0.4874257938484773,11363
0.021185458,0.0373233227699153,11364
0.55199474,0.14634629599779875,11365
0.3890208,1.987579003624383e-05,11366
0.27023524,6.786292387840467e-05,11367
0.5005995,0.015163621490170063,11368
0.58793545,0.34343485802115614,11369
0.63796055,0.08701110591641134,11370
0.2475385,0.0008543633910125836,11371
0.25256503,0.952721128784678,11372
0.2548294,0.2130016923169788,11373
0.32494223,0.003047382448727532,11374
0.6052706,0.036743353377028234,11375
0.34060872,0.014080100081134812,11376
0.41933727,0.188632785842048,11377
0.7125684,0.18633952729812112,11378
0.89024746,0.4902371416331431,11379
0.26826885,0.006440718088670826,11380
0.39156163,0.30186348531755863,11381
0.68738973,0.009016107503057664,11382
0.29130366,0.25784766462655134,11383
0.4846986,0.11536432055000483,11384
0.70497656,0.010198431530583986,11385
0.6170557,0.723167831333828,11386
0.4064606,0.26652607426927494,11387
0.53509295,0.7531604893621978,11388
0.7499322,0.10477824073638863,11389
0.5395351,0.014350439312839754,11390
0.35486573,0.0008963051646389996,11391
0.69170094,0.10707009496420833,11392
0.14982903,0.001680685661630539,11393
0.56162685,0.008792410873546135,11394
0.09496677,0.2612879598634177,11395
0.7596694,0.07772269286730825,11396
0.7115309,0.00024822988805227233,11397
0.16940051,0.20493354016571,11398
0.8148806,0.08073529569682732,11399
0.50765365,0.0024346540629912594,11400
0.34490615,0.7422881294611462,11401
0.35705405,0.05840661728684404,11402
0.5909161,0.009135003375371454,11403
0.20122874,0.05392170177199436,11404
0.7975533,0.18205702968946888,11405
0.90601027,0.1774059689662042,11406
0.42941302,0.0008887423450004238,11407
0.36843455,0.03637700674578322,11408
0.6847144,0.021112050721567834,11409
0.5311626,0.09772537144375494,11410
0.5103668,0.1598332278095715,11411
0.4222908,0.10005682989068632,11412
0.54242563,0.026000153058646773,11413
0.7669287,0.21693173743668903,11414
0.4980612,0.02577018581158052,11415
0.56253546,0.1922932957911893,11416
0.32614806,0.00043514939734315736,11417
0.3375309,0.5730932688029341,11418
0.53287804,0.8296869173834203,11419
0.71314436,0.02539140580351835,11420
0.87958264,0.001662130303260789,11421
0.75113726,0.0015318829395975305,11422
0.6389996,0.6434939613190009,11423
0.14972752,0.8609287611189002,11424
0.4708671,0.05006382045231466,11425
0.34008133,0.000877475216270539,11426
0.33427963,0.035720907256561706,11427
0.70985293,0.015794264353108,11428
0.55625224,0.014382499388350409,11429
0.93973505,0.00045095462375563703,11430
0.27256638,0.009750930851991975,11431
0.7447205,0.08331702954048775,11432
0.98792124,0.023165515116314653,11433
0.2865196,0.3546288502345328,11434
0.44124413,0.8088877614061116,11435
0.75029576,0.8248182374522587,11436
0.31645948,0.057118474716752965,11437
0.60354143,0.10842242828401054,11438
0.5978151,0.10339471083633435,11439
0.5604688,0.006693613163073285,11440
0.35605705,0.8145013031893384,11441
0.28508246,0.019143862276706395,11442
0.95522,0.012711710908175826,11443
0.33472133,0.006620542637889477,11444
0.658154,0.033755288912533404,11445
0.22837657,0.0008853441506603593,11446
0.5438542,0.004527782358583145,11447
0.18598935,0.09994358603951291,11448
0.7161753,0.02341953170363515,11449
0.8215976,0.20963323612901802,11450
0.6823534,0.010401110286902169,11451
0.893051,0.6278298892251988,11452
0.83393013,0.5116412182883091,11453
0.16074109,0.2191338911594754,11454
0.37791076,0.028631056384510172,11455
0.71200365,0.0019144508918902993,11456
0.14472494,0.17267274007219377,11457
0.7328896,0.10201769736461085,11458
0.59950906,0.0013923833409410157,11459
0.45188552,0.0015193219985236573,11460
0.55521256,0.0016349086098842041,11461
0.516044,0.007271866763011463,11462
0.49613675,0.30988191343484855,11463
0.46711534,0.015920327154014414,11464
0.47696915,0.0003122641633162794,11465
0.5177844,0.0007566523446364665,11466
0.37155074,0.02234204235048256,11467
0.6635903,0.0035828230860056372,11468
0.6788647,0.013977583080232754,11469
0.5812297,0.02831925490791566,11470
0.5944309,0.2753910936282969,11471
0.33389264,0.0010774731293632794,11472
0.6792614,0.017400705893828947,11473
0.42418993,0.05712674847039535,11474
0.4342471,0.2054053164061006,11475
0.65160286,0.388664924938159,11476
0.65887594,0.0635588622116101,11477
0.13039452,0.2667051203245964,11478
0.28686264,0.08641555633455708,11479
0.7178231,0.1886383817641868,11480
0.3799377,7.617969539975443e-05,11481
0.7305508,0.6181529183408674,11482
0.124065965,0.12710638242429886,11483
0.31301212,0.034538367579059474,11484
0.84407663,0.2717771257888273,11485
0.55105585,0.2068924473898288,11486
0.78848296,0.09252820401520263,11487
0.05073309,0.10026308631970153,11488
0.6720431,3.378723653994315e-05,11489
0.48493445,0.04754555262649978,11490
0.45531717,0.1798572036037764,11491
0.0057504475,0.011008000531354771,11492
0.6289822,0.0485061144581081,11493
0.30210426,0.021225166703748924,11494
0.35759592,0.0596765173010921,11495
0.62524223,0.0001434804664512142,11496
0.25418174,0.4408695592512401,11497
0.75039494,0.07501237335215928,11498
0.4978814,0.004378989567704712,11499
0.8224522,0.07391167034138171,11500
0.7343055,0.04184064206789754,11501
0.6253755,0.2358787764940805,11502
0.43446645,0.1387070932194724,11503
0.7505859,0.00043349316212909326,11504
0.36528176,0.003828347608549166,11505
0.64100665,0.004955022502535055,11506
0.48210904,0.23322511202935878,11507
0.21605715,0.1794113078026944,11508
0.9575157,0.000746715411696356,11509
0.366242,0.023559200135258238,11510
0.445661,0.06038570877946511,11511
0.6418927,0.6047649801473804,11512
0.65586704,0.028823865097276725,11513
0.59972906,0.030345249468810488,11514
0.5195876,0.07072190200032746,11515
0.70840245,0.17744207744365276,11516
0.29469326,0.023651860790524813,11517
0.5926409,0.22631559647868355,11518
0.22388989,6.680603992144706e-06,11519
0.7051691,0.15673619046145856,11520
0.27108896,0.08560503202813315,11521
0.58373475,0.4923957320134105,11522
0.2147314,0.001213980262235876,11523
0.53453785,0.060379435746733455,11524
0.81251955,0.15340524953608592,11525
0.6722572,0.040001970665153604,11526
0.34328124,0.013069828322315426,11527
0.9434874,0.021566223393072508,11528
0.8270089,0.028338385022701244,11529
0.62875754,0.0009884121522271564,11530
0.22483638,0.03077654640930849,11531
0.43522745,0.0015562946920429665,11532
0.45805854,0.002477026029773824,11533
0.40729958,0.4086200698292205,11534
0.6694534,0.31388656527431524,11535
0.5231852,0.061028525392969914,11536
0.1328077,0.20122770495512554,11537
0.72093904,0.14991699174468717,11538
0.70181924,0.012046377557759287,11539
0.755721,0.35779673311340476,11540
0.47739288,0.00030779862091254504,11541
0.6586406,0.332388050723851,11542
0.2542168,0.2927952685519786,11543
0.15183008,2.822498802617889e-05,11544
0.5119553,0.06370236971217867,11545
0.4947893,0.1623534156201248,11546
0.18317762,0.4020284495703621,11547
0.7621244,0.035943004450266575,11548
0.20440632,0.5304374727012164,11549
0.47188288,0.009383778147531212,11550
0.12068087,0.08014502806495148,11551
0.43950456,0.03392648192320593,11552
0.43733877,0.004003960656073627,11553
0.6898544,0.1620683399064114,11554
0.34095418,0.22875334280679155,11555
0.34906477,0.28456042762097683,11556
0.43256673,0.03216991932187313,11557
0.768715,0.05633200829308796,11558
0.66484547,0.22008590502005096,11559
0.818617,0.002186743827051273,11560
0.044694126,3.083388174241126e-06,11561
0.12175098,0.0034933180945403864,11562
0.19730267,0.10447569167408578,11563
0.05823204,0.49013071155882615,11564
0.7175205,0.300214893694988,11565
0.29118377,0.20068185364235114,11566
0.39246443,0.003192617540938241,11567
0.71861756,0.1803459563582038,11568
0.49609143,0.08195668033110828,11569
0.6381081,0.03321929072054682,11570
0.6378691,0.01615321234953289,11571
0.6278398,0.9408976153801567,11572
0.61013347,0.2144143569535411,11573
0.43194225,6.351402129006655e-05,11574
0.4504873,0.05949545348731207,11575
0.4012996,0.0629044415901654,11576
0.40032417,0.3059806320083313,11577
0.5572439,0.035685638933613414,11578
0.13678971,0.10920174025294067,11579
0.6674521,0.03957581774435486,11580
0.42571926,0.0036363020200446466,11581
0.31011194,0.07965326246138241,11582
0.1353696,0.8680747485751543,11583
0.81285465,0.08250313587646915,11584
0.6104686,0.8058867555142947,11585
0.6000341,0.0005060018876347948,11586
0.7884712,0.04040260711638651,11587
0.73482466,0.4721817485899642,11588
0.62124944,0.2517735850920956,11589
0.0695878,0.6679041219392238,11590
0.81681395,0.23450935615924476,11591
0.6341415,0.04773340898656512,11592
0.8952203,0.0017332195136025882,11593
0.522545,0.017046052969903087,11594
0.7102955,0.004234155687433839,11595
0.7975062,0.21264101511690534,11596
0.39785048,0.18090222591606625,11597
0.5485794,0.04965247050358919,11598
0.16473323,0.29444276945077336,11599
0.5539647,0.00560106332050639,11600
0.6608075,0.13527465320191512,11601
0.5967201,0.14447359378634309,11602
0.5676666,0.09437342455642593,11603
0.46153155,0.01691009620312995,11604
0.442022,0.03720004996068794,11605
0.29206038,0.005687174845807989,11606
0.40592104,0.17389616799024568,11607
0.66089666,0.01866627010743658,11608
0.017490178,0.002582707254692613,11609
0.5640508,0.09920526956502788,11610
0.6859233,0.011853159716581992,11611
0.5479193,0.008530662988233814,11612
0.64477366,0.020096495756527916,11613
0.6354184,0.05740341847081405,11614
0.4312624,0.07831683501515387,11615
0.32050043,0.07890781008379204,11616
0.4210583,0.0030461611634175836,11617
0.34121162,0.33531521677601206,11618
0.41059926,0.006775982264195123,11619
0.29815173,0.09313965335011003,11620
0.23735335,0.06292804302420463,11621
0.65778106,0.03076458279525306,11622
0.025758445,0.016910806157140496,11623
0.29717082,0.0025470050475248887,11624
0.11902735,0.04231611117465028,11625
0.5887658,2.1538181144884452e-06,11626
0.23365587,0.008700163311794552,11627
0.16866171,0.1848235579213911,11628
0.39743608,0.10672421438531444,11629
0.28280437,0.08823297017478014,11630
0.6608687,0.07055356574126648,11631
0.55469114,0.007572079298451327,11632
0.84578776,0.2648236443034964,11633
0.5238435,0.018318881480397686,11634
0.28281593,0.17841051759188722,11635
0.32058245,0.05647380051472601,11636
0.6201085,0.07704707269365016,11637
0.59330344,0.08564307263671037,11638
0.21565646,0.5126527513008916,11639
0.19803864,0.42233672770390646,11640
0.6764974,0.0032932167857100377,11641
0.5635412,0.003586179573408664,11642
0.2639975,0.01146315341134483,11643
0.6275604,0.027880758026112715,11644
0.34592676,0.13388981010075554,11645
0.54791945,0.456256347966684,11646
0.37113515,0.059738663370865405,11647
0.70017177,0.08268191091554326,11648
0.101130724,0.028564752033701925,11649
0.4787677,1.0528449080744626e-06,11650
0.47067255,0.0165853345500667,11651
0.25181133,0.0012818851105787905,11652
0.595209,0.04090838217959915,11653
0.077035844,0.06789332069521066,11654
0.33568698,0.015737665799383824,11655
0.45787168,8.809088593405232e-05,11656
0.71715134,0.03724754145166074,11657
0.06963253,0.06129879631471203,11658
0.7624467,0.8105459766621862,11659
0.65495276,0.15105151400857222,11660
0.23079234,0.00017749987299032916,11661
0.5518601,0.2959500527234279,11662
0.22153983,0.11880396825842365,11663
0.48132828,0.10721198792281196,11664
0.64424074,0.015127342949984768,11665
0.668651,0.49794209872598433,11666
0.7428276,0.23006090172783464,11667
0.350068,0.4722635096817401,11668
0.29238746,0.055362093528743855,11669
0.62677497,0.007333979801739117,11670
0.07913244,0.031580410238098565,11671
0.35597432,0.12515036568991528,11672
0.70048726,0.029954818650232622,11673
0.8268265,0.2172838205979962,11674
0.5412875,0.11378009926885622,11675
0.7123038,0.016913646196735504,11676
0.7568626,0.04764076067135656,11677
0.57156134,0.006752678387917443,11678
0.052529305,0.3578892820549292,11679
0.87480354,0.01955972967482507,11680
0.24227616,0.043889037159383006,11681
0.20593154,0.010164158339882498,11682
0.46800607,6.773296776825337e-07,11683
0.5574085,0.0866810639698513,11684
0.23696786,0.33447596010568237,11685
0.37279648,0.465347060522249,11686
0.63742274,0.07760690748370674,11687
0.61113375,0.04275109760023354,11688
0.48740914,0.004291910927949047,11689
0.42852473,0.16216312030861937,11690
0.91614205,0.1452831748517732,11691
0.09383041,0.222205032957804,11692
0.11622903,0.1331745029984497,11693
0.6816798,6.426744884074647e-06,11694
0.42157483,0.6000184137067428,11695
0.9576475,1.543007347712632e-07,11696
0.5870852,0.5077388152672183,11697
0.53653467,0.024095727977950548,11698
0.5640926,0.031425395839742305,11699
0.35902995,0.4719646307266559,11700
0.28845617,0.05112362468603497,11701
0.29052663,0.08849170550468116,11702
0.41902524,0.10634595756043581,11703
0.80565023,0.07707043584292603,11704
0.38127533,0.7124262440956505,11705
0.39311844,0.16307980324589766,11706
0.31726003,0.08666937167720555,11707
0.83465147,0.06816622399580095,11708
0.8175241,0.20162792350084024,11709
0.6329835,0.07544838365422168,11710
0.5103332,0.6106095875819351,11711
0.7117278,0.4685107734943925,11712
0.510785,0.08009932103127414,11713
0.4631381,0.03558322328788286,11714
0.3807411,0.19271783746663515,11715
0.2781052,0.15846251175855583,11716
0.5894755,0.22225179703944914,11717
0.4804986,0.015261732318863254,11718
0.44585896,0.26621985285760247,11719
0.82103807,0.007178425158356639,11720
0.6050577,0.4951750536991351,11721
0.9685218,0.19747508604429595,11722
0.5413905,0.647945295496488,11723
0.66736734,0.1966895399747612,11724
0.35427016,0.09117936555679726,11725
0.30513,0.040615033656150906,11726
0.88509893,0.18374331212513093,11727
0.5872095,0.0007893170582229098,11728
0.6082012,0.16002955241799607,11729
0.16213831,0.07243992350453517,11730
0.7954296,0.01350200363335908,11731
0.26267004,0.3144648574397947,11732
0.83637536,0.42069236978133323,11733
0.8036736,0.021153432514448345,11734
0.5247838,0.008250506483446034,11735
0.5571696,0.03333926879553541,11736
0.64407784,0.03239790761871806,11737
0.90545726,0.05024357540748391,11738
0.487448,0.06155609989803743,11739
0.45337784,0.3429977054078816,11740
0.4202374,0.00465919546596973,11741
0.50158507,0.026024591233176714,11742
0.24571332,0.08536387523650833,11743
0.3656555,0.1482589615771576,11744
0.33627832,0.01943928168940797,11745
0.14100114,0.022759239935649253,11746
0.56488866,0.1881213537126327,11747
0.24522719,0.0101848265255603,11748
0.3696269,0.004699684878084111,11749
0.30943066,0.008631329714665176,11750
0.40438223,0.09445362612068155,11751
0.22038278,1.902047885378027e-05,11752
0.6685301,0.021473062882387532,11753
0.27014217,0.27380729669076836,11754
0.98783016,0.19057806904379374,11755
0.73279524,0.043775411045995236,11756
0.46033683,0.7226399756497779,11757
0.8448415,0.0015331091293409374,11758
0.7843432,0.6249328180322927,11759
0.5178465,0.0538589411344813,11760
0.70575196,0.011295282746404442,11761
0.35692194,0.02207273285168692,11762
0.28788745,0.05863743379504075,11763
0.21782234,0.05471728629599145,11764
0.43404394,0.6246942221770299,11765
0.56840193,0.2680864607243757,11766
0.50129193,0.08478965786634056,11767
0.5970065,0.003741092171008614,11768
0.97082496,0.013684832579954046,11769
0.7031934,0.14098578870244624,11770
0.45747012,0.026212670923342778,11771
0.3685244,0.20307727580393975,11772
0.20938396,6.590075028570549e-05,11773
0.92149353,0.00223268036727256,11774
0.50134146,0.009916873719491388,11775
0.78223634,0.0485648768978455,11776
0.5388149,0.0029661736092973113,11777
0.4522681,0.042466315363388,11778
0.5198878,0.4165402988885026,11779
0.34490225,0.15669966848907085,11780
0.58389187,0.07063353123253976,11781
0.34939677,0.12475522103864523,11782
0.6043022,0.17612334148239964,11783
0.65287495,0.2861761557430853,11784
0.16723377,0.008943980629100972,11785
0.6582438,0.010768463765496632,11786
0.7515402,0.02160807607436729,11787
0.39978126,0.0618056712106728,11788
0.5421872,0.021168479272933957,11789
0.7185538,0.02949480281136868,11790
0.6207037,0.21589572445605515,11791
0.59986097,0.23951262429904197,11792
0.5136624,0.09599052139912877,11793
0.5646117,0.06175247701458235,11794
0.56758696,0.3266135033652364,11795
0.3982049,0.43579745060711855,11796
0.34819403,0.07900902248724681,11797
0.262963,0.9708681073713058,11798
0.97096455,0.03773477880208264,11799
0.757298,0.2979527954619973,11800
0.7393366,0.22165499082895007,11801
0.3147977,0.14916694908223538,11802
0.5755509,0.01826596719771145,11803
0.6098199,0.013597281207278258,11804
0.65791786,2.4012176845064437e-06,11805
0.7603282,0.1831379798483628,11806
0.6932092,0.6687600798320501,11807
0.22889432,0.26079200715614786,11808
0.7312917,0.12582778073749987,11809
0.9121164,0.002474321691365626,11810
0.43916327,0.01531172864365224,11811
0.20463711,0.023499500029377684,11812
0.06761211,0.5396095285229593,11813
0.2684965,0.008072539334215378,11814
0.74027085,0.0024955872365032246,11815
0.7813658,0.0221499468049304,11816
0.75343764,0.062153169410375304,11817
0.12484634,0.04813745612869067,11818
0.7789089,0.03081767493025853,11819
0.17510784,0.3427381133000254,11820
0.44112957,0.01789895080732253,11821
0.70954,0.026835884764397383,11822
0.510525,0.11624555278914037,11823
0.5852925,0.13476356976847076,11824
0.6069617,0.7316985606645853,11825
0.49798408,0.27753671506029964,11826
0.981038,0.23379670388121285,11827
0.5106451,0.053117873729492844,11828
0.84943616,0.00022018370279580708,11829
0.87938774,0.49225041833601446,11830
0.19758204,3.5037683311141085e-05,11831
0.15941194,0.011413191081743346,11832
0.4003647,0.20868208182773312,11833
0.29194057,0.5422137746836172,11834
0.031140387,0.2909208734005024,11835
0.39382905,0.004003503382721922,11836
0.351746,0.6289606844889802,11837
0.16890827,0.23671655528029129,11838
0.838904,0.06738714355563291,11839
0.44334242,0.15147244312088756,11840
0.53577936,0.08465034566066353,11841
0.8316742,0.03620745864669621,11842
0.5123049,0.062405729018715245,11843
0.18661633,0.0413696503550399,11844
0.9022408,0.6978308775743505,11845
0.6596847,0.0016593853012975709,11846
0.28273994,0.0037950174644367104,11847
0.47891727,0.18464210134250908,11848
0.14302033,0.017167235257723703,11849
0.43761796,0.50911376161836,11850
0.90555304,1.9535769266144107e-05,11851
0.7359879,0.16820387345976032,11852
0.7249014,0.004875622530241835,11853
0.5964724,0.03367539415654957,11854
0.16630286,0.094094194626876,11855
0.5452883,0.0018387838455291242,11856
0.6773863,0.059136234799518204,11857
0.58119524,0.02005086862082667,11858
0.4728052,0.044098411676085254,11859
0.610731,0.01233304032394922,11860
0.6722716,0.01079799484354337,11861
0.58351576,0.929307925905424,11862
0.23587099,0.0805702153010114,11863
0.39445534,0.005892596875801303,11864
0.6035454,0.03823758250495037,11865
0.7286067,0.00137537013401525,11866
0.5499175,0.06931968571296851,11867
0.31667167,0.13245447543284872,11868
0.65461034,0.006940286671487912,11869
0.5634002,0.58044674670924,11870
0.5182589,0.14091860250488983,11871
0.46169603,0.004845619848416458,11872
0.35268033,0.017062463444167945,11873
0.40235633,0.02044691909896339,11874
0.35738537,0.18662951147019854,11875
0.5262307,0.3434951877101157,11876
0.83073866,0.009898331796050777,11877
0.5643991,0.05920652865617262,11878
0.39361662,0.02032331084162058,11879
0.5453384,0.25181307709670375,11880
0.45877182,0.03054400635223362,11881
0.21254939,0.5734680570766729,11882
0.721396,0.021056169956911213,11883
0.7985493,0.051564192847120834,11884
0.41779062,0.2930481622311751,11885
0.6010821,0.07144424399829466,11886
0.83867663,0.042384631924943225,11887
0.27261758,0.11422503527161669,11888
0.58528703,0.013119809090544336,11889
0.4957137,0.29888606695458936,11890
0.40091294,0.16544658220721267,11891
0.63116854,0.004464445750329108,11892
0.10666785,0.6834331498492049,11893
0.2369873,0.1998458469653295,11894
0.7014357,0.027921261533406353,11895
0.7688928,0.5334964613313183,11896
0.26231664,0.0034986929300676126,11897
0.82277733,0.01970327098858575,11898
0.88703567,0.368404202130966,11899
0.7642729,0.14448577390939366,11900
0.5600389,0.05838170847497316,11901
0.37808624,0.00015777065508590913,11902
0.47752187,0.01398962930226699,11903
0.17260334,0.0003352905206278772,11904
0.1962421,0.0004065543531589214,11905
0.33319616,0.02253281240188267,11906
0.9237114,0.010749276997402963,11907
0.5738814,0.1123732438852205,11908
0.096796036,0.044851020258971065,11909
0.60186815,0.023032161774309005,11910
0.6189382,0.02417851748463704,11911
0.44987997,0.04342680584031719,11912
0.66449547,0.01739671974636546,11913
0.7337819,0.002301546703757065,11914
0.96772975,0.05558484047638078,11915
0.38740158,0.021300393007501247,11916
0.3095157,0.1286111064234326,11917
0.26020432,0.0004922563753569505,11918
0.2648642,0.023134774319435093,11919
0.6986103,0.519312452945398,11920
0.56406164,0.11433923875887593,11921
0.92633235,0.17569340182752108,11922
0.49087313,0.007266234089811641,11923
0.733058,0.017899475830005604,11924
0.5352768,0.019499650540333504,11925
0.8150071,0.7686914719459215,11926
0.0021585822,0.06967421603486716,11927
0.45873442,4.6739070902506416e-07,11928
0.8172686,0.031296845889179616,11929
0.23725715,0.03590243906062364,11930
0.94800127,0.00016137507762538039,11931
0.66196823,0.010314301034454956,11932
0.41291893,0.31216882022991,11933
0.5669972,0.36881915299213586,11934
0.6215807,0.04591099148313652,11935
0.71606225,0.017110762063515722,11936
0.5754969,0.43480441467816794,11937
0.062166452,0.008927180822317107,11938
0.9749397,0.1503053304969983,11939
0.058675587,0.10326483299073895,11940
0.8777848,0.08154518538611209,11941
0.2405971,0.027589144180711744,11942
0.13137603,0.1592867521371149,11943
0.19949418,0.11172846541260165,11944
0.8535433,0.000331502520593669,11945
0.44075412,0.07325164497355839,11946
0.6402513,0.0009416884299402731,11947
0.40570113,0.342243053950627,11948
0.53607476,0.6342823404336514,11949
0.7329365,0.06673707932247204,11950
0.8202548,0.018057892456312574,11951
0.82024574,0.015408961291663964,11952
0.5589548,0.001746914191530735,11953
0.5085618,0.12396893506248884,11954
0.9149996,0.05658979753349361,11955
0.7050133,0.03948716834139423,11956
0.49995977,0.0416625551827005,11957
0.10293004,0.010182480103278118,11958
0.43222958,0.019619285111374653,11959
0.677632,0.023932447993175645,11960
0.801481,0.0006813807230960959,11961
0.6017965,0.003909797683986333,11962
0.4138968,0.006269475534705842,11963
0.6165342,0.3521951328344125,11964
0.50893897,0.07923598475399964,11965
0.55861175,0.120665386428109,11966
0.41652322,0.014633934727412813,11967
0.53159386,0.12845899737476232,11968
0.75887704,0.12334766851276605,11969
0.6376063,0.011615235421092598,11970
0.5523583,0.01775770366681971,11971
0.35989684,0.06686326575450341,11972
0.80771,0.400081455258023,11973
0.44284022,0.02816248918008273,11974
0.36549184,0.08614137089066519,11975
0.56159836,0.005230681525566154,11976
0.8009507,1.5979303250986812e-05,11977
0.93272597,0.470102861771523,11978
0.3614776,0.05134292431202482,11979
0.61446255,0.44019452966841377,11980
0.16010842,0.17114331587288126,11981
0.22932875,0.787444469555723,11982
0.3720778,0.006821981391086976,11983
0.50961643,0.032455606277876844,11984
0.5201767,0.2987186968267977,11985
0.95504105,0.0077555545930058385,11986
0.8162098,0.011942674140099543,11987
0.8678076,0.21179707277735185,11988
0.7380769,0.003639229680231481,11989
0.65713745,8.139830350302667e-05,11990
0.8329132,0.0258718830432298,11991
0.4815137,0.010391484842577993,11992
0.3911714,0.013143157146749922,11993
0.36485294,0.0006403168740575179,11994
0.34290445,0.004354387927897268,11995
0.1946072,0.006983170193273272,11996
0.75138974,0.07285367866508644,11997
0.34998807,0.007997067345606124,11998
0.6511373,0.001310104969625602,11999
0.9482374,0.3123176056730575,12000
0.45277876,0.030565124206363717,12001
0.15273294,0.18030208289431549,12002
0.6820772,0.09924290997920715,12003
0.6884611,0.013272317771759445,12004
0.36060348,0.05904281170637616,12005
0.68715227,0.17637828350988072,12006
0.33629853,0.0800937212001022,12007
0.68637365,0.08412385760446503,12008
0.44005233,0.19403980001705806,12009
0.20476231,0.13196748559632265,12010
0.30544126,0.0011928806729397674,12011
0.20193243,0.018000031582566304,12012
0.5444572,0.0466497324098455,12013
0.30723274,0.11593932759000225,12014
0.99254256,0.16594602150232088,12015
0.31128544,0.5078174068680625,12016
0.71057147,0.009272894512966328,12017
0.76830024,0.08795747300654298,12018
0.45831448,0.008015049637101642,12019
0.6248004,0.2842406478272497,12020
0.91857934,0.033531907467650085,12021
0.29450214,0.010634670573447304,12022
0.5060473,0.00017968756435927333,12023
0.3959126,0.015270839332202293,12024
0.39132923,0.1485483259386342,12025
0.38886678,0.3560038000309615,12026
0.24150866,0.5821991014992347,12027
0.66714495,0.07746152631284489,12028
0.21889037,0.5437550539021062,12029
0.2843184,0.29711879915405526,12030
0.3890901,0.004494618958425393,12031
0.5206746,0.05512205924612704,12032
0.54175967,0.14131982703649773,12033
0.10278195,0.39540276183946593,12034
0.26089156,0.003826659949767463,12035
0.40405154,0.23050600845533034,12036
0.62975204,0.4082502551158188,12037
0.15963438,0.020712066614572887,12038
0.7578963,0.041086973418218244,12039
0.527257,0.054131340235824915,12040
0.75494236,0.2056694326594391,12041
0.5737704,0.11982557918855676,12042
0.74081373,0.0008542561664859629,12043
0.6165343,0.21032494414588765,12044
0.5520421,0.1229831907195379,12045
0.8296938,0.2086099505308114,12046
0.7288271,0.0058274160759327455,12047
0.6378466,0.006458931340461672,12048
0.50774115,0.08475553464041262,12049
0.3549693,0.005092359607880474,12050
0.25105348,0.22980131661475225,12051
0.4905348,0.08148946215583572,12052
0.34472835,0.12156633284174768,12053
0.33643264,0.00026362184414326133,12054
0.35891098,0.09403664974919912,12055
0.6773709,0.11924511746607183,12056
0.6949034,0.07383447503477435,12057
0.7171088,0.3718124108038594,12058
0.33557773,0.19218358495377666,12059
0.043033212,0.10303110978154859,12060
0.83034694,0.06841069944592852,12061
0.6052253,0.04822603084178261,12062
0.3954356,0.6101232436033674,12063
0.15138009,0.0007063540894718241,12064
0.29658276,0.28331616218671957,12065
0.6807406,0.22220356687655085,12066
0.60267174,0.23050323246552945,12067
0.8357657,0.24479128501303815,12068
0.4486455,0.5724896902146529,12069
0.18158802,0.09183382962672602,12070
0.73360825,0.11943187910951797,12071
0.65828294,0.05815857930062751,12072
0.39476764,0.01845959708476103,12073
0.9023723,0.064131342527111,12074
0.72434,0.2844036609717958,12075
0.38605395,0.04774398891692577,12076
0.6394581,0.0013023728560484268,12077
0.5689417,0.04083904960006337,12078
0.5900985,0.12161100647911548,12079
0.34431797,0.005793577132823386,12080
0.45053524,0.10484288822991673,12081
0.31948483,0.042865217448224295,12082
0.67251056,0.019660455769970848,12083
0.5833486,0.30519502768868945,12084
0.26620162,0.014471529761650764,12085
0.5665255,0.0358605523345826,12086
0.89831984,0.38011969495541365,12087
0.30904114,0.03018548294600149,12088
0.43125385,0.019245541206068018,12089
0.70479375,0.3359519022045144,12090
0.27908993,0.1545579077247896,12091
0.45680273,0.022560536414132526,12092
0.35371506,0.0007262696517481731,12093
0.4591879,0.08787732791493877,12094
0.5541269,0.00043262497937310556,12095
0.7907245,0.0015561471143829793,12096
0.34126502,0.05994815095234582,12097
0.7183179,0.01624452647325528,12098
0.92671496,0.017472917496919368,12099
0.45090115,0.00043196166117945127,12100
0.53070384,0.06736939192022466,12101
0.36424968,0.7513246360645723,12102
0.66867614,0.02495800418407878,12103
0.34080115,0.08008639878699315,12104
0.28869006,0.19009171709324393,12105
0.32942992,0.034484418496677036,12106
0.41339597,0.08364261345551458,12107
0.699269,0.008151004937731552,12108
0.45234483,0.0006089496664198456,12109
0.65055346,0.13354907253835624,12110
0.60214716,0.254237546460365,12111
0.84251666,0.002184276057441615,12112
0.22487023,0.000722279214139206,12113
0.97622097,0.10399240028234691,12114
0.32001972,0.04502575729449832,12115
0.21825805,0.0068072137824170325,12116
0.52334446,0.025716310925129725,12117
0.4092808,0.4732491442112053,12118
0.8216197,0.1353487488532351,12119
0.20427522,0.1513739992324949,12120
0.4622164,0.04438756406833984,12121
0.044463247,0.12537400735613977,12122
0.6002206,0.26364954233804755,12123
0.48939916,0.25551887003593593,12124
0.29828447,0.0008017523333608161,12125
0.44000286,0.01576152034019839,12126
0.64543635,0.1676112029394777,12127
0.46235612,0.09662655744385858,12128
0.45017812,1.8205995351178814e-05,12129
0.44087356,0.01588825682684718,12130
0.36542618,0.2125406181136981,12131
0.33265856,0.07739433478057466,12132
0.4760447,0.07963353180633348,12133
0.34913343,0.08228860040555677,12134
0.7388605,0.010564754689886808,12135
0.6488501,0.3014315462804855,12136
0.6648501,0.0001705633387294677,12137
0.21121258,1.48823431413378e-05,12138
0.95488495,0.001946744129166834,12139
0.609345,0.06218015128544483,12140
0.3364348,0.07205608054477419,12141
0.45162207,0.004824766854487333,12142
0.22853255,0.036947438133208624,12143
0.43993855,0.07155972718177675,12144
0.48801005,0.03697950573293017,12145
0.616304,0.4130350913611227,12146
0.48260075,0.0027625761826873168,12147
0.5907205,0.09968181082377205,12148
0.20981881,0.01963462507536785,12149
0.87182796,0.004101695883953821,12150
0.38951063,0.03899861501325728,12151
0.41882223,0.04362335020299909,12152
0.53969157,0.10054035024608493,12153
0.48865944,0.000551758434973108,12154
0.61166215,0.06057690729738113,12155
0.7212882,0.38593833402786104,12156
0.677815,0.027906176412738997,12157
0.6211568,0.17062471698674192,12158
0.49165845,0.09698530201441102,12159
0.5950541,0.08105379402018287,12160
0.04182753,0.004503505034048387,12161
0.5880953,0.9498020584285432,12162
0.6441831,0.04079989262660829,12163
0.77115047,0.25051913005225357,12164
0.23397774,0.031527530548403813,12165
0.7422892,0.126382110056953,12166
0.26128662,0.2904030089403305,12167
0.68273246,0.0058707168013852245,12168
0.6820191,0.5754044521928452,12169
0.6389642,0.1643892176162374,12170
0.6084283,0.05578299550153405,12171
0.56818795,0.0654344752764358,12172
0.60886806,0.03366250125437453,12173
0.5980381,0.22801388800214947,12174
0.34337062,0.021850281620308602,12175
0.39659995,0.043420081371430434,12176
0.6235449,0.41973036663540747,12177
0.4607866,0.0007854624773228778,12178
0.78618824,0.09213982962706262,12179
0.4741054,0.009930385675958036,12180
0.755055,0.008784366455151927,12181
0.4744297,0.014672990829892655,12182
0.46059033,3.875665172258365e-08,12183
0.5611037,0.0733153818824711,12184
0.7282892,0.1175277701855266,12185
0.40311933,0.026466484930318876,12186
0.6825954,0.1171092942280548,12187
0.37815553,0.39557112708887665,12188
0.69707304,0.017240040816705545,12189
0.6137442,0.22074886761378565,12190
0.22930741,0.39230005170544574,12191
0.5756768,0.21526474888478414,12192
0.56717974,0.5001820799621008,12193
0.7367879,0.05611191092813304,12194
0.5397582,0.052159807883331744,12195
0.56277215,0.46194257964197644,12196
0.3849606,0.0534108179748801,12197
0.6273212,0.03040932464838184,12198
0.72062206,0.13051115399601412,12199
0.46238828,0.015556943116281094,12200
0.80828893,0.0002890801558885683,12201
0.62375927,0.4047637981490178,12202
0.45178232,0.5989833712438586,12203
0.34649158,0.008024819211814388,12204
0.36814737,0.1148221614066345,12205
0.79219055,0.0537518933926341,12206
0.6428977,0.021814741868842677,12207
0.7498816,0.04427277541935929,12208
0.6659312,0.14683136948294206,12209
0.5605557,0.013756278827564068,12210
0.7170082,2.628625515427288e-12,12211
0.43460277,0.1671193497125381,12212
0.46422836,0.5262966554750165,12213
0.066740125,0.4717409378322599,12214
0.7164865,0.026693068713332362,12215
0.5378962,0.04743576367579056,12216
0.1359582,0.254469813453985,12217
0.7974459,0.0001873693342458814,12218
0.16853416,0.0017442347165153394,12219
0.21564877,0.14821652743128455,12220
0.4788533,0.19101244305326437,12221
0.32978237,0.006074083749982598,12222
0.37772474,0.5731114856092986,12223
0.21103603,0.8639815077383418,12224
0.60727465,0.34016897909539967,12225
0.41796318,0.027897142921996534,12226
0.44606385,0.03619788139487571,12227
0.67875576,0.35129064889102407,12228
0.30775762,0.009730210296997804,12229
0.49275038,0.07832823640174652,12230
0.3488834,0.1458742430001363,12231
0.53446805,0.0412652210399821,12232
0.32718953,0.07406102981198923,12233
0.52857625,0.4670121604859146,12234
0.29962417,0.04754991027202004,12235
0.30045408,0.2248967924576659,12236
0.33848387,0.08598351028697944,12237
0.24108446,0.6582825370120786,12238
0.33857888,0.11659838037531418,12239
0.6666553,0.09939395859850139,12240
0.320713,0.32873544230521284,12241
0.8181895,0.12738936587500532,12242
0.7071271,0.5596072438240495,12243
0.38651967,0.16864572051703314,12244
0.5989872,0.030272778779965544,12245
0.47415745,0.14844081952522986,12246
0.14220685,0.022641913616834194,12247
0.38284457,0.18191964976018224,12248
0.62683624,0.009357152480466098,12249
0.221501,0.02365798698612639,12250
0.42655486,0.1435209663940486,12251
0.52770936,0.018753424688818795,12252
0.49431667,0.017696169826024382,12253
0.54345137,0.03483922870036911,12254
0.626334,0.212157794019463,12255
0.68642604,0.16287780528845552,12256
0.33632118,0.00013874492233675428,12257
0.54786736,0.06560673340058874,12258
0.563033,0.0183304710454273,12259
0.79920316,0.03515354722787195,12260
0.24099287,0.00018749689623825098,12261
0.09593201,0.08414184678723428,12262
0.8979069,0.026487540913402007,12263
0.43967032,0.0001107352236626217,12264
0.8431701,0.02262288902314664,12265
0.6373704,0.32742409576783854,12266
0.6519566,0.008191233764842251,12267
0.976846,0.007422621960824074,12268
0.5858194,0.00517115407633545,12269
0.24654317,0.3505772023817477,12270
0.64507127,0.05911287935844503,12271
0.7494788,0.0011962502185068299,12272
0.6106157,0.19783093612564198,12273
0.101955295,0.0003609874290965362,12274
0.8609072,0.0037472577251245064,12275
0.56435,0.220465598703242,12276
0.70404136,0.029156107599390187,12277
0.51300555,0.017042066062812437,12278
0.7307153,0.12985724042943933,12279
0.76490253,0.267559482195812,12280
0.16092551,0.2875297938896718,12281
0.28299952,0.007714012869582418,12282
0.77606916,0.1870666141378105,12283
0.5066073,0.3948028630270923,12284
0.70862603,0.052163685282004685,12285
0.39552414,0.06963775172388087,12286
0.67942584,0.19366506375321405,12287
0.716686,0.04704934402851998,12288
0.46894518,0.00944136591653026,12289
0.10367814,4.9506326078679e-10,12290
0.6005126,0.016105204518922316,12291
0.25881803,0.24007430651780606,12292
0.5007304,0.17675117385708183,12293
0.36986494,0.04472016830758398,12294
0.14629161,0.24911178593336852,12295
0.6613066,0.02939666808813458,12296
0.48083377,0.08642072445577138,12297
0.800057,0.3006397167098398,12298
0.6755478,0.0007108968445327611,12299
0.77571464,0.03726770952316596,12300
0.75717854,0.18814021905830963,12301
0.69550025,0.06251326308878903,12302
0.6247855,0.023949846740693018,12303
0.13215286,0.023848547933645256,12304
0.692685,0.5469812036265216,12305
0.74270046,0.3780955923746865,12306
0.41690886,0.03534412609988667,12307
0.38947237,0.15232013713247597,12308
0.692422,0.01772715127536652,12309
0.8254144,0.01448688528381635,12310
0.76819086,0.007526691713793678,12311
0.16971922,0.7424284683665402,12312
0.96477294,0.17471047248264251,12313
0.5233249,0.0812643871460437,12314
0.5368329,0.47722039675485356,12315
0.016283244,0.08786578414700649,12316
0.7199509,0.7177884750759989,12317
0.39954132,0.04834644272833283,12318
0.8982581,0.015293513234168086,12319
0.26974812,0.003010742405417191,12320
0.100581765,0.023638620194972603,12321
0.9486416,0.005064768894839201,12322
0.30736983,0.04749186529489029,12323
0.82371485,0.09483193067925491,12324
0.00031074882,0.013951123294470832,12325
0.17828694,0.4745695395123614,12326
0.49864376,0.00347488590582838,12327
0.65626705,1.9299575222354718e-06,12328
0.6407179,0.25141904326527886,12329
0.7070448,0.020596698753979865,12330
0.2952255,0.005233039956592403,12331
0.14960223,0.5597127649459356,12332
0.42678958,0.016914730873170226,12333
0.37917113,0.0012270843454898158,12334
0.53951174,0.11203965624000006,12335
0.6084612,0.01357070923727809,12336
0.38170964,0.0258457389778164,12337
0.4780649,0.10819106484094804,12338
0.0034321249,0.3824848362630945,12339
0.7862781,0.04268956636781681,12340
0.59133774,0.33117922384697573,12341
0.39622653,0.12408249318481898,12342
0.32018203,0.0649855954490607,12343
0.5867045,0.025431663642359145,12344
0.32206574,8.958304611524943e-07,12345
0.66981107,0.055346924781372854,12346
0.614344,0.002403172811604137,12347
0.08998594,0.3503958346388558,12348
0.3235249,0.16210622271609781,12349
0.022734195,0.0035177913288784004,12350
0.70276976,9.29831348280546e-05,12351
0.20922643,0.06765646438101867,12352
0.18358922,0.16150168374769772,12353
0.9242382,5.828023270536323e-08,12354
0.78320223,0.4517744051449707,12355
0.26366132,0.11927468071310007,12356
0.64631253,0.006473993879971852,12357
0.6724465,0.17427997177441498,12358
0.93763804,0.00599046214402884,12359
0.25205654,0.14140623315819653,12360
0.50399125,0.020011686515069946,12361
0.8603413,0.0007927334698218702,12362
0.54878765,0.02886870608068971,12363
0.16424435,0.1543812022245821,12364
0.1250979,0.12209983149433057,12365
0.32604176,0.005723731465579718,12366
0.49243513,0.021811656447599366,12367
0.8216425,0.007989865067665877,12368
0.8731866,0.019636707352663024,12369
0.3218073,0.040015748778113085,12370
0.0076782703,0.4011672643884607,12371
0.4764413,0.2820107443482689,12372
0.58533955,0.028816719069439913,12373
0.49576652,0.024148825723591456,12374
0.4944075,0.008001767383315279,12375
0.7481008,0.028746596836697533,12376
0.90377694,0.09087615660262964,12377
0.39835072,0.5858501284535829,12378
0.5165546,0.6641451739235656,12379
0.32149425,0.020225563681943004,12380
0.41609934,0.06142316247766052,12381
0.86176294,0.21586823894758175,12382
0.49065667,0.04502925303968109,12383
0.5311406,0.0017661822115261317,12384
0.8519175,0.006849133340411992,12385
0.608021,0.0006689551619121667,12386
0.2074391,0.0283161689856147,12387
0.85238266,0.04183734470149674,12388
0.6402452,0.38500069751240745,12389
0.2158333,0.002560818874699477,12390
0.5534686,0.23488897667627268,12391
0.5102644,0.25450312948265286,12392
0.46333817,0.2355127065922321,12393
0.24528947,0.022317300678860678,12394
0.8691349,0.034036569528967706,12395
0.781952,0.14115877333959484,12396
0.6163393,0.006486431235414182,12397
0.6754223,0.37619947848858215,12398
0.53734976,0.04064480878532228,12399
0.08712271,0.07114154806325355,12400
0.19479859,0.08892551510792437,12401
0.39190587,0.05208130456711154,12402
0.03853321,0.0028791816061292668,12403
0.2800001,0.017749679264660034,12404
0.67764175,0.1448738731471389,12405
0.78528893,0.01358691720209064,12406
0.9589109,0.0015705938544097245,12407
0.7084049,0.0019453215102794125,12408
0.68922484,0.012287481473689407,12409
0.12761399,0.11889015944906657,12410
0.36802223,0.031003620337999853,12411
0.07238883,2.669888239018177e-05,12412
0.6730682,0.0400689964292912,12413
0.16235584,0.10740442461197668,12414
0.34076646,0.0002987731940817834,12415
0.9705206,0.023505818450300267,12416
0.6894732,0.01032552925378788,12417
0.33205745,0.40134708471923947,12418
0.73808604,0.015648039643570415,12419
0.186378,0.2748583573857995,12420
0.16562167,0.05979781627719396,12421
0.4651215,0.00022030611869852448,12422
0.2912767,0.0010277369292694544,12423
0.765194,0.00030444468928463145,12424
0.43437713,0.030743615478123088,12425
0.46855223,0.0677732789779443,12426
0.7876382,0.00372436617673611,12427
0.28376883,0.00024791578321889683,12428
0.10808429,0.014050935642935287,12429
0.83364826,0.28658403216856904,12430
0.8888787,0.056658805872951475,12431
0.12956575,0.1337989604317027,12432
0.43750262,0.040858059058031526,12433
0.9568845,0.043532697155393256,12434
0.54537106,0.049325022796022674,12435
0.26524705,0.12740634667520215,12436
0.45428607,0.14940331896850895,12437
0.44565833,0.003999201998405484,12438
0.68266475,0.8499311426967341,12439
0.11122909,0.03546101507923636,12440
0.5339008,0.03278796584901825,12441
0.6108069,0.006995990864409705,12442
0.24757075,0.34993502135137805,12443
0.65945363,0.36113460179349344,12444
0.60953486,0.6060468931794517,12445
0.5371194,5.632065110285827e-10,12446
0.33838767,0.004695368363833609,12447
0.23586985,0.07587012600446703,12448
0.9318537,0.18651066231263505,12449
0.3509337,0.04245480791340055,12450
0.28124514,0.11188584766886424,12451
0.68767387,0.39857669993910205,12452
0.6198961,0.1832528763828501,12453
0.6076645,0.044048038145099416,12454
0.4279863,0.05962842917311275,12455
0.35052425,0.18433163126716515,12456
0.18234515,0.12586440377022914,12457
0.76339096,0.05991267364119052,12458
0.7322451,0.01204170550175265,12459
0.619123,0.21650788052603903,12460
0.45111674,1.1533257721586697e-06,12461
0.31839544,0.017363600705644466,12462
0.22224891,0.13120635617863444,12463
0.5452721,0.027926611584756234,12464
0.39102566,0.07534762928303093,12465
0.41743827,0.045529552212634675,12466
0.20480219,0.5899739776532006,12467
0.556429,0.009281275710055705,12468
0.47953838,0.07528226332230935,12469
0.4291085,0.002297628456537189,12470
0.5686596,0.17633052974190158,12471
0.119541615,0.007864163889377508,12472
0.3307792,0.08296777372787378,12473
0.5821494,0.042790540295940704,12474
0.71414095,0.08637790444935885,12475
0.95993906,4.3320294536936756e-05,12476
0.26987177,0.2084325724113467,12477
0.9273876,0.07156883200262752,12478
0.81135345,0.1269608333033262,12479
0.2810688,0.012753299273492332,12480
0.72803277,0.3923636378569821,12481
0.81527233,0.00032927414583282423,12482
0.58991086,0.0708974836837324,12483
0.16398731,0.36321674068229814,12484
0.09341526,0.06683483628125567,12485
0.64232534,0.11771351747285044,12486
0.219854,4.949957262505591e-07,12487
0.50533235,0.006093630115468081,12488
0.4878289,0.3297116788721497,12489
0.39399862,0.09850500309802045,12490
0.66481256,0.06278234742897798,12491
0.53489506,0.08913469358938533,12492
0.39166096,0.13182054508936047,12493
0.44506314,0.08246368801020285,12494
0.73254526,0.06718316422855095,12495
0.57286894,0.08569505931284094,12496
0.29662737,0.0029802212633957235,12497
0.3746758,0.041444518846440764,12498
0.19395426,0.9967657289668338,12499
0.7231507,0.26220431407530703,12500
0.62607837,0.12010094038135923,12501
0.1327745,0.13612739007038013,12502
0.8423717,0.04278404685678332,12503
0.3650899,0.18358117308240737,12504
0.20389664,0.02130505931763111,12505
0.6576529,0.11357910856990994,12506
0.23246962,0.003466936987389558,12507
0.28936058,0.17002881410410844,12508
0.797194,0.47230194921264346,12509
0.85519147,0.054387221961280506,12510
0.088822305,0.048152220312493096,12511
0.040682346,0.014344069310237823,12512
0.22148862,0.043877001750593475,12513
0.85918015,0.07128879538432698,12514
0.2754789,0.003773235585654398,12515
0.72347677,0.3401022924548746,12516
0.6694071,0.051372285226232904,12517
0.22991267,0.047881517289862535,12518
0.55457306,0.370137607672253,12519
0.51681054,0.026149094786486395,12520
0.49303257,0.1287206655153299,12521
0.56536776,0.02629387247170731,12522
0.39265037,0.006771492825445256,12523
0.1643911,0.6877360671500127,12524
0.36765528,0.08161295013124274,12525
0.48785132,0.021206346586923164,12526
0.30380198,0.28110486773721965,12527
0.6310369,0.6107884587477647,12528
0.34435967,0.5484498159821972,12529
0.9245944,0.0002677922108314237,12530
0.60565734,0.09013748301785914,12531
0.22133026,0.41806561402040143,12532
0.5664485,0.04725376455041344,12533
0.2336447,3.121573478609682e-07,12534
0.43755227,0.0007966249394254866,12535
0.5736667,0.15425029831049233,12536
0.77040553,0.7073842627418049,12537
0.955071,0.0015975224589257178,12538
0.08922222,0.23042741798220853,12539
0.7368107,6.240275778074962e-07,12540
0.82819086,0.06025445463922321,12541
0.6950016,0.028102514961652947,12542
0.16616708,0.09379432812305723,12543
0.30639356,0.1727127225745148,12544
0.5448425,0.1656980802227389,12545
0.37876806,0.016688268223653976,12546
0.54420316,0.08645082576756587,12547
0.0022176802,7.976434659810798e-12,12548
0.24251777,0.3472571105092942,12549
0.65388167,0.0973658214656416,12550
0.82621515,0.002506024242841062,12551
0.17226735,0.24684933356505898,12552
0.003549099,0.005610436572541345,12553
0.6634387,0.030238558686848965,12554
0.7089799,0.11557622922438211,12555
0.56202024,0.11951821784710016,12556
0.395804,0.013248006429265081,12557
0.38886365,0.044327280005398886,12558
0.22338828,0.032439957906232574,12559
0.3285159,0.009601035353510739,12560
0.8427108,0.001621456591876275,12561
0.62041605,0.3892020095343523,12562
0.50713027,0.5505080964396061,12563
0.61317885,0.002387742888351355,12564
0.40607148,0.08499052290643566,12565
0.33676308,0.031554841191373924,12566
0.68523425,1.576983684136642e-06,12567
0.5767793,0.343847590497491,12568
0.5604622,0.03342847052556314,12569
0.032844484,0.030862083490433217,12570
0.46707943,0.0016584651784902584,12571
0.573761,0.0034996636659500153,12572
0.5143984,0.027167289963761655,12573
0.96026945,0.13556882140907708,12574
0.77464014,0.08293644955571526,12575
0.43248975,0.21048248660686744,12576
0.32837388,0.27338780773165333,12577
0.7684754,0.05250497234248189,12578
0.36092573,0.6631068704059163,12579
0.5288704,0.0017512687980650852,12580
0.6416925,0.06441684885875855,12581
0.49577954,0.17822732994778437,12582
0.7471359,0.0016839901264705363,12583
0.568989,0.08003709325921186,12584
0.2484394,0.17262044117877606,12585
0.2893545,0.19885245113459935,12586
0.5672256,0.025630410571228376,12587
0.6675711,0.5715567705428525,12588
0.74410534,0.08860231252802814,12589
0.5310787,0.3047464135121882,12590
0.4447596,0.06751219795125064,12591
0.40915373,0.17584478485417418,12592
0.6894741,0.9533765512330509,12593
0.45389557,0.26724554693012403,12594
0.7425388,0.1294210533477388,12595
0.7011798,0.07117035506825281,12596
0.48417524,0.6272212048465774,12597
0.25539523,0.08144917882060498,12598
0.6894906,0.25261000982384,12599
0.70592695,0.0003776031104698538,12600
0.36311173,0.22139447322103115,12601
0.65180916,0.08609384211930063,12602
0.53815144,0.37364008122169745,12603
0.5727142,0.008613492666214579,12604
0.30652332,0.06473197206804747,12605
0.33287567,0.010573588277041766,12606
0.49340886,0.026241712033078252,12607
0.6896914,0.06496786024010125,12608
0.5515495,0.519042388185023,12609
0.52851486,0.004844455200673463,12610
0.60667986,0.05231627222087996,12611
0.5868531,0.001629171504282318,12612
0.7831358,0.009224291133006608,12613
0.7220701,0.12116311003585228,12614
0.6441895,0.9784584472124143,12615
0.7139288,0.134495015981659,12616
0.6437188,0.2997919699895529,12617
0.6991419,0.15876290572213886,12618
0.765571,0.013700512498210528,12619
0.49850717,0.029322347284125264,12620
0.8188515,0.21617163094828298,12621
0.6430465,0.0009439326851160682,12622
0.4407674,0.10842116693410397,12623
0.56065375,0.056510392234095264,12624
0.7116749,0.498930707573253,12625
0.43439668,0.00044759414568097303,12626
0.5379754,0.11664234393530211,12627
0.2896947,0.11476569082261154,12628
0.66727674,0.0014019198464045337,12629
0.49953693,0.17848736755652841,12630
0.63308847,0.06808972956678001,12631
0.9984283,0.011613793016844036,12632
0.6026618,0.3707500695724343,12633
0.4293965,0.12131251618393953,12634
0.35859752,0.18425940554783862,12635
0.627734,0.14666240607771908,12636
0.2802714,0.16704071888219524,12637
0.40069023,0.05517245707663423,12638
0.2043272,0.15236397266595836,12639
0.08229557,0.13219220358786984,12640
0.4746408,0.15816128857661255,12641
0.29760072,0.016038298074096197,12642
0.83045006,0.020187128080756567,12643
0.74388736,0.5207032312988747,12644
0.3091615,0.20387246540148693,12645
0.37370884,0.08080324163303382,12646
0.50507665,0.2852111249736443,12647
0.80758846,0.15343949903601067,12648
0.56778544,0.0010463632381081827,12649
0.42573717,0.5532440401370541,12650
0.76517135,0.07107368747073668,12651
0.2637874,0.022875296663803824,12652
0.31918484,0.06957510405790183,12653
0.21013483,0.6267677951893833,12654
0.32762188,0.006303832647832181,12655
0.4029143,0.007330290876057685,12656
0.2684776,0.0316412258306279,12657
0.2857352,0.0042878904888717685,12658
0.900815,0.14777279719439715,12659
0.5184941,0.1862459602057458,12660
0.7350428,0.6742879029671992,12661
0.6074162,0.09729830877715336,12662
0.8724812,0.0004949692664310842,12663
0.41286674,0.015631010991600858,12664
0.6256755,5.1426133730604066e-08,12665
0.36692926,0.16644130977553465,12666
0.496735,0.018706806267886036,12667
0.7674114,0.0008819660822537295,12668
0.2579642,0.052252716676002425,12669
0.8931639,0.5802859953224504,12670
0.65936804,0.062117637385998736,12671
0.32678896,0.004016964722003942,12672
0.5686185,0.06204291412274803,12673
0.25553882,0.014391873769565959,12674
0.6572832,0.004475149299212509,12675
0.35772482,0.4807535002516251,12676
0.6866485,0.08808399963707296,12677
0.7947581,0.35022669394029043,12678
0.44887212,0.03334146387313646,12679
0.66207767,0.010380191237379155,12680
0.93924797,0.07329835220009816,12681
0.69987345,0.13443185720799586,12682
0.5091122,0.2751756235845524,12683
0.47394738,0.007284562654231979,12684
0.41137347,0.23157694742950136,12685
0.6183865,0.015648218966504583,12686
0.4138577,0.022935321328810203,12687
0.5052916,0.09513599604554909,12688
0.53153545,0.06848411269286793,12689
0.5636119,0.014540840671710875,12690
0.47287774,0.06580615342653287,12691
0.3048018,0.22910005764611094,12692
0.55576414,0.00031176880841763787,12693
0.5207666,0.7750917177247529,12694
0.6794505,0.921178602360239,12695
0.80544937,0.05428517894513187,12696
0.54703474,0.02473123845636505,12697
0.18560144,0.3982008167369754,12698
0.6901405,0.7038306735320076,12699
0.74959916,0.618197131884406,12700
0.30451924,0.030663041580862332,12701
0.44850093,6.125217581708762e-08,12702
0.67314947,0.6453693057098685,12703
0.05358076,1.6978179976334388e-06,12704
0.05874157,0.0031889749816242335,12705
0.6925,0.15397953899488181,12706
0.34437466,0.2982655993465014,12707
0.61693877,0.7345652698937203,12708
0.4741049,0.04417899808851474,12709
0.48411545,0.10268364776663674,12710
0.6627716,0.002619973268518513,12711
0.66207093,0.4268975481069559,12712
0.71299165,0.018962605387000436,12713
0.7950451,0.00347646947738783,12714
0.4687826,0.0651933180608792,12715
0.393654,0.052328426842374695,12716
0.6118352,0.03921035808714168,12717
0.83467853,0.21478744209432554,12718
0.4485342,0.018588311883889316,12719
0.39969972,0.0019563306323545243,12720
0.60329205,0.18848331163282425,12721
0.7331414,0.0942852821225558,12722
0.38880083,0.04779071259705004,12723
0.26518747,0.015848406142969583,12724
0.084321916,0.052757300396715334,12725
0.7168973,0.4204556666329177,12726
0.21847981,0.5523990594216579,12727
0.59848094,0.037323889642985185,12728
0.21416783,0.013471710394118059,12729
0.7949391,0.3476553636352686,12730
0.7306106,0.003039905907586014,12731
0.23429173,0.014319434569531974,12732
0.6987861,0.005462587562959242,12733
0.46188092,0.03489153392409062,12734
0.63130915,0.03639993953598402,12735
0.13205653,0.18340357219159137,12736
0.22507608,0.2657717821049079,12737
0.6397213,7.685929540466754e-07,12738
0.6350843,0.38939283540862923,12739
0.6192489,0.23797391230075324,12740
0.60661733,0.013647290912796078,12741
0.40537488,0.025908476479856026,12742
0.38063937,0.06488647215833891,12743
0.8274126,0.4553646516011225,12744
0.538746,0.12419129107525913,12745
0.5485983,0.026649662993457765,12746
0.31735095,0.7401359663109662,12747
0.67473084,0.11906060455510739,12748
0.20871425,0.06413359096178223,12749
0.1466442,0.01045036255472066,12750
0.7772225,0.05305190235335718,12751
0.661498,0.00013646930752315487,12752
0.4937206,0.002465356632926262,12753
0.7603089,0.0004337754414271607,12754
0.57698405,0.8558993575101709,12755
0.5257094,1.7936977350929194e-05,12756
0.83262634,0.08991659725921126,12757
0.6908248,0.4385193405285804,12758
0.90814173,0.024377292800515076,12759
0.97940564,0.2588185407768975,12760
0.59993315,0.024513627459316477,12761
0.74185747,0.0012810728568999519,12762
0.74824154,0.09744131105603358,12763
0.33327985,0.08283233284715733,12764
0.3009059,0.018588743976007984,12765
0.19395015,0.0003015784819700323,12766
0.4434061,0.11559366906154997,12767
0.41204414,0.5968868655536747,12768
0.7228466,0.8356353871857175,12769
0.82197446,0.035205653645568824,12770
0.41643077,0.002549170922629345,12771
0.5953438,0.5493941693375953,12772
0.8209647,0.0001506834507427623,12773
0.5323144,0.050012716296842036,12774
0.59428775,0.15533596406009612,12775
0.5497457,0.1632100424927386,12776
0.72683454,0.02075928017682366,12777
0.17137906,0.00023452503763010871,12778
0.6917736,0.5968552947884016,12779
0.5461399,0.4930157431792209,12780
0.47893187,0.0017114500246886277,12781
0.51904815,0.06782000278660161,12782
0.5310346,0.25575064242020895,12783
0.4691856,0.012353846138110122,12784
0.7282684,0.02220198315423757,12785
0.3799328,0.10424079021957484,12786
0.66878617,1.3193454716462606e-06,12787
0.18427166,0.17550700959490667,12788
0.9214629,0.4646631610331995,12789
0.64900243,0.16964102636459558,12790
0.4010993,0.11557225945590902,12791
0.67644125,0.7896560239983458,12792
0.47147015,0.1994874237974511,12793
0.62160826,0.00033801595833607217,12794
0.53746825,0.03524767333137921,12795
0.37375107,0.5995221667874584,12796
0.47738326,0.003928365418068987,12797
0.28081578,0.09356586550659161,12798
0.5122484,0.013695877742609018,12799
0.31509465,0.1759784507664054,12800
0.49356693,0.05967827331246801,12801
0.43815774,0.0051284237494320355,12802
0.6702864,0.02909231909574944,12803
0.5787849,0.33794379623388376,12804
0.3217476,0.11129576224548962,12805
0.7988612,0.26747487598893405,12806
0.4119206,0.008626921848800331,12807
0.40178165,0.43442997629088853,12808
0.60954136,0.29466278239184546,12809
0.27682316,0.060571871097237565,12810
0.29078794,8.022528706242058e-06,12811
0.47643265,0.25506187335192254,12812
0.64096516,4.125985778170501e-05,12813
0.701741,0.09391168897224314,12814
0.4773333,0.0030832186677331066,12815
0.42993924,0.008592385784043146,12816
0.62914056,0.4368581613357457,12817
0.22526985,0.03419630625592409,12818
0.4413284,0.0026325541624112802,12819
0.53037757,0.05491464632514721,12820
0.65533257,0.26750280978144736,12821
0.5675181,0.026007965224753137,12822
0.42036247,1.9883704529318673e-05,12823
0.50717205,0.20985306912719093,12824
0.6300809,0.0414242542855308,12825
0.74887896,0.0048267530672805575,12826
0.36870357,0.038289303756957674,12827
0.51688504,0.0035638011056532705,12828
0.26903877,0.005269281548028677,12829
0.5347899,0.06839379819893471,12830
0.5261521,0.8408409185197099,12831
0.702072,4.5955738119970374e-05,12832
0.3294335,0.007871640159775033,12833
0.5288244,0.012377898476427632,12834
0.45848632,0.0051236187746049305,12835
0.65157896,0.11264159556897178,12836
0.66459125,0.8122773198893842,12837
0.6367721,0.060732674889332754,12838
0.3624162,0.019866411329611075,12839
0.43849856,0.02824085205435014,12840
0.65088964,0.0075725077075782105,12841
0.7165701,0.219077465745111,12842
0.28656834,0.27301454304305456,12843
0.6602503,0.08576135114172942,12844
0.15028927,0.024239023005996355,12845
0.47495607,0.4376767416141983,12846
0.8345797,0.09014932835727407,12847
0.4882013,0.0666086645339822,12848
0.7880671,0.39888666879086115,12849
0.28147373,0.0032195529008239962,12850
0.3374254,0.07117475736502953,12851
0.7590482,0.0964664585767061,12852
0.5676584,0.9711050502836488,12853
0.2972854,0.0836866011409376,12854
0.3013438,0.03380426382339357,12855
0.9144461,0.032567908014052814,12856
0.54688215,0.013671777854597004,12857
0.46730882,0.44832455104968183,12858
0.40395623,0.030497931847138116,12859
0.10343772,0.01389267642681557,12860
0.45424774,0.01822850933853576,12861
0.76764536,0.0033968105736336086,12862
0.61812943,0.012216065940743771,12863
0.42946464,0.0010427469583280302,12864
0.5932679,0.008678653239774698,12865
0.6796552,0.00017645378870775235,12866
0.8618283,0.00475359066082985,12867
0.47,0.04605428286443083,12868
0.3194329,0.013275422563695119,12869
0.16283503,0.2864721728092354,12870
0.6052399,0.19683576591870663,12871
0.74697924,0.17280133473891082,12872
0.73456115,0.017214685265805746,12873
0.43126196,0.09130360961690881,12874
0.82935476,0.6856090219113726,12875
0.66344887,0.0015908582755688213,12876
0.9513087,0.5086718899517848,12877
0.45967188,0.0012685851033439176,12878
0.2716149,0.20320821440678002,12879
0.5277914,0.21113671025357936,12880
0.11809048,0.12401142925659069,12881
0.47156778,0.0027481364719801837,12882
0.5314952,0.0879367963339574,12883
0.19008785,0.15885905233770473,12884
0.7761397,0.03065896245845729,12885
0.42674702,0.01233328297300575,12886
0.6146783,0.007593555765028459,12887
0.24031296,0.03721389568895612,12888
0.7181697,0.18844184846087397,12889
0.65105826,0.1161640295796375,12890
0.4343567,2.1280971583047346e-06,12891
0.91397655,0.14117299457001636,12892
0.58259004,0.31451712313768326,12893
0.39671576,0.17411912489152404,12894
0.4184209,0.43369061674863785,12895
0.6914054,0.32402566396982446,12896
0.04578358,0.11873094031887792,12897
0.9099647,0.43106709830070555,12898
0.2989152,0.22785037633848892,12899
0.52074677,0.5423008554009104,12900
0.11968544,0.40115176132134783,12901
0.67481035,0.1270091666992672,12902
0.8497927,0.0052875697786256065,12903
0.7251443,0.30164886494192567,12904
0.3865996,0.046528623515208964,12905
0.19095474,0.0059800986841533595,12906
0.92703545,0.07461650709224552,12907
0.6980249,0.2269063445491485,12908
0.23377949,0.05240700039380602,12909
0.5689477,0.0067618656553870135,12910
0.3753213,0.3534041912870999,12911
0.08001235,0.23804288734647286,12912
0.62925136,0.2098918811261696,12913
0.54799724,0.05657905136131326,12914
0.30270523,0.00785440929755132,12915
0.4485196,0.8848134253901826,12916
0.35091272,0.016213911920252892,12917
0.44879326,0.0008154827470666057,12918
0.2439858,0.17746156788312728,12919
0.26030153,0.10949661127196451,12920
0.18157479,0.04892378166266092,12921
0.63236725,0.059184811681525104,12922
0.7015652,0.008599692019856246,12923
0.2747205,1.7608873674376168e-06,12924
0.30216897,0.013982434565964713,12925
0.3560416,0.002674664632616808,12926
0.5633035,0.049750448074320476,12927
0.98730123,0.12568484105971756,12928
0.2545631,0.2712543026627967,12929
0.17673546,0.04671770017802056,12930
0.7720385,0.0635278728090663,12931
0.2956435,0.11301862481765435,12932
0.58502495,0.10908366913138623,12933
0.3842673,0.3529765511418695,12934
0.24132112,0.030189126211346937,12935
0.53367054,0.0031679681437542834,12936
0.53389746,0.028984060306561924,12937
0.37303713,0.127412193750771,12938
0.26162463,0.021428635605063424,12939
0.3598022,0.12058515941383464,12940
0.7734177,0.07515497850210034,12941
0.41371995,0.07202992215880273,12942
0.36157006,0.029778288765320085,12943
0.62031746,0.00017857840725105694,12944
0.40314937,0.6944727825083739,12945
0.56912076,0.2796554223567557,12946
0.6727906,0.38294771865092064,12947
0.69656956,0.22786193487912937,12948
0.7225292,0.062018376914208924,12949
0.09803423,0.1747261291803642,12950
0.26967412,0.00732080762126784,12951
0.19810644,0.09662800365917777,12952
0.86945117,0.1348780974520054,12953
0.3834719,0.02498102239156616,12954
0.32794654,0.05634313283713198,12955
0.8981308,0.06064577170160141,12956
0.6913998,0.6287389485591901,12957
0.427207,0.4288328933030181,12958
0.60085905,0.09463464282190193,12959
0.57999563,0.0029491678124089205,12960
0.46504563,0.004515825623399186,12961
0.5001427,0.13895875713043784,12962
0.67446375,0.01671678071432878,12963
0.43860796,0.10145541670753308,12964
0.22401872,0.009714383556775992,12965
0.4735965,0.0023373359101331063,12966
0.8416065,0.205338472570675,12967
0.5669603,0.2476881962253817,12968
0.57538795,0.01089119602519185,12969
0.62628335,0.38612725786542956,12970
0.6695122,0.18387603294878582,12971
0.5024835,0.5129633822207881,12972
0.18858555,0.18838096183001715,12973
0.47446102,0.00034990783951632825,12974
0.32822472,0.0004003861099992965,12975
0.8981822,0.003952979605283144,12976
0.6243154,3.90592741644958e-05,12977
0.65170693,0.21817066031268084,12978
0.40011543,0.02167796587633048,12979
0.31301627,0.03595626155044522,12980
0.54519665,0.6767058530713199,12981
0.23681521,0.03455563853211574,12982
0.60730916,0.27415888046285064,12983
0.4581522,0.5489664670032357,12984
0.49632677,0.11999979966141144,12985
0.8101282,0.05030751811255254,12986
0.6790992,0.08071489500165352,12987
0.43426406,0.021434765390212225,12988
0.61808634,0.11852838465696562,12989
0.8139404,0.3038515472269865,12990
0.7776986,0.34195211829363104,12991
0.61130464,0.3953277519836348,12992
0.38932484,0.04634464593129542,12993
0.7266836,0.13822322034502993,12994
0.5861358,0.7016199626692035,12995
0.54447407,0.006300766223801818,12996
0.42146757,0.03575555477404741,12997
0.45974433,0.45683051850809586,12998
0.76526725,0.0894702712939413,12999
0.45367143,0.06518790439369941,13000
0.48809168,0.013586177142785231,13001
0.25929916,0.0029008978865026225,13002
0.6372291,0.05809538506096675,13003
0.37609315,0.02081917501552316,13004
0.5737412,0.6025272607873189,13005
0.1363185,0.007321705702910298,13006
0.7471634,0.003369631173585791,13007
0.3822655,0.0039912229100054954,13008
0.29980415,0.017594379772212863,13009
0.47714856,0.2134582751324176,13010
0.3240596,0.19733238638945538,13011
0.21932238,0.005796601761986934,13012
0.5340325,0.07021639650966863,13013
0.5176774,0.004452129804108169,13014
0.78484285,0.33439648259051746,13015
0.2817185,0.40266813721043704,13016
0.57232755,0.015520270136637959,13017
0.2853238,0.11231962188727154,13018
0.39788842,0.3186155804210964,13019
0.7908334,0.16158035607061902,13020
0.6079911,0.03564289572796408,13021
0.45957422,0.009585855852497875,13022
0.37839139,0.12566149089265477,13023
0.5976759,0.09235533096111724,13024
0.7176837,0.09896732517727523,13025
0.067308515,0.03113074512085727,13026
0.07444975,0.015400303278801493,13027
0.40510124,0.12931048188233854,13028
0.5011426,0.019886163092414064,13029
0.5769729,0.0020794575979091526,13030
0.62034625,0.033515834110932126,13031
0.5414068,0.01996258232894589,13032
0.86844087,0.5478580691761558,13033
0.4229958,0.6527723098025066,13034
0.10234025,0.5985987396895681,13035
0.4380437,0.010887575367864388,13036
0.4201651,0.02465867714477976,13037
0.5081342,0.016595165480877902,13038
0.82465947,0.10986931519778867,13039
0.5490205,0.055839240869156814,13040
0.17790261,0.050228294895698404,13041
0.54275084,0.0623679017268847,13042
0.4546518,0.0037739198382015587,13043
0.647145,0.263576740309897,13044
0.3912899,0.045028623790526426,13045
0.5510788,0.013345817688822098,13046
0.2623765,0.04008522670860941,13047
0.38749248,0.03319150904543983,13048
0.2333306,0.020727443856443064,13049
0.5469796,0.04887207837981675,13050
0.6521944,0.8320676323741085,13051
0.5826365,0.14121132586162394,13052
0.028869748,0.15080736318934204,13053
0.7251101,0.05429311613140591,13054
0.48525572,0.06763720497024683,13055
0.25456038,0.1018064185575044,13056
0.707422,0.2064502386356481,13057
0.7214179,0.023618015611826138,13058
0.45949668,0.1285732712722809,13059
0.64441764,0.019932141287940856,13060
0.2562318,0.5800387506977089,13061
0.19278976,0.00693107851189971,13062
0.62884307,0.016746589429283042,13063
0.6487702,0.13963583759559153,13064
0.27126527,0.02204525511426055,13065
0.5350942,8.930331080969507e-05,13066
0.56988615,0.0027921938137214844,13067
0.7201475,0.0023277995221154513,13068
0.34428102,0.11192455023408189,13069
0.1267452,0.023935900868449055,13070
0.3149758,0.2872408152245631,13071
0.55880594,0.39150977085121985,13072
0.6512924,0.2962356209061263,13073
0.64895356,0.13370330701886216,13074
0.2714058,0.04194611710532764,13075
0.3839285,0.027793918443893662,13076
0.78378737,0.6634399834621155,13077
0.5332288,0.05454915372404379,13078
0.2762942,0.2824742948794333,13079
0.46467352,0.01161285257415247,13080
0.72423625,0.0008703351952077355,13081
0.6003721,0.08118414739980653,13082
0.16467124,0.2824436262268198,13083
0.18492875,0.02896648741651646,13084
0.507685,0.011497998063066906,13085
0.088444054,0.08657290782594862,13086
0.293898,0.07132393180833645,13087
0.12478319,0.006095931408556184,13088
0.43348342,0.00955301168805378,13089
0.27850956,0.009490117245027399,13090
0.3761399,0.07172943059678476,13091
0.77291715,0.022527259576348484,13092
0.47116336,0.268447992697353,13093
0.4642562,0.11035873941362913,13094
0.32088298,0.2221875947771768,13095
0.21401426,0.0029942775554677344,13096
0.6613557,0.058887457090146145,13097
0.47297484,0.1826895933903036,13098
0.6681021,0.00018277643391499963,13099
0.2516901,0.04401925301434561,13100
0.23544696,0.4033846099530515,13101
0.33666968,0.2954134492859348,13102
0.53472763,0.034469453399705016,13103
0.87603414,0.32053917358436806,13104
0.34952053,0.06614681679915412,13105
0.7526368,0.310547290765643,13106
0.03337884,0.05191363348545107,13107
0.5407602,0.28617736845940484,13108
0.3945117,0.3498036763172422,13109
0.6393718,0.20688623065124984,13110
0.4271356,0.5089876063537582,13111
0.78410375,0.05789310995001311,13112
0.38054514,0.09801318472024234,13113
0.5368815,0.5584009833949141,13114
0.24722123,0.03035102222668833,13115
0.64913875,0.26308690326028206,13116
0.76676804,7.46751505722094e-05,13117
0.570221,0.08975013421527707,13118
0.4408916,0.0033249943405053817,13119
0.26633614,0.2766661988550688,13120
0.8948191,0.7850454633615356,13121
0.46017912,0.051732051552777075,13122
0.46411362,0.13803469097153412,13123
0.507331,0.0793948031291372,13124
0.6451912,0.1208093975975676,13125
0.7574468,0.025128358044126803,13126
0.6402442,0.044031019752092296,13127
0.6502867,0.028132514650551863,13128
0.76450205,0.2518986873023463,13129
0.5638851,0.062067325197930054,13130
0.28320354,0.05660924687900022,13131
0.2701415,0.0480086924510461,13132
0.5434651,8.770886336222862e-06,13133
0.81599677,0.00304449987750176,13134
0.59626716,0.07850474585050743,13135
0.4991072,0.2504833357952266,13136
0.064490855,0.00021325687130061628,13137
0.50972736,0.003908325400067538,13138
0.9545898,0.01570531130310499,13139
0.6200506,0.9413673654198086,13140
0.5373063,0.12820247888365158,13141
0.18612128,0.004105255995669049,13142
0.64753556,0.004587222835149284,13143
0.3789888,0.3750049095347257,13144
0.580807,0.015133390848740078,13145
0.29498518,0.01656257047050603,13146
0.23386753,0.19392321136739887,13147
0.2421698,0.05534504761059911,13148
0.7534722,0.13037350101842,13149
0.45007423,0.08617625299647953,13150
0.4082989,2.6855435332998334e-05,13151
0.5776454,0.03783860172498293,13152
0.7097316,0.007217139323931893,13153
0.42650494,4.496505702725958e-06,13154
0.70862305,0.06596390624312218,13155
0.86349994,0.009713660594751315,13156
0.6887652,0.08684777911050647,13157
0.20441276,0.8248879866567063,13158
0.8826136,0.0035866442885939347,13159
0.523703,0.054079010440994155,13160
0.71003556,0.005695991044973706,13161
0.6565815,0.0534910711919962,13162
0.50820476,0.24945782584586054,13163
0.33394712,0.44187322162462045,13164
0.38204694,0.14226303108545524,13165
0.59089804,0.0910729546697541,13166
0.70465666,1.3326491856144468e-06,13167
0.66032124,0.11485814229209466,13168
0.56309307,0.2474649376990919,13169
0.1761725,0.28313177661965466,13170
0.13445753,0.04645517204584833,13171
0.6149873,0.035496428752321604,13172
0.6539924,0.14172168745477715,13173
0.024044514,0.0015873600450798024,13174
0.3769713,0.25499761595060555,13175
0.672809,0.007115758741486295,13176
0.5281686,0.07795904910547898,13177
0.40624732,0.24439276006392682,13178
0.37968558,0.8589614864677723,13179
0.069262594,0.11008222088450537,13180
0.37062344,0.09249273028429805,13181
0.8242068,0.10426686107937165,13182
0.42011204,0.0004932858147583974,13183
0.24047965,0.005926084089036397,13184
0.7178334,0.07201517183812602,13185
0.20085666,0.12113407759361842,13186
0.21772966,0.23395698903576856,13187
0.22452793,0.13626374560209517,13188
0.29651904,0.22379892433644302,13189
0.7363132,0.17502361287885648,13190
0.0369865,0.022908010640617014,13191
0.41239753,0.22018459501961707,13192
0.6432412,0.16148595273120642,13193
0.323745,0.01489480652697945,13194
0.667705,0.055308697047889335,13195
0.5191306,0.32807142286797475,13196
0.6803392,0.05027448862057674,13197
0.8129196,0.26149173496777106,13198
0.24212763,0.006062446382181367,13199
0.7687998,0.02938079437400927,13200
0.35570604,0.037480431144766096,13201
0.7372863,0.07131521228959685,13202
0.14442071,0.041026574004109445,13203
0.41454184,0.11868301294214033,13204
0.4665074,0.06333880283180532,13205
0.17057005,0.06621295430923008,13206
0.196726,0.03965937192341693,13207
0.70856905,0.12604582317821247,13208
0.8243884,0.087226809586731,13209
0.5784808,0.07232723353226497,13210
0.41000542,0.20267036391546642,13211
0.43914396,0.06106922714844105,13212
0.6899334,0.4615467396326442,13213
0.5556838,0.008800025820208933,13214
0.5967433,0.34149816899060864,13215
0.64266086,0.08622893746314683,13216
0.5097008,0.24832163837008425,13217
0.697264,0.1696502276807472,13218
0.8852833,0.03949384250266383,13219
0.72890216,0.10874592182785048,13220
0.5734124,0.35032916982355927,13221
0.73051196,0.024360948006865803,13222
0.5023064,0.2149200897644898,13223
0.5047009,0.03155119101317646,13224
0.47532618,0.3999385100930969,13225
0.88698536,0.20696274285160343,13226
0.7327175,0.01571107143746684,13227
0.36308157,0.6817055930027599,13228
0.48170394,0.09477262237104114,13229
0.7743774,0.02371862994609108,13230
0.9186826,0.15473076509862613,13231
0.9122292,0.3388125436274564,13232
0.49544397,0.005085615976662995,13233
0.72482395,0.04857938156528176,13234
0.4005257,0.04999698430250818,13235
0.5102052,0.1794474590226446,13236
0.29480207,0.0350878794550265,13237
0.36117607,0.8521230765645429,13238
0.5855381,0.09610442238189593,13239
0.79877204,0.48200514947862816,13240
0.44540203,0.006694748638112078,13241
0.52542704,0.016592751428390107,13242
0.27964753,0.061513991750084214,13243
0.8300773,0.0029056810160877668,13244
0.43135384,0.3129626579877487,13245
0.4342575,0.06714588959277866,13246
0.64190453,0.08486333322096289,13247
0.5827627,0.0330987209452582,13248
0.6518415,0.009210524675989984,13249
0.6352603,0.454623406275494,13250
0.780272,0.037104820263963924,13251
0.5821288,0.008507698063300822,13252
0.3430155,0.07633077769757803,13253
0.4598161,0.04893155743502081,13254
0.7706493,0.29728578453503735,13255
0.770227,0.04123728737487041,13256
0.56944263,0.008960373625097828,13257
0.5680452,0.22843979258776223,13258
0.8004149,0.11056161280392196,13259
0.27817684,0.46392814671086996,13260
0.51586306,0.13462945461350115,13261
0.696277,0.00032050592400911283,13262
0.35371375,0.2155679572063986,13263
0.6465033,0.0016840753523416027,13264
0.98946655,0.38061404809484295,13265
0.8470936,0.06053984181187745,13266
0.26055363,0.0023212976303177936,13267
0.49107718,0.23749126326740672,13268
0.64960086,0.13216633231478872,13269
0.684729,0.13216878861592285,13270
0.0061537027,0.06503830086684276,13271
0.41454434,0.057201698893569144,13272
0.4706664,0.17352049796697472,13273
0.78305054,0.14538744599850498,13274
0.912395,0.18554189221519704,13275
0.78720963,0.28920101430558287,13276
0.3378849,5.618694750620165e-06,13277
0.3026883,0.050680792226505254,13278
0.47054368,0.012584930928789706,13279
0.6385087,0.0285033176026895,13280
0.40157288,0.12770908261208383,13281
0.6856972,0.03759603275784049,13282
0.016096681,0.24100875636223285,13283
0.5674468,0.42780259947071164,13284
0.19985601,0.04300814333766222,13285
0.77767503,0.27499739918867117,13286
0.0766944,0.003763961086137258,13287
0.7081253,0.16067696443327986,13288
0.7604896,0.18310087200628902,13289
0.94213074,0.007067170525938812,13290
0.09270227,0.06888126443370743,13291
0.580725,0.4222836450420303,13292
0.36422688,0.005783337747100546,13293
0.30570543,0.0002930395104261509,13294
0.53519946,0.000455447185342725,13295
0.24483699,0.019854157495717218,13296
0.86110544,0.06330557698130201,13297
0.4369052,1.0135906015654252e-05,13298
0.81202173,0.04120646769874596,13299
0.20966467,0.13580041565796644,13300
0.7676057,0.2842917907605786,13301
0.3916402,0.00035196581219665654,13302
0.9117173,0.08236371897861325,13303
0.72038585,0.7184491080564197,13304
0.4387024,0.020242390107509077,13305
0.62004864,0.0020959076929326684,13306
0.6811681,0.21322716141274475,13307
0.97165906,0.0005585813452317879,13308
0.35228622,0.12502860576809519,13309
0.24795246,0.3589451008915506,13310
0.5421474,0.3339869472602134,13311
0.39850548,0.059089287956383234,13312
0.29502326,0.37189347269327855,13313
0.4501114,0.34375574489533667,13314
0.33352855,0.01286251035614542,13315
0.27927518,2.897213191639755e-05,13316
0.24368566,0.09812252716975793,13317
0.5369938,0.042213113952950534,13318
0.64797723,0.1732278136478082,13319
0.71610475,0.0824165159388879,13320
0.48338246,0.3448189814597923,13321
0.50489956,0.7928305327596159,13322
0.74130154,0.024153251450192977,13323
0.8278532,0.17986701500702107,13324
0.69035417,0.7500797961686214,13325
0.44871533,0.0908647921197388,13326
0.79738426,0.49655515621713475,13327
0.3741864,0.3007587982573629,13328
0.424151,0.22712268214128015,13329
0.6907476,0.32518262416145677,13330
0.15531746,0.00562243524341427,13331
0.57762504,0.05535579437892068,13332
0.68130744,0.17802997250289837,13333
0.94376445,0.05355084269269686,13334
0.51556945,0.061150545140579805,13335
0.9016461,0.13387234353648164,13336
0.3264816,0.0038309443906078405,13337
0.33545995,0.008803547349752085,13338
0.1792478,0.0166455457975989,13339
0.21280608,0.11123944944613055,13340
0.55268574,0.09358978624051677,13341
0.90186894,0.44214941906686656,13342
0.66733724,0.010180370962257674,13343
0.5323957,0.20876144785767564,13344
0.3268063,0.0641015715353232,13345
0.5737578,0.2402965554632824,13346
0.13488641,0.08299748460868445,13347
0.29130006,0.0026011954689026794,13348
0.77679074,0.4528808564345339,13349
0.693069,0.17070340666638664,13350
0.71799433,0.045102069034924974,13351
0.35418147,0.031063839311632868,13352
0.3714972,0.23257854371099068,13353
0.5738297,0.03280691015469084,13354
0.39918357,0.0034389615675392334,13355
0.5430079,0.040624363593524386,13356
0.67196935,0.04113889073978534,13357
0.524701,0.023194090094179592,13358
0.68275654,0.15529620717799963,13359
0.5988176,0.18840550561690386,13360
0.6634867,0.1555626177680262,13361
0.69143236,0.025461831433800496,13362
0.56319684,0.0016566397852204066,13363
0.09925601,0.6674726659120127,13364
0.27175802,0.16044522721527402,13365
0.49880165,0.7276001712448358,13366
0.15226772,0.09267572728171308,13367
0.54948467,0.006362842075468323,13368
0.14815179,0.0049247003696415445,13369
0.2408337,0.007961149073970103,13370
0.7681149,0.11311597113249497,13371
0.50107104,0.008453662087869138,13372
0.5065507,0.08989095744653784,13373
0.21701679,0.039024827857990704,13374
0.692773,0.03227636814392671,13375
0.3629193,0.00024091664314839303,13376
0.80967903,0.21768738808385776,13377
0.40809572,0.25035513266609477,13378
0.78777826,0.07506097991091602,13379
0.26409164,0.07426225750849319,13380
0.3341071,0.04297309568228371,13381
0.6915719,0.15441420549956322,13382
0.3910824,0.05486474957549107,13383
0.6430337,0.2933022649439587,13384
0.74225354,0.021628312574151015,13385
0.32742673,0.5270413131968585,13386
0.13705775,0.006340534960652238,13387
0.16970119,0.0036948113167369267,13388
0.4240503,0.0811520608948366,13389
0.7368791,0.039249710912244044,13390
0.6374753,0.01923150714935048,13391
0.025652379,0.0039821841789381895,13392
0.09545976,0.05716932933104537,13393
0.30927873,0.21474095846961322,13394
0.53146964,0.0015471833053224472,13395
0.35923576,0.5038272679171389,13396
0.91878855,0.3540256434588269,13397
0.72933346,0.0715993856839663,13398
0.6781828,0.03493602712880562,13399
0.06424448,0.5053089974777027,13400
0.6237962,0.011594110467564058,13401
0.82837456,0.4125062851283663,13402
0.7926613,0.3751292323084009,13403
0.9523301,0.14350523398642728,13404
0.84544444,0.03389792818052675,13405
0.5191917,0.16787410572177855,13406
0.39644423,0.24848597834198705,13407
0.5195414,0.2076235601337762,13408
0.14359707,0.013312115211428985,13409
0.40642193,0.03212451348509043,13410
0.5598481,0.0978236296561003,13411
0.5130171,0.10788254312002331,13412
0.5314034,0.38988926403197666,13413
0.6958105,0.008418928811102202,13414
0.38933575,0.009094626002461088,13415
0.72481304,0.016379095265327333,13416
0.7730814,0.0025732066774157665,13417
0.46024367,0.7017691188746602,13418
0.2445482,0.11549902612754866,13419
0.51593226,0.04470039430103456,13420
0.19912446,0.046421173241392964,13421
0.6088983,0.007982642186756038,13422
0.40133804,0.022989579588562133,13423
0.36735696,5.550997246459101e-05,13424
0.13997534,0.19585053179235049,13425
0.63111496,0.08170170495547908,13426
0.6771327,0.004628793208315151,13427
0.067741424,0.032889802869942725,13428
0.2627005,0.3947504978830369,13429
0.25713196,0.002513325113693845,13430
0.5769536,0.011929935957509864,13431
0.5059091,0.032775989786567726,13432
0.3990764,0.0005464236552148074,13433
0.40891176,0.3774632574342675,13434
0.7438909,0.7419526171009425,13435
0.033962637,0.020003733978508537,13436
0.3071219,0.05267031160213377,13437
0.4247061,0.38318036237579717,13438
0.73099923,0.023778920203046484,13439
0.8590802,0.001713714083454095,13440
0.39684156,0.0665288312936655,13441
0.32371658,0.0326453758910794,13442
0.44186264,0.3717048028918111,13443
0.3487441,0.21208580666767057,13444
0.4522134,0.5848341127720952,13445
0.2827931,0.08499649018799417,13446
0.50458753,0.09852022137893017,13447
0.4944512,0.40613875696090557,13448
0.7136824,0.08127850417107581,13449
0.49238738,0.465304345071197,13450
0.39327613,0.041761459936457405,13451
0.6814928,0.00036605557015309277,13452
0.71634454,0.33765359970345504,13453
0.61090827,0.7478294086461822,13454
0.3234677,0.03789784236985348,13455
0.35668945,0.595681590236611,13456
0.57815593,0.11170446240276048,13457
0.8954203,0.1604929208703422,13458
0.5503227,0.04325584140390658,13459
0.47504315,0.020495925852720524,13460
0.117275745,0.07509397882637653,13461
0.81870234,0.1840866060525917,13462
0.2837564,0.013630196741216837,13463
0.6557518,2.7518921131320982e-05,13464
0.013418704,0.0329194217548553,13465
0.21148974,0.39728064471690655,13466
0.2356723,0.10215837346453155,13467
0.33647168,0.00042957348465534617,13468
0.5301244,0.33113800818067457,13469
0.83576953,0.47921818455768894,13470
0.54731435,0.032170580355853816,13471
0.31470662,0.03430616586309974,13472
0.42840555,0.06225024425064802,13473
0.500726,0.0009519700283840947,13474
0.6027426,0.23843679516870384,13475
0.18035135,0.0899986423443165,13476
0.9151477,0.19190629875326395,13477
0.76220727,0.18712501123980543,13478
0.63485754,0.036082164930105264,13479
0.8190651,0.23035003671639506,13480
0.24994662,0.18280601192092885,13481
0.438255,0.1456146459058429,13482
0.4240014,0.022205514474101608,13483
0.4522876,0.003390586998471382,13484
0.3777545,0.12353167643784974,13485
0.8854785,0.08250827431441411,13486
0.33405417,0.04796968977008853,13487
0.2798987,0.22531317767073947,13488
0.6808394,0.0027831100140348094,13489
0.2958732,0.14132400352051352,13490
0.33880246,0.006158326193928976,13491
0.8281702,0.8443505190173197,13492
0.039708853,0.07438983325573462,13493
0.37493616,0.001497026907241585,13494
0.32083505,0.05136873501175723,13495
0.7150812,0.14528794383569654,13496
0.6424494,0.11021286725881965,13497
0.26408136,0.0024549312813705827,13498
0.1879,0.0020392369974849456,13499
0.46041283,0.4647499827733337,13500
0.21062425,0.3365140642508968,13501
0.6030412,0.15870756474813538,13502
0.5487289,0.21146729297556774,13503
0.56107634,0.0007052009175389879,13504
0.31646472,0.2387397328059189,13505
0.46004957,0.2170200402669971,13506
0.64786786,0.044651138505780785,13507
0.3025161,0.00662447792722554,13508
0.8084732,0.42156022176387353,13509
0.33123785,0.2205265885998469,13510
0.5822215,0.03781317281659321,13511
0.7677087,0.10430125059619463,13512
0.5166131,0.040657047223558125,13513
0.3484602,0.00047752810457550246,13514
0.6114569,0.022041395140433337,13515
0.1207881,0.06050318598935809,13516
0.61805856,0.9580423195219345,13517
0.54451644,0.02830218263424686,13518
0.6901537,0.06724683433934743,13519
0.36765695,8.125547878700894e-09,13520
0.6093414,0.08943747419360523,13521
0.4827772,0.41122462767776063,13522
0.54683805,0.005073904962017381,13523
0.78048,0.2154117898237975,13524
0.46781838,0.09477864969231718,13525
0.17442873,0.0588292230433629,13526
0.31555712,0.008375038261264657,13527
0.124049485,0.14428010025239774,13528
0.48243213,0.5630542441016916,13529
0.2260271,7.654838154830261e-05,13530
0.21220875,0.0021703881973023473,13531
0.6780144,0.004087798493377067,13532
0.79644895,0.019883322475973794,13533
0.7570518,0.052887466260405434,13534
0.7681838,0.24880440392111675,13535
0.7119627,0.0023938896577084825,13536
0.7342496,0.08157182041105446,13537
0.018062294,0.00021123757049030408,13538
0.7114615,0.10914613348096232,13539
0.28645718,0.044834373676750916,13540
0.43611485,0.1813793228413626,13541
0.5515375,0.42678612286173273,13542
0.21015584,0.12410427695293207,13543
0.46301362,0.07095410591468099,13544
0.68075496,0.0032323667360851936,13545
0.21033928,0.10370610708940257,13546
0.14583677,0.7292913414837789,13547
0.26744804,0.0041547755336508565,13548
0.28539303,0.09232945086197725,13549
0.48783705,0.03676758019274152,13550
0.8899815,0.2224381549511022,13551
0.085464,0.11435925778540645,13552
0.35555983,0.15976658126999477,13553
0.30486137,0.8430102178143661,13554
0.118329495,0.022043666053045047,13555
0.30062297,0.02199039022642254,13556
0.48573714,0.021720581327117097,13557
0.38185078,0.05062905098316926,13558
0.16933373,0.0004216406292006531,13559
0.7534545,0.037080557916856924,13560
0.5958994,0.962732607507443,13561
0.49894455,0.20586413469177517,13562
0.8464686,0.15402660449479505,13563
0.24977246,0.09866893339221905,13564
0.2754504,0.7253720923896221,13565
0.40136254,0.0623276677344694,13566
0.6798574,0.09361463961668685,13567
0.037775934,0.25649141452580215,13568
0.5958416,0.01329286800152458,13569
0.31612116,0.050871487946032,13570
0.14093542,0.0053390320105022575,13571
0.5327176,0.011185427001478829,13572
0.62258965,0.1099026239111785,13573
0.59425,0.33013814793370594,13574
0.5608773,0.08602349473566188,13575
0.4937361,0.013046297343749045,13576
0.091208875,0.10028513583604269,13577
0.5011147,0.09775754629189984,13578
0.5769656,0.01622277527771243,13579
0.44008327,0.15651745099892286,13580
0.43195218,0.06243724505084161,13581
0.46101016,0.05260407673404484,13582
0.37772438,0.05053782087867443,13583
0.33567345,0.008788122795225834,13584
0.17013434,0.9239326043715389,13585
0.74034333,0.06703488116795396,13586
0.67275435,0.25933281698186306,13587
0.6740706,0.03151115802383826,13588
0.61423564,0.13166064689693505,13589
0.50999504,0.1737960965898212,13590
0.4225906,0.5714881286618103,13591
0.5370428,0.02296990020999437,13592
0.7201907,0.00478528829330601,13593
0.39692527,0.005622278593961266,13594
0.4955737,0.21494838785573922,13595
0.7182529,0.055460759588311724,13596
0.23404056,0.034151451446168754,13597
0.22615197,0.19796484876668005,13598
0.3428102,0.009855351137507124,13599
0.26471865,0.21466688608829318,13600
0.66983324,0.000546335042887831,13601
0.34406734,0.03721401689400978,13602
0.1932294,0.042059098124676404,13603
0.34279728,0.02127123597367606,13604
0.4938886,0.06326782253117184,13605
0.9957867,0.15080113195575956,13606
0.92024636,0.0037825872157281667,13607
0.26873264,0.44157481028424656,13608
0.040507793,0.01293370376708892,13609
0.053269804,0.0001353065324809261,13610
0.21106726,0.00601622113419396,13611
0.23303702,0.19812580358725132,13612
0.28449193,0.0738886574463689,13613
0.11064848,0.04996063087845248,13614
0.21664518,0.12905366425725154,13615
0.85371006,0.1382047910588381,13616
0.09437668,0.045764531447842136,13617
0.64481544,0.20865197577783823,13618
0.73244095,0.03285343291052154,13619
0.5057094,0.0014391502600846263,13620
0.56976604,0.03684121467054147,13621
0.5159944,0.1303759840167677,13622
0.8353051,0.013994285057935252,13623
0.05893424,0.015194010898207468,13624
0.21223307,0.16404448775787436,13625
0.604481,0.20971154336432726,13626
0.61404705,0.5249055634945222,13627
0.47132674,0.21986994492664852,13628
0.41191632,0.006786873138359817,13629
0.30454892,0.006970243494706674,13630
0.62358475,0.23238624807265354,13631
0.5792519,0.035932446666560106,13632
0.3514181,0.6156886968593566,13633
0.56243366,0.6340691940512366,13634
0.70620817,0.010631627160411772,13635
0.73067987,0.0743889842445056,13636
0.44830945,0.006122525344830502,13637
0.68312705,0.00701231233298182,13638
0.30260342,0.7079784466911128,13639
0.27438137,0.2656183460991882,13640
0.81781584,0.0001397151695330777,13641
0.43949974,0.6428692992623083,13642
0.41408172,0.22666854390878743,13643
0.7103145,0.05777451043177137,13644
0.60803366,0.00068289929149689,13645
0.444223,0.8016418577617013,13646
0.4902362,0.0037355250031440774,13647
0.564857,0.06880644303335617,13648
0.7049658,0.00018551315650639267,13649
0.6626657,0.09900658110116188,13650
0.683208,0.010676305649426315,13651
0.53540665,0.0639376222195543,13652
0.5837989,1.9878345129946092e-13,13653
0.4798927,0.21984537231446474,13654
0.42495647,0.014460346731493044,13655
0.23764658,0.463059888031702,13656
0.8408071,0.48502980393125106,13657
0.5509567,1.3079555009240797e-05,13658
0.33787656,0.20505077226734683,13659
0.9972507,0.11028170161450235,13660
0.4850339,0.06884094622575551,13661
0.3944911,0.1641687862448669,13662
0.9293165,0.0425316130988923,13663
0.40342122,0.7500008201257043,13664
0.98003876,0.2184941520572904,13665
0.1520994,0.020428966840977832,13666
0.4189927,0.38742415318797924,13667
0.32730103,0.009316655333816749,13668
0.6632547,0.1208404239828694,13669
0.8654765,0.0007019004809135903,13670
0.39536276,0.009901115354432548,13671
0.34981078,0.07064620656133436,13672
0.49822003,0.006340018010632462,13673
0.5228367,0.034978653738432876,13674
0.51198995,0.0039423326835387315,13675
0.42157704,8.789864839607294e-06,13676
0.45084703,0.16563307419941967,13677
0.66671944,0.15925910154747094,13678
0.25791526,0.2694879627467376,13679
0.41115856,0.13760633007460865,13680
0.69131184,0.7917205392105392,13681
0.44721588,0.0349897528805464,13682
0.33372414,0.00436330208237669,13683
0.4134538,0.001628643758120606,13684
0.065710545,0.007863742051494612,13685
0.30397207,0.14764441556981928,13686
0.5853286,0.01769403566943319,13687
0.47216272,0.11566392101355875,13688
0.27634507,0.051656369561999746,13689
0.58800364,0.5311917115968415,13690
0.8698807,0.207026104573313,13691
0.4077503,0.05530584198250849,13692
0.54545367,0.5579100065623953,13693
0.13732603,0.05041567077926296,13694
0.82084197,8.032198884122711e-08,13695
0.64025724,0.1411020638308315,13696
0.6880939,0.07045615784752675,13697
0.6287575,0.6036173411747124,13698
0.5687455,0.0030293325703982504,13699
0.5312508,0.028168980396582218,13700
0.20705527,0.09686813492533605,13701
0.22237441,0.947570048013632,13702
0.56988984,0.27379006027452807,13703
0.9323542,5.123468205803648e-06,13704
0.754127,0.07457856176419535,13705
0.6330194,0.8006642796465676,13706
0.82298374,0.0009670749711104526,13707
0.7970693,0.06469404009326542,13708
0.44533932,0.010414534959583575,13709
0.06381613,0.6041143308614552,13710
0.2029852,0.002475346803527791,13711
0.6387943,0.06198910774052527,13712
0.42388624,0.005696146760556225,13713
0.578478,0.02535577818707137,13714
0.8408817,0.10386693240243863,13715
0.19590807,0.008472528665647567,13716
0.5444412,0.3658435558528506,13717
0.5437737,0.1046854939844789,13718
0.9014107,0.01799601318589903,13719
0.38062134,0.32898082552980473,13720
0.71810484,0.20304676862900764,13721
0.5966717,0.006851449572335473,13722
0.30622953,0.368480872284036,13723
0.8879416,0.006941530790935258,13724
0.52450114,0.04471858011759183,13725
0.3369699,0.22140824780022464,13726
0.5975584,0.1313549158087296,13727
0.46503422,0.21848676134690906,13728
0.9216964,0.07839765992736812,13729
0.50528276,0.007475142243184171,13730
0.21711138,0.06048397742578928,13731
0.66996235,0.025186597118107258,13732
0.84676284,0.014064650425439614,13733
0.9047824,0.17818456287891177,13734
0.48223606,0.5322380327482166,13735
0.28611612,0.010803854010887712,13736
0.6828971,0.2350342095568065,13737
0.3268968,0.2970222868316881,13738
0.5519898,0.00042794171212136897,13739
0.7168635,0.058396788753776706,13740
0.3169896,0.17251102870749294,13741
0.9683572,0.0056055262382146195,13742
0.62706125,0.09942726223451308,13743
0.8420212,0.06965782471953334,13744
0.1656172,0.0006516631973424592,13745
0.31252497,0.029623806485358062,13746
0.4652433,0.10967480173863489,13747
0.3983329,0.11237981494096162,13748
0.5263461,0.016663319319468625,13749
0.5537433,0.2870287119054683,13750
0.49355197,0.0508856888560399,13751
0.8598073,0.2505372819077906,13752
0.35010403,0.014135163529123857,13753
0.3934101,0.09596420983376269,13754
0.37645963,0.16608727770649748,13755
0.27246538,0.1315491120079332,13756
0.35658514,0.11579022805411839,13757
0.44384506,0.061676283528748446,13758
0.74985427,0.016351168565027795,13759
0.6383716,0.3824669790418618,13760
0.4039589,0.000707058869764028,13761
0.4410128,0.03557838905980859,13762
0.5074691,0.030228152266926902,13763
0.40002322,0.09450640427576261,13764
0.6778134,0.2598416116866621,13765
0.66030675,0.014698709296298781,13766
0.4211676,0.00039132869705109407,13767
0.5714118,0.029821218655535144,13768
0.749244,0.038638162242383305,13769
0.563873,0.29799154592711796,13770
0.859523,0.002332474860291613,13771
0.852479,1.2742287153850595e-05,13772
0.49050808,0.0002449357796526482,13773
0.4577387,0.554260582660741,13774
0.11112842,0.23851994813312657,13775
0.5119023,0.04327666116942374,13776
0.39495024,0.00018348505272020501,13777
0.8786546,0.0023807714241061637,13778
0.647433,3.551047098484752e-05,13779
0.47607672,0.00047851546312253673,13780
0.19781783,0.22716872969826293,13781
0.5853912,0.6271702911004375,13782
0.29336601,0.02009953736210318,13783
0.18655095,0.33239097308314947,13784
0.5864383,0.06931469339195925,13785
0.19171533,0.008933237662639905,13786
0.65210426,0.05143837079154335,13787
0.43450373,0.12947698320434892,13788
0.37096584,0.1427158877999839,13789
0.3996131,0.04520609978096246,13790
0.18751797,0.19236052985589333,13791
0.42997363,1.6174082561342577e-06,13792
0.45252,0.09772420462962537,13793
0.63596797,0.11025820581553997,13794
0.71024513,0.0010050462581224565,13795
0.6406282,0.016910856469690257,13796
0.5109696,0.03461378449496079,13797
0.5571413,0.28061055426401244,13798
0.69802046,0.0010326429406935628,13799
0.71599823,0.07407622871228473,13800
0.589542,0.00018251029581506988,13801
0.7623346,0.19843914675104474,13802
0.6954926,0.0998292527279018,13803
0.4647107,0.20753007675220392,13804
0.47695613,0.1220077663656605,13805
0.37852722,0.13275278968600351,13806
0.6934106,0.20704644779476983,13807
0.34026968,0.00523320927484091,13808
0.3959108,0.2193661211813321,13809
0.202551,0.052248782204214694,13810
0.31813335,0.10433770576792348,13811
0.566249,0.2622743850012131,13812
0.4688542,0.0156728641470303,13813
0.7360167,0.5440949685289974,13814
0.84962684,0.013582097871383971,13815
0.17173699,0.019593701022953783,13816
0.52559376,0.12586808162779853,13817
0.6052821,0.0011903866466678632,13818
0.22517258,0.05135694087408556,13819
0.35670388,0.015530216314711258,13820
0.43740922,0.1940302507341209,13821
0.62312937,0.001885719829600059,13822
0.32758588,0.15152628635645432,13823
0.6773819,0.7942381193933897,13824
0.7089273,0.3692516202415497,13825
0.2714514,0.020866767869890862,13826
0.7487433,0.9039907603530883,13827
0.3504754,0.19274405220228563,13828
0.83301085,0.0015252762442740232,13829
0.90402734,0.03253362258879504,13830
0.7667312,0.12417094212883825,13831
0.7084682,0.13794519361941895,13832
0.4986075,0.0002905828983082702,13833
0.23402238,0.017849149581387332,13834
0.41706038,0.0517624976872546,13835
0.7959194,0.49614248607509354,13836
0.2588463,0.05574441899233963,13837
0.5822501,0.0044391463674642515,13838
0.5756832,0.6219599529948616,13839
0.26404893,0.11013061851375545,13840
0.3077867,0.010754769962418316,13841
0.85061884,0.016550355603742718,13842
0.33470923,0.059373826296779494,13843
0.0035312772,0.26657126958109384,13844
0.42048055,0.0010371737284824293,13845
0.73698825,0.028126938540403917,13846
0.5820255,0.001202545684496656,13847
0.04684058,3.7562351509980835e-05,13848
0.030970037,0.02518701918178343,13849
0.04076925,0.001998351746942468,13850
0.59885633,0.09639995039562624,13851
0.32161394,0.013732735274265814,13852
0.6676583,0.01180842086899856,13853
0.7664732,0.0005563112788162538,13854
0.51848847,0.3154044296446906,13855
0.2865904,0.02197922132007056,13856
0.7046476,0.38047381117065726,13857
0.48721597,0.9750318685595809,13858
0.30414325,0.0074601219342562905,13859
0.5902235,0.11873899392792882,13860
0.29922962,0.0003808692697669449,13861
0.31905997,0.1257326083240675,13862
0.25418842,0.18470476634407396,13863
0.8014128,0.0036905130749397995,13864
0.1453968,0.4611260715324595,13865
0.62967694,7.320404854014076e-07,13866
0.46849406,0.0009864877550508871,13867
0.5707853,0.021895288127327658,13868
0.33923095,0.03053438323975536,13869
0.7076365,0.03847077767435362,13870
0.5678832,0.3894015323475478,13871
0.7521838,0.03798367969490783,13872
0.27977058,0.012182800557617402,13873
0.727402,0.131538800825746,13874
0.3380775,0.1404437202191488,13875
0.52831036,0.16637279339730035,13876
0.6467334,0.2651561461249263,13877
0.63276064,0.12322529263700115,13878
0.25395364,0.005703795581093868,13879
0.5099918,0.034224441195963184,13880
0.19643056,0.021328063059887662,13881
0.07410616,0.06611805654515891,13882
0.6723973,0.02189619738015376,13883
0.20854706,7.798942240981196e-05,13884
0.51008517,0.04180441481899975,13885
0.42897743,0.19920184299632138,13886
0.5531914,0.019024181336032484,13887
0.6878622,0.295162654094273,13888
0.8214457,8.357856381466914e-05,13889
0.40006915,0.09459327835222155,13890
0.76703674,0.11577721412562493,13891
0.54309565,0.813372507382401,13892
0.40922743,0.025925586207028582,13893
0.79589987,0.024355957241585204,13894
0.67985964,0.00666223705819479,13895
0.50785416,0.01607463108098485,13896
0.6285349,0.005193843664571145,13897
0.46601364,0.035147644001325196,13898
0.7245693,0.1360864125601654,13899
0.36991334,0.0005349421169226138,13900
0.46039093,0.05642492879318464,13901
0.695311,0.09023895144712736,13902
0.46717942,0.616590182128417,13903
0.27407956,0.11894220571435322,13904
0.38499978,0.12574620107656628,13905
0.47401822,0.2525712735466677,13906
0.14420694,0.030511001155454985,13907
0.15773043,0.018204410353320953,13908
0.6919685,0.532574763237021,13909
0.8558803,0.05922354302918439,13910
0.6631751,0.6613319775396652,13911
0.3923351,0.03028405346392728,13912
0.21797341,0.3689990475118326,13913
0.57106197,0.16544423195360267,13914
0.22398186,0.30274014058446697,13915
0.74825376,0.6331247453555453,13916
0.47809428,0.5200902792839779,13917
0.32010752,0.20695337884255136,13918
0.5562966,0.3125222475776019,13919
0.52584267,0.1760737601303911,13920
0.399576,0.018541905894367997,13921
0.60896677,0.2112240551617373,13922
0.32919604,0.4119217156459723,13923
0.7309708,0.006037677614300209,13924
0.7663855,0.3660078879581009,13925
0.1543481,0.09212061248867998,13926
0.5172566,0.003995654261354121,13927
0.74717003,0.1755708913971395,13928
0.19818771,0.10763828905886424,13929
0.70591855,0.19418140774401274,13930
0.33769053,0.4205809163468018,13931
0.81660604,3.829554949475789e-05,13932
0.66235507,0.21685846276647955,13933
0.7052549,0.040974708760088956,13934
0.6497826,0.3078581001407146,13935
0.7249218,0.46658466568892937,13936
0.6347227,0.016330415804997982,13937
0.5785624,0.0076525763546619035,13938
0.6448372,0.07158935402333298,13939
0.7589379,0.0009538488880594654,13940
0.5841513,0.028398142514015453,13941
0.37317294,0.1504353857757045,13942
0.36978194,0.07164163582053801,13943
0.5561426,0.5226701950586219,13944
0.31698823,0.16326967989416216,13945
0.59583724,6.748969747179487e-05,13946
0.39426735,0.22822070398489402,13947
0.5748647,0.016694590105038033,13948
0.21355194,0.06146540057860488,13949
0.68350756,0.21103424822609068,13950
0.61311555,0.0076268174679042745,13951
0.26562607,0.0007200543426528175,13952
0.34202933,1.046990970825991e-05,13953
0.5884734,0.1891553806790563,13954
0.31864238,0.32264739155446126,13955
0.8142942,0.04891804033950427,13956
0.15659732,0.6688205584277974,13957
0.52027595,0.0782765342100254,13958
0.40847695,0.005441434365836427,13959
0.46736073,0.15541632693303697,13960
0.51248497,0.057803257857111164,13961
0.8742176,0.04586134093083386,13962
0.2882595,0.11436549375678061,13963
0.42604804,0.8180181888984931,13964
0.5638037,0.04840850472657674,13965
0.2491678,0.03853131877923588,13966
0.61181676,0.1332224968241788,13967
0.655283,0.11033308609246918,13968
0.3012036,0.18077521647086048,13969
0.38188273,0.053659224792493285,13970
0.23498937,0.019411902342857442,13971
0.3584863,0.16567678090413868,13972
0.28809294,0.4684134357657184,13973
0.5284121,0.05635242523074775,13974
0.6122495,0.0021551342589383607,13975
0.618042,0.09757847675107126,13976
0.55126405,0.018431321352772645,13977
0.25970948,0.8492454495140762,13978
0.73736614,0.00014880977788570547,13979
0.81432384,0.06841076323015101,13980
0.6737245,0.0008774594144669614,13981
0.5923811,0.3435169040645986,13982
0.758775,0.13950659142543745,13983
0.4747538,0.6140428140337848,13984
0.6810679,0.6217943263477936,13985
0.4341903,0.12092488509842109,13986
0.25231433,0.06262132406477192,13987
0.4807409,0.02778709461008852,13988
0.15057454,0.0008278691958132682,13989
0.613295,0.08518174460212703,13990
0.8262319,0.12843945613657232,13991
0.95242894,0.03835544712099562,13992
0.57062596,0.1595610484312664,13993
0.7981944,0.00018101182026102126,13994
0.56814337,0.3735308237446147,13995
0.43448186,0.26477259917948326,13996
0.5625326,0.09805203113630566,13997
0.368634,0.10599961904284803,13998
0.27406287,0.21964351091005843,13999
0.36852223,0.004429203323430191,14000
0.34849763,0.010516257111963172,14001
0.53797525,0.3927299405066775,14002
0.71888995,0.1582464539211436,14003
0.23620373,0.01961042528613408,14004
0.48054343,0.6411106048395488,14005
0.78525853,0.0027974450737252715,14006
0.63565946,0.05262665454339212,14007
0.32415518,0.13627000191809582,14008
0.30906436,0.0016100635513631026,14009
0.39785206,0.056887993539197074,14010
0.46381432,0.015866208954833445,14011
0.28929833,0.1333831838557192,14012
0.76249397,0.29684505707531,14013
0.2638345,0.9711502982508605,14014
0.5356614,1.3836309435282323e-05,14015
0.10517925,0.00982412639924085,14016
0.89567405,0.006126025037378593,14017
0.6093514,0.04920190276766524,14018
0.9157704,0.001620412680816193,14019
0.5233641,0.09380992676954171,14020
0.34681073,0.24964352702180495,14021
0.47929302,0.07733057828515104,14022
0.65485704,0.06990853623400249,14023
0.25233674,0.05741296754375229,14024
0.10008225,1.3998826744109636e-07,14025
0.9198128,0.12835916608095507,14026
0.8807465,0.1333552438616968,14027
0.9250665,0.005399542661365815,14028
0.32025298,0.16999428492608623,14029
0.5760389,0.00017708501844827942,14030
0.73645425,0.03503114480489684,14031
0.8557217,9.053849771754313e-05,14032
0.7789962,0.18437952520187678,14033
0.6424479,0.024428217969266627,14034
0.680599,0.11624987215309117,14035
0.385202,0.023173182089100332,14036
0.41476282,0.5938722621679619,14037
0.7076159,0.029164679543241548,14038
0.47356048,0.2736728561823408,14039
0.30697542,0.03059170259925216,14040
0.53617555,0.5480653386757868,14041
0.14304882,0.03931085314769617,14042
0.25496313,0.007996914326279721,14043
0.7808425,0.00039553463362638065,14044
0.5564854,0.14026133851053207,14045
0.305542,0.001148175262609661,14046
0.66712046,0.07553566901712686,14047
0.89685404,0.010039644454721396,14048
0.30785927,0.005220426879264358,14049
0.38979828,0.05203002690611626,14050
0.03648451,0.005079396160778979,14051
0.7489122,0.2590354996631372,14052
0.3544687,0.007718969424275517,14053
0.516716,0.1475724221689581,14054
0.36284703,0.04486067577359829,14055
0.13893798,0.18947507286506932,14056
0.7291897,0.4089579461156033,14057
0.8260659,0.13939913614566612,14058
0.12973669,0.04445831942054796,14059
0.1964382,0.1850938069198429,14060
0.5122991,0.022740574257927502,14061
0.4371517,0.0409570477982981,14062
0.6328581,0.09110873091106,14063
0.9791075,0.6302977289018598,14064
0.7300633,0.05585160713399948,14065
0.18909028,0.13105953250623975,14066
0.7285835,0.10710187245194797,14067
0.72327733,0.44825088170140187,14068
0.6047273,0.06013823747704674,14069
0.2587545,0.2905054509752819,14070
0.713818,0.005048213287569492,14071
0.25015476,0.000606172060854858,14072
0.3757019,0.009043131327946055,14073
0.5185502,0.04237689316315702,14074
0.6203265,0.374795641749923,14075
0.38936466,0.20111104210846983,14076
0.36170715,0.012709549330118294,14077
0.57481164,0.03692851487926449,14078
0.47892213,0.027180406684359247,14079
0.35750428,0.02054791893208233,14080
0.47274205,0.013155604581522505,14081
0.6051543,0.059694554246511516,14082
0.6403947,0.37189188311707777,14083
0.45583132,0.45779707723488194,14084
0.7286502,0.012038412475816562,14085
0.70901,0.0019980340322752563,14086
0.62826025,0.010798414132148049,14087
0.13497508,0.004257237046978045,14088
0.598334,0.19777584865235376,14089
0.53227913,0.0020289676706467703,14090
0.14632246,0.5487707989390349,14091
0.31675154,0.3330703176880832,14092
0.49750078,0.07642738710073164,14093
0.32818955,0.1771055179212278,14094
0.45529747,0.028479360013865862,14095
0.23901111,0.7475085028539231,14096
0.4345866,0.033114024041083864,14097
0.4269199,0.08835121621302977,14098
0.20720243,0.8179476454456084,14099
0.101174265,0.48481117884598224,14100
0.43247917,0.02651048909080758,14101
0.22954479,0.03602777723288644,14102
0.74827987,0.12944657199090417,14103
0.28671616,0.2730473223953778,14104
0.38833404,0.0734959376631019,14105
0.44045025,0.010062856789269095,14106
0.16541511,0.2167892969983958,14107
0.4222572,0.008397995436608208,14108
0.64130473,0.2398642239984869,14109
0.07213482,0.10771994486457565,14110
0.1600439,0.0028027240665456556,14111
0.6337207,0.11234996985813184,14112
0.66794026,0.0013095296142795316,14113
0.57957727,0.12034286724139134,14114
0.077153325,0.0004166643965999589,14115
0.26425058,0.03993892685186758,14116
0.2766666,0.14899940429677302,14117
0.5566154,0.14639617114119674,14118
0.5660108,0.20552355137589537,14119
0.681906,0.06241525551668531,14120
0.2098746,0.03271272913443567,14121
0.32125294,0.03982044770513171,14122
0.58893424,0.23402749568290535,14123
0.29981077,0.005273796659840404,14124
0.2771674,0.04934908287375185,14125
0.531733,0.10749194480001542,14126
0.18983,0.028909395185459763,14127
0.7534503,0.0038708077491279805,14128
0.10265353,0.04360031254303498,14129
0.719437,0.5186517682463182,14130
0.25599915,0.058355463014145154,14131
0.23530275,0.2645377107596556,14132
0.3929412,0.03719966625374386,14133
0.6470065,0.008226768046822517,14134
0.83113176,0.0037572231240227474,14135
0.587842,0.0023225749725283764,14136
0.7630241,0.13891046927238906,14137
0.77706957,0.00012610452846255983,14138
0.44187436,0.422544735047061,14139
0.73409396,0.02607145407937735,14140
0.49011743,0.12824237807791142,14141
0.49179265,0.002264553467202424,14142
0.3797569,0.03439930931822446,14143
0.45947066,0.024988019365293927,14144
0.32059366,0.007382392898944484,14145
0.5732188,0.005087520958012922,14146
0.4681713,0.09574049261111821,14147
0.70446736,0.004192727658462092,14148
0.6953057,0.12928976404856035,14149
0.43890184,0.11688698712842524,14150
0.55842566,0.13052559834739708,14151
0.47380823,0.020444920954947845,14152
0.515899,0.053952895802556,14153
0.04110995,0.042169722426848605,14154
0.80181605,0.01640935857176924,14155
0.6930779,0.011761624509203858,14156
0.1284635,0.365222174707294,14157
0.9123709,0.005558885758897544,14158
0.57450205,0.0021179072186073514,14159
0.75678754,0.07156982170941677,14160
0.6619715,0.18260219944120892,14161
0.6850449,0.0025365520589935775,14162
0.31426418,1.156345229666983e-06,14163
0.4812941,0.28766734114371506,14164
0.77090037,0.0008644570014284109,14165
0.7502552,0.20522867753915924,14166
0.34270263,0.0005730739699204495,14167
0.61894023,0.0017227544833496135,14168
0.92502177,0.10998351550721211,14169
0.30514306,0.02194465941025949,14170
0.19129866,0.05821714838322598,14171
0.29605561,0.07475070792366677,14172
0.77500427,0.07102532501268649,14173
0.5085396,0.25156857255098913,14174
0.33161795,0.06568165218339035,14175
0.7731954,0.058226812928670046,14176
0.9879586,0.34296586272508855,14177
0.06568736,0.20012291722162076,14178
0.3679689,0.7396806138873752,14179
0.7523526,0.15003466722714115,14180
0.43479013,0.07406793503575851,14181
0.19692919,0.0056645305145876955,14182
0.3340667,0.345115179649517,14183
0.19564563,0.05195955763437421,14184
0.3733548,0.09533128556277512,14185
0.27993292,0.013109202008969792,14186
0.49018785,0.07077681594719583,14187
0.53488576,0.0005251693116358749,14188
0.31093365,0.07368960599417805,14189
0.36134353,0.4258415854422677,14190
0.60809416,0.09416842234702874,14191
0.32110548,0.9407696150676315,14192
0.34127507,0.0003531478827770043,14193
0.30652905,1.2094402939222885e-07,14194
0.6937805,0.036131486572559116,14195
0.7708085,0.18457152996311893,14196
0.65396106,0.26993224101157626,14197
0.23009673,0.09862432310296083,14198
0.32800874,0.061713736755394495,14199
0.37472942,0.298097431851701,14200
0.2788024,0.9338056258823744,14201
0.93513227,0.17962066624126904,14202
0.76657844,0.04353588972257305,14203
0.81018746,0.7389301408154942,14204
0.5780327,0.11966202572870795,14205
0.30518553,0.008872359742215114,14206
0.61823153,0.059828166286983085,14207
0.7491471,0.00011201548049590324,14208
0.51180005,0.0037577658806303513,14209
0.54515123,0.23351586244756986,14210
0.65225744,0.004857622241575526,14211
0.5973046,0.17338400677013655,14212
0.5380584,0.03666608981032932,14213
0.25442982,0.12234891421311811,14214
0.7280376,0.6581227729287247,14215
0.07946807,0.017068970152372798,14216
0.33011752,0.11817070372081143,14217
0.18524161,0.1534774373419865,14218
0.9800497,0.23746287594695645,14219
0.14692289,0.38554366274808366,14220
0.6493094,0.2179487343800539,14221
0.5445861,0.04793173663629581,14222
0.7616991,0.004056640301019029,14223
0.1429896,0.3669378261571838,14224
0.65291065,0.0005074355837388613,14225
0.6181435,0.17454443452691554,14226
0.55381465,0.24168243217407392,14227
0.5408488,0.006269456942493716,14228
0.7258873,0.4159956565573063,14229
0.3318851,0.10156921350325941,14230
0.18648925,0.014227109672112737,14231
0.2580034,0.0060295431452328544,14232
0.57159925,0.05817173831009816,14233
0.68555504,0.14168325230468767,14234
0.60621554,0.004492392772924176,14235
0.6894428,0.5882998607862349,14236
0.4764636,0.20268498368634869,14237
0.46520025,0.031889972700507516,14238
0.5226138,0.013422800066822426,14239
0.68412805,0.07457226730270736,14240
0.50900567,0.09560932788468829,14241
0.8343809,0.6899019875266729,14242
0.40486735,0.030227011527149007,14243
0.917053,0.001450929402979048,14244
0.4141711,0.09216722522621787,14245
0.61291945,0.0014529980748932722,14246
0.78313196,0.7155647988349597,14247
0.60439646,0.01862734455734497,14248
0.91549563,0.08125331981369002,14249
0.36140293,0.12136437523664848,14250
0.32478493,0.05099940319746889,14251
0.5903928,0.25920253054589937,14252
0.58205676,0.35032005029543767,14253
0.17819372,0.1295858076202138,14254
0.70282114,0.036059323283308915,14255
0.1806348,0.04601859740001471,14256
0.11349368,0.18109362669544024,14257
0.46963987,0.028595634952411953,14258
0.63829917,0.07603038267642674,14259
0.47669777,0.0011568174139203647,14260
0.53358495,0.20186275480544763,14261
0.5146565,0.027666776921729933,14262
0.3328511,0.18102281784262456,14263
0.75659835,0.017526465529023913,14264
0.20548749,0.03652451579363081,14265
0.48623738,0.041159442677623594,14266
0.63423496,0.4316910982835147,14267
0.21777067,0.05758582540706913,14268
0.37918404,0.0028720523419041777,14269
0.57464415,0.7430735967189536,14270
0.122006565,0.0005052546427595194,14271
0.49043518,0.0304177199559649,14272
0.8130455,0.008941772332241384,14273
0.4459261,0.14064347225230844,14274
0.28365183,0.13832247832768285,14275
0.65000284,0.0553148426112481,14276
0.9568206,0.0040926302014201565,14277
0.6449162,0.013019701023043912,14278
0.5525237,0.0010258448876334396,14279
0.115534395,0.13923478179720783,14280
0.51526415,0.01805230851883646,14281
0.85989904,0.07941045912813949,14282
0.3205676,0.08796790898721783,14283
0.50341696,0.004135015739301809,14284
0.13478974,0.6776669451052667,14285
0.40047684,0.26706481164416,14286
0.74211764,0.05628033592680491,14287
0.7206914,0.7785950696949876,14288
0.6472576,1.6207900341462867e-06,14289
0.90742356,0.04394933144524805,14290
0.7046932,0.003297027003543017,14291
0.4038292,0.00032585725123495643,14292
0.3691575,0.050348837363977765,14293
0.7611081,0.29977941282391474,14294
0.5735397,0.36724096308532883,14295
0.32353443,0.10165855137166536,14296
0.6125129,0.003055351445625165,14297
0.2557266,0.49691685940433034,14298
0.5444825,0.053481047854658605,14299
0.2625545,0.012912986962602156,14300
0.42161223,6.175316864147873e-05,14301
0.42866248,0.0014766377565278374,14302
0.29268342,0.04088643935855546,14303
0.9142025,0.01899500924275154,14304
0.8248414,1.5546317818117027e-07,14305
0.43075272,0.07928452785839772,14306
0.8083972,0.0040209682382911045,14307
0.28824452,0.0009796305780366314,14308
0.14191613,0.055139731860396675,14309
0.430804,0.030394170614798533,14310
0.5189706,0.26932650255075236,14311
0.49951553,0.32549587501150035,14312
0.46038222,0.16576335313033716,14313
0.37944275,0.4206713226879309,14314
0.41691196,0.0005716464882133639,14315
0.74189305,0.0006011490966279454,14316
0.5975358,0.4897100495036167,14317
0.36590123,0.027049262173027975,14318
0.044923037,0.12704122751590324,14319
0.7692667,0.01422735030026919,14320
0.6551439,0.12753243388384045,14321
0.56539977,0.0915181189110738,14322
0.3259126,0.02230558775254587,14323
0.26631296,0.01000557632562195,14324
0.6266805,0.3585334296521305,14325
0.6080325,0.004721928363757453,14326
0.5500531,3.5924802827000403e-06,14327
0.47532934,0.11587316437142918,14328
0.47304073,1.4827063968549183e-05,14329
0.1667924,0.1220504446311601,14330
0.67967796,0.029748595892859737,14331
0.12479636,0.07226660113388789,14332
0.57817894,0.05204452163837021,14333
0.6172754,0.10056248805279581,14334
0.56546104,0.046490681421041416,14335
0.51029426,0.02185520061280228,14336
0.8873512,0.2528136183933575,14337
0.6613847,0.007321819087862073,14338
0.6807207,0.06036021310742231,14339
0.28670496,0.10323217640616297,14340
0.5987961,0.7091719909397575,14341
0.61271083,0.0008732037570111783,14342
0.5410119,0.03654258613227794,14343
0.2794258,0.04709003759333745,14344
0.577669,0.15949189962387003,14345
0.74700505,0.047378343800573645,14346
0.033706546,0.07184205002504494,14347
0.35349914,0.1598041201110885,14348
0.45753336,0.8312916886355263,14349
0.33164853,0.40960478517721355,14350
0.48487625,0.04718086796375519,14351
0.66013336,0.18285834173874274,14352
0.32091004,0.08795512407619545,14353
0.6061919,0.004930972791094417,14354
0.41585386,0.06885277063783919,14355
0.26319164,0.08085919102560582,14356
0.83218527,0.3063059193361751,14357
0.21259463,0.003210510565783918,14358
0.6522755,0.01912150908449473,14359
0.66236025,0.0016701434565676173,14360
0.612235,0.12291383685184588,14361
0.7882702,0.020498567075594398,14362
0.28758302,0.011243260681762322,14363
0.6515752,0.23449513537274455,14364
0.5817951,0.034081490804619,14365
0.53103215,0.00830058929685945,14366
0.6946731,6.47957176303135e-05,14367
0.2648935,0.002889993987534967,14368
0.6482783,0.009790957264956433,14369
0.58087635,0.008228950023140185,14370
0.6720786,0.4960039531679213,14371
0.4209926,0.07459918316907943,14372
0.61944735,0.007800770954346912,14373
0.31120634,0.10842477082017866,14374
0.38415384,0.03334997547426364,14375
0.14865547,0.0007931880624634824,14376
0.26477778,0.0048782229111865,14377
0.84261954,0.3303199042740788,14378
0.37350565,0.6396897072011463,14379
0.1995784,0.01937374738147051,14380
0.6106668,0.289956580237393,14381
0.5493325,0.29520953473170625,14382
0.45480305,0.047974039878180066,14383
0.6897123,0.5033163215933565,14384
0.39228594,0.05247746676129241,14385
0.24635565,1.7486708681829347e-05,14386
0.4043811,0.003576399601007751,14387
0.36587083,0.03520231113306253,14388
0.56711984,0.37448190430961553,14389
0.8518306,0.1950207875901215,14390
0.3439222,0.05983719421891136,14391
0.699223,0.104324706849569,14392
0.7874428,0.02660551706393651,14393
0.83192825,0.002444641254896743,14394
0.41571528,0.24269666445997742,14395
0.44876045,0.052142271209819936,14396
0.4635955,0.00014276168036839905,14397
0.5659294,0.031188592216825035,14398
0.26400167,0.0641481464486166,14399
0.63583684,0.37462162328586335,14400
0.38833532,0.07368555961036934,14401
0.4026606,0.21877391774459914,14402
0.73266625,0.11453175525572823,14403
0.4346055,0.06956341278775482,14404
0.34045932,0.0028459906516994384,14405
0.6229084,0.027782519044982256,14406
0.3044965,0.0018653766518276626,14407
0.58172536,0.3004545812897613,14408
0.6612179,0.3956947004762254,14409
0.3588287,0.06645755766369148,14410
0.84440935,0.006149101491389858,14411
0.42007133,0.3283511811931989,14412
0.5315744,0.024655138944276667,14413
0.330527,0.336883959339183,14414
0.5869774,0.04883624112936835,14415
0.80906475,0.008933622163003082,14416
0.24218944,2.6811302106125806e-05,14417
0.6650882,0.07072811460117356,14418
0.4906181,0.0006477734701607652,14419
0.3279344,0.15941032211471898,14420
0.38696188,0.004295462133378007,14421
0.74811983,0.18757134194319167,14422
0.5338846,0.07993518129465738,14423
0.4906221,0.009957736595137538,14424
0.6353305,0.1227877286446023,14425
0.6519894,0.006367712545625297,14426
0.47494063,0.02019899279847434,14427
0.61586255,0.05901523030032282,14428
0.5581161,0.3483224022832762,14429
0.40853754,0.6407270282394568,14430
0.7840899,0.46881462955092157,14431
0.7787701,0.03144651505737924,14432
0.7826849,0.035109068765183826,14433
0.33088076,0.04712947937606807,14434
0.62105024,0.014939425915302828,14435
0.9802683,0.07930323162818254,14436
0.24177548,0.15818819806632473,14437
0.9685958,0.34807124555861113,14438
0.47832987,0.0026509692773568896,14439
0.65790975,0.32569781056063213,14440
0.76554465,0.48563882456906765,14441
0.114492595,0.32556523159384104,14442
0.6307489,0.022035401592335267,14443
0.42112496,0.03401922912842739,14444
0.6125331,0.014376643344826825,14445
0.46666077,0.16600126067149637,14446
0.36759424,0.3547321810328022,14447
0.848405,0.42170805097746,14448
0.2879333,0.054618536643585805,14449
0.7308569,0.8226481138440324,14450
0.7007551,0.518330255390121,14451
0.76183045,0.13322980479838561,14452
0.7076373,0.16628312668887654,14453
0.14663193,0.05064770635505276,14454
0.6562023,0.023264340108295666,14455
0.8449267,0.6301607921425914,14456
0.48402095,0.008940115511496217,14457
0.5088823,0.0004514672455029805,14458
0.8877226,0.025404116831834182,14459
0.41425124,0.03289841202022493,14460
0.4993486,0.1969865146206944,14461
0.5852115,0.018599908966929465,14462
0.7096463,0.003351108150051741,14463
0.492444,0.017174823826288946,14464
0.3690991,0.0030220106587286466,14465
0.81655836,0.0030266058701972137,14466
0.2670231,0.4422452201416853,14467
0.5786132,0.03376503456320398,14468
0.29419053,0.11409462846674742,14469
0.6589273,0.13682472738214194,14470
0.6401546,0.02589831629614175,14471
0.23198152,0.17261054467891096,14472
0.6471211,0.0985167415614161,14473
0.54890966,0.32514340671477776,14474
0.5905095,0.09361609223980166,14475
0.71405613,0.042155857514897574,14476
0.4723213,0.007088350372661095,14477
0.14060894,0.07028234056355731,14478
0.35825396,0.059067060488677235,14479
0.38952518,0.049061128601007774,14480
0.6388287,0.005993797215506359,14481
0.47121227,0.05044866829011168,14482
0.23576474,0.05628401382339695,14483
0.6869683,0.375619968886698,14484
0.93772507,0.021767035675278906,14485
0.27349788,0.011692600131341995,14486
0.101492405,0.4614347380144565,14487
0.3474431,0.0010489865912187348,14488
0.98929554,0.01594856157499169,14489
0.19268942,0.5824363862981123,14490
0.49536586,0.4990991580368287,14491
0.53860766,0.6632163755828918,14492
0.24360475,0.07456944343055089,14493
0.5208729,0.02608902363982966,14494
0.52303714,0.002367448721467256,14495
0.502068,0.004748969644291758,14496
0.4712236,0.20257899026737208,14497
0.32109275,0.35898744852107756,14498
0.99298364,0.28455810536732984,14499
0.6200526,0.14976230335495316,14500
0.34364,0.005648749731878896,14501
0.9027317,4.4613533623957386e-09,14502
0.7699105,0.2569326916029712,14503
0.6024029,0.05472036131292578,14504
0.23221588,0.7946847205639315,14505
0.2904061,0.13763574355093816,14506
0.5157839,0.1888220243537998,14507
0.38942656,0.005515976831417849,14508
0.22981516,0.2182672589663506,14509
0.4275987,0.049124561442342764,14510
0.044067472,0.6288833985669994,14511
0.34605798,0.023014406144619057,14512
0.69769645,0.4474087711063699,14513
0.5440396,0.002039309067926238,14514
0.97210246,0.007681839504093995,14515
0.1592187,0.30691175167287366,14516
0.9734762,0.12401267485494138,14517
0.7359698,0.0014708892323633672,14518
0.9847244,0.3197304540303608,14519
0.5294646,9.730444329234652e-05,14520
0.64887506,0.16251360787674482,14521
0.13515922,0.0006034934686762663,14522
0.20821106,0.47233522914681414,14523
0.9141881,0.10280431959063857,14524
0.70958483,0.012814665276452279,14525
0.14539748,0.0022794537670828567,14526
0.52269715,0.021489410548093175,14527
0.58773416,0.02252566532173548,14528
0.554151,0.07084171380386022,14529
0.19231448,0.0006373101589845296,14530
0.5606775,0.011910794068296475,14531
0.8302012,0.5205927547653292,14532
0.3477712,0.5471264910962538,14533
0.44512343,0.12106306068581926,14534
0.82248133,0.42962536889345854,14535
0.45022196,0.15198714521992765,14536
0.5079364,0.013632917031328073,14537
0.5622199,0.052219489102666175,14538
0.7136929,0.06594553679036458,14539
0.5798649,0.022459052725389388,14540
0.8404316,0.027485279244626643,14541
0.55433774,0.03675850248994629,14542
0.40619716,0.13261190000477105,14543
0.4000128,0.28178310203664575,14544
0.35985819,0.01193160137216871,14545
0.19327638,0.3537042625820367,14546
0.25037074,0.3616228853029245,14547
0.20869789,0.1789081907146302,14548
0.51843125,0.02125328765110283,14549
0.4429201,0.27166451603589453,14550
0.628971,0.08514066354631776,14551
0.20813948,0.006576400978765537,14552
0.22867629,0.2826650138605092,14553
0.5002993,0.00016200769918562423,14554
0.8816122,0.003501320900825881,14555
0.7580592,0.045457639127627736,14556
0.2816734,0.45468439404653843,14557
0.19892806,0.2823872837059734,14558
0.9171833,0.06318220814557805,14559
0.5035146,0.0019286015423690794,14560
0.53533196,0.022737307374590163,14561
0.5491915,0.03932545242598217,14562
0.8386836,0.6359649963771851,14563
0.8817434,0.030359830302774938,14564
0.6976426,0.14677770821663494,14565
0.60737634,0.11032062621778974,14566
0.2698426,0.9085735667159701,14567
0.7863418,0.15452846586650038,14568
0.4483652,0.2571802344324539,14569
0.091501564,0.07272354338367083,14570
0.31318527,0.055026093766179875,14571
0.39967334,0.23558558009926686,14572
0.036713958,0.177937658488908,14573
0.36695328,0.005172503602493708,14574
0.9392549,0.004705627621085693,14575
0.8059907,0.0062316518456651945,14576
0.05640328,0.0049572180528194565,14577
0.43813992,0.045799703197006277,14578
0.32744482,0.2384571339043938,14579
0.20923817,0.2912165936579377,14580
0.40899137,0.00021644999632717022,14581
0.7434016,0.23810318170163766,14582
0.64830685,0.11133927461239534,14583
0.63328266,0.03280263732249656,14584
0.9611814,0.05521825882719783,14585
0.57523894,0.35815224544257573,14586
0.19655418,0.15454597768246264,14587
0.80486614,0.06269638987659654,14588
0.36513007,0.082711066958607,14589
0.59399015,0.0958781184012752,14590
0.38791743,0.17936510792379035,14591
0.48593622,0.763822978265965,14592
0.61677456,0.29160543517702714,14593
0.7563387,0.7543711418282801,14594
0.33425978,0.00125381858033211,14595
0.48657706,0.04487800383584014,14596
0.4640683,2.3046373681277057e-09,14597
0.5679242,0.020663088449904554,14598
0.8202293,0.006683333510630365,14599
0.34468114,0.09880109039568397,14600
0.19963679,0.0592629949873015,14601
0.33904374,0.04530302886768152,14602
0.54055786,0.275026191776894,14603
0.9419321,0.2057591547016804,14604
0.45407748,0.018551839287768764,14605
0.38315776,0.3972397242580339,14606
0.5661412,0.10399344814456091,14607
0.39158598,0.07556593782489833,14608
0.4906454,0.006007735348694329,14609
0.3216235,5.738192932776525e-05,14610
0.48637685,0.01619569818938744,14611
0.0023082197,0.018054797937687696,14612
0.19887087,0.13116109058580647,14613
0.39936173,0.06472150851927773,14614
0.26132166,0.19571467667162995,14615
0.042219132,0.00951793782143686,14616
0.44524372,0.00838192475845214,14617
0.40428022,0.0033991275325425457,14618
0.28670716,0.1681324347580323,14619
0.43012276,0.002710573745343694,14620
0.04050854,0.00022001977132106047,14621
0.38129893,0.1622500185412273,14622
0.36927873,0.0064524126804789365,14623
0.45407742,0.18684434194972016,14624
0.4945449,0.030203633476064667,14625
0.34324312,0.14331154792982181,14626
0.8525125,0.15513383772808081,14627
0.260886,0.11281985074122304,14628
0.4666401,0.07968250774666151,14629
0.120173305,0.5011024502553295,14630
0.75611705,0.017885345082432304,14631
0.56056625,0.01633628167219244,14632
0.6386403,0.2055648910818905,14633
0.5038158,0.16715512283910658,14634
0.744979,0.08572829485430729,14635
0.57555974,0.6155054368828006,14636
0.6511763,0.12104138497255651,14637
0.76298547,0.005743299244568591,14638
0.80679953,0.2838728263639684,14639
0.48084268,0.018939802518041126,14640
0.24703333,0.5206840866190484,14641
0.25380427,0.019371221812369197,14642
0.6083645,0.09419562045033858,14643
0.40729618,0.10431630415483581,14644
0.48670644,0.017784092034779198,14645
0.8206699,0.16189825367981958,14646
0.8250756,0.3794364090454028,14647
0.505309,0.10025378327944558,14648
0.67108953,3.7301926185273286e-05,14649
0.2941727,0.09970042248404304,14650
0.17576268,0.016706552340125753,14651
0.787428,0.28608092290696524,14652
0.23681825,0.20414958398204042,14653
0.9977357,0.0017300157539418895,14654
0.34173003,0.1966600370116219,14655
0.7274408,0.13260707987338646,14656
0.50879806,0.07522543262279999,14657
0.85350394,0.09506515631143413,14658
0.43848485,0.04671351964128591,14659
0.6458346,0.20068750109824254,14660
0.6939315,0.0018893329755216783,14661
0.7264974,0.000380238823861618,14662
0.43458262,0.023591503820952608,14663
0.6956372,0.44684116093149745,14664
0.47504824,0.012354725214074372,14665
0.69217896,0.22993769212360024,14666
0.8240117,0.38189170838520947,14667
0.44405052,0.588746017905936,14668
0.60521275,0.006097452960088355,14669
0.72064257,0.0004459083470164374,14670
0.21191126,0.08471509454420602,14671
0.41116917,0.033736676641544346,14672
0.44447947,0.05399481155859766,14673
0.20277524,0.275606327428324,14674
0.36463758,0.07299430032236501,14675
0.52672166,0.07406082672448192,14676
0.6429074,0.05276344207176353,14677
0.7853203,0.008660390907286127,14678
0.59057623,0.5267685341484066,14679
0.64058906,0.038050618118193394,14680
0.54526275,0.014486218264109443,14681
0.49420565,0.1484373985289654,14682
0.3401367,0.17992958037283058,14683
0.18405673,0.0034181120146993295,14684
0.1651293,0.013784321659930598,14685
0.2437321,0.0033134532381925113,14686
0.32379317,0.06197811966404516,14687
0.55666023,0.005562055960971851,14688
0.44238567,0.04052392216468281,14689
0.6305854,0.0016047867023219573,14690
0.49156103,0.034801320669664695,14691
0.7278198,8.007599487523084e-12,14692
0.4202314,0.007561307728385442,14693
0.6034566,0.0036192040760460926,14694
0.42891017,0.21816472385295066,14695
0.3587172,0.05844021927691277,14696
0.33241457,0.0035483129962391446,14697
0.5954534,0.03308516169269674,14698
0.7854102,0.011734642062081852,14699
0.5066582,0.18974019310032422,14700
0.697074,0.019255910030879696,14701
0.55213475,0.0005321862689683409,14702
0.5643586,0.3900257415268455,14703
0.25904533,0.023395782867378177,14704
0.58143085,0.00019046043669533456,14705
0.80927587,0.0021867860190129787,14706
0.52112514,0.054005948700728446,14707
0.23291284,0.13233150330766588,14708
0.38806638,0.19170189839604165,14709
0.45528826,0.11581644853595835,14710
0.52680844,0.19765079543525632,14711
0.09333685,0.12805706107874712,14712
0.49465588,0.3162342884048976,14713
0.027031124,0.4885140482508962,14714
0.65727705,0.603576034450751,14715
0.30410182,0.019181707982558527,14716
0.7565377,0.34565096677071283,14717
0.70356894,0.09104295818983951,14718
0.52816045,0.0693037434387616,14719
0.6594164,0.2757902917540299,14720
0.5969638,0.10013935365568855,14721
0.8726013,0.6693599337657422,14722
0.78957176,0.035025179789224245,14723
0.31646588,0.017107395363676777,14724
0.6171502,0.31058210535503916,14725
0.6387011,0.05857372192454539,14726
0.07910547,0.9389087102789059,14727
0.4872301,0.17330432804151716,14728
0.961076,0.301654493503214,14729
0.44788584,0.013440070552525153,14730
0.23876646,0.21883058964167784,14731
0.93414205,0.003406537664286445,14732
0.8431406,0.07877903828414717,14733
0.30635262,0.0014218239327848823,14734
0.4375608,0.24757939322350506,14735
0.7750839,0.7338742696937409,14736
0.31049687,0.12977370899305857,14737
0.7685884,0.019632436674133488,14738
0.4227501,0.12716744983020106,14739
0.78917813,0.060031440799331356,14740
0.49937448,0.003991022260882757,14741
0.23561978,0.05324314306629172,14742
0.6862201,0.11645924442020983,14743
0.5719346,0.003426147351206632,14744
0.5702155,0.05450836796916416,14745
0.5923999,0.1882473766119424,14746
0.64235914,0.0013751853932879817,14747
0.5713872,0.05961229120319846,14748
0.41133916,0.0023983398831623755,14749
0.70346606,0.0029403702489895966,14750
0.41595048,0.015707955796197166,14751
0.5305443,0.021457633471485726,14752
0.4347558,0.4087971484149055,14753
0.010773778,0.29782051466269105,14754
0.5774117,3.3941037753278405e-08,14755
0.8072667,0.08801027859158202,14756
0.5423679,0.06980551547801063,14757
0.48100495,0.6407415415836007,14758
0.68519866,0.005139858262642346,14759
0.30117217,0.0037486571764177874,14760
0.7318795,0.0002946793588642171,14761
0.5029797,0.264163532156172,14762
0.1480963,0.027308423646397684,14763
0.80206937,0.04820179398397628,14764
0.36728966,0.0006632700049280645,14765
0.5317863,2.2364218218241997e-05,14766
0.9284277,0.9198091747794511,14767
0.93426186,0.03196580476048811,14768
0.72571385,0.10569009669134799,14769
0.8178451,0.09943465010640104,14770
0.72593313,0.0029652782531095928,14771
0.1947532,0.022184202676332646,14772
0.28749868,0.3179703880677915,14773
0.36500022,0.019575546275025713,14774
0.36820453,0.07333211215150119,14775
0.6058668,0.002656667301229678,14776
0.6819563,0.1320319151256077,14777
0.76019764,0.028713995124612392,14778
0.20370746,0.004845672393866033,14779
0.06951156,0.6637374555207635,14780
0.55804026,0.0018224186456954272,14781
0.74013656,0.12296358451028654,14782
0.34324485,0.06274473760385124,14783
0.45450494,0.4105440766151871,14784
0.7126216,1.612796124012729e-05,14785
0.38751838,0.14368987935875752,14786
0.6216249,0.009502697338195375,14787
0.6465427,0.023118288083664933,14788
0.74856025,0.001021392833571368,14789
0.28968227,0.04646581317735864,14790
0.43328425,9.803973203676234e-05,14791
0.4016878,0.11311587812608019,14792
0.6352124,0.0041177559554376325,14793
0.27862483,0.2836788088880218,14794
0.47262904,0.09926647757018635,14795
0.10039258,0.00352097623739993,14796
0.26386046,0.3397232782026329,14797
0.26996905,1.8806830678987932e-05,14798
0.09436029,0.08462834697950158,14799
0.35188985,0.8126702844607578,14800
0.66565037,0.20350379821264705,14801
0.7430028,0.8944738395601061,14802
0.41703594,0.004826890597013755,14803
0.4991632,0.016926598627109043,14804
0.5921533,0.14653599100554807,14805
0.67347836,0.28747269209941473,14806
0.41255796,0.2862539639675927,14807
0.12658238,2.4156871309016728e-05,14808
0.35425198,0.06795121183135266,14809
0.53704983,0.0024852638050810124,14810
0.6685904,0.12264862265641965,14811
0.52796113,0.5536959701018018,14812
0.35764027,2.2051922311045516e-05,14813
0.30143636,0.034194533586874236,14814
0.572163,0.01426501425801864,14815
0.4587407,0.10084702831475534,14816
0.9857378,0.00010813837265540722,14817
0.51138246,0.14090725178077515,14818
0.6012396,1.924740765502851e-06,14819
0.4219615,0.05217884564330153,14820
0.6551395,0.029253133725369553,14821
0.48734665,0.06386141410122444,14822
0.54814976,0.3165571512376513,14823
0.47207212,0.017336018662226945,14824
0.4473046,0.06983508178930867,14825
0.36325517,0.051030395725744,14826
0.9361998,0.6033496198417994,14827
0.5675621,0.4027355107865998,14828
0.30540144,1.3516641019870059e-05,14829
0.0791305,0.0012853767006652844,14830
0.8346568,0.24099424099027625,14831
0.5682391,0.003413390864176291,14832
0.32964817,0.2710251444216566,14833
0.5018447,0.04762681915963299,14834
0.23794746,0.028471493184584307,14835
0.44839463,0.16013176577203628,14836
0.49302566,1.4963601170469581e-05,14837
0.5484415,0.029919367722807278,14838
0.10670909,0.07813655522184156,14839
0.44100282,0.02136118813106764,14840
0.37031823,0.09917429696685826,14841
0.23233709,0.7418874341494583,14842
0.23326409,0.14519583905759112,14843
0.53069985,0.05952110568605242,14844
0.45386714,0.006160496369331204,14845
0.18444303,0.00463958316346783,14846
0.46619,0.13310534742136354,14847
0.23908475,0.02712509976226227,14848
0.03392017,0.06553752997955792,14849
0.29909298,0.08157837100673268,14850
0.5976691,0.011807314911397701,14851
0.6112162,0.24476647701366208,14852
0.44028902,0.5723094155957582,14853
0.3400425,0.023815373517072774,14854
0.61804754,0.00654595109661228,14855
0.44638824,0.1185801193913124,14856
0.37977305,0.019891902065992888,14857
0.54290026,0.012847205213182517,14858
0.45798814,0.02985953643999653,14859
0.99712795,0.04277595071933853,14860
0.7614614,0.17176504387679373,14861
0.617977,0.2564788689785748,14862
0.50166297,0.04653600450427241,14863
0.38851187,4.999327806452634e-07,14864
0.46090546,0.08163119049625277,14865
0.65942675,0.038496993371993006,14866
0.70979834,0.016736025656161918,14867
0.6058173,0.02049400805867592,14868
0.9098838,0.06001218568261334,14869
0.47465983,0.029813922176824693,14870
0.3640623,0.011018197072304343,14871
0.33299267,0.056781160936042796,14872
0.4116836,0.009432955896660603,14873
0.045341194,0.0007870767759601629,14874
0.44277656,0.0506551012131784,14875
0.6021193,0.020265949371518335,14876
0.6014867,0.04557932121505425,14877
0.21727389,0.01739749065269311,14878
0.46452272,0.012027004767737812,14879
0.14360973,0.006152845648155216,14880
0.78914684,0.07063193060356641,14881
0.9092078,0.0004884867958441841,14882
0.36156613,0.22716920040790592,14883
0.18206662,0.07378140248750634,14884
0.65313786,0.27888723647170144,14885
0.75205386,0.032184862988183044,14886
0.3587767,0.04020882365368782,14887
0.52248734,0.020446094041102175,14888
0.6336299,0.8402322904772122,14889
0.81363213,0.0012630778832376651,14890
0.25894395,0.09374326223202373,14891
0.5507014,0.19807249501786073,14892
0.029499948,0.12665300047808087,14893
0.77997166,0.3083772298119039,14894
0.016467005,0.23692108549758398,14895
0.29206926,0.1209963792465248,14896
0.2644844,9.714722108650281e-05,14897
0.39776728,0.02736582325383034,14898
0.32936433,0.12489325979293715,14899
0.7998333,0.010700081686456848,14900
0.6633849,0.2589482497046029,14901
0.50704294,0.03367777450120215,14902
0.70301056,0.12827564303720343,14903
0.67171395,0.47825888754352386,14904
0.4585556,0.021325282202559484,14905
0.33693737,0.04390927319722671,14906
0.7351424,0.2631272808542229,14907
0.25332242,0.008623858263316133,14908
0.67509985,0.1025183672596111,14909
0.60856146,0.024354186035071453,14910
0.49487838,0.7444300786339885,14911
0.3211584,0.1511486446637704,14912
0.8106668,0.14957137625944145,14913
0.405029,0.06313904315306286,14914
0.23573688,0.4744471344679142,14915
0.6001026,0.1183124763944901,14916
0.0824686,0.0844074011635199,14917
0.29522297,0.0021738209318117197,14918
0.7676375,0.02778202420389834,14919
0.33906218,0.15505081560883163,14920
0.46131152,0.002963413957293872,14921
0.37520558,0.010726150053485194,14922
0.5799626,0.5418495956936292,14923
0.71531683,0.2917226745750673,14924
0.8940073,0.012577864275947589,14925
0.55025566,0.1723401200563185,14926
0.19752747,0.14947901891960033,14927
0.4840118,0.0021661251415331343,14928
0.7545886,0.06326349162669839,14929
0.50535727,9.328545411707398e-05,14930
0.8765173,0.013254864627531835,14931
0.5090436,0.14089941085976826,14932
0.32532254,0.020300695302589742,14933
0.2989496,0.21503360004419234,14934
0.52100766,0.06900251791493069,14935
0.43459013,0.005299739959685475,14936
0.612752,0.021704998481947856,14937
0.26364827,0.12299764932509642,14938
0.7575902,7.628811284428037e-07,14939
0.7932894,0.03330539835836731,14940
0.15936252,0.2760233727896739,14941
0.4007656,0.29166901826076835,14942
0.51878726,0.13144592336596697,14943
0.8832959,0.002693029454584408,14944
0.41873744,0.49528075585919323,14945
0.5469825,0.39460019967636495,14946
0.8916357,0.00515938968560598,14947
0.8652487,0.16455263861027478,14948
0.33774638,0.0004286422992605191,14949
0.45872545,0.04163976020600609,14950
0.053039312,0.2547351509639221,14951
0.39745885,0.9122634224706032,14952
0.41860747,0.014838652164090424,14953
0.37537268,0.02990771491924305,14954
0.73775136,0.4516364712875806,14955
0.70029646,0.26695747704162337,14956
0.30439413,0.13725142416133707,14957
0.79176694,0.006418549736932399,14958
0.6616762,0.002484908213916355,14959
0.12469971,5.450839060339148e-05,14960
0.5319289,0.6831953692713119,14961
0.29492605,0.047938624427583065,14962
0.5609426,0.687814754789235,14963
0.24139532,0.4997030988733597,14964
0.96728605,0.3698339228192473,14965
0.64784753,0.1396395954611595,14966
0.40793133,0.21509165217700618,14967
0.5537866,0.012094229346342642,14968
0.6944817,0.1751323464460909,14969
0.42820048,0.24428106813377629,14970
0.42362368,0.016218765729611808,14971
0.43175521,0.06220739437393187,14972
0.4048993,0.03186247175044133,14973
0.8048935,0.08664671408704185,14974
0.1723705,0.20520076317743555,14975
0.18360156,0.11850579817060015,14976
0.006806046,0.0005282313376308197,14977
0.82496053,0.05166331912017682,14978
0.2839914,0.4516490810710655,14979
0.38539815,0.04422343664270922,14980
0.58614004,0.1051628320450312,14981
0.5887467,0.06990441969833408,14982
0.43735588,0.008087597297895616,14983
0.62795436,0.03679484341933738,14984
0.1482206,0.04364742150489385,14985
0.39835462,0.18489480658581622,14986
0.49934357,0.1684549972197784,14987
0.6205889,0.047029898019495205,14988
0.7954223,0.6392051804084654,14989
0.5214814,0.05256377167890378,14990
0.86132467,0.011525418504850433,14991
0.66467613,0.3456617146676025,14992
0.38907567,0.0033756472474551673,14993
0.48151976,0.0046238301505703225,14994
0.38372326,0.614104669358711,14995
0.77299726,0.469934634032943,14996
0.670431,0.3014186466790252,14997
0.27820915,0.3261681240824828,14998
0.24043465,6.267331989948075e-05,14999
0.3936488,0.00607124154749365,15000
0.49917495,0.05984687225807127,15001
0.20015725,0.02018651519109997,15002
0.68433744,0.04999951781043119,15003
0.55213225,0.005552697335978308,15004
0.8183999,0.1387856302860635,15005
0.7218968,0.010562393979341127,15006
0.57019234,0.0016319370167990673,15007
0.4565575,0.09149384282736452,15008
0.6420363,0.11706457842705972,15009
0.14257824,0.05451776872440468,15010
0.5711006,0.14772995614589268,15011
0.32881236,0.3910333698852618,15012
0.53855973,0.15927509036248017,15013
0.80826676,0.13493408819417416,15014
0.4659464,0.07273439523987953,15015
0.31408602,0.07315061757960693,15016
0.5556459,0.00021549535893488023,15017
0.4683367,0.03195151402131403,15018
0.29193664,0.04585845839475941,15019
0.35228556,0.007856318594694447,15020
0.7257724,0.0067283928074460125,15021
0.4180349,0.1738035410819341,15022
0.7879442,0.6273773260506763,15023
0.92174757,0.0860289482407581,15024
0.7117193,0.17821529684439552,15025
0.65466154,0.16304590976734834,15026
0.15709612,0.189213787325658,15027
0.3503996,0.01074128809391027,15028
0.4104357,0.8490748291690785,15029
0.34514028,0.08380177073205324,15030
0.76665735,0.05322690590614912,15031
0.66251373,0.009270134095258908,15032
0.3299295,0.08536312218575702,15033
0.2549292,0.019299785092953006,15034
0.5146942,0.027949062491321366,15035
0.42866144,0.04699038641741011,15036
0.28845716,0.3479908695324588,15037
0.7807553,0.047509149469593996,15038
0.69552046,0.31570024707658945,15039
0.18616512,0.047189726483960616,15040
0.0368672,0.47453832261337203,15041
0.36924428,0.45441039325661814,15042
0.59942776,0.03165836476345307,15043
0.9499762,0.06474335491247177,15044
0.37832147,0.4609195797048514,15045
0.26630068,0.07944852106112603,15046
0.5733871,0.02977181184309387,15047
0.45222688,0.09611397014838971,15048
0.5186256,0.005329509542510955,15049
0.1601443,0.008040149660357003,15050
0.16106299,0.030102373256056934,15051
0.3203337,0.0756628522655832,15052
0.70904183,0.013108486170397097,15053
0.56579953,0.019280422481158577,15054
0.3311205,0.22230397162174934,15055
0.54062825,0.038951130707069015,15056
0.3949757,0.01069304777418064,15057
0.5792218,0.18010392742450904,15058
0.5387549,0.20563499360046492,15059
0.8798144,0.014750772386877008,15060
0.22809818,0.5988804600906807,15061
0.5092077,0.06039540970900323,15062
0.832553,0.06542034907549503,15063
0.54264116,0.3467801110346963,15064
0.42166358,0.0523105216841704,15065
0.36844242,0.0005321737382701886,15066
0.4710157,0.01488060065062598,15067
0.7767998,0.00359365193203685,15068
0.7591454,0.26923835862312506,15069
0.7608626,0.3951094401523105,15070
0.47233278,0.2679551093504392,15071
0.51973283,0.06141257326555903,15072
0.56675404,0.05009737725401207,15073
0.123877525,0.21474817873182325,15074
0.60161793,0.12586128017367348,15075
0.6751208,0.0019288297470701828,15076
0.5426619,0.02971153662887231,15077
0.90007925,0.33065058151150756,15078
0.5297804,0.14079778266616017,15079
0.1495544,0.030898535714773655,15080
0.701939,0.005222923118661958,15081
0.55139333,0.005385830949350633,15082
0.7443814,0.44526007969149417,15083
0.3221621,0.12345116627740832,15084
0.4007907,0.12369286461777937,15085
0.89827085,0.2154580807172763,15086
0.38953403,0.047967624794243706,15087
0.20285738,0.5804860677129,15088
0.64919394,0.3025176615721801,15089
0.34852093,0.013505365877999487,15090
0.4406551,0.0068419357676174075,15091
0.62711036,0.9254386758885307,15092
0.5321365,0.26512460842445623,15093
0.53223556,0.006231170650452501,15094
0.5299159,0.3090807019746385,15095
0.74879444,0.005878978582638852,15096
0.3099119,0.07360995661676574,15097
0.62703776,0.07607513146789163,15098
0.6737902,0.42882000631452977,15099
0.6966935,0.1381216389956352,15100
0.1655932,0.03477464506559566,15101
0.85752153,0.5468201776417037,15102
0.43063536,0.03621690914062743,15103
0.5161776,0.20196501926338795,15104
0.017165005,0.038348039681927744,15105
0.8777187,0.004620527184501258,15106
0.4451239,0.07516322640095578,15107
0.330091,0.03775205075103454,15108
0.23811159,0.006926686809985129,15109
0.5556012,0.028898598485417138,15110
0.27932763,0.05754088323949685,15111
0.29041213,0.3155700296595536,15112
0.3909843,0.01275250306003624,15113
0.5932422,0.011222197268325036,15114
0.7069918,0.27424371209308845,15115
0.544269,0.9755712117506791,15116
0.25944906,0.09530600935176803,15117
0.42121422,0.15644947180013563,15118
0.45871082,0.21327923541993687,15119
0.44004616,0.1455620489143831,15120
0.90367657,0.07426208792411697,15121
0.29946136,0.20786177377622184,15122
0.48439535,0.18805169362995608,15123
0.012276709,0.13542324750914322,15124
0.54645216,0.004455603163201899,15125
0.527134,0.06269585217279791,15126
0.39244074,0.10494782835973838,15127
0.8264569,0.09904795340494736,15128
0.9411907,0.05147657116086113,15129
0.808667,0.1716286996829579,15130
0.4089171,0.03818522373264544,15131
0.3015555,0.13919006214471408,15132
0.5742296,0.1177934099620007,15133
0.33321124,0.6374266279406041,15134
0.41572857,0.000310821723402608,15135
0.018648148,2.8141719911600763e-06,15136
0.5363817,0.3897269495284179,15137
0.6005794,0.0003862474485366223,15138
0.7640459,0.14270747329981426,15139
0.3928755,0.1375473018684063,15140
0.34940386,0.09643728481026077,15141
0.880826,0.050256834834583014,15142
0.5505373,0.7805919287850607,15143
0.24424437,0.006143883471230595,15144
0.5324822,0.16931455913072121,15145
0.81645787,0.573258806429334,15146
0.4602634,0.08964005548114194,15147
0.32771572,0.5702999439927324,15148
0.2934121,0.0030449835120061304,15149
0.7293991,0.08557017260405696,15150
0.3434332,0.29227101743864553,15151
0.73446107,0.04523389818431533,15152
0.4615669,0.10389393658658767,15153
0.6622809,0.042296472846355265,15154
0.44912493,0.19681315051076864,15155
0.052404374,0.08679134197170635,15156
0.6848082,0.011214636314422918,15157
0.34513062,0.02292962402844873,15158
0.35047162,0.897567179280253,15159
0.35166106,0.053461098182147004,15160
0.55903435,7.058735258686276e-06,15161
0.52985835,0.27155777098685135,15162
0.75286317,0.0035284621227219203,15163
0.3897354,0.0007799315634885376,15164
0.59395236,0.020299598999597247,15165
0.8903953,0.04833577511463742,15166
0.56969386,0.07021408751998832,15167
0.46639752,0.0188351256075143,15168
0.621411,0.00017196788438896509,15169
0.43453166,0.40387043915303916,15170
0.11277071,0.2846092911334111,15171
0.5662533,0.007287380933641873,15172
0.2726518,0.01685778334404604,15173
0.42164466,0.19876123603941007,15174
0.5518166,0.008929937012565281,15175
0.77799606,0.02839985785601983,15176
0.60852987,0.011442436480866862,15177
0.2594666,0.25680580487571175,15178
0.40496224,0.22295012185054236,15179
0.6528873,0.6344362187463116,15180
0.6559608,0.05883980395378562,15181
0.13896227,0.7357309002334277,15182
0.39940286,0.010816898913128932,15183
0.29153472,0.16866605046331493,15184
0.62016296,0.035434749695198414,15185
0.57478774,0.2962733420638402,15186
0.3734518,3.4562592514332085e-05,15187
0.3201646,0.28183382075911045,15188
0.57948935,2.8456414325637665e-05,15189
0.2680179,0.06455866120544883,15190
0.50890535,0.011487976388578602,15191
0.5540037,0.04710430706603647,15192
0.0879727,0.15459164468558456,15193
0.44948968,0.5036395194397107,15194
0.53773063,0.033968087138323146,15195
0.50184405,0.010807130112484332,15196
0.4169273,0.15531266347786987,15197
0.72592205,0.0013794408478000882,15198
0.86235964,0.03705890516333796,15199
0.6028337,0.3607735416358357,15200
0.30790424,0.026286276142537927,15201
0.51040435,0.2966770114694205,15202
0.6205951,1.961956007639117e-06,15203
0.48262277,0.32279888595106526,15204
0.3365628,0.07928263985218104,15205
0.61776364,0.007203953912520172,15206
0.21709272,0.010376822780160886,15207
0.19858405,0.13613658056057076,15208
0.94900095,0.014283347240637763,15209
0.47874963,0.0018605705687748818,15210
0.36524853,0.03024609723993204,15211
0.70114684,0.24630047364487642,15212
0.6614547,0.02555069787744542,15213
0.5471754,5.744058320016039e-05,15214
0.4852977,0.00591346267452665,15215
0.582755,0.17372333285759753,15216
0.64675224,0.012450719465487866,15217
0.7253709,0.1438337702496756,15218
0.38482538,0.415311164508767,15219
0.6854305,0.062310375334104315,15220
0.2902178,0.155016414507473,15221
0.34442568,0.07860234951243154,15222
0.68116033,0.1381394116886973,15223
0.21897337,0.367198449632449,15224
0.68900883,0.00666800995218,15225
0.5127705,0.1253948054283638,15226
0.46427962,0.2600874326325526,15227
0.51835686,0.4058016594868672,15228
0.29657242,0.028951532898137393,15229
0.3002219,0.10560394424164402,15230
0.44576645,0.013091121064423231,15231
0.5956855,0.03727698250653379,15232
0.4641153,0.003226893474702713,15233
0.249978,0.9703621835592483,15234
0.33942562,0.02286431100970713,15235
0.43201792,0.08680148337523427,15236
0.09865424,0.17548296145063919,15237
0.5118353,0.047766530396628,15238
0.23929977,6.620979805653704e-07,15239
0.20636404,0.05500569982249123,15240
0.5199677,0.04619060430039552,15241
0.67761594,0.025402478388511004,15242
0.2031798,0.00030229606618021785,15243
0.29274517,0.005664921888088109,15244
0.18999922,0.31564030390846237,15245
0.91942406,0.30742801090020966,15246
0.73781294,0.158082254333604,15247
0.37577802,0.7156987339638314,15248
0.7786882,0.08765845960279185,15249
0.7884103,0.06968805553101648,15250
0.5296283,0.003844531536821843,15251
0.18861136,0.4308620381442077,15252
0.34848797,0.002747920422629702,15253
0.5065452,0.1984679280414695,15254
0.65651315,0.00615105976017882,15255
0.61783886,0.15764481463464425,15256
0.64901924,0.1053513578658506,15257
0.5036444,0.0007449007460696132,15258
0.41589755,1.9013818905115887e-05,15259
0.76579165,0.008242944518399553,15260
0.6335635,0.2103079138250175,15261
0.16447398,0.013966077363639725,15262
0.22597569,0.21952756856156494,15263
0.4382135,0.0012722871870524549,15264
0.56091124,0.020489746775983073,15265
0.6651553,0.0005435709099478929,15266
0.33364862,0.06234570740865395,15267
0.83362854,0.13840566694860787,15268
0.87759554,0.027615033194033457,15269
0.6759503,0.013625204261249305,15270
0.5329136,0.13758839340086507,15271
0.4266544,0.003664823631588294,15272
0.55093175,0.13272447694862963,15273
0.64393055,0.06403720444701017,15274
0.44831556,0.011740993195096002,15275
0.37492347,0.289499280541263,15276
0.5626723,0.37478365034460065,15277
0.67151254,0.041192841011460826,15278
0.8332133,0.1673133038658189,15279
0.14100036,0.04456562852373093,15280
0.9915067,0.04058210589767312,15281
0.4617908,0.1719363522546845,15282
0.43457305,0.15856595059266093,15283
0.73388636,0.03034967864344046,15284
0.396901,0.014325080619675619,15285
0.38551822,0.11019353192813151,15286
0.60596406,0.15914673295103676,15287
0.39507037,0.10433240976566939,15288
0.56655896,0.17467690755373644,15289
0.12636438,0.04353256082191422,15290
0.4071725,0.027002778282614444,15291
0.53805614,0.00024377761178356595,15292
0.29011565,0.030102821244096634,15293
0.76358116,0.10385759777023594,15294
0.55641556,0.019830958236029494,15295
0.82036567,0.5137007922354215,15296
0.8462408,0.06645693353112499,15297
0.46217757,0.10519717871104674,15298
0.25001153,0.0002954353672858521,15299
0.4344635,0.08390282279570241,15300
0.15260315,0.004347372200820677,15301
0.6331194,6.197511374668971e-06,15302
0.79281116,0.030326142835958674,15303
0.22810662,0.12370131854749736,15304
0.47649875,0.12580350412353786,15305
0.26016653,0.00574779213981812,15306
0.5680551,0.8586513741035703,15307
0.66207546,0.016679458229460896,15308
0.24932644,3.225946916993928e-08,15309
0.31315887,0.018323203175374045,15310
0.40480345,0.17464437802562258,15311
0.45944944,0.040192459546349084,15312
0.24856827,0.32933516495827836,15313
0.62220925,0.0995212666571835,15314
0.76319057,0.34064467108441565,15315
0.063305885,0.11063838555844516,15316
0.32753342,0.473919074322457,15317
0.43269333,0.4177051377519124,15318
0.75427806,0.28228598074431155,15319
0.43862802,0.027895743334121634,15320
0.34257764,0.04747952061135057,15321
0.70802104,0.03677231487672937,15322
0.34287095,0.15484102261475344,15323
0.45224407,0.11023453132337013,15324
0.40148032,0.06707100978385679,15325
0.7749101,0.10392709916708867,15326
0.7052046,0.729989647333208,15327
0.46532178,0.01977947711942876,15328
0.6177938,0.03356488480272144,15329
0.37686485,0.02247801542529656,15330
0.495201,0.3963442037945841,15331
0.039479643,0.0010246468769757866,15332
0.56034106,0.15941182584162245,15333
0.7781039,0.29311074640732365,15334
0.6553466,0.1736178211445092,15335
0.30181682,0.16682584075507545,15336
0.21527302,0.664303927992826,15337
0.62490064,0.9447804861429226,15338
0.37514782,0.018725475779670594,15339
0.8365301,0.020021728868317587,15340
0.24843162,0.5394477317982811,15341
0.33517456,0.00674711439506141,15342
0.74395835,0.11217338098524894,15343
0.5927415,0.013613303920472199,15344
0.3110304,0.40298410682529695,15345
0.6835432,0.7071992775228028,15346
0.35814664,0.00021875685342060124,15347
0.4667973,0.3388020617310817,15348
0.73464346,0.28441118206218297,15349
0.63609266,0.00014095278047080467,15350
0.54914194,0.05856442578430944,15351
0.36334327,0.09517157373974511,15352
0.19791296,0.05391168466131641,15353
0.5788147,0.2104626315333088,15354
0.52148926,2.9605242774783155e-05,15355
0.57139134,0.005464664579333389,15356
0.40168503,0.07442131972325713,15357
0.83745515,0.3923728573085922,15358
0.4026572,0.14051281580416664,15359
0.40128806,0.2684294095090363,15360
0.7625234,0.11200152389339114,15361
0.97710466,0.01067902599500922,15362
0.21301475,0.031027672734886713,15363
0.36255854,0.21369527170037136,15364
0.34349746,0.04298757809785618,15365
0.18599692,0.7440059787027239,15366
0.59331083,0.11385471003679638,15367
0.41840482,0.09318942691153576,15368
0.28979963,0.14127180412343956,15369
0.878834,0.14469457595033514,15370
0.92680836,0.03817465959857928,15371
0.41741446,0.029941791151149172,15372
0.7567525,0.06167427706019781,15373
0.4960159,0.026607386141289758,15374
0.63665956,0.3307038123419333,15375
0.37533817,0.17397804169691902,15376
0.73597145,0.28824653525104915,15377
0.14439738,2.268644122420134e-05,15378
0.61872286,0.7784213790719574,15379
0.42337942,0.24401905734592322,15380
0.56873214,0.011194667496034223,15381
0.455061,0.017336064225250823,15382
0.78704524,0.04855546786896412,15383
0.7019185,0.04256929504365197,15384
0.18154326,0.0013066114392309822,15385
0.289778,0.11225566147737512,15386
0.40905565,0.09333983356911443,15387
0.20071101,0.025655497024375532,15388
0.055389673,0.9356714167714894,15389
0.6102083,0.10433696168931773,15390
0.8037641,0.11555208138066798,15391
0.28218362,1.958208425346491e-05,15392
0.6399609,0.05975319895586821,15393
0.3951952,0.03259306604773312,15394
0.9323448,0.21950937070020443,15395
0.6107491,0.3333400876658808,15396
0.69930595,0.06573868040616092,15397
0.3431232,0.0010890741264340316,15398
0.541469,0.2159499480713588,15399
0.6369369,0.03886599572431646,15400
0.30769238,0.20838594759751222,15401
0.61944026,0.0036171693231242114,15402
0.076690376,0.11930763738885497,15403
0.5237824,0.005359385475134858,15404
0.35641974,0.03960580285977626,15405
0.74352,0.439998972840406,15406
0.55535257,0.089846932397903,15407
0.62059546,0.16804831529480266,15408
0.61631614,0.01852842611008831,15409
0.671286,0.052624716024051874,15410
0.5185368,0.012656121195581807,15411
0.30029035,0.5428719609200497,15412
0.3595463,0.00018505917163708953,15413
0.7483285,0.06947683993140562,15414
0.9643674,0.21759994510570219,15415
0.45611182,0.03681521812905295,15416
0.2810473,0.009414833930207152,15417
0.24531624,0.02475844461837454,15418
0.55212295,0.0038603088470680683,15419
0.38201615,0.03023816105001716,15420
0.6317224,0.01997447461167392,15421
0.60330874,0.0004795062834219452,15422
0.5384631,0.00849868191452795,15423
0.11631793,0.36404368694387235,15424
0.29235107,0.24047146914846113,15425
0.7489985,0.019232849258846132,15426
0.6048551,0.09803047621518551,15427
0.57940507,0.003893443326018808,15428
0.19856724,1.310690364630861e-05,15429
0.5375154,0.16315764364640584,15430
0.92279315,0.17616813573007734,15431
0.30807638,0.022230732791481647,15432
0.43728185,0.036107090976446585,15433
0.64801633,0.6231580570901085,15434
0.39483792,0.22926013374978377,15435
0.62656045,0.05131427001838928,15436
0.4442144,0.22743487574072718,15437
0.7425566,0.4739862153877291,15438
0.5716419,0.0036560812101551774,15439
0.37493622,0.0009222632750296182,15440
0.6591482,0.008835656289559709,15441
0.22702724,0.07226932611383509,15442
0.57036716,0.02001719253016488,15443
0.4541515,0.03873175825312472,15444
0.43183124,0.004471784079714246,15445
0.87226033,0.0993535749230211,15446
0.27462897,0.033240723075503034,15447
0.4048902,0.007994268714360367,15448
0.53878933,0.09556682468375212,15449
0.866434,0.2902843760724473,15450
0.8655343,0.016444130264225015,15451
0.45429254,0.01049661483629595,15452
0.4815005,0.0010140480932437149,15453
0.83910054,0.8734253962806836,15454
0.08232728,0.27301913557670765,15455
0.63562846,0.29917520370893397,15456
0.53168863,0.142529472089519,15457
0.45882916,0.8978862343235164,15458
0.08950129,6.925770342626522e-06,15459
0.8259572,0.016579098803410727,15460
0.6172269,0.043647706095207794,15461
0.28886217,0.5453831347619452,15462
0.19695655,7.756458852309156e-09,15463
0.8723271,0.015227396381242172,15464
0.3226018,0.005638420879468003,15465
0.079812676,0.050439697352610745,15466
0.54665846,0.009770876819774127,15467
0.3380961,6.086002393665263e-05,15468
0.47030783,0.37264000059384256,15469
0.3067727,0.11069954885547277,15470
0.676821,0.010411022158953391,15471
0.61468637,0.0011796572430738544,15472
0.7380572,0.15439277038596563,15473
0.35009098,0.682732350152615,15474
0.20324484,5.034840655999657e-06,15475
0.7069343,0.15829712686549222,15476
0.82600486,0.6161196681066575,15477
0.4988048,0.3070482295027349,15478
0.10812524,0.02379401793140332,15479
0.16016182,0.07088549513105948,15480
0.041204035,0.0007430019400473603,15481
0.21598062,0.028372125030786656,15482
0.77705586,0.02765987140402059,15483
0.5965292,0.0020268146144975948,15484
0.33005947,0.00043787353877936105,15485
0.62031573,0.2593861064986626,15486
0.7304692,0.03491345265778706,15487
0.48280907,0.02836813660546631,15488
0.3132,0.0974645570484221,15489
0.19120726,1.949243892679113e-05,15490
0.34870604,0.3951864391180503,15491
0.5353332,0.002236110714773066,15492
0.3534565,0.10512809762873947,15493
0.724584,0.2586491878414161,15494
0.21802315,0.026409811282233735,15495
0.64231277,0.0006734001627194649,15496
0.2472192,0.14830755843817353,15497
0.48177505,0.018671809210025064,15498
0.7261755,0.027142896244034515,15499
0.6764983,0.3169187287881555,15500
0.08749455,0.002242117191133202,15501
0.43979505,0.3185805981042474,15502
0.65271074,0.6807716558194823,15503
0.22803876,0.000501131828542391,15504
0.6885234,0.010490607558906996,15505
0.07475376,0.17344480909535803,15506
0.4285117,0.03976357335614668,15507
0.55566627,0.15740796452165423,15508
0.13674006,0.16730101696881827,15509
0.4147551,9.968551598202171e-05,15510
0.5288294,0.3727885309698424,15511
0.63946795,0.011762778349892603,15512
0.7234769,0.13263338262278718,15513
0.34845138,0.24944032174318906,15514
0.1545242,0.21874402260645312,15515
0.5557883,0.00035600670083994773,15516
0.8334974,0.11626852749196032,15517
0.18782964,0.0742350259797664,15518
0.21757424,0.2862602154366627,15519
0.75352705,0.0020587551296752287,15520
0.33360714,0.0819717275236961,15521
0.27208394,0.009513532245910243,15522
0.8648577,0.07755440655476248,15523
0.13646534,0.2663739029739405,15524
0.2538815,0.12551230784941456,15525
0.9659925,0.36510390619823285,15526
0.7462058,0.14171480379441984,15527
0.2847297,0.002190630458191017,15528
0.07350287,0.013698078030914345,15529
0.9406986,3.5972963712325443e-05,15530
0.23746374,0.025712766668626746,15531
0.46703395,0.05646997522707367,15532
0.98902345,0.03852511943882598,15533
0.6415319,0.03338755761368481,15534
0.044314325,0.006966270104239711,15535
0.551064,0.06794036037328505,15536
0.3394944,0.31664489996299683,15537
0.50711524,0.08073009586044688,15538
0.76390207,0.14219605137776287,15539
0.8346755,0.624661219563454,15540
0.25127017,0.09774862656151007,15541
0.55578125,0.06454354742704595,15542
0.59211147,0.18663330258268032,15543
0.5547049,0.005639267174430427,15544
0.94477504,0.0009158569742383042,15545
0.61818135,0.005420359332866791,15546
0.33153582,0.04232765716518562,15547
0.31461465,0.07019584525198296,15548
0.46496737,0.05791577932581185,15549
0.108457446,0.1290432947974185,15550
0.6297051,0.042545939117019024,15551
0.22318786,0.07962695573595963,15552
0.18246564,0.047011216265842225,15553
0.40459624,0.0808199366669372,15554
0.2677194,0.25024798283856436,15555
0.34261367,0.4709595876451659,15556
0.53616333,0.3360200820446694,15557
0.5650238,0.00684474659965438,15558
0.3316647,0.01179244967593119,15559
0.7190057,0.13814789348715795,15560
0.74946976,0.014510579410832116,15561
0.7357115,0.39593919700773805,15562
0.30722195,0.014061145339166348,15563
0.4470371,0.00584652054178633,15564
0.11120021,0.4630012713187459,15565
0.36739987,0.08879788889272501,15566
0.70085686,0.291891546261329,15567
0.31624633,0.06342120152720046,15568
0.18851379,0.05048043781816868,15569
0.8373679,0.0006486093200661726,15570
0.2904197,0.12161547451994699,15571
0.3192917,0.27669257556946797,15572
0.8323633,0.008174880685742932,15573
0.645898,0.18474527536060276,15574
0.9431189,0.154387191749824,15575
0.41227484,0.039209465242444994,15576
0.47262993,0.013607736631647648,15577
0.8400893,0.1381006272946138,15578
0.46421918,0.01696473844799163,15579
0.8021437,0.01706607680152285,15580
0.5326501,0.05814693289869099,15581
0.47064865,0.1697586549296922,15582
0.27124745,0.011902552658283048,15583
0.11960885,0.1239008077391945,15584
0.65075487,0.011178097738615193,15585
0.5525463,0.013879781771821779,15586
0.77036995,0.0005071450558769482,15587
0.36692047,0.054190509359850945,15588
0.36153668,0.06959538964662854,15589
0.4423196,0.051783742920509704,15590
0.42729932,0.2024150416455148,15591
0.47775173,0.039028250629300425,15592
0.36067215,0.07408103597831674,15593
0.7816174,0.01894349707309095,15594
0.7995281,0.005364676686253816,15595
0.5200992,0.004204056759141322,15596
0.4739824,0.3620392167982591,15597
0.4953237,0.13259859257013584,15598
0.38030598,0.029431653559204265,15599
0.47676316,0.032208992141099166,15600
0.57013595,0.043573611659402205,15601
0.5530187,0.010929990789001103,15602
0.44305807,0.00018845185368443186,15603
0.42055577,0.5342883765546993,15604
0.6500953,0.2500240074538685,15605
0.7932197,0.027110808347537024,15606
0.568251,0.5083428280294466,15607
0.8279555,0.5772592157574097,15608
0.541222,0.29930098914077635,15609
0.5440599,0.19574589744311474,15610
0.68885934,0.01371446681994311,15611
0.2857381,0.0011856197750803282,15612
0.4336114,0.1559702726213295,15613
0.43863004,0.09073177283422383,15614
0.6171198,0.004768947017697502,15615
0.10451919,0.16312067822163853,15616
0.3622163,0.11586502024989852,15617
0.36290193,0.1276929373497381,15618
0.6697017,0.026690714933676044,15619
0.33447325,5.626710965667337e-09,15620
0.57149684,0.00035377754797447433,15621
0.66919535,0.00020076435520745387,15622
0.8475563,0.5550485152330731,15623
0.3577348,0.0005075992368778338,15624
0.69301116,0.09553736357137592,15625
0.53825414,2.4827660382635377e-05,15626
0.40668198,0.8173961693751407,15627
0.2717243,0.008149824650395474,15628
0.14226586,0.08782815936068247,15629
0.70090353,0.03225277271641553,15630
0.57598156,0.0002887055807866783,15631
0.39870358,0.2539935813748198,15632
0.8361062,0.03468302989458237,15633
0.5327279,0.2957356296633234,15634
0.62052953,0.04050916265827888,15635
0.6223334,0.0002698755200106219,15636
0.002469629,0.012655185602797317,15637
0.85967743,0.17331105227476912,15638
0.7604223,0.009576583084685224,15639
0.26464692,0.28163412081286326,15640
0.6197822,0.28886586951493737,15641
0.43661886,0.006787053542583523,15642
0.46229613,0.01160664202626319,15643
0.3829261,0.003268682358526339,15644
0.311296,0.04480170966852064,15645
0.3647498,0.01229416573786812,15646
0.9837241,0.6653543508312655,15647
0.4742089,0.025545936727685403,15648
0.547257,0.08942749256220515,15649
0.25767094,0.3955630405232149,15650
0.3201879,0.1704722264149167,15651
0.63378114,0.06504060381422597,15652
0.91697896,0.2363950949255166,15653
0.76597965,3.0495652053945353e-09,15654
0.62134355,0.0171243861967718,15655
0.1892137,0.00509362322237215,15656
0.5650827,0.2952504046900844,15657
0.3944493,0.4097925632358711,15658
0.37776798,1.0199462855408612e-07,15659
0.69119716,0.027516394186800096,15660
0.32890558,0.1363025703241717,15661
0.69206154,1.3511645745611491e-05,15662
0.46090043,0.01547171429344417,15663
0.1072678,0.336532815127988,15664
0.83189094,0.025351635057448932,15665
0.5950594,0.2839135335268321,15666
0.6775071,0.16310250381828392,15667
0.42183304,0.009423909674647004,15668
0.2847044,0.03649168956612011,15669
0.4420029,0.07943656949649093,15670
0.722961,0.027532021990463063,15671
0.77691334,0.17614188046761386,15672
0.60389394,0.26556674512846257,15673
0.37916508,0.08741876339477679,15674
0.7543837,6.248183706218798e-05,15675
0.18969432,0.15699695855889395,15676
0.76180243,0.10519691447381786,15677
0.67850566,0.03752338331018712,15678
0.6937771,0.08084317670170126,15679
0.42864934,0.21325566626114761,15680
0.47431293,0.004616172428183328,15681
0.7482182,0.11387803050404192,15682
0.86638224,0.051648025851623376,15683
0.49873567,0.23341896883049948,15684
0.51449645,0.031878711167370025,15685
0.9724291,0.03765447890178515,15686
0.71416754,1.919190187100215e-05,15687
0.83643097,0.008898555631453827,15688
0.59835565,0.2784037097675165,15689
0.35613626,0.18672735419656147,15690
0.059051573,0.6099357972672059,15691
0.22287011,0.5445242041955698,15692
0.4669571,0.029126208924958118,15693
0.66628265,0.0471342545727911,15694
0.76744545,0.026619592537809406,15695
0.25164652,0.3240994963761422,15696
0.9200163,0.001643193843049512,15697
0.52282584,0.09336065052508183,15698
0.52666026,0.11365721402287249,15699
0.9416044,0.17175098598720454,15700
0.7071957,0.005258318370372483,15701
0.78229547,2.6100350167140893e-05,15702
0.13792083,0.3170242808063581,15703
0.6033186,9.158473164430875e-05,15704
0.0069585145,0.014059918713759797,15705
0.60650283,0.017363503769006174,15706
0.52166563,0.24937746604599545,15707
0.4548506,0.18730435743566268,15708
0.92887247,0.3152714950051937,15709
0.40196997,0.0012060282535201053,15710
0.79094267,0.0029164467299735925,15711
0.46988684,0.2118475445503079,15712
0.89336896,0.022872751453606018,15713
0.6824403,0.05821953614876783,15714
0.43139678,0.11043887778158316,15715
0.3569448,0.1626504079396993,15716
0.63170624,0.19344249942948943,15717
0.48732617,0.0018158401202931311,15718
0.3041117,0.19785922684755172,15719
0.30069065,0.03532990204040748,15720
0.5334296,0.004237455184052655,15721
0.4233667,0.0015285478858475163,15722
0.57285446,0.007452952888955612,15723
0.37710994,0.02114151324393486,15724
0.5903616,0.006809214188900274,15725
0.61887825,0.3351055697385613,15726
0.5640288,0.05247124551505666,15727
0.5008232,9.165729540129832e-05,15728
0.7248871,0.010312881273097773,15729
0.557979,0.7191109416799675,15730
0.5357124,0.055766002955579125,15731
0.28217715,0.02596923817374343,15732
0.42756024,0.010239485662308334,15733
0.42350224,0.21929368228694696,15734
0.48301944,0.32386268341842495,15735
0.22072148,0.1625803184078672,15736
0.39707503,0.02044243959287934,15737
0.39762926,0.23959785476184234,15738
0.49121812,0.027012252950974723,15739
0.041389644,0.22270755405992365,15740
0.7477522,0.1270955722831093,15741
0.67817163,0.026214690123861885,15742
0.58441025,2.9867072531571022e-06,15743
0.33714238,0.014313602729001736,15744
0.15311408,0.20623286604438215,15745
0.5402331,0.0024561989353311113,15746
0.35699928,0.00891704796372734,15747
0.8029697,0.0013054714072607543,15748
0.38264024,0.02127204604018378,15749
0.015520275,0.27499124257642543,15750
0.56719893,2.9008585582818076e-05,15751
0.30674672,0.5735307491623544,15752
0.097877294,0.12053013628726038,15753
0.5283615,0.017430446560857394,15754
0.41980207,0.13229656346158034,15755
0.67697346,0.02871431942447363,15756
0.4420852,0.13750551965951763,15757
0.5354021,0.17561189356026752,15758
0.6458897,0.020229694169804243,15759
0.34845144,0.3261393126483062,15760
0.70550823,0.004503353750926407,15761
0.4975805,0.242687431312386,15762
0.19562814,0.0986752715468319,15763
0.5804635,0.00023381104772223578,15764
0.2801991,0.4151391254598484,15765
0.27432555,0.11168299657671958,15766
0.7116828,0.22157066698724462,15767
0.15969893,0.31216185032839666,15768
0.8710562,0.007350134850776424,15769
0.40443447,0.18684806857732264,15770
0.84387386,0.06757110912558077,15771
0.14271554,0.3553264147975706,15772
0.65054446,0.00045816557832046364,15773
0.43549147,0.12034013927072203,15774
0.41428483,0.003106137736548222,15775
0.28093106,2.7125306925743123e-06,15776
0.42182603,0.008370128530986148,15777
0.5645782,0.08721135063339665,15778
0.694602,0.024841286817458945,15779
0.8072293,0.5244719643485404,15780
0.7080872,0.018931757927317577,15781
0.61047703,0.6212535987999983,15782
0.5990739,0.13997505867246024,15783
0.42134646,0.20308297374237957,15784
0.8120906,0.36329360383098824,15785
0.81078386,0.005727582441464613,15786
0.579777,0.5808630481950958,15787
0.329378,0.464728511040713,15788
0.64985573,0.10105018900986996,15789
0.81174684,0.0012668071334703966,15790
0.83387995,0.004427762621988586,15791
0.40350145,0.07848448654197203,15792
0.6146839,0.4830995138072158,15793
0.40902752,0.45108400184328434,15794
0.47394177,0.27338681617725186,15795
0.40889692,0.7796253616321717,15796
0.3824847,0.07689638612291254,15797
0.47286686,0.008318273163486864,15798
0.4752177,0.046611680386990505,15799
0.106321424,0.4283267289493507,15800
0.6555259,0.07174179043528191,15801
0.34398848,0.06983841789909816,15802
0.27912158,0.025364338728398765,15803
0.28096008,0.08807521079902658,15804
0.14148718,0.10070706962956297,15805
0.77803475,0.0029148238375660386,15806
0.40321106,0.06915238071795198,15807
0.0940299,0.12401501660524313,15808
0.24700668,0.023320987856618836,15809
0.7056252,0.03602228664844282,15810
0.8189982,0.14444448752915443,15811
0.82260185,0.12107328793591748,15812
0.17025128,0.010298772651050881,15813
0.6619553,0.169697500616074,15814
0.68870705,0.4768684068974101,15815
0.5686053,0.5912782866879214,15816
0.5822716,0.05914016616909382,15817
0.38518175,0.0939963314265095,15818
0.4271757,0.22979340347434532,15819
0.37558863,0.09316393456708312,15820
0.88019276,0.8373581314550411,15821
0.32355696,0.16262952523927138,15822
0.44103134,0.4130880367879822,15823
0.8014456,0.33384912293090707,15824
0.41797796,0.14049919161692837,15825
0.26103675,0.6420660245238919,15826
0.45706177,0.05523311590054842,15827
0.3363946,0.005485484154852525,15828
0.2268678,0.024073389962772845,15829
0.42258403,0.029484902806532248,15830
0.3839684,0.012455092251488106,15831
0.5066766,0.3704588007471515,15832
0.5885813,0.1032105977819859,15833
0.68191755,0.008815051062590933,15834
0.2751543,0.020304850116903448,15835
0.6707469,2.425708854812854e-05,15836
0.6725585,0.06656672360136014,15837
0.58468044,0.006369093871452193,15838
0.60875124,0.2989287638539806,15839
0.43368247,0.061678968732376105,15840
0.5221064,0.0008514570145066283,15841
0.80169356,0.009870916725761314,15842
0.32736918,0.10172879288031422,15843
0.7351959,0.47362417394883727,15844
0.64264596,0.15741088402665362,15845
0.15332153,0.004074951516511215,15846
0.5034688,0.032375956091125556,15847
0.40305686,0.025472166953881267,15848
0.60721815,0.20493971284493034,15849
0.821507,0.21528200401811698,15850
0.24511218,0.11558015183415447,15851
0.546792,0.03139456826201801,15852
0.4092744,0.2061755952866913,15853
0.47379243,0.0016511033180643063,15854
0.72552097,0.041380641193188676,15855
0.03995508,0.0162651538955149,15856
0.40031707,0.013131657262954014,15857
0.9316789,0.05655439765534058,15858
0.8185569,0.07559989368740849,15859
0.7475233,1.6536024413828438e-07,15860
0.9799808,0.7261004005989883,15861
0.22549719,0.01181026145714683,15862
0.14450052,0.013842152269089466,15863
0.22058082,0.0056205752425139,15864
0.6420163,0.00019118099966868024,15865
0.28828785,0.2305551079610052,15866
0.39951634,0.7708900960986986,15867
0.10128415,4.881506772120522e-07,15868
0.38935983,0.0077511316108370455,15869
0.6279449,0.015430045590143293,15870
0.46515864,0.07189403982435237,15871
0.5326862,9.200971422070573e-06,15872
0.2160596,0.000243060689841297,15873
0.7572683,0.16038805720174817,15874
0.33225536,0.00011614895846221476,15875
0.7275705,0.1842164959554668,15876
0.27739418,0.020172454484645903,15877
0.7966198,0.39420767993304195,15878
0.7355693,0.14255502496473482,15879
0.35701236,0.011392936840912613,15880
0.8047728,0.33270221023068136,15881
0.7642411,0.014080197534205703,15882
0.14379343,0.08712288385419534,15883
0.965592,0.13102718138047173,15884
0.5480952,8.563371226369918e-06,15885
0.7298932,0.014378994457624786,15886
0.8120923,0.003961330447200835,15887
0.20780402,0.031684515935390255,15888
0.60791606,0.045155235492038655,15889
0.45947534,0.0001444440083232665,15890
0.35934192,0.0027896708009745408,15891
0.34147903,0.0042993357772321385,15892
0.36269796,0.0004160601514675136,15893
0.7250457,0.0060298165692473935,15894
0.8365939,0.04848241257031518,15895
0.38771892,0.03518256125962212,15896
0.37514246,0.000502873343266564,15897
0.23620641,0.16996746058480378,15898
0.7091647,0.07932585870479483,15899
0.46985942,0.15142752684502117,15900
0.55194014,0.22556294281058134,15901
0.4811229,0.012227835805873817,15902
0.69191486,0.0269340445525809,15903
0.51688874,0.010865368889159845,15904
0.49148837,0.200090104380101,15905
0.53121465,0.038857669359277515,15906
0.6144483,0.025509735685234812,15907
0.6882239,0.015887557980949128,15908
0.81208503,0.10366315317045216,15909
0.65745914,0.04283976417353931,15910
0.5509914,0.019481952823060294,15911
0.6888031,0.9377335577896736,15912
0.7738565,0.010301647953235226,15913
0.4228782,0.08535683440647483,15914
0.6356455,0.11618034976807477,15915
0.72422075,0.5164230522434387,15916
0.32711864,0.09870692491470895,15917
0.548259,0.14773489886833677,15918
0.4620907,0.004168753316326223,15919
0.26485574,0.011485228373200098,15920
0.7166189,0.015612669359565944,15921
0.5183127,0.4721740076414629,15922
0.7087952,0.008797611374257322,15923
0.81514436,0.1422826380307068,15924
0.28465497,0.011578887383353515,15925
0.26956928,0.0013228124760560978,15926
0.3423345,0.1181568169532859,15927
0.20945978,0.023674588339607856,15928
0.51847595,0.37079209802470053,15929
0.3886158,0.07602624026863185,15930
0.48858023,0.2300094263998349,15931
0.8443191,0.0021552213042301915,15932
0.5231991,0.14336736672657832,15933
0.6871156,0.7063314718377937,15934
0.5532181,0.13904185255136614,15935
0.42162848,0.261790640362042,15936
0.5954646,0.7876597345046008,15937
0.7153823,0.20350784360593302,15938
0.6390156,0.0175690312228055,15939
0.49316746,0.01554131112587854,15940
0.6244168,0.00932401450820534,15941
0.54323375,0.305119359681383,15942
0.35103965,0.25325695158183104,15943
0.76186347,0.5216650899661853,15944
0.4163433,0.06126643511201294,15945
0.82397175,0.12456319884410916,15946
0.55357087,0.3420111862525426,15947
0.18325824,0.17013685432377068,15948
0.7276042,0.2245851936119803,15949
0.68947434,0.8825363408152272,15950
0.5985645,0.22921187307102409,15951
0.6274435,0.1832713743670196,15952
0.4361161,0.025285391333836754,15953
0.41080666,0.04409455731540192,15954
0.43915927,9.507458571565575e-06,15955
0.43281516,0.13758591579999999,15956
0.8078402,0.03170574769873487,15957
0.42768162,0.779702907173063,15958
0.49843174,0.02351363415991785,15959
0.4343503,0.005512365710106381,15960
0.7560135,0.07139994062478493,15961
0.6441424,0.03511763614541877,15962
0.6688365,0.028647073581892075,15963
0.7489339,0.09276406137664654,15964
0.13391685,0.10096095354019664,15965
0.857145,0.3484370025401179,15966
0.47178134,0.00697735210709181,15967
0.9722844,0.031061678304489977,15968
0.45418864,0.01923180265366763,15969
0.84821606,0.004519142944344447,15970
0.53212416,0.00020191204347966578,15971
0.5313352,0.007013808811720162,15972
0.73999697,0.07670174500039502,15973
0.2889994,0.031861132230698835,15974
0.9006208,0.020903921738876775,15975
0.3023439,0.0512020823883742,15976
0.48395792,8.706918665915848e-05,15977
0.70145345,0.13096218567366633,15978
0.21525845,0.006245838458551509,15979
0.5286317,0.2294370493918582,15980
0.20066443,0.002196889841153895,15981
0.2663117,0.07588143154443815,15982
0.7623415,0.06896205023080212,15983
0.8111131,0.02739731036290361,15984
0.5975537,0.00919490805185094,15985
0.32989717,0.0504231670619784,15986
0.5848493,0.013384143058850254,15987
0.32578763,0.013168528890930216,15988
0.51926166,0.053215189449685986,15989
0.46698707,0.0010835951430897787,15990
0.24761796,0.010628876414097519,15991
0.21130991,0.004817728379162606,15992
0.524101,0.04385429780247752,15993
0.37173277,0.1359570762496948,15994
0.8545313,0.003644278655738695,15995
0.683311,0.2462874703015106,15996
0.27178895,0.1821690904267829,15997
0.5822399,0.00032669274762171785,15998
0.47399056,0.004618638759709001,15999
0.4788875,0.06931607833140457,16000
0.84794456,0.007549033246447917,16001
0.7375596,0.005000340936619152,16002
0.78774685,0.011771108957788953,16003
0.48815817,0.056845805877899155,16004
0.5039891,0.004849820453372494,16005
0.8928523,0.32271843619338975,16006
0.79271233,0.39135308494430826,16007
0.817914,0.023266711980161624,16008
0.5319904,0.024148935263937993,16009
0.47930297,0.0012086549925456442,16010
0.85600865,0.33214034647372537,16011
0.49011785,0.17357992563488128,16012
0.73418593,0.1393219155291297,16013
0.78627384,0.3001796007427308,16014
0.32194877,0.0059978787305555266,16015
0.49544513,3.742771907484366e-05,16016
0.4205573,0.10652184528019856,16017
0.641349,0.4491721397574169,16018
0.40712282,0.007626497509058783,16019
0.6999607,0.035406212263112434,16020
0.41555408,0.07616662404959089,16021
0.42630023,0.00015306910028381061,16022
0.15528107,0.043824031967019055,16023
0.49074638,0.06873363488573532,16024
0.3870878,0.46847999099155097,16025
0.9926763,0.7071610346085717,16026
0.5837889,0.20164399343515343,16027
0.5116419,0.0012841228215047377,16028
0.39148206,0.033624003887362267,16029
0.39851555,0.352573625238216,16030
0.40451276,0.06882460604958894,16031
0.5729611,0.05780864040962698,16032
0.63410926,0.05598552147315109,16033
0.43226585,0.09284752593855392,16034
0.17710051,0.024877707587697456,16035
0.004336804,0.011686056790249285,16036
0.51327616,0.09159125400950117,16037
0.684214,0.0017048563318667704,16038
0.80598027,0.06745588144127344,16039
0.11771393,0.05893469713605871,16040
0.2830131,0.0016460560927435545,16041
0.5399461,0.10565819205154649,16042
0.67175144,0.006658018211192905,16043
0.69221175,0.024564033753664245,16044
0.5552313,0.01532681325967931,16045
0.73231024,0.2722569390749061,16046
0.27790892,0.0019252203441748697,16047
0.42972624,0.07334861005919115,16048
0.40717965,0.3555835732696964,16049
0.45579243,0.8986766519476125,16050
0.5827108,0.07996934429941112,16051
0.1543712,0.01645933182716547,16052
0.549325,0.03265984379467783,16053
0.7083076,0.11515133665129199,16054
0.43192366,0.03989397008496994,16055
0.5567808,0.0548931747921384,16056
0.34532446,0.16291998734902274,16057
0.37042797,0.0441044002019335,16058
0.2882833,0.02554826770346129,16059
0.6504226,0.15799440686572044,16060
0.50929016,0.09212938342371815,16061
0.5216718,0.09251468520100947,16062
0.5655522,0.42148713239845387,16063
0.5812232,0.004956999801176342,16064
0.62412167,0.05105712564121779,16065
0.37683296,0.004836920716916419,16066
0.7578926,0.15265536448988415,16067
0.24092436,0.32427363105455437,16068
0.3500759,0.1637830891500228,16069
0.2894448,0.012278711139660177,16070
0.75935423,0.010814564031500901,16071
0.37615815,0.134965036527039,16072
0.74032617,0.004877950064360003,16073
0.50952977,0.07554264274872939,16074
0.1048516,0.1697196907865293,16075
0.5213474,0.001299024495354274,16076
0.68958133,0.0014102521298141814,16077
0.5470875,0.4556938264340091,16078
0.55589044,0.00213015345675884,16079
0.31077713,0.011884117374720513,16080
0.056123465,0.00656801394344849,16081
0.45960835,0.4295656547928968,16082
0.26175994,0.00041227219614244656,16083
0.49007645,0.2611389953288998,16084
0.27008104,0.03593883222418835,16085
0.9467483,0.0059703196259733955,16086
0.32432964,0.21586665332524438,16087
0.61157924,0.025552084449364437,16088
0.5516926,0.050862307465204766,16089
0.37678865,0.14276322629710453,16090
0.5143405,0.01471129417114778,16091
0.33830804,0.048253443235423625,16092
0.57356524,0.1345780615252931,16093
0.5609016,0.11340955225519306,16094
0.8618056,0.0034681379101723256,16095
0.4132224,0.04226840613690814,16096
0.18583855,0.008388557765601398,16097
0.28532743,0.09958870707248871,16098
0.38549706,0.06846107097441688,16099
0.19996002,0.09644359766676543,16100
0.4249802,0.29879529100893487,16101
0.46880177,0.4338573013355407,16102
0.5198502,0.029374517739209075,16103
0.27345097,0.014277836628559063,16104
0.43528196,0.08296471462374286,16105
0.4214569,0.12902994888772923,16106
0.07492086,0.09254928512216792,16107
0.43277273,0.045764319133850956,16108
0.3695475,0.03899014182961791,16109
0.39946586,0.38943937748062346,16110
0.8365527,0.07039204642331921,16111
0.88810337,0.004094250726440504,16112
0.38123924,0.010856593645174368,16113
0.52854514,0.000460936621551903,16114
0.92893374,0.08425263877794682,16115
0.8872962,0.31639226921717484,16116
0.42293847,0.002490315193134871,16117
0.822544,0.04270660878004996,16118
0.53683686,0.19328663092935716,16119
0.5673825,0.09034734170113981,16120
0.5634049,0.015934837985972918,16121
0.3416175,0.07701764966016546,16122
0.5263059,0.11326415663599905,16123
0.25551242,0.447374600135499,16124
0.6337071,0.223177249408577,16125
0.43304795,0.2745981578876157,16126
0.57172054,0.17591737205413505,16127
0.7352165,0.09371668713480946,16128
0.35225677,0.0016876001910935677,16129
0.8488204,0.14658670537355012,16130
0.57619697,0.29410860100851016,16131
0.21094915,0.34304622167675725,16132
0.27166045,0.04695142876796634,16133
0.2480115,0.002968638021395789,16134
0.8997807,0.2032070598505276,16135
0.86558294,0.003663073184363328,16136
0.46768644,0.5286876039847873,16137
0.58700734,0.003107267187405027,16138
0.1927244,0.15054985120669181,16139
0.8167056,0.036254977231311554,16140
0.87365174,0.027174972722164917,16141
0.9471618,0.26576878156902256,16142
0.6536147,0.15660865857617257,16143
0.6251051,0.0152767437229562,16144
0.5372423,0.04719461489355892,16145
0.08611685,0.4335030903158051,16146
0.7168347,0.01319401160351155,16147
0.57415295,0.005113280365220035,16148
0.32882655,0.007662657953922178,16149
0.06355861,0.19894611235165102,16150
0.12580645,2.4510158567141663e-05,16151
0.8346286,0.022124441653667698,16152
0.8300226,0.2114364400157268,16153
0.37374735,0.1104437194449357,16154
0.75235987,0.003074245704040301,16155
0.14434084,0.0050231321173201384,16156
0.26541048,0.00155732148786202,16157
0.8028995,0.20114362238838848,16158
0.9331417,7.578667975465458e-05,16159
0.64575,0.11010295426179484,16160
0.99929297,0.4173266967326017,16161
0.13263866,0.36998376255715465,16162
0.41004604,0.019127124669680032,16163
0.47975576,1.3659187750614893e-05,16164
0.27355015,0.007129279182356288,16165
0.61506206,0.05751163174065142,16166
0.3116504,0.0019463563661108248,16167
0.48231986,0.08268768268526104,16168
0.3427217,0.04738529293614268,16169
0.67999923,0.21280015559973406,16170
0.78503996,0.0572063003343349,16171
0.6328049,0.26054499130233066,16172
0.54786277,0.19933374817187008,16173
0.7496449,0.022766184011951216,16174
0.61983764,0.48468125802555473,16175
0.9620087,0.7009722500096952,16176
0.21596372,0.030538798267836127,16177
0.67507255,0.012493946764159216,16178
0.20354912,0.013392917134417285,16179
0.3842397,0.640773471808609,16180
0.06857216,0.6866157265180308,16181
0.6894966,0.06557088907634552,16182
0.4674656,4.7648037647083085e-05,16183
0.5375324,0.125910659955366,16184
0.83419937,0.009725683234878943,16185
0.7506263,0.03008246007149509,16186
0.33276257,0.24807708311731488,16187
0.8859832,0.5523529252067629,16188
0.6298727,0.20718501182651064,16189
0.6070871,0.08044074613904187,16190
0.42040586,0.1341009158949006,16191
0.6667672,0.7522487866630363,16192
0.63991654,9.621379120802532e-05,16193
0.50147074,0.005641764913126737,16194
0.30165678,0.1481815047654721,16195
0.43303037,0.06470884381542305,16196
0.43863663,0.18453480862051133,16197
0.18067923,0.0001278150481991126,16198
0.54281884,0.7828483660503085,16199
0.66198814,0.19552259329886926,16200
0.6935972,7.733912489941558e-07,16201
0.29102594,0.06368879694420913,16202
0.9295608,0.02323711918353247,16203
0.62524706,0.7929829876435726,16204
0.120773494,0.005546749100898765,16205
0.57502854,0.13036222451390364,16206
0.11556637,0.8727044375071682,16207
0.41470093,0.2535733907411446,16208
0.86547196,0.197935060944957,16209
0.08449146,0.030776292387112394,16210
0.5586322,0.0222072837208704,16211
0.67441607,0.032513272439947956,16212
0.50254154,0.37603538971095596,16213
0.25607324,0.06772091367735522,16214
0.32056683,0.00017292511367060701,16215
0.91618216,0.021222448941670927,16216
0.60526645,0.040250361031603635,16217
0.15134037,0.005103724672172887,16218
0.15336785,0.6435263369655468,16219
0.5500794,0.04304912695725056,16220
0.43004504,0.3484889062968937,16221
0.6475665,0.014478305385322203,16222
0.7444087,0.08793552581935195,16223
0.39092943,0.0384748888519116,16224
0.5962039,0.09196236494016644,16225
0.40227816,0.01606966976931974,16226
0.47078148,0.04562676547381879,16227
0.1873587,0.06903375534905334,16228
0.26365924,0.04378038541237193,16229
0.59268534,0.0014665569279287032,16230
0.6101824,0.00035703108332186715,16231
0.5938833,0.3090338586543706,16232
0.0444251,0.0047672922696005565,16233
0.75277627,0.25101507220562497,16234
0.35386547,0.0011925447988437084,16235
0.5848617,0.07102794920719209,16236
0.5559831,0.3438730707430822,16237
0.61164606,0.02560237435015479,16238
0.8733301,0.0426024856994448,16239
0.4030245,0.35558104820190484,16240
0.52500564,0.32731554452193756,16241
0.3339008,0.03739054219687106,16242
0.52293265,0.00014024121409308545,16243
0.47434592,0.02410616985847968,16244
0.56400794,0.1889926794080155,16245
0.37633175,0.07424784387337353,16246
0.42304206,0.06046275299483771,16247
0.39161807,0.00842932725376165,16248
0.47660977,0.4147664959404214,16249
0.57204306,0.043319466492085845,16250
0.07596421,0.03684758060876572,16251
0.5265818,0.019376663235246366,16252
0.52234,0.0027139230498338944,16253
0.21272543,0.5987640923209169,16254
0.09157151,0.2754144785568988,16255
0.6626077,0.008446884216655081,16256
0.2323781,0.1089222009687451,16257
0.7556765,0.004080591673501995,16258
0.43570232,0.06859822610147263,16259
0.48104504,0.014248114737455684,16260
0.75818115,0.00329672193329705,16261
0.4352699,0.0015120319207631598,16262
0.35789603,0.010530565052610009,16263
0.004536718,0.1290494547972168,16264
0.15485859,0.30545385399778857,16265
0.6723965,0.14870795366066342,16266
0.16927686,0.0009614546358919832,16267
0.20137563,0.07559532203948924,16268
0.6582678,3.341088071039406e-08,16269
0.5623914,0.055746005432767934,16270
0.5074295,0.00021637597585875937,16271
0.84606576,0.2623195628552523,16272
0.35714567,0.12846662008521822,16273
0.5095288,0.16283330903862273,16274
0.018342197,0.09587027237493759,16275
0.3896844,0.27086979723492555,16276
0.15221807,0.22415226434315125,16277
0.55619335,0.01425966144551031,16278
0.83074373,0.021644984244078,16279
0.8221138,0.012128990565177503,16280
0.7420087,0.44258769722663666,16281
0.4612123,0.008402431079810464,16282
0.87471235,0.2799835308389444,16283
0.8900236,0.193000862123965,16284
0.47878277,0.08935807316414156,16285
0.7136744,0.757851498704537,16286
0.59345543,0.001147750005151224,16287
0.64768076,0.48712210935488515,16288
0.89457095,0.15240741056765436,16289
0.6289957,0.16057043817742428,16290
0.6112462,0.003696263959631098,16291
0.47386187,0.14816732662222853,16292
0.3572091,0.11436643151889543,16293
0.48680192,0.058308599943842736,16294
0.7807353,0.14248086474121216,16295
0.57866776,0.0002820867582317908,16296
0.4561406,0.690664473115716,16297
0.34914154,0.003336995873522035,16298
0.47536707,0.5467790929011971,16299
0.43531013,0.0740089515510854,16300
0.6920277,0.18817924826587187,16301
0.19704506,0.0013719371716452912,16302
0.54904556,0.011815203496860004,16303
0.44750765,0.036502449987780086,16304
0.8557873,0.004052782502822933,16305
0.88019794,0.01814440592593374,16306
0.43327525,0.005780028426908352,16307
0.8036113,0.18403113224292808,16308
0.18502218,0.010729491924870741,16309
0.25973666,0.011545651749937855,16310
0.7871853,0.011965994303471823,16311
0.5331072,0.2976685807150134,16312
0.28770798,0.01537233695512185,16313
0.5880332,0.06681077078444993,16314
0.7535615,0.24370449265952146,16315
0.81434685,0.04446252079755858,16316
0.6411636,3.7647264926750256e-06,16317
0.35908437,2.313937111049537e-06,16318
0.2798918,0.08966306321126263,16319
0.4212759,0.27794718718450334,16320
0.68200946,0.03495071025868845,16321
0.83982795,0.20812061467032794,16322
0.00048592687,0.07592921829488275,16323
0.53443205,0.8098779476903943,16324
0.40310484,0.15255686830716908,16325
0.338081,0.12780649596923635,16326
0.38142428,9.674362942036137e-06,16327
0.57352525,0.06826344506304241,16328
0.6912586,0.07658484627387795,16329
0.07650429,0.05437822738676945,16330
0.6517012,2.2611687831144388e-05,16331
0.58610404,0.12129418813233603,16332
0.2142021,0.2926941189749252,16333
0.57186365,0.3314352426119364,16334
0.8030802,0.010192483878848333,16335
0.34030217,0.2762086358941113,16336
0.25595212,0.13130378708414636,16337
0.15204072,0.008604315088515111,16338
0.70191526,0.1842605454360797,16339
0.5590501,0.0007445240253176886,16340
0.9921937,0.0007136577697301853,16341
0.52361876,0.0002003007114599237,16342
0.91381156,0.24688841186827193,16343
0.8325343,0.04899174868919802,16344
0.6665445,0.10751204261410463,16345
0.87785697,0.08159398485044131,16346
0.31692988,0.07266673287718113,16347
0.6670879,0.0028512469896928056,16348
0.71943283,0.03290017088874263,16349
0.53905874,0.20045676738474597,16350
0.28179878,0.000361163852901786,16351
0.73186076,0.029448785123635118,16352
0.6654209,0.0585932119289084,16353
0.2862084,0.11895775531530021,16354
0.64492714,0.052048548490295055,16355
0.52920574,0.122256313895906,16356
0.49171785,0.004718225301739404,16357
0.45832723,0.0016858083189239725,16358
0.797681,0.0008803266749512944,16359
0.65444005,0.0363977838490715,16360
0.5349741,0.43581778392883924,16361
0.25354135,0.07070320127272849,16362
0.3584277,0.034786338960228834,16363
0.2547147,0.07122286740563305,16364
0.5468552,0.03820831595218208,16365
0.12713635,0.18650071567050366,16366
0.36519736,0.037664751434627226,16367
0.61475337,0.006270105038289059,16368
0.95070475,0.042620340683427606,16369
0.044379264,0.2158733734036603,16370
0.8851874,0.035826142657472755,16371
0.48732433,0.0934886485810711,16372
0.38157773,0.007744289063652761,16373
0.8771082,0.006222196975345823,16374
0.10122746,0.32510480871316183,16375
0.72560626,0.4104243763423925,16376
0.36698332,0.04557515852210587,16377
0.805338,0.0035672956033742527,16378
0.8954055,0.2521332523491772,16379
0.45088643,0.47451024235195816,16380
0.5308374,0.4637799354409999,16381
0.7906279,0.11183488999983583,16382
0.36568674,0.09814154712988196,16383
0.5087954,0.13020065776129375,16384
0.51415235,0.11221409955084789,16385
0.93823904,0.03312351018226914,16386
0.54550856,0.12264051920207777,16387
0.5130289,0.0005117233195790337,16388
0.66629523,0.031985969519037274,16389
0.25349957,0.13927543549398433,16390
0.2062468,0.09550516491976156,16391
0.633523,0.23116788439895866,16392
0.6071104,7.708194851530488e-05,16393
0.08021143,0.6359722974273112,16394
0.51330703,0.07278032037825287,16395
0.4705547,0.7957956192454669,16396
0.7093961,0.2996642916649461,16397
0.5575694,0.0024609688649867936,16398
0.06762853,0.001631173465123142,16399
0.7239244,0.11171367615258568,16400
0.40816206,0.030886360894109097,16401
0.46887746,0.2500273794616416,16402
0.48869994,0.1821249511993331,16403
0.7484245,0.00013808045427673668,16404
0.4599667,0.02536694519962897,16405
0.49784812,0.0838414747852027,16406
0.564185,0.5179672582465221,16407
0.5957945,0.021360282270916797,16408
0.18296617,0.038989932632675424,16409
0.36396456,0.007182259550693929,16410
0.37721506,0.004559507661872445,16411
0.6132549,0.46300582127530787,16412
0.46244934,0.034718712650994035,16413
0.7283104,0.08833417868137064,16414
0.2988087,0.34883075079100895,16415
0.9465947,0.01683672283610736,16416
0.092619,0.001212586101443883,16417
0.4924988,0.05459595368390941,16418
0.5792722,0.009963178965948668,16419
0.22462073,0.31485269985032616,16420
0.55501884,0.0126066062142599,16421
0.5630492,0.4125647026378855,16422
0.40898237,0.014755001135536159,16423
0.11109483,0.006152005027812154,16424
0.4010967,0.2041994069563772,16425
0.5094667,0.2764678881908653,16426
0.009519011,0.03696823799054979,16427
0.38130742,0.07141406935069369,16428
0.44277364,0.7245623179352286,16429
0.45720544,0.05409254060019607,16430
0.5112599,0.5321177044650076,16431
0.24905232,0.040616867158565134,16432
0.05864495,0.006988153433899431,16433
0.22936943,0.11406603351397733,16434
0.85550255,0.13921386056999202,16435
0.0014734566,0.23897401121151013,16436
0.47574884,0.020194598795033145,16437
0.63169885,0.2058933555590664,16438
0.34816933,0.07521135838238571,16439
0.3218699,0.16482069321256823,16440
0.4840836,0.01517960181591518,16441
0.4330227,0.09068200214700033,16442
0.09128258,0.08658443813418155,16443
0.50539464,0.24311837221419683,16444
0.31155974,0.04135379678523065,16445
0.2593131,0.004518110369995253,16446
0.47369552,0.10059587196452886,16447
0.38813826,0.0036129934714459857,16448
0.16601548,0.27045959021570554,16449
0.24354231,0.7354027254190131,16450
0.7097862,0.623903189776896,16451
0.13674623,0.0005746571967286923,16452
0.44646388,0.009200541062473677,16453
0.98808736,0.2347818452210924,16454
0.251885,0.013812676315136718,16455
0.879572,0.05440807487019754,16456
0.3156384,0.07134696834498978,16457
0.8181814,0.018283102553114616,16458
0.31057188,0.28024607850067285,16459
0.3961202,0.04362146134026823,16460
0.52535665,0.3545064823048536,16461
0.4901605,0.1660160802576102,16462
0.27502948,0.0816051233671493,16463
0.41156217,0.00028944451379261585,16464
0.6333031,0.0028700828832020626,16465
0.4183524,0.38150477461425303,16466
0.57307035,0.000479650383293917,16467
0.4106776,0.03622733156784187,16468
0.45746702,0.2722325873888006,16469
0.7392937,0.08656286255563324,16470
0.8432857,0.057167350242937426,16471
0.47363925,0.0027381856940839233,16472
0.33076742,0.8430846837178121,16473
0.2376801,0.013454282268289234,16474
0.83546466,0.15071160814555565,16475
0.60946864,0.06448205104881459,16476
0.597865,0.05046245058990988,16477
0.4809321,0.32524854210238563,16478
0.14708829,0.4197858195352994,16479
0.95349944,0.005583657101872595,16480
0.54114234,0.0013106271393493428,16481
0.52083534,0.24102253427096415,16482
0.26533344,0.0837727351651709,16483
0.45967758,0.00012307820231837922,16484
0.38355884,0.05034392129454788,16485
0.6515227,0.15555429094331352,16486
0.6583334,0.009113078434693347,16487
0.5620258,0.108764795411707,16488
0.35640025,0.032732539844325406,16489
0.614188,0.027063370165125212,16490
0.7221376,0.1888285806183629,16491
0.6401962,0.05969233719488111,16492
0.20567262,0.001150712904003022,16493
0.81482995,0.0828351674114583,16494
0.5543467,0.009854225100896662,16495
0.36700672,0.041258487292627086,16496
0.0018846691,0.03175235884010048,16497
0.10710952,0.26694499219652607,16498
0.82727426,0.03816556960869584,16499
0.44410706,0.10577271996436467,16500
0.7329176,0.10181226268554189,16501
0.66253304,0.496923068203403,16502
0.52295333,0.06165158966858954,16503
0.69096243,0.417795947367214,16504
0.50875753,0.07151154548012631,16505
0.28592086,0.2346490273942529,16506
0.7862647,0.08892691281108776,16507
0.0821664,0.0017604931407997689,16508
0.14833209,0.11006272051234918,16509
0.45365763,0.14807613253536575,16510
0.33993983,0.13211684775430313,16511
0.46330965,0.030911997207776702,16512
0.33745286,0.6830454220261452,16513
0.40691435,0.09665168257851699,16514
0.4109633,0.059607804221525194,16515
0.5442425,0.3293102896990928,16516
0.80797553,0.00044080770330063646,16517
0.5245908,0.20339755599770187,16518
0.9242293,0.6564858674095465,16519
0.26817745,0.1602434478528858,16520
0.39557695,0.21637737278186878,16521
0.5592284,0.384633527617645,16522
0.78136104,0.03716693083014104,16523
0.34948856,0.21061817583642348,16524
0.42516577,0.00010065328771548185,16525
0.5975303,0.13185027810843214,16526
0.3310937,0.100186727094247,16527
0.6342666,0.009194603638495535,16528
0.5072036,0.00012342472396364542,16529
0.4087941,0.2742172396207316,16530
0.5057389,0.0034015564936996207,16531
0.6764269,0.00965394213472441,16532
0.7544061,0.853881410603511,16533
0.42191216,0.04868540362811057,16534
0.37966418,0.025046712389561257,16535
0.5578114,0.03970164920433797,16536
0.18650728,0.01478642728129103,16537
0.4363306,0.0002256685117288211,16538
0.44886458,0.024393535445788633,16539
0.62976253,0.004638133809238413,16540
0.643992,5.06491464647938e-05,16541
0.9233551,0.0642743267946153,16542
0.6124661,0.0023136282894567228,16543
0.9006194,0.061752920034558983,16544
0.15696296,0.2043414669582302,16545
0.7215966,0.10979321592337948,16546
0.65558994,0.2481819422395103,16547
0.67200893,0.6230905028729495,16548
0.6758789,0.5116241990222137,16549
0.7236872,0.006723232875134858,16550
0.6434851,0.0890855425816537,16551
0.69104934,0.0479246298000449,16552
0.407675,0.00057846018677118,16553
0.0009008944,0.004282164448417009,16554
0.4252322,0.008482803444001548,16555
0.17905167,0.355801658104933,16556
0.43244427,0.06056507418055044,16557
0.5234539,0.1250213370860727,16558
0.19654915,0.06620536122060484,16559
0.35730043,0.0975993742452836,16560
0.15153936,0.011714407061911418,16561
0.35141918,0.012960438419026343,16562
0.17687106,0.014926720392880448,16563
0.0689314,0.19660610938733503,16564
0.47465023,0.35224364046352064,16565
0.66339636,0.000704194468008018,16566
0.6207204,0.053237144528944555,16567
0.516571,0.008990557317581032,16568
0.23115185,0.021668673361594136,16569
0.33742228,0.2553543935955128,16570
0.5615103,0.12361759402657681,16571
0.60842913,0.06579497142619836,16572
0.1710684,0.015642650126540314,16573
0.3369612,0.189428654060814,16574
0.25795227,0.08701538397907506,16575
0.5939127,0.3400656614512125,16576
0.98633885,0.009382200425337987,16577
0.34789905,0.007798180419191589,16578
0.5699369,0.20815139792467113,16579
0.7917941,4.124028424507876e-05,16580
0.6787878,0.014693179540988406,16581
0.46902373,0.6426752124666376,16582
0.4853085,0.0609876245374259,16583
0.31812927,0.10011546106643153,16584
0.20962492,0.1429478204013137,16585
0.6670446,0.14356961717992564,16586
0.120452344,0.08910824906461343,16587
0.9232597,0.5957963766426215,16588
0.4660282,0.004882755161962558,16589
0.2510953,0.7229208770212209,16590
0.36234528,0.050194318375479254,16591
0.4288692,0.09099697007950217,16592
0.25359952,0.08905914786325275,16593
0.5530124,0.07115176254531469,16594
0.62525177,2.7672832357490694e-05,16595
0.5610465,0.989908014055775,16596
0.24833947,0.03314437760679536,16597
0.7018342,0.005612411386873127,16598
0.18076655,0.086934165930619,16599
0.8671007,0.0003382558427795395,16600
0.32681116,0.07839554052083977,16601
0.06964475,0.034871222351398425,16602
0.4690841,0.208047821086099,16603
0.99408704,0.10712370125601525,16604
0.15509892,0.12291319344870451,16605
0.620511,0.19350606965112122,16606
0.5343685,0.1925561004065638,16607
0.5829464,0.028418195427429523,16608
0.5237771,0.11280342183007598,16609
0.71885276,0.09781153619009024,16610
0.6260403,0.007664439546336628,16611
0.48070258,0.007805368552441784,16612
0.5291417,0.0038598565501373845,16613
0.7542446,0.06400895290303667,16614
0.26421052,0.7068165505943577,16615
0.34597546,0.007497095602978916,16616
0.6810988,0.23266095842002382,16617
0.3730387,0.7308441062933089,16618
0.6172978,0.020158037608389835,16619
0.52563363,0.013295126902297838,16620
0.24518529,1.5386019457459686e-05,16621
0.16965607,0.07045068042891907,16622
0.4343391,0.006587855297459206,16623
0.5451116,0.15153416140885678,16624
0.51531875,0.01913584476430334,16625
0.5196298,0.102457992892039,16626
0.662362,0.0475860574984198,16627
0.6882265,0.002003407599685473,16628
0.34947905,0.28478343015886703,16629
0.561216,0.04831810615577259,16630
0.2961456,0.035899184695359056,16631
0.41592136,0.4309571404346784,16632
0.7764693,0.0345602057182568,16633
0.44372794,0.0025299966382494325,16634
0.12625721,0.04949394096290555,16635
0.34469312,0.13189859194634063,16636
0.3307794,0.0009169551347864946,16637
0.5050319,0.011415842893458258,16638
0.2755353,0.07075597824439972,16639
0.24617228,0.008630188772708247,16640
0.1628344,0.005073347475898316,16641
0.33158156,0.3397632767850037,16642
0.4776569,0.3785360759572154,16643
0.73229486,0.15731146497551823,16644
0.14507374,0.3394913136487197,16645
0.46701247,0.18546654846365782,16646
0.41539448,0.8463654393403423,16647
0.89660203,0.00020829910076020902,16648
0.28887495,0.0789049704377158,16649
0.8284481,0.09603592156553324,16650
0.46484137,0.3745321255851856,16651
0.6672113,0.0001787840121346317,16652
0.5839071,0.004247716309056151,16653
0.5818392,0.00673038702190601,16654
0.8562676,0.09643196244656628,16655
0.29589775,0.2468606056764001,16656
0.26297304,0.6572378899247477,16657
0.83926857,0.4394749753480627,16658
0.8954941,0.00016595131368667834,16659
0.3357296,0.0029466853801125917,16660
0.91336584,0.5212073208099595,16661
0.37104344,0.32349558836815506,16662
0.7001034,0.2740546521475875,16663
0.08210659,0.038886452124954,16664
0.16506729,0.07201102889720706,16665
0.5972182,0.07284946616582352,16666
0.39529124,0.022913479250764094,16667
0.6322544,0.46732930212209184,16668
0.8980961,0.03171452649081837,16669
0.37503722,0.005915382188615539,16670
0.43297094,0.06900896999999374,16671
0.5473337,0.007368364027052722,16672
0.6827625,0.30061309762417,16673
0.94482493,0.002929167585054817,16674
0.7107781,0.20559153229479696,16675
0.60408217,0.02453296039963374,16676
0.48851156,0.021886671987843623,16677
0.55193996,0.13158702904141112,16678
0.22803843,0.09913899283970891,16679
0.45382842,0.6293217832355245,16680
0.49685037,1.7363040120321924e-07,16681
0.6206265,0.10624036981562748,16682
0.65890914,0.02862699091149982,16683
0.73872596,0.022100748742967156,16684
0.6227839,0.6042159550821766,16685
0.35246903,0.09741981533352606,16686
0.41170025,0.07813898650168258,16687
0.12437594,0.0376842016262256,16688
0.016222388,0.17986108860806413,16689
0.7060192,0.02720654257353878,16690
0.4659145,0.04040949368580225,16691
0.53861016,0.17358005386641445,16692
0.27184457,0.07453308048593808,16693
0.67953837,0.08040085227176519,16694
0.51783454,0.05600087618404309,16695
0.5251509,0.17375932687412043,16696
0.80437803,0.08469667663246397,16697
0.72607106,0.05151408384678898,16698
0.14946112,0.005338528155706514,16699
0.44380233,0.08623986426318539,16700
0.50554717,0.02136898238285013,16701
0.682169,0.45165302168255506,16702
0.33663642,0.11261957766548732,16703
0.6134612,0.03089238636566864,16704
0.4557884,0.0014298230560085886,16705
0.5073024,0.008333788618391697,16706
0.621638,0.002706227397029288,16707
0.2837147,0.0006337167590759988,16708
0.4462773,0.009546511248829957,16709
0.4274559,0.017204416102882054,16710
0.32802314,0.1336357372534567,16711
0.30149812,0.04240391105997764,16712
0.45457917,0.17301780153115087,16713
0.5336131,0.0051400527756037435,16714
0.6993373,0.06217422876847869,16715
0.36687726,0.1463494551310102,16716
0.42751586,0.0918319205210506,16717
0.58420837,0.0011681965947792853,16718
0.41328162,0.01468227052599066,16719
0.696278,0.009825807899211425,16720
0.17440102,0.08760976685994516,16721
0.38233688,0.040056741564591665,16722
0.16526479,0.04603519353634966,16723
0.87051153,0.016410107356194015,16724
0.32730266,0.15436846038300442,16725
0.4000189,0.36799241767228463,16726
0.54318845,0.011434756161754099,16727
0.45767924,0.0021872851359708333,16728
0.05209878,0.04534558316014939,16729
0.64015996,0.7067415675596269,16730
0.46224156,0.06894713206471331,16731
0.2821415,0.012384190316146303,16732
0.64416635,0.10537340358549031,16733
0.031493545,0.09361153267399491,16734
0.53815794,0.08183477226589178,16735
0.32587183,0.17807722137596643,16736
0.4450144,0.00014047271915279438,16737
0.7632943,0.04784600673854772,16738
0.77752733,0.3580172696378949,16739
0.18401065,0.007742061077798904,16740
0.71102476,0.1356252934723355,16741
0.5698064,0.00012612311307065856,16742
0.42815942,0.17313884551968806,16743
0.3753506,0.6543386068546566,16744
0.11511004,0.2335446160250553,16745
0.54549277,0.025607265482595214,16746
0.71888757,0.00012118556411278975,16747
0.1876787,0.003372217799661864,16748
0.49777815,0.09512680710303202,16749
0.39091432,0.00017070180249281172,16750
0.6222362,0.04253364509634562,16751
0.7922812,0.31872944455215246,16752
0.166973,0.1477930846012894,16753
0.7769455,0.3080276202171395,16754
0.4318631,0.04128087445690168,16755
0.65220505,0.03815407304578669,16756
0.5821438,0.025984850330382007,16757
0.370197,0.03726146109482393,16758
0.073340684,0.04454768588703312,16759
0.6616956,0.010536017108355436,16760
0.45737794,0.005677306150790246,16761
0.24547973,0.0474034078645133,16762
0.12261033,0.0014389388736936596,16763
0.5034628,0.05189061154663546,16764
0.9693927,0.08145634001845595,16765
0.029112577,0.13210415226713138,16766
0.23989174,0.08667451309339771,16767
0.305274,0.18237234067734429,16768
0.58532834,0.043323496329938545,16769
0.5235835,0.0005458270082333379,16770
0.87094676,0.005946275435900759,16771
0.2212427,0.047534350361292256,16772
0.5958346,0.7560820772277691,16773
0.9108784,0.09444647697062876,16774
0.43206733,0.9205344763598422,16775
0.39485577,0.016228162246025694,16776
0.82685435,0.0006190554727220052,16777
0.20692515,0.11612698344198827,16778
0.3482903,0.5404672981914118,16779
0.8500409,0.14750306543251224,16780
0.23359343,0.05237851525871818,16781
0.60032433,0.3928787576449193,16782
0.94335854,0.2048088818993677,16783
0.3287797,0.19998940842539195,16784
0.65376854,0.22817087586221402,16785
0.5737235,0.1321951829480101,16786
0.41470152,0.12071215517664471,16787
0.09761155,0.4633497076456602,16788
0.3963229,0.0010938172307579765,16789
0.5785346,0.15946115398150235,16790
0.3971996,0.13141173144993878,16791
0.80822074,0.18157998868136316,16792
0.6526582,0.19592824518974356,16793
0.40830493,0.005067790990759812,16794
0.7000963,0.42640467240691843,16795
0.48933905,0.14285865883565038,16796
0.38427746,0.0696225948008968,16797
0.41501093,0.0021197143411049134,16798
0.18371469,0.1050630542869476,16799
0.8760427,0.0036880754422760733,16800
0.789024,0.05416386989323516,16801
0.95151323,0.027933159725651007,16802
0.7371129,0.24386430180784305,16803
0.060215384,0.00018734757118789986,16804
0.76072246,0.15808392797416054,16805
0.9334438,0.058085186802093916,16806
0.30925,0.07089089961821522,16807
0.17525065,0.04718013182134582,16808
0.30756164,0.2912981689419645,16809
0.7519958,0.006707600444807387,16810
0.463566,0.06632297171075398,16811
0.29988986,0.0822826297689471,16812
0.42953458,0.05591828063876894,16813
0.19888064,0.13851227674998953,16814
0.6819553,0.07388913049142219,16815
0.4326911,0.36955291235367693,16816
0.6812866,3.270604728486115e-05,16817
0.087705135,0.004545853788398072,16818
0.6190731,0.04405326498496061,16819
0.5870667,0.0029950314265581616,16820
0.043332934,0.7837925062721174,16821
0.6725171,0.0034593876964623075,16822
0.03872326,0.15832860166652588,16823
0.27650955,0.5222810444847104,16824
0.5120822,0.0039412618624397235,16825
0.51709574,0.34312381565712896,16826
0.6911121,0.12759034631341004,16827
0.37673235,0.0007894175481382357,16828
0.63521487,0.3343200591341506,16829
0.4752434,0.004465149936602218,16830
0.76252306,1.176838270962726e-10,16831
0.7491659,0.12160030332159616,16832
0.5837355,0.41607124192043304,16833
0.37890136,0.42307478239583657,16834
0.33575928,0.3208950078654343,16835
0.35550532,0.0132887616466854,16836
0.87536335,0.1786224060388388,16837
0.3200063,0.015744976686318555,16838
0.8424059,0.13731105625156517,16839
0.3200698,0.0376406224654766,16840
0.90142155,0.012553471847219584,16841
0.37176868,0.6072952505090209,16842
0.57511824,0.10648393035867647,16843
0.48701486,0.03759839413211711,16844
0.42609128,0.13988183812235594,16845
0.2183631,0.037784773451271604,16846
0.3998639,0.050522981439088975,16847
0.5960511,0.14269330235112465,16848
0.59869146,0.0808340680349419,16849
0.41478693,2.993770698718498e-10,16850
0.38755593,0.009853259470866885,16851
0.30027705,0.8727752646297562,16852
0.47209707,0.029963935277465343,16853
0.55897665,0.8977177908086528,16854
0.535239,0.00944087487676893,16855
0.717232,0.03610004127237765,16856
0.790488,0.010431544187681755,16857
0.081789404,0.013829739898577461,16858
0.15778711,0.002894286102245935,16859
0.59844816,0.7456028361041799,16860
0.54580355,0.011772485040995725,16861
0.24550077,0.3614453613431285,16862
0.6434588,0.2860278602703599,16863
0.12510577,0.01550324113654102,16864
0.35328698,3.702389906677602e-05,16865
0.24727455,2.30647775888086e-05,16866
0.35682753,0.018945956351647347,16867
0.26047635,0.0019408632141829025,16868
0.55689114,0.0799769813893081,16869
0.5971006,0.07943828187671642,16870
0.48502424,0.024487855683527925,16871
0.25486374,0.27137198409408125,16872
0.8146769,0.008018205083542774,16873
0.19531313,0.1599717095296602,16874
0.55768037,0.08982095542611354,16875
0.60517484,0.13701292893241673,16876
0.08425462,0.03338322818668773,16877
0.8086959,0.0010438860323771341,16878
0.65887153,0.020956439386779737,16879
0.66903305,0.6335987002072749,16880
0.18259642,0.2562297719472386,16881
0.89981675,0.03592022891177246,16882
0.8750328,0.0928829011034793,16883
0.8079467,0.15163772373464277,16884
0.85205054,0.28561824902772054,16885
0.9660978,0.27960380617652697,16886
0.4193714,0.0006971707581698905,16887
0.68460876,0.07178340922440929,16888
0.27745458,0.032684285322260496,16889
0.65531623,0.003701497378731133,16890
0.18977979,0.041230349804815346,16891
0.46808833,0.16389385057392644,16892
0.54573554,0.18154882053425433,16893
0.52880085,0.07422773611938709,16894
0.36891952,0.28000766650271613,16895
0.68342865,0.0008529643093437762,16896
0.54460824,0.2336166317597141,16897
0.08046317,0.04891026617824538,16898
0.12068474,0.21425708992512385,16899
0.5731611,0.0641871758839331,16900
0.7078074,0.1421262255191495,16901
0.29398903,0.007848240275884951,16902
0.27216303,0.14322460306938284,16903
0.66668105,0.02391386981581898,16904
0.42520428,0.16933570475150173,16905
0.28709972,0.18888014885904808,16906
0.27649415,0.014901262482774942,16907
0.6427717,0.15207462389699414,16908
0.754931,0.022841251914748707,16909
0.31771347,0.19435442625497226,16910
0.8085687,0.28793339951396396,16911
0.5533413,0.3290851290903724,16912
0.29166424,0.015753021603630592,16913
0.5047915,0.04740012596493337,16914
0.08360088,0.03870813786537737,16915
0.5082508,0.10530013697470508,16916
0.74786055,0.28412307310240237,16917
0.6645295,0.25927823623506674,16918
0.37681797,0.016823699514475574,16919
0.3847072,0.010686369958867322,16920
0.5881652,0.9769696311639059,16921
0.31113943,0.35597720905534574,16922
0.5295586,0.006516755375320147,16923
0.6793885,0.34618845353127203,16924
0.79197556,0.1112762386668744,16925
0.30935594,0.5577856587161393,16926
0.19903985,0.33544634866204115,16927
0.81131005,0.023924542606137647,16928
0.6804798,0.14961840263558746,16929
0.014732301,0.023298351902335566,16930
0.67727077,0.007339065930500544,16931
0.73143053,0.3340990395253782,16932
0.8388674,0.007188072876167862,16933
0.39152125,0.11254270256398721,16934
0.44956055,0.5255758922981699,16935
0.8020953,0.00015534673591765947,16936
0.40071118,0.4146733469691616,16937
0.22659299,0.03934904932597119,16938
0.4709702,0.1850537787481438,16939
0.90485555,0.3130369863279585,16940
0.493157,0.0005345292114121735,16941
0.18408325,0.013708677491946233,16942
0.268376,0.0010581529849645831,16943
0.42216003,0.2937905102006559,16944
0.2223374,0.02223671808925392,16945
0.33672744,0.49855093046901283,16946
0.4018041,0.06714265042057141,16947
0.48633042,0.4373075010374922,16948
0.34371746,0.005419090161603149,16949
0.49338356,0.3743888941525175,16950
0.6565906,0.03535412631828541,16951
0.8364966,0.14981310648706558,16952
0.8063845,0.01947194645034313,16953
0.20100832,0.8128670243114436,16954
0.36613804,0.5888032276656167,16955
0.6886306,0.04421328648507649,16956
0.5685775,0.028294311420868308,16957
0.71492624,0.06854828994078956,16958
0.010051459,0.0008685509879559672,16959
0.40668407,0.2726392318802608,16960
0.9151372,0.009353670498663574,16961
0.5943993,0.3138543724700568,16962
0.46914804,0.00885011484179305,16963
0.6963533,0.045459293907761184,16964
0.38212132,0.004927672870674238,16965
0.61581385,0.4692094578623145,16966
0.72169566,0.002029638999972302,16967
0.38560227,0.009444803731220714,16968
0.15016338,2.8194072135519696e-05,16969
0.21238175,0.0007626426525464416,16970
0.34285083,0.006994165673732427,16971
0.5403873,0.004139019627638421,16972
0.5900238,0.23002787733176175,16973
0.14131847,0.08301949644690386,16974
0.5616672,0.018031610522477738,16975
0.5862567,0.06484399921915207,16976
0.26013535,0.15940093909914996,16977
0.77757967,0.42935645153976876,16978
0.65799755,0.4893460109881313,16979
0.5987597,0.03871641937894132,16980
0.3133039,0.0014389054063173078,16981
0.53840566,0.04468592147583142,16982
0.72530746,0.013369419817122072,16983
0.7787798,0.022706296508315207,16984
0.64187324,0.22665726575726375,16985
0.3007268,0.038972101687957006,16986
0.3863979,0.527517824608806,16987
0.83755994,0.02367168175281278,16988
0.31386203,0.4017283208768499,16989
0.63577735,0.04233328641403613,16990
0.6055351,0.23073245499156755,16991
0.31322736,0.0005572268609678883,16992
0.33104432,0.177735385824357,16993
0.3647533,0.003377148348727444,16994
0.46361667,0.6879008327537024,16995
0.3818251,0.23432991637389441,16996
0.64662516,0.07122033642032755,16997
0.643877,0.017363549386197163,16998
0.49220738,0.1428346715796187,16999
0.37459975,0.3124973344745038,17000
0.41885352,0.23452430073354952,17001
0.6812737,0.8134921755904012,17002
0.7895752,0.014034314214387061,17003
0.65339506,0.4861451371648004,17004
0.582287,0.018490654864549427,17005
0.13695276,0.11717880332314601,17006
0.98065126,0.6560856784085537,17007
0.2198647,0.02577749362315638,17008
0.30966038,0.03314603520274373,17009
0.0036075711,0.10080394201434051,17010
0.3853683,0.11958331775561754,17011
0.53788155,0.046563075644156744,17012
0.38382763,0.01399390188416807,17013
0.6600458,0.038627535423405,17014
0.78213346,0.012269743340487096,17015
0.6034764,0.023548255687008916,17016
0.09545517,0.00730389974399695,17017
0.4477296,1.7428112934982573e-05,17018
0.6127034,0.0001107927566017083,17019
0.745939,0.019902013003596803,17020
0.8960061,0.23828706078421935,17021
0.48186105,0.0819382393894243,17022
0.2572318,0.0483911479144409,17023
0.914801,0.007708987369824169,17024
0.36286896,0.07255897795006014,17025
0.8349529,0.11790994275864272,17026
0.29734707,0.11903253058164831,17027
0.38147253,0.2182441911249418,17028
0.46882668,0.05482213920442541,17029
0.60076565,0.16908585995519018,17030
0.66969347,0.1435175752003644,17031
0.68068355,0.8417758518984249,17032
0.5470999,0.3988705138858256,17033
0.5625627,0.03080263146903472,17034
0.4095777,0.06786605331485951,17035
0.429937,0.732576418624956,17036
0.33320522,0.14683040808743653,17037
0.40396148,0.045689571588990466,17038
0.37132937,0.0034550808114300014,17039
0.19041091,0.011285162751946286,17040
0.12701115,0.16523670439761504,17041
0.6291692,0.0031375549795009438,17042
0.7217859,0.13603700609681807,17043
0.5107589,0.0902493542477102,17044
0.5968628,0.5285980294687539,17045
0.5266717,0.042736439676801324,17046
0.4284184,0.4216847200710906,17047
0.3032028,0.1783573786440078,17048
0.60357857,0.006144312510997329,17049
0.5951678,0.024044945171375065,17050
0.21043402,0.3296404161549915,17051
0.3311925,0.03912175727141065,17052
0.6720606,0.42398101580913977,17053
0.771825,0.01127678618455618,17054
0.09684041,0.011071869591435905,17055
0.10558078,0.0017878914833374217,17056
0.66073954,0.10800152446883189,17057
0.6430667,0.2666408869107773,17058
0.5294043,0.28363627368294664,17059
0.8356745,0.0195389319799863,17060
0.5300097,0.0023025364458905914,17061
0.27902943,0.05200926419309753,17062
0.34072715,0.06317655969303251,17063
0.32418954,0.009837971715801667,17064
0.39566693,0.1009334558202795,17065
0.6243406,0.0046526426422044695,17066
0.7253227,0.8951011695501506,17067
0.8575437,0.07453127799192973,17068
0.65704656,0.03215884625378344,17069
0.25813013,0.0676379955055097,17070
0.6042627,0.02600703878895906,17071
0.5661178,0.7165292915169567,17072
0.037367582,0.01708029941470227,17073
0.759259,0.008126865310292976,17074
0.7387433,0.15277086131429063,17075
0.44033557,0.004445020897382971,17076
0.40133882,0.05958781722084547,17077
0.453139,0.46304730772016045,17078
0.5870114,0.021468562892598658,17079
0.7937912,0.014509358381645786,17080
0.67421407,0.3930375583181799,17081
0.82995033,0.006873961181579926,17082
0.8779113,0.0343987380093933,17083
0.24592397,0.30532221687741523,17084
0.864802,0.022688938709944862,17085
0.6360434,0.0011391439722831008,17086
0.398162,0.6604318076313663,17087
0.5291382,0.32996632738635634,17088
0.29971778,0.1374351144923615,17089
0.07246581,0.038245901806856025,17090
0.27981475,0.3656515873677712,17091
0.5249365,0.03380289172594474,17092
0.16362703,0.05467949305891583,17093
0.4019377,0.37639913686734205,17094
0.18067089,0.08118857137034567,17095
0.45957547,0.06444258226041999,17096
0.4062097,0.13173466057055255,17097
0.6559731,0.13046912206041195,17098
0.7699999,0.6791105022215412,17099
0.195777,0.046801333868127105,17100
0.40561992,0.031219878909401033,17101
0.125519,0.4229402231894203,17102
0.3790102,0.023213154760400326,17103
0.67100704,0.00034142010629273015,17104
0.96023506,0.00510490616362497,17105
0.31131777,0.30448295515855617,17106
0.042334586,0.20878817824782472,17107
0.21917728,0.04034970338039243,17108
0.7662957,0.001100321243114746,17109
0.5403862,0.11720726514544047,17110
0.46910256,1.1642160498395918e-09,17111
0.6741664,0.04545537414721147,17112
0.39839804,0.010612722123414966,17113
0.16601932,0.07576554077715686,17114
0.6098464,0.016589907814058745,17115
0.28504586,0.1491978536055611,17116
0.8145932,0.03331733327666335,17117
0.13809162,0.0017478535519482813,17118
0.4110858,0.005896542891170102,17119
0.12876746,0.052013237064417,17120
0.39929944,0.0383817175672139,17121
0.3643636,0.0702361715983329,17122
0.5073868,0.4464148312830934,17123
0.5656041,0.07331736383311625,17124
0.6607144,1.0673560915711776e-07,17125
0.5452998,0.4081535795156953,17126
0.544206,0.04630824442976038,17127
0.56439596,0.00826490096694224,17128
0.23558602,0.006409679535644163,17129
0.72061384,0.08544112704918314,17130
0.4530674,0.0072693200806576335,17131
0.2734576,0.018271902771952512,17132
0.2632485,0.018421478125051526,17133
0.44146115,0.00395387800258038,17134
0.55091345,0.2273624885084669,17135
0.7398704,0.003348480578140316,17136
0.6148886,0.4241433900999648,17137
0.59673244,0.32061962190489174,17138
0.77626467,0.11437899808764457,17139
0.5943009,0.008338281039224495,17140
0.3419258,0.028641437750015333,17141
0.20138481,0.17616910820357007,17142
0.5919428,0.76381518637324,17143
0.8172039,0.062444035139610346,17144
0.79114425,0.04549057892345835,17145
0.10167396,0.2696436965739841,17146
0.5151936,0.46155261393924657,17147
0.70027226,0.00022885866120171886,17148
0.1891593,0.205634265548656,17149
0.5180893,0.4928018559457389,17150
0.016204089,0.1862554910788669,17151
0.7499378,0.00592950177674214,17152
0.34300324,0.13710863350447802,17153
0.5527077,0.06297808324317958,17154
0.55077064,0.008298206267220467,17155
0.6411434,0.01383139375775118,17156
0.22264165,0.15053118203039714,17157
0.443159,0.10905113492555324,17158
0.68258417,0.025730905179151286,17159
0.7971911,0.009759182435371237,17160
0.98928356,0.12324314480983396,17161
0.6941238,0.00697802844188206,17162
0.79524004,0.042348074210064805,17163
0.3702129,0.02734374071699437,17164
0.13568044,0.6319565682857797,17165
0.319115,0.0010063354786712681,17166
0.40997344,0.07061011249732475,17167
0.69290435,0.04149810079919522,17168
0.8972085,0.0015025297570529686,17169
0.09874201,7.199439078669444e-05,17170
0.82579905,0.12550134818884076,17171
0.47694808,0.0031105411964985597,17172
0.9102862,0.12279128941145918,17173
0.14661703,0.016862814474604818,17174
0.15487856,0.23327752629140452,17175
0.20351887,0.0006427854289015828,17176
0.07683748,0.03970665391573018,17177
0.6746542,0.07941780647704687,17178
0.41225758,0.006272344542830625,17179
0.30201304,0.07743184466070066,17180
0.56482565,0.007324725772703216,17181
0.5596115,0.1405555003945468,17182
0.43700206,0.16920961554435915,17183
0.48985967,0.11003210833300525,17184
0.61356133,0.2969832472751433,17185
0.7855572,0.6176263612053414,17186
0.8730589,0.6952809868417454,17187
0.15175945,0.07452869334059402,17188
0.8056362,0.01833306044941661,17189
0.081552565,0.0038720732738736293,17190
0.1983212,0.05580242812986406,17191
0.5396982,0.02368155372569796,17192
0.5308489,0.02674634981413819,17193
0.49084577,0.23830405586925654,17194
0.7096774,0.0007743280887269652,17195
0.91201854,0.013763079544041917,17196
0.17777777,0.019638752272615828,17197
0.18834147,0.002856967246177096,17198
0.2609667,0.009205347629885811,17199
0.44881597,0.023816768342946857,17200
0.6584687,0.6212529314531713,17201
0.9220395,0.051226196945243,17202
0.5586018,0.029345237255492332,17203
0.7776723,0.06951178858920859,17204
0.21746948,0.084345328848839,17205
0.48614267,0.06570497883075395,17206
0.48082668,0.022905954022626497,17207
0.44760713,8.289573783223037e-05,17208
0.42025885,0.3160013973148633,17209
0.25152665,0.046506282863976074,17210
0.44223675,0.030463503635568368,17211
0.23390698,0.2017622517703462,17212
0.9626919,0.0008019250161011356,17213
0.4438821,0.5344841829768227,17214
0.3362076,0.8545391824593833,17215
0.4234919,0.20358717439532445,17216
0.5509985,0.03528909972580943,17217
0.26062858,0.20273698750741598,17218
0.5582863,3.85511817512451e-05,17219
0.4946041,0.007149877342141099,17220
0.3217733,0.0657282807413064,17221
0.39304763,0.036655812528431725,17222
0.4715788,0.1314654943439483,17223
0.6937929,0.7156018980961102,17224
0.28086734,0.007338599641745322,17225
0.71794695,0.034914492537977966,17226
0.41143852,0.08136516999558602,17227
0.36254817,0.7767914093291644,17228
0.19076312,0.23239454728867437,17229
0.30830872,0.001572339205638475,17230
0.3892122,0.010372811935973067,17231
0.4985757,0.37366868124427,17232
0.30602744,0.12195329031762997,17233
0.44350407,0.08503962158204749,17234
0.13400549,0.11231758657268401,17235
0.85190195,0.07154053073301772,17236
0.34903708,0.11159960403765368,17237
0.23506042,0.24503249377736677,17238
0.44738007,0.009354513113657276,17239
0.8433552,0.2595541738803839,17240
0.86508495,0.13890108444197613,17241
0.43307114,0.030310353101098243,17242
0.8991308,4.263759726002741e-06,17243
0.432831,0.0016580302377167434,17244
0.3445294,0.05097192865670878,17245
0.77524817,0.16338594018247865,17246
0.37601298,0.3203155824339365,17247
0.5842573,0.06707927429261563,17248
0.38923687,0.7378096777516437,17249
0.3943289,0.16294505593199893,17250
0.81392574,0.25841622563792405,17251
0.22071439,0.003931535086102006,17252
0.7632897,0.06804267586618942,17253
0.593659,7.874610798112009e-06,17254
0.545859,0.08645979687086291,17255
0.54804003,0.01967390356031113,17256
0.4857863,0.10237563657838697,17257
0.2265209,0.24502834208562388,17258
0.8133104,0.44868728288584925,17259
0.42867526,0.1301508996350952,17260
0.73632866,0.07270037456196629,17261
0.69756866,0.0009829980975161186,17262
0.16090599,0.41198767242855544,17263
0.45482266,0.12250652458270483,17264
0.89314044,0.018704738099238803,17265
0.04919055,0.02191121092981798,17266
0.37430075,0.11436722862122733,17267
0.36869633,0.017613582085554014,17268
0.53613263,0.12171763474029323,17269
0.2370323,0.02888568318903243,17270
0.093396515,0.3621274678094772,17271
0.77616143,0.5031758617057634,17272
0.63402504,0.5037250475450713,17273
0.32266974,0.030499880665292904,17274
0.3978427,0.12381852469183245,17275
0.18370971,0.032381324629560386,17276
0.5436798,0.009449712910506232,17277
0.7137841,0.11404249702230476,17278
0.40787673,0.867365247956754,17279
0.66682446,0.0010164489440171866,17280
0.45569882,0.06304590985122169,17281
0.64040583,0.008813703352830727,17282
0.35254857,0.021980337338698495,17283
0.8372572,2.0890087174077265e-09,17284
0.721196,0.4089240515258932,17285
0.7709347,0.02486294041135847,17286
0.3897856,0.01632775299405193,17287
0.32672334,0.0695042362392663,17288
0.22966525,0.004434768876225937,17289
0.9508319,0.046086147175427764,17290
0.613938,0.08764033185761018,17291
0.049965262,0.009327684995858681,17292
0.9694178,0.6180219537928007,17293
0.9419683,0.002193980824764464,17294
0.61811453,0.11176108990609702,17295
0.40421373,0.2909304122933683,17296
0.1714074,0.146272183872066,17297
0.32675356,0.08349653277593473,17298
0.801156,0.2072215492661245,17299
0.44806734,0.010188274285255858,17300
0.8565207,0.028803347811079977,17301
0.62367594,0.2397843144282708,17302
0.3205989,0.1742172140959375,17303
0.7878593,0.02880037242231913,17304
0.69118655,0.2391967190559713,17305
0.7524781,0.06683583915135703,17306
0.42256844,0.11209562592751643,17307
0.900455,0.01355406116788399,17308
0.9832048,0.2993632212877386,17309
0.49354652,0.025807753601561404,17310
0.88763845,0.4818016110449437,17311
0.2284624,0.23064333226782738,17312
0.6145666,0.0023960384704446616,17313
0.17742798,8.694840456926998e-06,17314
0.28381705,4.816237745582925e-05,17315
0.25932142,0.35497991621200115,17316
0.45819148,0.06692394770120128,17317
0.7223946,0.4409726352455909,17318
0.17740351,0.026506784742735795,17319
0.3399679,0.09504715666926283,17320
0.33103508,0.1205865254757008,17321
0.63343513,0.12563200589140047,17322
0.57613057,0.20377569605175996,17323
0.18580621,0.06569937863125264,17324
0.473524,0.015568871875488229,17325
0.99775535,0.41650642849960134,17326
0.52400845,0.19725594928377319,17327
0.54287595,0.11051951678930189,17328
0.6285792,0.06700536079431921,17329
0.4517808,0.18129167079618325,17330
0.3235514,0.18495061001267943,17331
0.46015853,0.004084625316009014,17332
0.6114874,0.018267163674125352,17333
0.36921632,0.1533570995296981,17334
0.624871,0.2841134237585844,17335
0.5175694,0.01317198161613351,17336
0.099717826,0.03477735225670906,17337
0.5571676,0.04855842731125008,17338
0.9219613,0.5016844730944238,17339
0.6794598,0.34681060272403824,17340
0.32403022,0.5135463041322225,17341
0.17442492,0.24269485078519382,17342
0.09663981,0.057436852431486295,17343
0.47525987,0.1300790003250691,17344
0.9900272,0.21452293219196336,17345
0.9692174,0.055797295780510764,17346
0.44259277,0.09524876791756576,17347
0.747974,0.006406312728598452,17348
0.6004112,0.1946927737992548,17349
0.57928604,0.03134796977719503,17350
0.71813685,0.037147792190062506,17351
0.3070035,0.25892072899416135,17352
0.61459196,0.15824884670262795,17353
0.39336026,0.01974331165931803,17354
0.012259871,0.11485748374242218,17355
0.46326575,0.037315053231017165,17356
0.50067264,0.07617720214960477,17357
0.06620127,0.0050068425280548595,17358
0.6207266,0.006683199760895999,17359
0.4883477,0.0854817514064252,17360
0.10341722,0.07503537477872795,17361
0.3065585,0.03555336637863463,17362
0.99034524,0.19294165027913804,17363
0.45951653,0.06558157903554623,17364
0.38790065,0.6514293911437569,17365
0.22068512,0.014457488615946932,17366
0.44693106,0.008061651742753483,17367
0.41572914,0.042042747955850904,17368
0.114861935,0.0733737822904686,17369
0.16795588,0.683033778410406,17370
0.09580663,0.3217421928245634,17371
0.48199877,0.12535602463573753,17372
0.2467503,0.11739554925665603,17373
0.37339807,0.08591043083498241,17374
0.40872824,2.889417872784952e-06,17375
0.70600504,0.006434763004972404,17376
0.7467356,0.18932598789954708,17377
0.76251316,0.03582933315198455,17378
0.4368578,0.03619926641706516,17379
0.56664735,0.04543084032916414,17380
0.9231705,0.12251743562623217,17381
0.44279855,0.026750000392779347,17382
0.913266,0.054609998195515916,17383
0.45783174,0.06138640025662668,17384
0.27218726,0.18536711368488965,17385
0.6702843,4.9083550593409486e-06,17386
0.15088683,0.30859276503515765,17387
0.41975218,0.03959194029781847,17388
0.52081585,0.00036466566054431637,17389
0.82482135,0.17102103720806833,17390
0.070076585,0.4678935232564787,17391
0.913304,0.6640466028460544,17392
0.63552433,0.7795399099808287,17393
0.38285342,0.007485220958492501,17394
0.18490079,0.2224892810289521,17395
0.68182474,0.0001367401389018246,17396
0.2026324,0.06232902094598539,17397
0.85214704,0.0030456294779722336,17398
0.21420354,0.09629839792859689,17399
0.26320893,0.14047293091928617,17400
0.41114238,0.04681943709520846,17401
0.44534415,0.5317246257957131,17402
0.30963778,0.034798477614414555,17403
0.35716504,0.013919854977637118,17404
0.5804361,0.15015080171338313,17405
0.24770704,0.08926155351024269,17406
0.16474918,0.09738007632565869,17407
0.2981916,0.08077712018034333,17408
0.7085567,0.02970783431384816,17409
0.60646266,0.08687936540595621,17410
0.5714204,0.268016649317846,17411
0.37236908,0.4389167321242415,17412
0.58636737,0.1168618717146659,17413
0.25126642,0.011912285541667879,17414
0.5184577,0.2812471934280844,17415
0.14802372,0.025574201039715323,17416
0.3947362,0.003125106154311054,17417
0.30719694,0.15019273016627405,17418
0.7919554,0.14247461691696858,17419
0.45002985,0.4082431925888351,17420
0.8440427,0.003492317852947459,17421
0.18039286,0.00020440144708965116,17422
0.9581337,0.033027271947598705,17423
0.3807743,0.009325921166269775,17424
0.35059798,0.32055958895928566,17425
0.6699777,0.04938898608341854,17426
0.21514508,0.010845203390790184,17427
0.7457984,0.1459198319897465,17428
0.06351015,9.418820220158666e-06,17429
0.25853878,0.015254336840529816,17430
0.6014488,0.01116946956955318,17431
0.53019243,0.004095350642464583,17432
0.5956789,0.023923875452100767,17433
0.53522265,0.37867105819711394,17434
0.46723557,0.052154252390197,17435
0.27433586,0.6363776892183257,17436
0.15188947,0.18742854344243393,17437
0.1603202,0.029171141295551137,17438
0.7462326,0.0007747315633564634,17439
0.10282487,0.14846265827819435,17440
0.6197297,0.01717591538469221,17441
0.37080115,0.18919285786241058,17442
0.61357,0.043517940915043095,17443
0.5535749,0.18710710405498085,17444
0.2556301,0.03484800625020068,17445
0.60749894,0.015873068793870706,17446
0.732461,0.19442673757047668,17447
0.41384923,0.07257494518855145,17448
0.3475181,0.012362745082403266,17449
0.88960564,0.011688709394073992,17450
0.6110181,0.13200591074274629,17451
0.8077422,0.33237145626323594,17452
0.6204459,0.13348977497903466,17453
0.13950482,0.05726613037552303,17454
0.59311855,0.06013516845031634,17455
0.38571835,0.10063360919487518,17456
0.287242,0.051172409689599976,17457
0.07138091,0.9693290351526448,17458
0.044032693,0.32342799426746305,17459
0.69038916,0.04393225014977027,17460
0.8855617,0.039334885700389975,17461
0.54518086,0.027985455811265415,17462
0.27474773,0.15908516577370013,17463
0.3743416,0.15088809819665616,17464
0.49075368,0.31314825414895503,17465
0.7785126,0.011215642851312163,17466
0.6346421,0.003547730706562129,17467
0.49237138,0.004056667127523552,17468
0.843289,0.0019473021235257208,17469
0.5171992,0.09749579390018956,17470
0.40988427,0.0029857720486003696,17471
0.7434329,0.022987095223134923,17472
0.22696504,0.15749133534255746,17473
0.324803,4.8310448741716525e-05,17474
0.88690066,0.031557563413048745,17475
0.56830335,0.028331658744603885,17476
0.535647,0.1383943060829113,17477
0.1919868,0.00882246794505717,17478
0.17670971,0.07051672416499892,17479
0.8158339,0.03307298411614379,17480
0.77509177,0.11187067383682166,17481
0.96512395,0.44837366899305053,17482
0.21859172,0.007900935119903446,17483
0.38976234,0.2851615327215885,17484
0.43621388,0.018446800660928363,17485
0.85520744,0.6917610089573379,17486
0.6918723,0.17802010566802867,17487
0.7746185,0.7438675168590868,17488
0.46300188,0.005967101850258689,17489
0.66296357,0.00217149241736957,17490
0.8463858,0.11489399048198298,17491
0.045410573,0.006391171771201479,17492
0.5366153,0.02650045770577772,17493
0.6228945,0.08011368091448125,17494
0.11950028,0.006792185293252077,17495
0.31874344,0.01774434083377784,17496
0.34964833,0.15787106393738565,17497
0.34305996,0.008310480909863232,17498
0.27874804,0.3173731524700888,17499
0.44440117,0.3145777074328613,17500
0.5425863,0.11084604117906942,17501
0.06976783,0.14740253592122693,17502
0.5191107,0.09503687230713029,17503
0.2847678,0.32343464072147937,17504
0.06703201,0.0017771383772457237,17505
0.8197098,0.31573549403006357,17506
0.41475874,0.2098252017361756,17507
0.39964908,0.011096678080239335,17508
0.94685006,0.040080015397438384,17509
0.8958926,0.0006084816830773681,17510
0.16837308,0.0020691684785805278,17511
0.24305797,0.4068055664814491,17512
0.58005595,0.08295019424717567,17513
0.7597635,0.021072193313144395,17514
0.4396574,0.03382665558791644,17515
0.5262408,0.26025644880549925,17516
0.5554044,0.3685089500832088,17517
0.14789337,0.07315091939874505,17518
0.7775552,0.015191524419128098,17519
0.47574228,0.18405076103431112,17520
0.13815835,0.007124849161964798,17521
0.68684053,0.008601836649558724,17522
0.50190866,0.004518571578519124,17523
0.12377116,0.0007670138863577382,17524
0.6854713,0.3530459957675398,17525
0.066384375,0.05577326740949561,17526
0.47448343,0.17261124699713115,17527
0.18148917,0.3396866778201866,17528
0.2933241,0.004926449127928647,17529
0.41161442,0.07178162377370165,17530
0.35408723,0.14046778863041176,17531
0.5897112,0.05334937727424959,17532
0.46947,0.10185072848109561,17533
0.41283393,0.5463971611449709,17534
0.26941216,0.10029507842588464,17535
0.055392444,0.018334901706274498,17536
0.39446047,0.06704769730154353,17537
0.6853516,0.3536244435566904,17538
0.62054354,0.5864715894982078,17539
0.3999194,0.16007383483925594,17540
0.0011657476,0.046186649217222944,17541
0.37866163,0.003758203747141661,17542
0.72741807,0.0011784079968717091,17543
0.59852934,0.0037183150588289047,17544
0.77596384,0.14626964628417685,17545
0.6181557,0.22340571258051586,17546
0.26019818,0.3200892673978044,17547
0.66175246,0.06013220087108773,17548
0.6988108,0.1991041829371012,17549
0.31702906,0.13704810071345921,17550
0.8347907,0.040097285153020544,17551
0.74313074,0.061685711635670604,17552
0.45164973,0.005674629018393581,17553
0.5466756,0.30417552634009615,17554
0.48890507,0.007340871514484917,17555
0.32484394,0.17334390777069256,17556
0.8383329,0.0034899996259951044,17557
0.5009171,0.0011921868152811048,17558
0.55215156,0.33078335866355063,17559
0.92140734,0.12844324143791017,17560
0.32069907,0.42579772380897624,17561
0.5315684,0.021070380257693408,17562
0.37918422,0.05048406885104937,17563
0.6036126,0.17444562796989488,17564
0.26497954,0.17038571294115454,17565
0.6667419,0.07309962356027476,17566
0.3039197,0.11067740453978413,17567
0.58201724,0.17618894754166325,17568
0.92290366,0.02448674140771378,17569
0.4081301,0.10651095426062088,17570
0.38653016,0.013928069477755352,17571
0.6486857,0.1265684902098685,17572
0.20601231,0.07145663286593681,17573
0.71641064,0.013711161137499435,17574
0.3428796,0.12328341849924374,17575
0.7754667,0.001893176344806737,17576
0.3163453,0.050401530322254355,17577
0.65371037,0.5941973300431072,17578
0.20340705,0.02779526550846777,17579
0.6465582,0.016856350068382004,17580
0.36756068,1.7421489958769887e-05,17581
0.26941344,0.07058656898637168,17582
0.28133267,0.032534353144038144,17583
0.5700601,0.014918851619894017,17584
0.63809013,0.1327206498335077,17585
0.22032398,0.038791908922079,17586
0.86181176,0.08310958040692186,17587
0.7121017,0.02296388704795601,17588
0.18690735,0.005577752132534786,17589
0.4219772,5.041472882840669e-05,17590
0.73955667,0.0721412025853046,17591
0.26348376,0.0002351713799361067,17592
0.8556976,9.612372442027106e-06,17593
0.30120417,0.27919781878725225,17594
0.514617,0.020420413716742036,17595
0.606853,0.1958721516263737,17596
0.31972688,0.04327237446550883,17597
0.6780685,0.19535790283806576,17598
0.39713535,0.24585124008665274,17599
0.61139625,0.014219003760354438,17600
0.49626303,0.16285054414139236,17601
0.31631625,0.043806644767938066,17602
0.38540834,0.027351829680647533,17603
0.59840256,0.0024944161313312885,17604
0.8438041,0.020228575167122027,17605
0.06659159,0.08977292851940888,17606
0.6618026,0.2704376838780495,17607
0.4198779,0.025421985558598693,17608
0.810145,0.0445481366987721,17609
0.37264413,0.48883580603376525,17610
0.6552976,0.03516083535104597,17611
0.39419195,0.018797225182802114,17612
0.081752,0.12384012437854795,17613
0.37259752,0.13395652593931787,17614
0.5053072,0.038554256621192294,17615
0.58934975,0.7487136797024071,17616
0.46298462,0.09995367275298989,17617
0.5574667,0.024906603966095633,17618
0.29923302,0.7803098216076935,17619
0.8619954,0.10904154347540312,17620
0.46120256,0.3257640124208149,17621
0.6567207,0.032280217241075077,17622
0.7329186,0.04636355746368141,17623
0.8047678,5.339733646024193e-06,17624
0.20932996,0.0027942925604535667,17625
0.29080027,0.3135745394198132,17626
0.44648805,0.015179323430705847,17627
0.5634563,0.566140633373671,17628
0.33868104,0.04196292538970308,17629
0.74957454,0.5319901193561909,17630
0.77008784,0.17919392419247512,17631
0.7157645,0.0402254283205656,17632
0.4314307,0.15029451075243358,17633
0.5081781,1.0962958891720656e-06,17634
0.77390844,0.31235725092569067,17635
0.12747678,0.3589761701962448,17636
0.3652857,0.033438807165268536,17637
0.5126943,0.16707473483677046,17638
0.67592514,6.889412497124786e-13,17639
0.19367889,0.008237115113929078,17640
0.08954263,0.03946689759685888,17641
0.8136601,0.0038549853411256997,17642
0.36252502,0.01713092754090638,17643
0.33217365,0.4998853517896249,17644
0.6385118,0.022242175921903758,17645
0.42347193,0.2438288921778841,17646
0.56057185,0.30031518133787033,17647
0.3639471,0.0019937609636273266,17648
0.50610685,0.07893464852382602,17649
0.68741155,0.0022544402305671603,17650
0.42960128,0.11942185289557608,17651
0.5286657,0.014093514378715396,17652
0.5890915,0.1813972811876846,17653
0.55501723,0.0005950566250262688,17654
0.6581001,0.09563068730185229,17655
0.05720809,0.03440386099942809,17656
0.38522512,0.09241182278230535,17657
0.58331597,0.029706060055110443,17658
0.2072033,0.07301596535864463,17659
0.45277888,0.033440923256294865,17660
0.44264406,0.23407707644922712,17661
0.5110715,0.399895705950852,17662
0.36809435,0.6850444154231761,17663
0.43088633,0.009278274645899916,17664
0.62279814,0.11012733681435627,17665
0.012113392,0.09148535527118772,17666
0.7363368,0.1562667022474433,17667
0.97756755,0.00905760921639312,17668
0.70111907,0.2053978238476541,17669
0.64664996,0.1156296892803202,17670
0.20547485,0.16993849386203028,17671
0.4348033,0.10899327913125527,17672
0.8216748,0.0020906252507214306,17673
0.39797994,0.12627227973498942,17674
0.47828087,0.06827169215212521,17675
0.6560852,0.03688552265978893,17676
0.5821997,0.4161105207342367,17677
0.4111519,0.02373465047076196,17678
0.6351009,0.0027237380108326406,17679
0.8776015,1.402263148980902e-05,17680
0.63507545,0.020839567577561495,17681
0.72064584,0.13761247096044857,17682
0.6274451,0.034091571823060385,17683
0.09477377,0.12522201889436488,17684
0.46252576,0.40810025699942865,17685
0.40534392,0.006120318256629266,17686
0.37185043,0.08981884308876506,17687
0.7024759,0.37530354189864945,17688
0.5619698,0.3666735217321839,17689
0.16362265,0.090417769083733,17690
0.8610964,0.01787615846486705,17691
0.78218424,0.005425612213355902,17692
0.84468865,0.2903493461688032,17693
0.510534,0.1724649557128361,17694
0.5270272,0.008046460288811907,17695
0.54488117,0.08052868744517369,17696
0.67743224,0.03663965689600155,17697
0.26713714,0.03849047703875737,17698
0.9546028,0.12981227281965504,17699
0.2950248,0.04656688757804113,17700
0.6947036,0.12289681226579245,17701
0.61818403,0.12972051739153123,17702
0.3104511,0.1843226438095998,17703
0.5478108,0.002847187974671932,17704
0.78590465,0.013039856049103371,17705
0.5292922,0.17258104924890846,17706
0.5351437,0.008216020824286921,17707
0.88579166,0.2530718750564579,17708
0.59423876,0.005242929921105082,17709
0.74862087,0.0803257854935409,17710
0.45273903,0.013588169679021942,17711
0.53545684,0.1980875024512569,17712
0.25730994,0.004968318291440545,17713
0.3091384,0.029320015945910372,17714
0.6471747,0.040677936654279837,17715
0.76416886,0.005743396239388485,17716
0.17513514,0.138275599843308,17717
0.32637882,0.0404988194123829,17718
0.24936569,0.05973258485430006,17719
0.4091522,0.1832198239053728,17720
0.5053045,0.03658077104661631,17721
0.43850952,0.02538578747243283,17722
0.53629553,0.511515747233582,17723
0.6523893,0.2456834664352939,17724
0.21672535,0.0029735653802593193,17725
0.44783798,0.12538526009812787,17726
0.48557234,0.0011391247539966442,17727
0.40185383,0.10661834506058471,17728
0.21855062,0.9571057686132437,17729
0.5540118,0.001972185941688155,17730
0.7190744,0.10527836714289569,17731
0.3445231,0.13584319573736542,17732
0.43147722,0.157214831226214,17733
0.040430903,0.04740769517823814,17734
0.48466945,0.22133068760114122,17735
0.62466,0.05649040202884939,17736
0.6780517,0.12663331137242298,17737
0.6406096,0.28211178864376396,17738
0.319596,0.00013225074161880507,17739
0.5627399,0.04836752505913795,17740
0.47992918,3.300097684273274e-10,17741
0.3329211,0.04938351606542514,17742
0.30726445,0.282152306264095,17743
0.56580985,0.01234795444813745,17744
0.77481884,0.047181761000536906,17745
0.38574043,0.16670389278523623,17746
0.6544778,0.004814749110897606,17747
0.69242895,0.0920221817891517,17748
0.4780216,0.04867008465636068,17749
0.40377676,0.02551591492495917,17750
0.7386177,0.1852903418357953,17751
0.27529392,0.005231507001671803,17752
0.6982332,0.2505063821294063,17753
0.7937781,0.0030209429338826275,17754
0.48021153,0.7160806079119505,17755
0.3538454,0.1301207830072772,17756
0.62803984,0.17759928521254237,17757
0.8053472,0.019918750933127345,17758
0.269032,0.2229421542549005,17759
0.25929284,0.10667721096093495,17760
0.13474703,0.06837195877403345,17761
0.2479988,0.0003755265493132951,17762
0.6425299,0.05676058601488008,17763
0.5125095,0.03674304323936444,17764
0.26981306,0.18841314195082898,17765
0.48659942,0.27908016427230886,17766
0.17035738,0.03239200909711518,17767
0.36350244,0.0620540442054631,17768
0.7079923,0.0013964288840837761,17769
0.563889,0.007195209021551731,17770
0.45673272,0.00025343057508628726,17771
0.87518156,0.28978308722860596,17772
0.57201564,0.07107286700611287,17773
0.6681741,0.2687171569429644,17774
0.24295723,0.002218439059639493,17775
0.66343904,0.0426395323810745,17776
0.31651264,0.03782178060536245,17777
0.753616,0.021127636916964197,17778
0.573201,0.006136462548452039,17779
0.23321915,0.02947859253637476,17780
0.4446097,0.451022326900771,17781
0.1270917,0.01604462785045772,17782
0.72386813,0.4498537995631404,17783
0.4396339,2.2574432309217773e-06,17784
0.3362005,0.014187947663884811,17785
0.8548553,0.037011553965540164,17786
0.7371825,0.3747165037922242,17787
0.5450937,0.004482145622972079,17788
0.0062419474,0.23537273050378482,17789
0.507044,0.09584115180793937,17790
0.48829043,0.015462496665191445,17791
0.5454051,0.06311126945732971,17792
0.3719038,0.014534512174436225,17793
0.28833306,0.04362718501059056,17794
0.23688656,0.042210838118208575,17795
0.8388115,0.020986724860566852,17796
0.12491915,0.30180329075774454,17797
0.4926975,0.09182905691834867,17798
0.055508584,0.19313905294128006,17799
0.3049174,0.008673532676899503,17800
0.35822618,3.345883852092727e-05,17801
0.09817004,0.13499853892051328,17802
0.55009735,0.0207850575335859,17803
0.34782365,0.002544602839843235,17804
0.59716624,0.0598220088428277,17805
0.92030036,0.02856700505186359,17806
0.31272584,0.11571287046057945,17807
0.59432876,0.029678032199107952,17808
0.6415967,0.03077958603825466,17809
0.7083952,0.044746199783720415,17810
0.1312603,0.024254185429698025,17811
0.5287996,0.09346442482269593,17812
0.6976462,0.006299971802550034,17813
0.5429391,0.3640662587697056,17814
0.107090384,0.003826335322905994,17815
0.6189879,0.1688222256278884,17816
0.6835972,0.07236897369877578,17817
0.57863486,0.18235058424665426,17818
0.47055516,0.2052398731613781,17819
0.6274134,0.03808425408977241,17820
0.6309036,0.06291150934342594,17821
0.15776059,0.006031534710260659,17822
0.5947341,0.08343755449188432,17823
0.87810683,0.015784536661570116,17824
0.49272138,0.012394194940287246,17825
0.30624378,0.012040505202223556,17826
0.909137,0.7204024221765042,17827
0.59547764,0.003298418129758549,17828
0.33078796,0.018902285043668393,17829
0.3856303,0.19155039660042594,17830
0.38554892,0.4047935619522503,17831
0.3814548,0.14831946734568796,17832
0.6071285,0.006141984455321135,17833
0.5368498,0.8393822717439777,17834
0.4114815,0.10901019470608961,17835
0.5217139,0.11080679445731577,17836
0.67391455,0.008743490855306513,17837
0.6561171,0.06926198450157642,17838
0.5312163,0.0028846322207786977,17839
0.4556145,0.000394135909330457,17840
0.29750994,0.014591297844899511,17841
0.39016,0.001698180986923426,17842
0.23036194,0.027352294710303593,17843
0.3266093,0.004547344086998334,17844
0.387987,2.846641419661977e-07,17845
0.38686395,5.016473100803583e-07,17846
0.5748256,0.30977824907740226,17847
0.46297905,0.027634395249840196,17848
0.36345792,0.038781469178037375,17849
0.77613187,0.5079680184529128,17850
0.5498116,0.01900057253997827,17851
0.6396713,0.0008007315760245593,17852
0.3205191,0.027475342519293962,17853
0.6928444,0.061554847682655546,17854
0.096989155,0.007561888524757398,17855
0.4427146,0.5404745119328617,17856
0.4491055,0.24271958358988288,17857
0.18744245,0.13830722934679762,17858
0.7951986,0.5852727135664314,17859
0.81020963,0.007029261373450952,17860
0.32835597,0.09451050881557092,17861
0.5515159,0.007153175425863114,17862
0.2864154,0.1836823636142561,17863
0.8077269,0.0478850682115485,17864
0.7719543,0.6261308503027927,17865
0.5617123,0.24146998096082606,17866
0.5400806,0.170256004477124,17867
0.8637661,0.050518306676314496,17868
0.6240004,0.07632430340005615,17869
0.5190834,0.0039605982797777314,17870
0.5284545,0.03723553548181877,17871
0.53207433,0.1789719490631377,17872
0.5740209,0.11221955418454005,17873
0.908998,0.13116919699502314,17874
0.71827465,0.12339466878029075,17875
0.38432565,0.05691446477561874,17876
0.84626234,0.0251441089113313,17877
0.6797557,0.0019718936623282094,17878
0.23962733,0.006648256965221769,17879
0.38292634,0.00680229093111386,17880
0.5554461,0.9243029376930714,17881
0.3213859,0.002861634009883991,17882
0.60115296,0.03279095119138379,17883
0.35916847,0.050731948708842206,17884
0.35161585,0.14645791210137496,17885
0.5414307,0.009848916877394443,17886
0.7046248,0.46098039954786163,17887
0.91842055,0.1921237310208135,17888
0.40291,0.40176850478655135,17889
0.00879249,0.029181559766076552,17890
0.3158206,0.03183404524067547,17891
0.42762476,0.030766842127173254,17892
0.94779253,0.013943121100918675,17893
0.38293028,0.05810713658702192,17894
0.9155538,0.036590833078739476,17895
0.5997421,0.2603944325880242,17896
0.8031055,0.08832583466699272,17897
0.35041064,0.008123174646812713,17898
0.59095275,9.793740414346296e-07,17899
0.43864274,0.06790181965087114,17900
0.50944227,0.017350557822854495,17901
0.4235474,0.02233292279329938,17902
0.67348665,0.08451501702479146,17903
0.243637,0.1710756359185628,17904
0.6073323,0.001212558214989812,17905
0.16420308,0.32708666419949767,17906
0.6618057,0.38948686409584754,17907
0.4978892,0.04899811724326669,17908
0.53377557,0.0027132285651900673,17909
0.57127136,0.09601523452921121,17910
0.85765,0.056251676550078,17911
0.5421026,0.03715493426532271,17912
0.8598751,0.022325355130512276,17913
0.41422275,3.2760731140679194e-05,17914
0.8783337,0.26156532548323785,17915
0.61269116,0.0027329254871952713,17916
0.48296878,0.00013426952504227947,17917
0.49326915,0.2297320044506985,17918
0.7342294,0.09267600760755178,17919
0.80313945,0.5687091086105079,17920
0.29629683,0.06418462201207539,17921
0.24970126,0.06016658809770478,17922
0.48660228,0.21274189579003872,17923
0.1622451,0.42698720775639065,17924
0.4436893,6.981431184200539e-05,17925
0.636793,8.993654200638105e-05,17926
0.8494091,0.0017756860297183895,17927
0.33006793,0.010992982052411818,17928
0.05053124,0.06396954988299988,17929
0.56701237,0.045714316186386356,17930
0.17639053,0.8648460771444976,17931
0.2807572,0.019660649799838267,17932
0.47540176,0.09939682854434344,17933
0.6550211,0.1601411206780181,17934
0.1079514,0.224605184107303,17935
0.6605044,0.0304197170274971,17936
0.5272382,0.0005682938918289591,17937
0.50474435,0.8083055079918734,17938
0.101243615,0.04464353135325993,17939
0.61891943,0.0008885288281678986,17940
0.7004681,0.0005076254411791176,17941
0.79041636,0.021812224790076447,17942
0.7282484,0.003199325051601134,17943
0.55590576,0.12620779917096808,17944
0.66102546,0.19706865586788,17945
0.62320286,0.5558716678393844,17946
0.41533077,0.04555309160603572,17947
0.7797418,0.29763783582105685,17948
0.25195876,0.05068314793714913,17949
0.7266086,0.11114340876268096,17950
0.33805573,0.05221937190291017,17951
0.70973676,0.0009354189165767647,17952
0.77535605,0.017944583337482348,17953
0.8539686,0.1581431116645089,17954
0.26959467,0.019356488060665943,17955
0.6205153,0.11285224972755874,17956
0.5694642,0.13939222848797783,17957
0.65829915,0.020866277008446874,17958
0.6401056,0.14949111294582604,17959
0.8815249,0.10426309887490479,17960
0.71951914,0.002466809089508913,17961
0.37932765,0.085579678663675,17962
0.8400041,0.25868550782076943,17963
0.7647182,0.09867896544664126,17964
0.5210169,0.004118622213588759,17965
0.21293053,0.13608358133994783,17966
0.85803986,0.006222091336136357,17967
0.6099435,0.2543061852908149,17968
0.8056035,0.011311114288552767,17969
0.41526258,0.41842098995125865,17970
0.65590084,0.30771297956381866,17971
0.5242889,0.2511418370441006,17972
0.54477674,0.15790134047355672,17973
0.28925878,0.10432702643282872,17974
0.6641141,0.46830734007171715,17975
0.7932006,0.044148782474195306,17976
0.23128337,0.000999106334176925,17977
0.80533963,0.8698617860068434,17978
0.36794975,0.027166460355240285,17979
0.045345843,1.7266009529461242e-05,17980
0.22449458,0.11428641427908565,17981
0.23851863,0.025699442624330687,17982
0.64078635,0.01946391306779392,17983
0.29898202,0.060423764033619085,17984
0.37606794,0.25933732244433494,17985
0.7383156,0.3473725265987671,17986
0.37519506,0.12089540666058862,17987
0.35445535,0.05917132384241479,17988
0.87560785,0.09761860956638924,17989
0.5346333,0.01770654260890473,17990
0.9230604,0.22723447922899337,17991
0.541608,5.129347693802614e-05,17992
0.602343,0.0004572247999102813,17993
0.029418916,0.887273847884709,17994
0.7212782,0.02132842898241385,17995
0.39609742,0.06388319387776911,17996
0.026685506,0.11188086642312266,17997
0.1672051,0.05786980022315276,17998
0.063688874,0.1760137580160196,17999
0.6022903,0.0013269599295597301,18000
0.31333882,0.004160931888445013,18001
0.10451627,0.10598947670151018,18002
0.75915885,0.0970483403270564,18003
0.67152524,0.22780029441040262,18004
0.6652818,0.4891030595846484,18005
0.50580496,0.09807885443074514,18006
0.46113715,0.03600750363503579,18007
0.82440805,0.002719432621390465,18008
0.30420893,0.029226471886376917,18009
0.6661811,0.23741227172307489,18010
0.5541108,0.0007955130843407347,18011
0.24619052,0.8781054369851043,18012
0.6410194,0.035084728944624104,18013
0.39169514,0.00862775536622946,18014
0.651556,0.07421685318752858,18015
0.5615822,0.0010129863256219652,18016
0.6113024,0.00907587911373744,18017
0.44824415,0.26795058085378703,18018
0.8339998,0.09122308784451595,18019
0.33164406,0.00012058608134354801,18020
0.50858754,0.1516648973587286,18021
0.3867202,0.45377839415078214,18022
0.27040428,0.26987554915448486,18023
0.4243938,0.1519986946536352,18024
0.7540544,0.0005065180863676785,18025
0.18666258,0.0012244572676978586,18026
0.2125422,0.35157260929711515,18027
0.1374206,0.09538467660336614,18028
0.6507026,0.012674492705003402,18029
0.42818317,0.06404400320648512,18030
0.6068219,0.12744514451261169,18031
0.5820502,0.027613022450108438,18032
0.3905146,0.008469935635937157,18033
0.3708269,0.12575319925665435,18034
0.382685,0.31942471729956934,18035
0.272677,0.17288109565969748,18036
0.3490678,0.35123962903536116,18037
0.11752331,0.05195521162790886,18038
0.26477987,0.13248787584420071,18039
0.37420177,0.0004916818373903279,18040
0.7889924,0.23952005248633648,18041
0.69168526,0.010202464409107678,18042
0.6115681,0.0797287159705767,18043
0.41132322,0.2659439141825475,18044
0.6018558,0.11379476624100786,18045
0.53926384,0.12419303681213392,18046
0.5926317,0.09087067152815094,18047
0.40562212,0.0002757632221408738,18048
0.81033385,0.016104353021653847,18049
0.26070455,0.02379949272326608,18050
0.67228454,0.1634701420556893,18051
0.8313178,0.015522849287356264,18052
0.643036,0.05481090306737959,18053
0.28903818,0.07671435971521195,18054
0.40999645,0.6189501233060218,18055
0.58087903,0.3780139784058611,18056
0.31978646,0.011381459364552446,18057
0.44478315,0.05823594165975534,18058
0.5487155,0.13966846275456588,18059
0.41860428,0.0005571071100368233,18060
0.5195063,0.005331539085890983,18061
0.3506176,0.4592360905049419,18062
0.016450346,0.0792190373158942,18063
0.68661964,0.7426413028211263,18064
0.019126713,0.09865818860919325,18065
0.25638312,0.5362763546462228,18066
0.30920237,0.010919843457229865,18067
0.61688507,0.08800673436555131,18068
0.49830598,0.4368924968083421,18069
0.8974265,0.026560422076150125,18070
0.7011193,0.04958440576591505,18071
0.4524686,0.03727608243560155,18072
0.42847311,0.0703811971182917,18073
0.3532136,0.0048667644093824455,18074
0.7849412,0.004763839235613746,18075
0.19447342,0.12701753642200778,18076
0.73987603,0.09704307559751338,18077
0.68935496,0.03456171547347826,18078
0.37772328,0.0028191017225547353,18079
0.13405138,0.004282168439472382,18080
0.6016004,0.021840107497747393,18081
0.5809668,0.08315132717005164,18082
0.72832394,0.059923588059313054,18083
0.90184814,0.0013948906611075337,18084
0.22457305,0.03571315029261434,18085
0.13938764,0.3500322252973761,18086
0.04003811,0.024529524403155072,18087
0.6969844,0.11341225471470827,18088
0.7145767,0.6742382299940628,18089
0.24881047,0.8151971441169186,18090
0.77274156,0.00022078420124897714,18091
0.43516317,0.0033946155056613025,18092
0.54503083,0.05267904102908123,18093
0.33228236,0.08029715450510844,18094
0.6006851,0.16382863943338463,18095
0.37486643,0.0026280128038689583,18096
0.25436032,0.0380842232585806,18097
0.3872879,0.5915363523068422,18098
0.5039653,0.5129654053962385,18099
0.833091,0.16134582128964242,18100
0.41731367,0.22319110709338522,18101
0.9796642,0.18125663212099014,18102
0.7544058,0.07013639559102548,18103
0.45897526,0.061289735648123136,18104
0.47960114,0.0019572755849803693,18105
0.3724928,0.7347436778147636,18106
0.23620501,0.1633542656601206,18107
0.4961617,0.0289617836923819,18108
0.6127944,0.3345783161343369,18109
0.17254457,0.1210064066094449,18110
0.7519881,0.10302048755225544,18111
0.25005648,0.15982605597849847,18112
0.23792294,0.03546897451130283,18113
0.25982738,0.009494293508780715,18114
0.58913654,0.3194596678000203,18115
0.29472706,0.009920294444272797,18116
0.45222354,0.24407096245213308,18117
0.9422996,0.11247897104234283,18118
0.32346112,0.00044944366329461075,18119
0.47338027,0.0510644372307132,18120
0.57804143,0.12683902135927186,18121
0.6251613,0.004611291246562786,18122
0.53077745,0.306725986866312,18123
0.7218238,0.1657778470745325,18124
0.51654583,0.21403778168947113,18125
0.7625725,0.028006677170663644,18126
0.7472825,0.1241352876288579,18127
0.3416764,0.1627943211952684,18128
0.5311038,0.00847376380948336,18129
0.35469586,0.0687699036624507,18130
0.76196027,0.002605234618207859,18131
0.39961988,0.09493953871035807,18132
0.58339316,0.033158547890582875,18133
0.7078349,0.029852036019900437,18134
0.590394,0.0029288734085532145,18135
0.7382885,0.006683698546162932,18136
0.5899363,0.005794358215029432,18137
0.6387081,0.11892390549744183,18138
0.20767298,0.043173484253703126,18139
0.4167583,0.0308853860099934,18140
0.3186652,0.024646246909991676,18141
0.38769746,0.12798245998105254,18142
0.2841395,0.38095174599767617,18143
0.5078101,0.002093339886581723,18144
0.60321766,0.053303420811922055,18145
0.6786498,0.2005302747276077,18146
0.91466826,0.005043861877902358,18147
0.8633828,0.2808061228334924,18148
0.6719995,0.48521509736493146,18149
0.6674914,0.0008168527502045357,18150
0.19633257,0.00015272537764097132,18151
0.6188147,0.02805324975142306,18152
0.31266055,0.07757287346957469,18153
0.16448572,0.17156437139530895,18154
0.43642092,0.000818755766561471,18155
0.31723225,0.03187220926051087,18156
0.16751221,0.12151602837557278,18157
0.6395533,0.12885418753604122,18158
0.39822254,0.005030396688348666,18159
0.6113639,0.006929875882701781,18160
0.525133,0.008065161009071292,18161
0.45235997,0.04666257319304082,18162
0.7577741,0.08729306911348167,18163
0.6113991,0.03824908762384548,18164
0.26207924,0.1681626729027105,18165
0.8437195,0.004317586646876578,18166
0.5918143,5.482797403383005e-06,18167
0.97890776,0.114695707506975,18168
0.92818034,0.00018483381471856472,18169
0.99883044,0.00864179249520248,18170
0.33532518,0.08466026143415421,18171
0.4950885,0.020443696358423753,18172
0.8047068,0.09848362502085387,18173
0.65059984,0.00117978017338022,18174
0.831596,3.403775974248459e-09,18175
0.24304521,1.1996438027142766e-07,18176
0.16893259,2.982839789387814e-05,18177
0.83912396,0.06291636128149025,18178
0.52500916,0.15632993909983012,18179
0.53119516,0.005486137751222329,18180
0.40941617,0.28510329567113524,18181
0.3373037,0.04371213898673791,18182
0.8542383,0.05529686963948465,18183
0.15466073,0.004717942026732232,18184
0.6040589,0.026780694214171657,18185
0.7141218,0.30137277400723705,18186
0.2949082,0.060544119409192645,18187
0.32234186,0.16081345107569608,18188
0.08964977,0.010911526228514417,18189
0.73459613,0.10223602930431586,18190
0.2565034,0.420701959547317,18191
0.5997549,0.07886256234677451,18192
0.26418126,0.01743313446920305,18193
0.19396946,0.004605246318969188,18194
0.21956778,0.029026790972037284,18195
0.48525533,0.011731471711369089,18196
0.6450176,0.4005447311612466,18197
0.6045137,0.08114020760991238,18198
0.7864425,0.22604722891389223,18199
0.87585694,0.021132552319795793,18200
0.28208864,0.7552496177405601,18201
0.46544692,0.008930407983269962,18202
0.20958284,0.0888504128028714,18203
0.7239228,7.861625647158387e-09,18204
0.44129455,0.008844492256617667,18205
0.61222154,0.03364035022891022,18206
0.5772318,0.47284483540600825,18207
0.71374804,3.831080179819027e-06,18208
0.3392853,0.00214481368996178,18209
0.2592684,1.2343299361313601e-05,18210
0.8529651,0.0008378260924721795,18211
0.534838,0.09910731983425655,18212
0.6880665,0.10374336495405743,18213
0.3480996,0.003344849671963116,18214
0.2330001,0.18806020433257625,18215
0.65513885,0.002367476869312372,18216
0.47042716,0.021190981697368775,18217
0.59300894,0.18446500618988246,18218
0.708223,0.0006527568941708101,18219
0.82613057,0.03230957792842435,18220
0.3853236,0.0020016031747748663,18221
0.039179742,0.17076597266258,18222
0.32679445,0.03818427637188753,18223
0.6344508,0.00016393589737200056,18224
0.1793299,0.0016183331039562568,18225
0.66465294,0.0015004347635409385,18226
0.15329415,0.06982834515529053,18227
0.40551585,0.14746862318057216,18228
0.40480706,0.23389515843796155,18229
0.40985197,0.0032228281631461533,18230
0.76633537,0.1620433725535648,18231
0.42045283,0.16519178746155375,18232
0.45526642,0.006190718086317613,18233
0.73853165,0.004576853687996022,18234
0.37408444,0.08917518844760687,18235
0.33983433,0.002951891844959803,18236
0.906374,0.10512871388052404,18237
0.5911123,0.009736069020338904,18238
0.2944191,0.06795162433931998,18239
0.42574197,0.35962499496498573,18240
0.4413123,0.004878095287859003,18241
0.97145265,0.06396202928110617,18242
0.599127,0.09439510439519126,18243
0.7810855,0.00017603275360477942,18244
0.27970612,0.03218162928093089,18245
0.27428156,0.09371838324877177,18246
0.3205355,0.05395248210627726,18247
0.8324601,0.011363056188095312,18248
0.0020129979,0.04429046231366943,18249
0.8166696,0.08165529722447135,18250
0.98108506,0.33136495021707485,18251
0.8564495,0.1935318082217261,18252
0.20812842,0.6098244031873308,18253
0.032007456,0.0032895490505213537,18254
0.22830367,0.6177335063335797,18255
0.30877775,0.325400437925782,18256
0.5299361,0.12248090377572367,18257
0.81184375,0.006883311792225084,18258
0.43574974,0.030317004305598434,18259
0.6511604,0.03321996786144635,18260
0.6166911,0.0018529465787467567,18261
0.9363883,0.2986157273611952,18262
0.59256446,0.44656081449662993,18263
0.5137311,2.3499371669852906e-07,18264
0.645848,0.011144481848667247,18265
0.7619796,0.3083458563551088,18266
0.40015897,0.029291502095395567,18267
0.34357226,0.004100413110889146,18268
0.31339377,0.05399991252978106,18269
0.32967278,0.0905611876126487,18270
0.54029465,0.05882278690234968,18271
0.46780294,0.002818655461688443,18272
0.43835557,0.037310235871316266,18273
0.5082273,0.1814406915535492,18274
0.64624494,0.09943587442207917,18275
0.45237985,0.007840636193224185,18276
0.25270164,0.2819688581447278,18277
0.35515863,0.3817559817792156,18278
0.8561847,0.006719911147996006,18279
0.6798799,0.06960366020377427,18280
0.71668357,0.025766658987445477,18281
0.70785606,0.5056708971392527,18282
0.37414938,0.05960748784135225,18283
0.58127105,0.35784923781853173,18284
0.6875979,0.30550205322798235,18285
0.6730348,0.011502787347418606,18286
0.5207644,0.13524774587612037,18287
0.35709384,0.20621965988150992,18288
0.64597934,0.03725043221129067,18289
0.52929884,0.021162089207535827,18290
0.4817637,0.023610130813016814,18291
0.78358376,0.004718897057856065,18292
0.7445917,0.5351636638009125,18293
0.27318555,0.17045672998702885,18294
0.15450704,0.0007414945099092639,18295
0.3206116,0.01592624252811218,18296
0.9453083,0.05975825605968894,18297
0.8471966,0.030068022305585144,18298
0.36713338,0.27013095618882976,18299
0.13202897,0.2540670340124413,18300
0.65765876,0.03039428342458554,18301
0.33511373,0.2007381190619465,18302
0.5468291,0.13328922610626226,18303
0.3969417,0.026311203865655892,18304
0.5316978,0.18181673223219336,18305
0.8039743,0.0035937061728584974,18306
0.35028458,0.4658426671624329,18307
0.759858,0.1184546172950938,18308
0.7179607,0.36831063565944827,18309
0.56503034,0.07458921221994566,18310
0.1340709,0.016903126424646704,18311
0.4483656,0.4336867942711695,18312
0.2690935,0.3260561817825265,18313
0.14332473,0.269086719729862,18314
0.51642406,0.16840177913357166,18315
0.70906544,0.30419115103855904,18316
0.1965071,0.27560714363468514,18317
0.30957478,0.1173620333990744,18318
0.592141,0.9871234337366723,18319
0.11768186,0.3508949283877418,18320
0.46771255,0.03024380613149382,18321
0.38248724,0.08595258491396979,18322
0.6313493,0.28119416020588806,18323
0.5636612,0.22799445704721436,18324
0.7323839,0.07032114138353862,18325
0.48775434,0.0001140850206385088,18326
0.587715,0.08714372275130841,18327
0.92849857,0.1016321987284672,18328
0.7411719,0.01323986664829994,18329
0.9210845,0.08869841337610504,18330
0.21775076,0.20490050054784445,18331
0.36048523,0.13412939571576898,18332
0.45816264,0.13192468485143644,18333
0.4209258,0.33336037931752477,18334
0.27089772,0.4648766811411211,18335
0.27836347,0.0002655830689875671,18336
0.55015343,0.09150443326991362,18337
0.36751008,0.2621140813159356,18338
0.7096641,0.04469148307447088,18339
0.51821417,0.010471602174088494,18340
0.3828643,0.07286882511203625,18341
0.70452523,0.48429262111205634,18342
0.93834966,0.1657640963864062,18343
0.5225431,1.0971233843249465e-09,18344
0.7348175,1.7646791288141517e-05,18345
0.5203405,0.03275235037295154,18346
0.7315227,0.005547846764894992,18347
0.65090805,0.3638790114313581,18348
0.36517015,0.06360541286696628,18349
0.66512775,0.05533900834163486,18350
0.5730244,0.6661088807960267,18351
0.75642544,0.003998997257074186,18352
0.78811765,0.0044901922280618616,18353
0.27739757,0.014919915198375204,18354
0.22630903,0.06985720599168474,18355
0.7281394,0.04721839850042772,18356
0.3724423,0.3540707286682445,18357
0.62220263,0.28144116000380504,18358
0.09000319,0.5991272093634202,18359
0.9846079,0.0061901498163936105,18360
0.32364297,0.06906166290625142,18361
0.62082297,0.02486454522067982,18362
0.2347995,0.0049343054397335715,18363
0.31362373,0.1775325683752973,18364
0.4280005,0.02436370464928181,18365
0.5847268,2.1761152203199315e-06,18366
0.22504777,0.019523330587441615,18367
0.51822984,0.1516091634993664,18368
0.42933917,0.018779209573556496,18369
0.27041978,0.02321981244199732,18370
0.5549434,0.7049169843252091,18371
0.79300666,0.44597891798970923,18372
0.43000084,0.009543842841876815,18373
0.56389165,0.19347699511129632,18374
0.60555345,0.05588774537394118,18375
0.3002221,0.023450184330075723,18376
0.42940253,0.03149489882447654,18377
0.67620754,0.002204840872541884,18378
0.41964617,0.11164385014134579,18379
0.7289388,0.011546319371695042,18380
0.39873806,0.08531463620868315,18381
0.07078624,0.021042994287331144,18382
0.13516375,0.0003795900335334403,18383
0.07343763,0.022952925736604516,18384
0.7128889,0.01559149282330982,18385
0.14907727,0.11811838245759933,18386
0.5378501,0.14136203576551717,18387
0.2467443,0.034779560366490936,18388
0.73187006,0.0068829414589198085,18389
0.360802,0.07278563239674628,18390
0.4519485,0.20516543814613902,18391
0.080222994,0.8274813336946372,18392
0.8975444,0.588267189947986,18393
0.23389119,0.00010146372644099872,18394
0.46158683,0.18178586549076556,18395
0.23908886,0.2541186566031899,18396
0.66239506,0.4150795717101526,18397
0.15373862,0.01598603362663484,18398
0.6887456,0.004532261838398133,18399
0.15161338,0.0547848991175012,18400
0.35455748,0.09355396735549229,18401
0.09160131,0.13457324086692146,18402
0.2969669,0.10439798935312138,18403
0.9761323,0.004329405178943749,18404
0.48856962,0.016980131286963334,18405
0.7288296,0.18458797914215883,18406
0.7429864,0.053922955676413746,18407
0.6600672,0.1940383362354863,18408
0.559382,0.08448564685550225,18409
0.52620685,0.06871699382564207,18410
0.9550586,0.09485707178504597,18411
0.49421355,0.011800087534470077,18412
0.61737853,0.05994773212136008,18413
0.3136419,0.403885658580941,18414
0.31984693,0.11141442894888466,18415
0.25308144,0.002778751727301107,18416
0.54941773,0.16800764384492703,18417
0.7589071,0.005870451334482718,18418
0.608438,0.007120184522414826,18419
0.47961718,0.003339737579939004,18420
0.18690097,0.3994404203214332,18421
0.9459506,0.05196169830493835,18422
0.8189859,0.000308123693271204,18423
0.2686438,0.22465450488823477,18424
0.06668204,0.006602093451341919,18425
0.7015857,0.12924376188234196,18426
0.7254064,0.0026724052513757215,18427
0.8411542,0.019643555648444458,18428
0.67271984,4.1156117752989316e-05,18429
0.32700175,0.04861331247475251,18430
0.68492913,0.4317929416394393,18431
0.19602346,0.10083401564979287,18432
0.30918008,0.07572646966705691,18433
0.33615416,0.24527454552311234,18434
0.74583507,0.03644535040691761,18435
0.58382714,0.010300761401778288,18436
0.84692276,0.03517722566792591,18437
0.5807633,0.19472603877773353,18438
0.12673971,0.04455928092779851,18439
0.86677575,0.017520976598441228,18440
0.3089847,0.00010370447578637764,18441
0.42906407,0.02124439735241843,18442
0.2199682,0.17312867077461652,18443
0.85980034,0.12544168593290977,18444
0.3813057,0.00382870722536557,18445
0.6321895,0.02496078139919746,18446
0.6372286,0.001423187830056002,18447
0.47751012,0.006985344632264745,18448
0.57475024,0.0002531172879385121,18449
0.99697137,0.006540449564218891,18450
0.09347314,0.15174620827735805,18451
0.46416092,0.03750156737029596,18452
0.36455998,0.25030307211453334,18453
0.575277,0.06006085282256961,18454
0.91756475,0.166653764198069,18455
0.7230922,0.35336747436876315,18456
0.48018247,0.013977239016813274,18457
0.56393087,0.06165310884968319,18458
0.09200764,0.03239277367484537,18459
0.641003,0.020900324036434367,18460
0.10015103,0.27295457527495093,18461
0.19296226,0.16944234408990777,18462
0.35136765,0.01104498248056406,18463
0.7691647,0.0961574791062395,18464
0.23471156,0.1257470569534177,18465
0.73505235,0.0004507174672515123,18466
0.4409153,0.06960973436360297,18467
0.84996676,0.028124834408857918,18468
0.5545826,0.2736432678747981,18469
0.8170267,0.017504150387237197,18470
0.37720716,0.09316156251715159,18471
0.39745912,0.4970215701168198,18472
0.68192697,0.1395584642132889,18473
0.57241845,0.07921505007852282,18474
0.43555537,0.0033320812584473228,18475
0.75616455,0.139660128906604,18476
0.55481493,0.11347088201510687,18477
0.9388272,0.056201146498652835,18478
0.86463463,0.17206370739236704,18479
0.7615854,0.03731294810889158,18480
0.5810837,4.501803754499461e-05,18481
0.6201296,0.051608568376963024,18482
0.65507674,0.0031373210940628766,18483
0.22052929,0.27782326788329503,18484
0.39810055,0.43867751939168553,18485
0.34837055,0.0035743933809269817,18486
0.3046088,0.0010181064589885255,18487
0.7051739,0.03549253916393316,18488
0.6340166,0.28342709606211863,18489
0.34089822,0.6388532954597101,18490
0.31839633,0.4097360276793937,18491
0.30342382,0.00043778910697366274,18492
0.54847556,0.008208827183842582,18493
0.978691,0.083760298963802,18494
0.4057329,0.016463303711143178,18495
0.5444119,0.1688099812955015,18496
0.40989876,3.7251983557468087e-07,18497
0.8847821,0.004075372594827027,18498
0.2308768,8.832492626968297e-09,18499
0.7967811,7.505374419185285e-05,18500
0.26146987,0.1347525399216693,18501
0.48245162,0.10189844980369434,18502
0.54071176,7.215440664934172e-05,18503
0.5298785,0.0001880634992504671,18504
0.46880752,0.046763776531061486,18505
0.5714972,0.4137250089334722,18506
0.063002884,0.1011692046123699,18507
0.84524363,0.12091109849135892,18508
0.7295099,0.1713301583345975,18509
0.6584363,0.1360109462705645,18510
0.5536681,0.001160150758054137,18511
0.7336637,0.013814914679498351,18512
0.60162866,0.24609248192983574,18513
0.41724896,0.2363238115247273,18514
0.7127811,0.47142955624177707,18515
0.42037544,0.10427469204075274,18516
0.20850772,0.4981354618080636,18517
0.80227447,0.004875600534838941,18518
0.7733287,0.14583057764241023,18519
0.48110434,0.21962171085585772,18520
0.49195373,0.04662719265637973,18521
0.5901536,0.10288654457513768,18522
0.59647787,0.14664133122115036,18523
0.49403426,0.07193496314949016,18524
0.4419508,0.0466484520670112,18525
0.6266775,0.057600470917167204,18526
0.74364203,0.008183011997786255,18527
0.47402495,0.18562602398030517,18528
0.1900999,0.7704059201400366,18529
0.028810292,0.006079776339645612,18530
0.7352095,0.0030587331910014942,18531
0.5885903,0.0033093853485599983,18532
0.4163568,0.19154915402192366,18533
0.3751685,0.14069703102851241,18534
0.18934688,0.03448067915038231,18535
0.7977115,0.0007217662136295848,18536
0.39068195,0.09916646015324682,18537
0.53455937,0.3604275025056898,18538
0.5373941,0.12386222467818399,18539
0.33424056,0.5944578032320827,18540
0.9330456,0.0012269038135995398,18541
0.43992972,0.12070361081013947,18542
0.346018,0.39469065838283995,18543
0.5379894,0.014646904601887804,18544
0.27374035,0.08634410042900822,18545
0.7572885,0.018042963753464536,18546
0.26486203,7.901952025600808e-05,18547
0.29465228,0.042982862752666856,18548
0.33782303,0.0355849031753868,18549
0.6668349,0.6811655658119204,18550
0.824653,0.00034379857812097164,18551
0.035375744,0.08151466501319483,18552
0.3484968,0.015296898866386095,18553
0.41897953,0.292705409232138,18554
0.02787301,0.0053204178184181545,18555
0.37794462,0.04945039884317555,18556
0.91586477,0.001211541462679929,18557
0.38867337,0.0700473081436091,18558
0.35621774,0.0019509989615985983,18559
0.45526814,0.009338767422422968,18560
0.05923614,0.01563463698171128,18561
0.21559834,0.0291658489735269,18562
0.6535563,0.010563442698742596,18563
0.2282275,0.07712314447817169,18564
0.3112492,0.013444470790706053,18565
0.31761312,0.001304751082384468,18566
0.5319524,0.5541510863576345,18567
0.48179215,0.039243004653635644,18568
0.9734057,2.3362304108581986e-05,18569
0.5978203,0.03517406914262954,18570
0.42732686,0.6922222796935561,18571
0.5764865,0.04737588636242163,18572
0.6466018,0.1383350245339354,18573
0.4675354,0.6114167955372138,18574
0.43274033,5.349603630244269e-05,18575
0.82084185,0.0844983879352402,18576
0.40710896,0.03321910520429875,18577
0.46794137,0.06356188028582017,18578
0.3709375,0.00025466668566546393,18579
0.2875113,0.032515764340697945,18580
0.51176065,0.06618977254067056,18581
0.22301012,0.2866308211294757,18582
0.17445138,0.23558332270148266,18583
0.3406874,0.05849410903255483,18584
0.27334154,0.007748721570842702,18585
0.68957543,0.09748493709921713,18586
0.6684818,0.05670123570845376,18587
0.85556066,0.015129610699547574,18588
0.28372082,0.054362039964126675,18589
0.5176048,0.5120679925404199,18590
0.5016411,0.0010022082902148147,18591
0.45983484,0.20618850752414056,18592
0.51984113,0.19520766983446786,18593
0.23492613,0.02081374605995191,18594
0.76589084,0.12059301442806945,18595
0.5417334,0.45365423483998585,18596
0.56011206,0.0041083463951420715,18597
0.81247133,0.0007112576162447965,18598
0.3161255,0.05076179936993157,18599
0.6253598,0.06703591769869408,18600
0.15627879,0.060041648468043114,18601
0.20758933,0.009464054037246239,18602
0.24013856,0.04189079928423462,18603
0.4860944,0.195221463842912,18604
0.5695867,0.3492202836598009,18605
0.7946578,0.23584238430679139,18606
0.63342744,0.00010441856361666717,18607
0.1784685,0.571007495373866,18608
0.6520176,0.01829212537803947,18609
0.21131033,0.02357098024908665,18610
0.1420185,0.33577644997230627,18611
0.6517464,0.3138403763710535,18612
0.5390673,0.0006740786428930215,18613
0.18413916,0.006101272398307507,18614
0.615254,0.09191766074647717,18615
0.37024614,0.35252082955259356,18616
0.8446039,0.010894877885468925,18617
0.43507546,0.07783959153842337,18618
0.50680643,0.010198997744964562,18619
0.6803758,0.04025794595816618,18620
0.617183,0.08495093663838899,18621
0.40760177,0.025628012891429148,18622
0.78282523,0.07046525498050252,18623
0.17513537,0.034076706413335586,18624
0.26035148,8.33716002124986e-05,18625
0.96281743,0.03351903711365146,18626
0.8116962,0.145621558749456,18627
0.23589486,0.7899394628659346,18628
0.73426634,0.0039579922865531905,18629
0.79521036,0.6073882537337505,18630
0.35234404,0.02163007411059648,18631
0.6870409,0.23900774976300582,18632
0.33594933,0.031388931742669386,18633
0.22247508,0.007565380121595666,18634
0.6195509,7.732652485382609e-05,18635
0.85887104,0.03134463949427798,18636
0.5749348,0.09420628241676124,18637
0.31418097,0.15335102315010954,18638
0.9472028,0.8668622164029646,18639
0.93047017,0.38946641140740496,18640
0.4142384,0.00435700938911369,18641
0.32206327,0.09967745437971444,18642
0.4452634,0.2984769678079607,18643
0.44516551,0.03901941677983453,18644
0.55049497,0.49469334506910023,18645
0.61501795,0.3663605193395346,18646
0.84589946,0.0011184791725541152,18647
0.6005391,0.22313645427313686,18648
0.43491215,0.15288508292795053,18649
0.3534876,0.00895565638057415,18650
0.3378662,0.02549394263319105,18651
0.6284907,0.030144859584516192,18652
0.49405342,0.0996520375874721,18653
0.47158527,0.08743010975160943,18654
0.69517624,0.002974833102515202,18655
0.76982623,0.32580215503034793,18656
0.85952693,0.027101498865261753,18657
0.35041744,0.2235716324458306,18658
0.48985103,0.013932927406614918,18659
0.5227767,0.051398891964008084,18660
0.48961142,0.0012239883680347887,18661
0.6056105,0.018476952117258916,18662
0.43836248,0.007621047449474714,18663
0.39416465,0.3846569338448633,18664
0.36695737,0.008434435527695027,18665
0.6572698,0.3657550750074491,18666
0.2576456,0.08191242729948457,18667
0.6094134,0.06114413932066458,18668
0.5903968,0.006762953575909285,18669
0.833918,0.21181426789937477,18670
0.7863873,0.010694510573919779,18671
0.6806482,0.20457213711626818,18672
0.43340164,0.008807697122126512,18673
0.94395113,0.09540661229304123,18674
0.5154198,0.01321538617363344,18675
0.60172975,0.039408314728759566,18676
0.52510345,0.29408184555029393,18677
0.45153794,0.2162377003420813,18678
0.36772168,0.0024889759057881273,18679
0.75888336,0.29893242655498165,18680
0.48155427,0.46055185462341997,18681
0.27718705,0.01205725249991688,18682
0.51993865,0.3703014602016224,18683
0.28968486,0.00811859855138822,18684
0.61147976,0.6388969110780356,18685
0.32056412,0.2694148464334741,18686
0.63300574,0.0006682250611865562,18687
0.3956099,0.002543707513582654,18688
0.67415655,0.5080274116570715,18689
0.7921752,0.07047418993980366,18690
0.6318354,0.25751645915443605,18691
0.7281238,0.2230581309095524,18692
0.2167128,0.07746471199705549,18693
0.64645207,0.02099147102331903,18694
0.5548989,0.09928410330578925,18695
0.8232281,0.48529161395066694,18696
0.5243528,0.00011879296913417014,18697
0.16456482,1.0822938973113246e-05,18698
0.4185781,0.08543954457513778,18699
0.8467557,0.0428622078242887,18700
0.43571374,0.0011938297666005853,18701
0.03037092,0.1649260568725706,18702
0.4452371,0.12509328592742644,18703
0.27204046,0.21673870207725954,18704
0.24087566,0.23246493996149212,18705
0.6746698,0.1965505741225161,18706
0.36789513,0.3191564537776814,18707
0.51840824,0.004515960607058389,18708
0.28582332,0.010943605510791167,18709
0.56295556,0.00010297358312028523,18710
0.28840244,0.25951299458816307,18711
0.2429725,0.7382239105833115,18712
0.42032105,0.011813627172303318,18713
0.88009566,0.01946531702187305,18714
0.30357105,0.00032065443751156633,18715
0.4172828,0.002616556851258436,18716
0.55947834,0.021851453701556816,18717
0.50877947,0.0653272289579981,18718
0.594427,0.5598033337132063,18719
0.9281249,0.053168540955054924,18720
0.6062182,0.025022891283300177,18721
0.6613958,0.003715404388202143,18722
0.79575574,0.027247460600523774,18723
0.51241046,2.228978803722285e-07,18724
0.98028207,0.41349690749217355,18725
0.59279984,0.5727660684326025,18726
0.31341696,0.041423488078466755,18727
0.45946413,0.2178008525108319,18728
0.585716,0.24673396274569406,18729
0.36923638,0.533761575896254,18730
0.41239136,0.697493993474776,18731
0.32976615,0.0001531688669470396,18732
0.2897047,0.32637006347332037,18733
0.19811311,0.16487244340712437,18734
0.71955556,0.1279247201014358,18735
0.538634,0.00518998389707886,18736
0.54422647,0.17364860378939947,18737
0.92541134,0.03551139543781298,18738
0.6624166,0.0012619425173316184,18739
0.44215885,0.058266274840660305,18740
0.6215666,0.14050707054415745,18741
0.5467057,0.0028664157683402735,18742
0.36641377,0.16240964631979246,18743
0.80261064,0.19819951881150258,18744
0.5665549,0.9383971446166922,18745
0.63116753,0.07877329511982013,18746
0.66869324,0.4772706382497348,18747
0.18992528,0.9271405283317051,18748
0.31284016,0.00092785233823586,18749
0.589982,0.0012066316689796606,18750
0.30394495,5.384968990681198e-09,18751
0.1684466,0.0013624992240398434,18752
0.40476865,0.0373316443050378,18753
0.65465146,0.03302639457532604,18754
0.8675418,0.22109605367583554,18755
0.3125732,0.012882788051114808,18756
0.8633132,0.056434811022060945,18757
0.51346546,0.4504400075553413,18758
0.65185827,0.1751013022029881,18759
0.78003156,0.9858771149751351,18760
0.9051191,0.02395632108854476,18761
0.5089292,3.4442220334789625e-05,18762
0.23364234,0.0025474159438994464,18763
0.5070345,0.00011134592990159548,18764
0.96783936,0.0020336145363884606,18765
0.56070447,0.04159874403697673,18766
0.2266458,0.04544083569283825,18767
0.7507086,0.06557691360360433,18768
0.16865832,0.5254721457540061,18769
0.445839,0.2509776185364936,18770
0.6646339,0.048816998978873635,18771
0.20843649,0.008357428691853392,18772
0.23443776,0.4051104182739428,18773
0.6531117,0.13173325297734662,18774
0.40786886,0.017749325650561035,18775
0.47651216,0.08932791697671406,18776
0.78706026,0.3037335968710456,18777
0.34787828,0.23904198092935272,18778
0.7676803,0.10427368580314068,18779
0.5298129,0.030683862798509466,18780
0.46234336,0.22020827636043452,18781
0.6198491,0.28576983308535986,18782
0.49761096,0.026915273535356957,18783
0.9008779,0.020784887867304473,18784
0.34411812,0.5818165471136059,18785
0.1810101,0.7479500146449125,18786
0.7452206,0.016388501294329824,18787
0.4134066,0.4604964083043526,18788
0.9347723,0.07098633149270861,18789
0.7549634,0.021312578874332726,18790
0.8148612,0.03243974832755528,18791
0.102258116,0.439230003120926,18792
0.6939902,0.5049187296575984,18793
0.7017545,0.014203655722781781,18794
0.68242633,0.2254710313161825,18795
0.46555936,0.010495594550777957,18796
0.42445025,0.49324022429346126,18797
0.646607,0.5254565483112157,18798
0.6503197,0.022034706174445026,18799
0.7361759,0.0426495893596542,18800
0.76651084,0.0006677634189472538,18801
0.52845603,0.04471446493159254,18802
0.5407436,0.12331933587557585,18803
0.48386192,0.20563885230732806,18804
0.2834127,0.011769805411298103,18805
0.438709,0.004354743584935188,18806
0.35334235,0.08957269838284974,18807
0.6723876,0.048027707388268816,18808
0.30142137,0.17781841556846548,18809
0.56604296,0.09476891652568224,18810
0.64040565,0.08999472483557054,18811
0.85663104,0.0006979889478127621,18812
0.29578042,0.02694836910397954,18813
0.32084173,0.028492560446298613,18814
0.20064768,0.016672145043941905,18815
0.19235703,0.09911157334718795,18816
0.16172397,0.03714601691873048,18817
0.17267022,0.1074875138125973,18818
0.9073221,0.005947544212038731,18819
0.46138978,0.03573812988127466,18820
0.59529376,0.010640830450450849,18821
0.4587432,0.1292100005085249,18822
0.6580972,0.6431026381213449,18823
0.3225941,0.013235232977875981,18824
0.50403243,0.033470167286245564,18825
0.5728237,0.28297134559889103,18826
0.6676522,0.0051770944274419604,18827
0.6553021,0.003738898083489141,18828
0.51684445,0.5667539799232751,18829
0.32420275,0.10226741447140232,18830
0.44061616,0.3035896444820449,18831
0.52501607,0.023037102765495355,18832
0.6562519,1.1122792311573844e-05,18833
0.61689234,0.04064488432276117,18834
0.20580941,0.255214137410615,18835
0.29286587,0.005459294777670708,18836
0.7352094,0.022152438295899093,18837
0.10586128,0.0011690728868777264,18838
0.3794838,0.10799986254265805,18839
0.39625007,0.022981029431931987,18840
0.28412223,0.07243732686092053,18841
0.38870978,0.00365624605002632,18842
0.2724579,0.35457900092515543,18843
0.43506896,0.11052385838453155,18844
0.84679204,0.00010709683887199291,18845
0.38189235,0.0007596207062268052,18846
0.6886287,0.2900841595129425,18847
0.43957612,0.03350702937109205,18848
0.75439847,0.12928416089348535,18849
0.27539968,0.07752602930033545,18850
0.420288,0.12283679491648551,18851
0.56564116,0.11300073369652545,18852
0.5763447,0.018529078671262692,18853
0.03236553,0.023043137350595457,18854
0.33369923,0.008343815197181127,18855
0.6767118,0.002281099504656599,18856
0.48220748,0.036040959168551434,18857
0.7648872,0.04275090706787332,18858
0.77501893,0.46271001008447665,18859
0.8945258,0.0892749089106194,18860
0.28968316,0.06520186988120281,18861
0.83757174,0.00037894272136359755,18862
0.0061252415,4.928097089343696e-05,18863
0.19865486,0.00034572588102651716,18864
0.5324409,0.0013929496856665668,18865
0.17759714,0.08090298047263941,18866
0.7415045,0.49768888957224666,18867
0.6534666,0.007266916483920151,18868
0.15942386,0.08636863584288298,18869
0.9092176,0.24992277880553834,18870
0.86593264,0.08343133638168132,18871
0.3438505,0.08024484000587435,18872
0.5191612,0.9594717787582997,18873
0.5323282,0.14020621070233702,18874
0.4370048,0.035862693937994045,18875
0.5082618,0.21743880304224397,18876
0.36352354,0.00012108700908186012,18877
0.28206027,0.8488561605916299,18878
0.88895667,0.11257337374289243,18879
0.35261542,0.0021536274817898255,18880
0.5353887,0.021946005214558063,18881
0.053428233,0.0600223475280109,18882
0.63904464,0.20202493095310764,18883
0.6087436,0.8344921850705334,18884
0.5334845,0.40822517138349496,18885
0.6781143,0.13341386502580185,18886
0.52392405,0.033688084537043944,18887
0.77327996,0.15389323144302963,18888
0.19331726,0.17483601338449833,18889
0.86311346,0.05894398027887318,18890
0.3007362,0.03694421343433833,18891
0.35886163,0.001958092157634763,18892
0.8048756,0.00953650305972816,18893
0.625842,5.143531217620743e-05,18894
0.55403054,0.190126244189422,18895
0.522227,0.014256070789033135,18896
0.57180333,0.5542057559102049,18897
0.6611477,0.00047251525254595725,18898
0.36107212,0.6385647390124979,18899
0.33636642,0.03263540682452858,18900
0.6492357,0.5661964988953845,18901
0.6239531,0.02837987234763649,18902
0.21443585,0.037609266031179325,18903
0.44361803,0.10467921945373926,18904
0.0566549,0.023165663765286892,18905
0.49748617,0.0007794337444180099,18906
0.5086729,0.1668543464013226,18907
0.71017027,0.21696697954043706,18908
0.047597736,0.0017826805240757986,18909
0.31641227,0.008090098822061707,18910
0.5555867,0.6017060684372542,18911
0.40899986,0.3836234212513853,18912
0.74787295,0.2436457006838018,18913
0.60135746,0.0728094231153124,18914
0.3192624,0.029723405136420217,18915
0.60274994,0.07318868769519854,18916
0.43835503,0.148473835177841,18917
0.37397212,0.1078430092166841,18918
0.34788084,0.14568749603947356,18919
0.837114,0.1550444533298406,18920
0.7322981,0.00033923483393977785,18921
0.58780205,0.3048385420501982,18922
0.53684473,0.04853109460962164,18923
0.770221,0.040026948782367386,18924
0.6417748,0.10523285530691212,18925
0.43378493,0.10146506042598452,18926
0.25847253,0.06182424778232475,18927
0.69963443,0.0020714558864890903,18928
0.7480259,0.10194223058598834,18929
0.6677017,0.013032883737306884,18930
0.19171733,0.00010128391629397413,18931
0.48038748,0.06802990790292752,18932
0.78281945,0.014380444866786548,18933
0.36493903,0.06253565120108799,18934
0.62498,0.09809314572197075,18935
0.43033937,0.019440516736970167,18936
0.55298454,0.000492758868311221,18937
0.4194927,0.01487214597147699,18938
0.6099858,0.1463202351002782,18939
0.5977631,0.022946416898985376,18940
0.5511304,0.0007080378586616889,18941
0.584645,0.014127766175923434,18942
0.45841825,0.1140806345203379,18943
0.62805575,0.4011276062750852,18944
0.42235288,0.04023181033385995,18945
0.49387318,0.0374369071146849,18946
0.37129304,0.0003516249939311362,18947
0.01702115,0.027875089264487347,18948
0.74824476,0.18517495957082974,18949
0.6034942,0.13966514006459338,18950
0.24916238,0.020288856298228207,18951
0.40168503,0.03111569316043941,18952
0.28298932,0.04577801489920029,18953
0.44018224,0.0018295475201851228,18954
0.5767647,0.21702110158078738,18955
0.887588,0.07571631709551062,18956
0.5208716,0.40522302086032314,18957
0.33235592,0.09751264245562359,18958
0.49886993,0.43003202036980953,18959
0.81964916,0.06844862703568244,18960
0.46125165,4.5011748300208927e-05,18961
0.4722891,0.0022042732665640235,18962
0.16114461,4.2137552107945116e-05,18963
0.42253393,0.6442632558846403,18964
0.36620426,0.12458544584671397,18965
0.6479871,0.004909473308550477,18966
0.4696936,0.24806861872279334,18967
0.44369334,0.00206969359327273,18968
0.16994464,0.7810571271603015,18969
0.51989025,0.00015682764427100426,18970
0.3008138,0.17072069291978462,18971
0.77634776,0.22033177215766206,18972
0.6588057,0.06718395078039162,18973
0.57285345,0.2308443115728195,18974
0.19789365,0.07169123755640208,18975
0.3460736,0.23409232131013338,18976
0.56993407,0.3728181058688528,18977
0.80113065,0.33265928598529587,18978
0.6169995,0.22686597970031766,18979
0.48624724,0.03161180354127684,18980
0.9218657,0.008975447264780171,18981
0.22674617,0.20439146999895003,18982
0.36665493,0.18511123297593582,18983
0.49768162,0.5425794937482589,18984
0.7811688,0.019296921124260354,18985
0.60686135,0.06444666860439689,18986
0.3388208,0.05022022596583369,18987
0.6296646,0.07429037861452874,18988
0.40331686,0.09987202620961011,18989
0.74350035,0.047081663019486,18990
0.42017323,0.10927929915669284,18991
0.08706871,0.0024576355014613925,18992
0.27578998,0.004823156507942008,18993
0.6974379,0.0028259495658771506,18994
0.49902973,0.3350226203662075,18995
0.087527156,0.006133493972283633,18996
0.21500951,0.008282802721010452,18997
0.4989892,0.004275909904479353,18998
0.5085431,0.15084775549659823,18999
0.698373,0.09863913556621833,19000
0.6017355,0.1117645002231442,19001
0.66280645,0.36916602229400636,19002
0.5037042,0.1446321072984526,19003
0.255193,0.002344319750690537,19004
0.52133,0.02922638762240543,19005
0.6878855,0.06582480358890042,19006
0.038407564,0.0006376817705232049,19007
0.70026135,0.00033218484851443565,19008
0.5797832,0.2976017136140038,19009
0.43698308,0.034867894062380306,19010
0.7771801,0.2253261210442345,19011
0.3642814,0.005717839661963055,19012
0.37601882,0.4075417804518478,19013
0.3907538,0.0925896172736569,19014
0.53274804,0.008868076901183793,19015
0.69112647,1.420851816370984e-07,19016
0.49176025,0.2391030356347609,19017
0.7760365,0.025266091262909386,19018
0.6889979,0.03912436843500609,19019
0.30755547,0.41893300014478363,19020
0.5326017,0.056241942290300946,19021
0.2627914,0.14206144571725507,19022
0.38611293,0.003486023321618197,19023
0.8086427,0.003091503194919436,19024
0.6440282,0.032475427771326865,19025
0.3685031,0.317219339370581,19026
0.16788808,0.059850132189788754,19027
0.7159792,0.6744305506170963,19028
0.4389074,0.04849300589539639,19029
0.8021325,0.014544649745909122,19030
0.6284109,0.027267620944380382,19031
0.41498202,0.02091204940631389,19032
0.42069146,0.0016596852323213732,19033
0.28601122,0.0008013451624867313,19034
0.7128353,0.16285842874022072,19035
0.323722,0.006533244681708838,19036
0.4421625,0.01903087490018688,19037
0.88231844,0.06338267254594497,19038
0.023670763,0.16127742803735723,19039
0.5742143,0.2490100780378064,19040
0.32716018,0.024423887076905466,19041
0.059434414,0.8905788545856167,19042
0.37104076,0.08375558470615718,19043
0.8946846,0.0014491781261030449,19044
0.4318044,0.014151923356888136,19045
0.8205788,0.0002766060200264253,19046
0.5444582,0.01267116076677966,19047
0.7278219,0.4163625641798676,19048
0.53533214,0.12491344697569182,19049
0.6794006,0.009836675888671598,19050
0.688181,0.30006301108690625,19051
0.6271719,0.17324452299678902,19052
0.3821817,0.2857700194581398,19053
0.43263724,0.10967539243523114,19054
0.46746242,0.01998438256928937,19055
0.67223215,0.032639617538256366,19056
0.24064171,0.24905680936783825,19057
0.54018545,0.003458238346973373,19058
0.8079634,0.2749108539526085,19059
0.20106986,0.005295601334825455,19060
0.42602435,0.4022538370637124,19061
0.5449609,0.067327344319122,19062
0.9485145,0.1313855065565402,19063
0.016284049,0.007749032913899706,19064
0.7859404,0.06722980295331643,19065
0.69082355,0.22347072108074192,19066
0.50962114,0.013090996496867277,19067
0.6952134,0.006953068354859883,19068
0.39939153,0.282875804052373,19069
0.42883468,0.12547229348050898,19070
0.45479685,0.0021619149811992503,19071
0.5653181,0.029339625480475265,19072
0.957859,0.1178234700286065,19073
0.41147187,0.0017262701890448722,19074
0.7363358,0.010747804603686644,19075
0.415694,0.0010629182844178588,19076
0.5261791,0.043701894666075505,19077
0.25065455,0.13825143531517267,19078
0.55954397,0.014021544516612956,19079
0.13912475,0.2943610109673452,19080
0.6815121,0.010696528611720544,19081
0.59260803,0.0038109000113970086,19082
0.01855445,0.008141811788839414,19083
0.4851279,0.02243004733488113,19084
0.8037071,4.356736495849499e-08,19085
0.21780914,0.6568455329846274,19086
0.44625008,0.02001003112668788,19087
0.5796767,0.0017329815580852685,19088
0.24147764,0.2638261718278576,19089
0.8089863,0.2562492636838302,19090
0.57648814,0.11816315954646066,19091
0.9480126,0.06455853906326933,19092
0.6955558,0.7135450697456034,19093
0.524714,0.0023917680762420264,19094
0.18019864,7.444339001779634e-05,19095
0.6221158,0.01735579005456686,19096
0.11022535,0.00530018018234899,19097
0.5818682,0.13016903412246975,19098
0.2675367,0.4461210200473303,19099
0.56763226,0.08069189920879637,19100
0.3376247,0.024098338129994304,19101
0.86447585,0.03892594745152887,19102
0.5149687,0.8352343309546918,19103
0.75340074,0.0012308252839148832,19104
0.2783298,0.1254789283672795,19105
0.6870205,0.20315640853806743,19106
0.17237824,0.056023097392731196,19107
0.81397307,0.07920600815150179,19108
0.34143513,0.4942434678881361,19109
0.50676227,0.17138032211144844,19110
0.54624116,0.1903795408224274,19111
0.19086841,0.01887472228346476,19112
0.4056008,0.017456767119001123,19113
0.5905693,0.05960804869797599,19114
0.4590037,0.07845815176888904,19115
0.69376904,0.12570920116692444,19116
0.39813355,0.01009985841760755,19117
0.11288077,0.2757838496331366,19118
0.33784455,0.03745224987839256,19119
0.92619836,0.24334859609169415,19120
0.48571396,0.06614237000633048,19121
0.6027279,0.0312701195391243,19122
0.27231345,0.08877512542491986,19123
0.15219167,0.17041789868284626,19124
0.8749018,0.09600861373862812,19125
0.6006086,0.05509053577928719,19126
0.65195185,0.03173473359409005,19127
0.2984118,0.08863588665196574,19128
0.35010904,0.10837432459019374,19129
0.28133968,0.6862985516698764,19130
0.34894657,0.009079574276171159,19131
0.7714084,0.012366312194900793,19132
0.35526383,0.3210914429728134,19133
0.3357626,0.5558121173578855,19134
0.6334544,0.0001694908851347907,19135
0.71226466,0.025600566105768628,19136
0.15822199,0.10556163838872665,19137
0.32682115,0.08120753847333723,19138
0.2436113,0.06465410718634289,19139
0.81933403,0.22750421724247905,19140
0.29077977,0.09709063175121924,19141
0.4140243,0.32444824587035154,19142
0.28055194,0.04348334265271854,19143
0.547057,0.00011554900689915909,19144
0.08579236,0.1503879942029681,19145
0.49306872,0.6981986591057062,19146
0.3971945,0.032053302451969676,19147
0.4355784,0.01697994063425853,19148
0.5243934,0.006883494115649452,19149
0.36075348,0.10180246531944,19150
0.48264027,0.04611213213736148,19151
0.9809864,0.00036462287953239873,19152
0.50577605,0.2608329034731454,19153
0.8778451,0.3753029702925571,19154
0.17200714,0.029556337070367172,19155
0.5761238,0.4166966980893384,19156
0.39826074,0.008619655596435913,19157
0.83848643,0.002592839492849855,19158
0.2759784,8.17516317288663e-06,19159
0.45054397,0.26970106572456254,19160
0.42391592,0.009228279972631329,19161
0.4726021,0.020920441742342945,19162
0.7827875,0.03584041809501522,19163
0.2755971,0.7715254203979088,19164
0.4045456,0.2593884462266028,19165
0.59677947,0.00030538460425691416,19166
0.65164447,0.0014305568613097678,19167
0.7175802,0.011964834169396033,19168
0.38675487,0.04999886236631313,19169
0.27221912,0.06065733980229514,19170
0.4919754,0.010805883507979246,19171
0.59463996,0.07472105918485443,19172
0.43052799,0.15651745099892286,19173
0.12517574,0.005796386393281129,19174
0.35263878,0.4939958852964085,19175
0.42703152,0.13304094556597315,19176
0.85812247,0.050587864543097424,19177
0.6286837,0.16354088696646857,19178
0.53571135,0.10230221389077053,19179
0.65235865,0.07573070307474519,19180
0.41658485,0.04751200029536442,19181
0.31942308,0.0550906306683522,19182
0.5616456,0.002221657799016337,19183
0.61049384,0.3903218796399212,19184
0.72626495,0.3015718197984083,19185
0.87101126,0.033963163792815304,19186
0.21320623,0.72455276878044,19187
0.3741285,0.0024794756048158563,19188
0.71954584,0.07654622200771853,19189
0.3972471,0.2151943074661152,19190
0.02276662,0.428713004992605,19191
0.44722563,0.48297629106893,19192
0.37734568,2.4865879519497403e-05,19193
0.63091004,0.3538291572559082,19194
0.03310719,0.1301507963101122,19195
0.15073961,0.0533291866380466,19196
0.39928076,0.1282235256976617,19197
0.5575154,0.016358495864358415,19198
0.592501,0.1286337398276277,19199
0.54078746,0.45238589793099937,19200
0.66530204,0.08590706371849254,19201
0.4012673,0.004683234771519169,19202
0.851342,0.012203140284954476,19203
0.651181,0.16699879793889927,19204
0.36023402,0.015978488936304432,19205
0.89154685,0.007100714853943818,19206
0.12255213,0.16821038609469996,19207
0.7323687,0.008560086980290387,19208
0.07112184,0.2501320972754326,19209
0.045877784,0.04998516253855782,19210
0.5340543,0.0005867193379638899,19211
0.42369178,0.39550394100639935,19212
0.5206156,0.011607518856828203,19213
0.8033512,3.173969450724541e-09,19214
0.0017536283,0.156257695372525,19215
0.053108633,0.00944689143384511,19216
0.15792355,0.0004981411737663163,19217
0.5889433,0.0015488346530635186,19218
0.56748754,0.13825565171611343,19219
0.62332696,0.000686348349955684,19220
0.086872935,0.20594626708826144,19221
0.50068134,0.18375080629297957,19222
0.59446895,0.21223404905017493,19223
0.711257,0.0004063165122578932,19224
0.35971233,0.4089796495133109,19225
0.27833652,0.7224252898981666,19226
0.36704427,0.4149949991367742,19227
0.8411943,0.21402832865419535,19228
0.19786432,0.038686836761035584,19229
0.40621632,0.43563570455828765,19230
0.12360364,0.007407518350262006,19231
0.49011597,0.0035987935397036315,19232
0.44118413,0.0003053548634088793,19233
0.19573247,0.3008749126086714,19234
0.484614,0.07629616057324141,19235
0.2799139,0.11928005204025681,19236
0.03679174,0.30161577447619636,19237
0.5122948,0.012569086607243535,19238
0.86400926,0.03969723866451363,19239
0.35139063,0.08831119544072101,19240
0.11962238,0.02741020512176701,19241
0.9524409,0.02163921969290094,19242
0.3324653,0.11811578846700593,19243
0.54777414,0.11998934885598692,19244
0.6767055,0.06620511227793692,19245
0.667319,0.041680410819259855,19246
0.56142396,0.00798571800002377,19247
0.5284865,0.07932161798637423,19248
0.5421753,0.2110057436867298,19249
0.35730606,0.05491617445133474,19250
0.48309803,0.13717337796769433,19251
0.16354734,0.17908356717705723,19252
0.49671215,0.37988337029110025,19253
0.31989986,0.2761824754509083,19254
0.8300624,0.00017236493058768261,19255
0.54618925,0.00021588447730840163,19256
0.55995,0.08012154376842488,19257
0.5835062,0.020298906620585595,19258
0.45009297,0.09483054541516002,19259
0.6498474,0.8063394771696519,19260
0.57913154,0.03676400696025327,19261
0.56666356,0.12330127698729572,19262
0.68011814,1.8132545554854995e-07,19263
0.3387372,0.0020575375643591925,19264
0.3404053,0.16521693240322738,19265
0.5338093,0.03506021826501452,19266
0.43544996,0.02404256499262395,19267
0.2878657,0.1359466671396503,19268
0.5093577,0.017187688291282602,19269
0.70405984,0.3522039619399757,19270
0.4057473,0.0675659903798368,19271
0.62323534,0.1378953358178217,19272
0.76317745,0.27066262243591926,19273
0.59026325,0.020527275344158522,19274
0.53250164,0.11910062217241571,19275
0.6408314,0.010371262162813534,19276
0.34830576,0.01715194136564583,19277
0.50391674,0.013118251811981042,19278
0.6786991,0.11499174528307121,19279
0.51292676,0.49720435958865283,19280
0.532433,0.09860644966059644,19281
0.34289873,4.459395238068175e-06,19282
0.54077935,0.06201557693473198,19283
0.5570543,0.23752249225947478,19284
0.411746,0.02572401309962078,19285
0.656434,0.018349589207863292,19286
0.43769968,0.039761790049076345,19287
0.42142448,0.18600213488569523,19288
0.88741434,0.11293899079728696,19289
0.73263687,0.04245389366206143,19290
0.7112551,0.06014809679634662,19291
0.98359823,0.20440045702533452,19292
0.26906508,0.06062520380169021,19293
0.42340767,0.04648844955398647,19294
0.82535434,0.06884578475769786,19295
0.6500908,0.5004868847805922,19296
0.07384193,0.01109865901503464,19297
0.59466994,0.034763568348703686,19298
0.45987707,0.00477328168628612,19299
0.30785227,0.12369962772688722,19300
0.52350414,0.004196985669970997,19301
0.49845824,0.003714188227278673,19302
0.5360221,0.6302289204502223,19303
0.024063736,0.052000773917412674,19304
0.25735104,0.014652175290818595,19305
0.5990114,0.08071070701876197,19306
0.13876969,0.0006178838713081572,19307
0.67194754,0.11597069041816539,19308
0.26131302,0.0008993806656347847,19309
0.64218205,4.7670260671791596e-05,19310
0.36043268,0.10215423765802382,19311
0.8039403,0.13547866251385435,19312
0.59356534,0.011705750207519733,19313
0.4983477,0.03941679270273556,19314
0.102249116,0.0507054484873263,19315
0.22952595,0.16125540360772322,19316
0.5963783,0.007857658770563426,19317
0.5310037,0.8667561963710902,19318
0.6752956,0.021251336854138513,19319
0.3829394,0.0008028303524896747,19320
0.5122006,0.1656739328951006,19321
0.33611137,0.3066567152441678,19322
0.39610893,0.0001114833499268035,19323
0.4837894,0.2376572583616235,19324
0.2902726,0.02289264199993092,19325
0.38999844,0.04669368687842003,19326
0.6662046,0.0007550063550831346,19327
0.13869235,0.37012323922280455,19328
0.57737124,0.18674293132765216,19329
0.3773292,0.2790358589063686,19330
0.6280783,0.005496343344217953,19331
0.3005302,0.2686406389247603,19332
0.71021825,0.3991055862022681,19333
0.4345482,0.056588386751797275,19334
0.18626204,0.03448177612096111,19335
0.52361566,0.0030041501743576443,19336
0.33365715,0.005077473054228995,19337
0.34806544,0.11393506156256726,19338
0.55373037,0.18356505868954334,19339
0.27754632,0.303774763399363,19340
0.6207671,0.04102168407975979,19341
0.2377398,0.07038813661929956,19342
0.27008274,0.1843136566806896,19343
0.8237993,0.061171466506444214,19344
0.62778634,0.47018922629138477,19345
0.46297807,0.3408438297771864,19346
0.16597,0.03844130490235057,19347
0.48062953,0.024243146188224245,19348
0.33070034,0.2762028223016869,19349
0.18987826,0.001598811671442235,19350
0.36612594,0.008334255535114852,19351
0.37437984,0.0036165451759935306,19352
0.6960969,0.0037614527533405017,19353
0.710353,0.08573260107483054,19354
0.9247128,0.02992413614998204,19355
0.23864838,0.2782786330063701,19356
0.5628676,0.026178044269129355,19357
0.57767236,0.09025469339271198,19358
0.54079807,0.007274354728008161,19359
0.55911875,0.9037122871186511,19360
0.9113989,0.01587705673082891,19361
0.45910078,0.14996122684469357,19362
0.38697338,0.15490311986667574,19363
0.51506925,0.0014454735258598262,19364
0.55480546,0.02775921190911647,19365
0.424284,0.39661509582007964,19366
0.18540129,3.8114426241370263e-06,19367
0.34268758,0.14144620663781896,19368
0.46983412,0.013664258228456417,19369
0.4597549,0.6012815422512231,19370
0.7510871,0.20039563381892508,19371
0.17122605,0.00022552170922279755,19372
0.6873747,0.03278484293979745,19373
0.60721135,6.85859830541022e-05,19374
0.35526693,0.006312403232426685,19375
0.4234571,0.14394166181449455,19376
0.110780746,0.21688467887116977,19377
0.420053,0.09676679183826695,19378
0.620841,0.006492585736738378,19379
0.666563,0.08690897584150983,19380
0.4036284,0.015255382084395176,19381
0.23353204,0.19234737247249512,19382
0.89082277,0.13496604522436828,19383
0.3623917,0.029948106983552436,19384
0.23767525,0.04044084353055762,19385
0.62212116,6.818132791785376e-05,19386
0.4005983,0.0020980746556547906,19387
0.5375102,1.4970141403310313e-05,19388
0.16041493,0.4947642287101162,19389
0.11430183,0.1530455674837779,19390
0.4727181,0.04977634697152527,19391
0.49811268,0.10497653801095189,19392
0.308578,0.065925775296387,19393
0.18708545,0.04886478050045014,19394
0.16792762,0.9069181733391884,19395
0.47125936,0.022517362702877373,19396
0.6207657,0.002228111896864456,19397
0.5805168,0.053315667673590236,19398
0.39486015,0.026017717462741723,19399
0.7122834,0.1828090114158924,19400
0.7135129,0.11756108219745053,19401
0.663669,0.038950848503347985,19402
0.6987955,0.29495791515532704,19403
0.5556316,0.03559755307548755,19404
0.63121843,0.0011403123092421264,19405
0.3632506,0.029719471326323726,19406
0.0048168004,0.4548232895273565,19407
0.7553773,0.008098031652555205,19408
0.40564942,0.014636517980225125,19409
0.5247698,0.12212150144747769,19410
0.37000966,0.009924698103153919,19411
0.6918455,0.001386224032281969,19412
0.5604593,0.04328289385850745,19413
0.33157355,0.027152790505418835,19414
0.9064574,0.15570392945810213,19415
0.22093809,0.06480096532449867,19416
0.636192,0.14940469403285062,19417
0.59054965,0.310375442827937,19418
0.10090384,0.24555711038538547,19419
0.26944682,0.0038574019174186487,19420
0.6359032,0.31079611569309734,19421
0.11650577,0.32905229202788117,19422
0.9016652,0.2366216600719339,19423
0.4031678,0.004223093602326246,19424
0.38417706,0.1833580063027096,19425
0.4969943,0.7351234940569218,19426
0.577329,0.632250658479376,19427
0.4872655,0.3790674677592612,19428
0.34079435,0.8590944478709313,19429
0.81340873,0.044956641636705055,19430
0.885322,0.02337344878300057,19431
0.7125269,0.40102931490196325,19432
0.42493996,0.029229421240172516,19433
0.26823038,0.2732965058977805,19434
0.584912,0.06972046353625196,19435
0.13968289,0.06724072659407324,19436
0.9489467,0.05386496548327709,19437
0.2993083,0.12714084752435434,19438
0.59359264,0.151625499691784,19439
0.50513947,0.102920765385094,19440
0.4605729,0.007174269047926435,19441
0.6603273,1.1675054529770523e-05,19442
0.7878119,0.01650712973373327,19443
0.55782765,0.0037625754620765227,19444
0.7259603,0.2738847352388377,19445
0.5353683,0.14106161453963412,19446
0.9250198,0.2296429344492074,19447
0.43181288,0.39051653273949666,19448
0.680298,0.04818772951323676,19449
0.30687088,0.04023984246991776,19450
0.39896616,0.019947683315499495,19451
0.87509185,0.00020689755247685742,19452
0.77125984,0.0740585589423563,19453
0.5496937,0.015512188782994084,19454
0.51122224,0.0024395090436212406,19455
0.27321026,0.009599360851307944,19456
0.48628697,3.499720128772582e-05,19457
0.41336352,0.1351379248103081,19458
0.3460221,0.11790600896716033,19459
0.33425322,0.16168367610680665,19460
0.48942792,0.0024668222846070892,19461
0.668402,0.2646522323222145,19462
0.7764023,0.0004482823619426397,19463
0.4297338,0.019096701293188575,19464
0.55391765,0.4333826061122679,19465
0.40498438,0.006989144638856222,19466
0.25853992,0.06830650373597512,19467
0.39617017,0.11457987538795904,19468
0.88922185,0.14503282794888966,19469
0.5689535,0.12749229351872354,19470
0.99603534,0.3682930516619478,19471
0.5626624,0.07973418932767339,19472
0.4451465,0.8080437590907166,19473
0.66070235,0.04835357184136752,19474
0.2666232,0.0002988514931945936,19475
0.275012,0.00016856982638896703,19476
0.263208,0.2797529900345478,19477
0.57721555,0.04291452821071702,19478
0.5297577,0.23440829816525083,19479
0.13024575,0.19233096131402425,19480
0.23934889,0.11615164825830196,19481
0.7326538,0.00551545567836259,19482
0.31290874,0.5875612559051298,19483
0.4706721,0.29242581062143014,19484
0.42053625,0.015237599562082755,19485
0.36235356,0.4089511182590007,19486
0.4375823,0.04429164776667909,19487
0.10401201,0.01945814274453808,19488
0.38864526,0.003173119248246666,19489
0.56593233,0.18602941736245543,19490
0.5055627,0.0014372486207766073,19491
0.38985327,0.03839626409079748,19492
0.4471462,0.01825816192806651,19493
0.5563881,0.009750191055450925,19494
0.60252124,0.16268393437461154,19495
0.6904687,0.041840013457928885,19496
0.44885498,0.00922138194135048,19497
0.7422264,0.010336206289989337,19498
0.5352179,0.47584420236720804,19499
0.31977695,0.10306614728193325,19500
0.18330544,0.10072267023228212,19501
0.106782556,0.15880920419463757,19502
0.08152428,0.06365322784495253,19503
0.3185622,0.7348994092692879,19504
0.29963607,0.03419961479052926,19505
0.28193116,0.3353423226186585,19506
0.74285686,0.0024183640760351973,19507
0.94085085,0.040344981402208824,19508
0.35516602,0.22743401201678468,19509
0.33018732,0.00012653050333126355,19510
0.58875406,0.00594482820680968,19511
0.36686045,0.06969704584088136,19512
0.3317014,0.1351210270251417,19513
0.378461,0.006366430854777355,19514
0.8681203,0.02556581608083073,19515
0.42741674,0.15289796601458122,19516
0.106049925,0.12396121454691127,19517
0.62111306,0.026137376033871684,19518
0.8668368,0.007783312979946463,19519
0.3140496,0.09233839645387826,19520
0.7321466,0.0036864896668983584,19521
0.4780109,0.47094982860851614,19522
0.55935645,0.26852358019944766,19523
0.5026621,0.2618548682215451,19524
0.33152094,0.02548683206943154,19525
0.27313906,0.08466276857899822,19526
0.47343844,0.05157527436951549,19527
0.5536484,0.027674007268085523,19528
0.53243643,0.08348334973169841,19529
0.2396527,0.22000241223018782,19530
0.9986859,0.22451387653269284,19531
0.39586672,0.3371809388685151,19532
0.55720544,0.10627573450127359,19533
0.5263226,0.04040121057160816,19534
0.6918505,0.016860125858992263,19535
0.48569843,0.13102146992585295,19536
0.30461252,0.005700310246183853,19537
0.3034195,0.13689114193006022,19538
0.6086121,0.0016498596985978862,19539
0.3803054,0.00036187989083195937,19540
0.8914372,0.085581149910338,19541
0.5566076,0.07749769485330699,19542
0.4055009,0.016589345747517577,19543
0.5150067,0.02443602681528377,19544
0.4383043,0.13195130360273682,19545
0.43605873,0.4079052725703185,19546
0.6793659,0.6625465914257459,19547
0.20654052,0.00039830123336859956,19548
0.35753196,0.01951784585203276,19549
0.581611,0.0003626693569663291,19550
0.61493945,0.25341070604201255,19551
0.51913625,0.0008990265870489134,19552
0.58551204,0.029523617773037344,19553
0.68289965,0.0101790911179709,19554
0.30622548,0.14918766602846384,19555
0.7826309,3.138204270662063e-06,19556
0.8225149,0.000488232242859766,19557
0.19355899,0.29993408663728766,19558
0.82804847,0.04833077374247644,19559
0.7684056,0.08048836456153881,19560
0.30355966,0.05476702845705153,19561
0.27457482,0.24441389303751274,19562
0.44617295,0.05695152056891293,19563
0.18016216,0.049589554229742136,19564
0.3801952,0.2614480588435682,19565
0.4495151,0.020749098473128634,19566
0.27221984,0.20192034559979716,19567
0.60827476,0.040801580872501894,19568
0.66954195,0.05902223894450216,19569
0.70101386,0.3600517903302555,19570
0.41437048,0.01729194438989424,19571
0.415123,0.08753231504077219,19572
0.9020269,0.024987614789310865,19573
0.05161056,0.10322492526367372,19574
0.7764884,0.05113280206327682,19575
0.4505569,0.519124038123159,19576
0.5855346,0.4405915119408712,19577
0.5089583,0.00011786086045792197,19578
0.52861995,0.4538022535823983,19579
0.19224823,0.07817570924944282,19580
0.15555197,0.04386968799181281,19581
0.4529388,0.13502965766383074,19582
0.29194385,0.04656092481296406,19583
0.44871068,0.35662614618300126,19584
0.6710475,0.27806466589714995,19585
0.5049869,0.030964039253703553,19586
0.7211328,0.07468062162664066,19587
0.16488227,0.03077448799883904,19588
0.97504044,0.3673075524189223,19589
0.2868597,0.0039287133516743445,19590
0.17957279,0.03237451852805732,19591
0.32669246,0.04949422867154906,19592
0.43397233,0.12193587364298904,19593
0.296919,0.19054932509013645,19594
0.16876999,0.35130250718009076,19595
0.4476036,0.08332032022970155,19596
0.30824146,0.05780106559358352,19597
0.4750638,0.09341260743601003,19598
0.6567776,0.02140209506414185,19599
0.28531653,0.8021720054735922,19600
0.29189128,0.021604515490608413,19601
0.5322559,0.047683333421879213,19602
0.10908002,0.18799736811270315,19603
0.71473306,0.15411214712948634,19604
0.52705777,0.0024900852968747877,19605
0.51034236,0.012201100790640435,19606
0.85545427,0.02334834650603961,19607
0.3521059,0.03161247382978251,19608
0.7455472,0.4350402537551781,19609
0.09758857,0.003127651599890883,19610
0.5697266,0.055988814442711594,19611
0.76612806,0.1691130828734201,19612
0.5730659,0.14335664603117346,19613
0.53095055,0.014212967083424453,19614
0.88618326,0.22419583980133143,19615
0.48800474,0.18315366561395538,19616
0.15835375,0.009213746814657371,19617
0.3495403,0.0026390204966139476,19618
0.39187437,0.1300011430269078,19619
0.499534,0.001708094201045458,19620
0.2964828,0.32507996820006746,19621
0.37771088,0.007169803389163311,19622
0.54086196,0.04230106488935856,19623
0.62420887,0.04705028336920597,19624
0.99690545,0.288991021297981,19625
0.57157904,0.11080349765778497,19626
0.34693864,0.004127593200733175,19627
0.7753296,0.049158976646778964,19628
0.8378065,0.0009406263889110154,19629
0.75391555,0.37844219655477834,19630
0.70977676,0.005349885308485232,19631
0.22559732,0.005387061088358429,19632
0.6606269,0.05691647896757633,19633
0.3340742,0.07600998295406236,19634
0.6097703,9.614582999416123e-05,19635
0.6377594,0.027257719306650524,19636
0.45899102,0.265992126144223,19637
0.5541542,0.005945425443939501,19638
0.9413099,0.094846843600843,19639
0.5479889,0.45630320413509357,19640
0.330362,0.04254583861013472,19641
0.7686604,0.03252889254133767,19642
0.4140275,0.1601306190698261,19643
0.17888805,0.22713295790572982,19644
0.35536095,0.37919418175898395,19645
0.5862118,0.08554784402393348,19646
0.94485617,0.045252047705163764,19647
0.092399806,0.01744859311401085,19648
0.6861394,0.16215928199144483,19649
0.9930923,0.3471984427044049,19650
0.4806374,0.029832332747312035,19651
0.69392717,0.011791903647128659,19652
0.66919637,0.007936598845265373,19653
0.3224436,0.18978049926903331,19654
0.49581328,0.10939789184809823,19655
0.6351113,0.059181135551960126,19656
0.69557476,0.3151728997069667,19657
0.30112928,0.38078853197040247,19658
0.20755506,0.014990558951350439,19659
0.064926,0.006669467672362408,19660
0.69791174,0.07540109851471963,19661
0.40130854,0.10022473137712079,19662
0.52522826,0.006183404601369381,19663
0.6618317,8.503136232616367e-05,19664
0.23962808,0.8151979622938631,19665
0.8857231,0.004253262835498897,19666
0.34423774,0.07245210868768179,19667
0.1337083,0.0002768500247931808,19668
0.27392417,0.0016340791004543559,19669
0.6175519,0.2745985196500904,19670
0.943588,0.9027372542050915,19671
0.2958053,0.303318068921537,19672
0.8443065,2.3579701668219245e-06,19673
0.24480328,0.07807501693648099,19674
0.1761809,0.07508365053516713,19675
0.8800671,0.03393460574671207,19676
0.7024081,0.001006971456652749,19677
0.57240576,0.09705169825856622,19678
0.5677482,0.14321844181289325,19679
0.99346876,0.1501581630010714,19680
0.7263066,0.2281011459372944,19681
0.5206884,0.0762597214698488,19682
0.009033591,0.007169004491242065,19683
0.2758714,0.26457605639021003,19684
0.5694362,0.23302210018141037,19685
0.58791846,0.012019594539163615,19686
0.21759948,0.2120928853568043,19687
0.33805364,0.21270590019602845,19688
0.25947222,0.1572050095864669,19689
0.29715034,0.005266861933360336,19690
0.61453605,0.0016634191458308422,19691
0.69304305,0.03422577867767149,19692
0.5047449,0.025317441452329684,19693
0.64190495,0.10228686137947425,19694
0.84178054,0.06962650498554293,19695
0.5108111,0.009544246889384904,19696
0.02129057,0.0989508352819309,19697
0.23980111,7.599789018800291e-05,19698
0.66476196,0.004770736360619533,19699
0.3106419,0.08194236550805982,19700
0.7681612,0.326633693156822,19701
0.59442466,0.6346545434960533,19702
0.20166078,0.003958594279017057,19703
0.4657751,0.05391135122624458,19704
0.6183375,0.016287757497427002,19705
0.74234486,0.08670578544659585,19706
0.2713889,0.04130317243345703,19707
0.6895267,0.13719831472940844,19708
0.41238326,0.17734979669823173,19709
0.56303024,0.6334161960977036,19710
0.51717824,0.6595505295018806,19711
0.9210434,0.09884483598024175,19712
0.39692095,0.17745550546738145,19713
0.27238244,0.0008548805932137107,19714
0.84387386,0.018136592517170105,19715
0.7251419,0.06234842931524558,19716
0.53359985,0.0016828844654666122,19717
0.15530953,0.02895590065891067,19718
0.74432874,0.742063171106571,19719
0.34393665,0.13885302854457657,19720
0.33274743,0.9424321296247921,19721
0.5278402,0.4649663519921177,19722
0.28775698,0.02012146876931322,19723
0.44261518,0.1473109014455376,19724
0.35076725,0.11593350105841706,19725
0.78818506,0.003575161954531516,19726
0.2892468,0.024633569354592436,19727
0.33285037,0.6674226657571724,19728
0.40710798,0.003198411081055947,19729
0.64396185,0.07405906665024771,19730
0.4848955,0.15855582608641527,19731
0.76244336,0.1611839459277644,19732
0.3681764,0.5765274050150457,19733
0.791293,0.03889988885693009,19734
0.6601577,0.0014526308196103307,19735
0.37043166,0.003978753527470582,19736
0.40010926,0.12183691938551039,19737
0.6426496,0.03851818494292133,19738
0.35742307,0.00010034840234216552,19739
0.53490275,0.038851660182817126,19740
0.45459014,0.5726951202431384,19741
0.4034027,0.00012206488593205923,19742
0.20624483,0.39060558164642695,19743
0.73684365,0.23622135978323863,19744
0.11531687,0.008802413356702916,19745
0.27864254,0.05568486992468219,19746
0.64806557,0.08909642870997173,19747
0.6372594,0.14230661096498018,19748
0.7623327,0.25684304878300196,19749
0.39514726,0.0453438377747325,19750
0.8234455,0.057105564442412125,19751
0.7267975,0.004367014949683166,19752
0.7867278,0.04630112852717377,19753
0.21114531,0.003731977805774796,19754
0.82438564,0.027971975380257745,19755
0.45180124,0.1797772128468043,19756
0.56877285,0.09522551073421143,19757
0.3661298,0.16558900480834632,19758
0.43864226,0.004276491989642673,19759
0.522921,0.09162142557419793,19760
0.3896298,0.4891695763170363,19761
0.2570494,0.2529883473156065,19762
0.38962993,0.020422525985576895,19763
0.65758455,0.04255498546583685,19764
0.6132055,0.12344898147941874,19765
0.17711869,0.01274236364838193,19766
0.7219696,0.5442570541017667,19767
0.5867333,0.034926067587383175,19768
0.42510468,0.389015246741395,19769
0.71431845,0.0006476147210155434,19770
0.38790828,0.03630020285034852,19771
0.408636,0.33966440077451526,19772
0.514896,0.11611873109218768,19773
0.39443356,0.29032756252657915,19774
0.47060943,0.02660043649842123,19775
0.17347398,4.557424135691019e-06,19776
0.67660695,0.03383528812862042,19777
0.3894267,0.42311930905259443,19778
0.8036843,0.0058878166360713,19779
0.48964027,0.06162342353345783,19780
0.27332044,0.010294599523519826,19781
0.82823515,0.20466621549304756,19782
0.895586,0.04617187631837595,19783
0.65175796,0.006749020138461685,19784
0.6363392,0.01060246173833193,19785
0.54806304,0.04003848190946536,19786
0.68039924,0.024403529291563607,19787
0.35464174,0.08486389552667842,19788
0.6079737,0.07089561651408927,19789
0.71979207,0.06925142702051074,19790
0.26759407,0.0013706340607427714,19791
0.28112978,0.42398740465681756,19792
0.5812374,0.0036998858165886175,19793
0.47579634,0.25981644918320196,19794
0.40924954,0.36558320564020635,19795
0.3035704,0.26646010473999854,19796
0.27949616,0.02732598175814303,19797
0.6682021,0.03602269078137504,19798
0.6300447,0.0736346231527828,19799
0.48371547,0.018065521820451496,19800
0.6878925,0.1168979495835436,19801
0.78761446,0.011551610983099246,19802
0.3478649,0.0004609302464419529,19803
0.60874397,0.2468006591766093,19804
0.11679971,0.34171720167232833,19805
0.1698344,0.08142141092575125,19806
0.56811285,0.5567765638749297,19807
0.31438977,0.013685600515430215,19808
0.35032082,0.013736102253757902,19809
0.5062635,0.3269939703844911,19810
0.15122882,0.06192895777653164,19811
0.6051895,0.11272886455842772,19812
0.48036063,0.00869030579201112,19813
0.57232463,0.052215048671998034,19814
0.46316934,0.5658873452277082,19815
0.008963376,0.1959172220992812,19816
0.3983202,0.0026306081348537722,19817
0.9907863,0.07453461093104313,19818
0.7574179,0.0706707453561328,19819
0.64469814,7.227693652693089e-06,19820
0.8930572,0.010140633777665721,19821
0.416677,0.05224973323166733,19822
0.20596167,0.5691332971565524,19823
0.40540674,0.3659488790722391,19824
0.51159936,0.2734832800081954,19825
0.5926862,0.2762447003849759,19826
0.6406137,0.049141132234431305,19827
0.3978575,0.0038650113961356883,19828
0.82458484,0.15130267043867957,19829
0.23302484,0.0029098457144271137,19830
0.39591146,0.010657309412633814,19831
0.8783299,0.24016279497802565,19832
0.64115155,0.5507882145821633,19833
0.19964346,4.0365994786070776e-05,19834
0.84094244,0.02274310144760513,19835
0.6078195,0.05752918970318027,19836
0.17546144,0.09522322203251739,19837
0.3276378,0.11339939516686004,19838
0.38982433,0.022827541047314312,19839
0.5141734,0.06422521935282992,19840
0.9971247,0.017443723276029083,19841
0.45937788,0.049496217648219085,19842
0.18458891,0.07169123755640208,19843
0.4295774,0.7195627249105169,19844
0.3472721,0.00026587881433461053,19845
0.5006288,0.0071302912126959845,19846
0.103437304,0.0658078571805022,19847
0.6875316,1.8632255765051404e-06,19848
0.3644692,0.14199580565787795,19849
0.6634543,0.9516570752917535,19850
0.863604,0.024863462898887547,19851
0.26283047,0.24936492998540546,19852
0.408367,0.01957464167625408,19853
0.031591624,0.11648301138975282,19854
0.73637015,0.13809916898788985,19855
0.4002099,0.06929009002080964,19856
0.5717833,0.025376865265434357,19857
0.80358815,0.22054531004916927,19858
0.54338455,1.7252602675638114e-05,19859
0.46502438,0.038135572843204145,19860
0.33390987,0.815117170293005,19861
0.6033989,0.05314977402393078,19862
0.58544,0.0007501179960248544,19863
0.22590584,0.031050160715731998,19864
0.65007144,0.12885844349537487,19865
0.8465325,0.22123568874773145,19866
0.38673902,0.032053239238095936,19867
0.6275979,0.010872022044785727,19868
0.63143355,0.004550217180561633,19869
0.50200945,0.17046507895159577,19870
0.3859042,0.014156521711558954,19871
0.41241595,0.019741924086038594,19872
0.4743567,0.04054529883736375,19873
0.40087593,0.08701068575805003,19874
0.63155764,0.0982879051219366,19875
0.24631262,0.1440752038008443,19876
0.56991833,0.168618742253641,19877
0.69809794,0.5801208398288156,19878
0.18350968,0.03467776080213488,19879
0.23340252,0.019981822871725823,19880
0.4278701,0.031593790179995036,19881
0.100406826,0.05479583423043976,19882
0.81121176,0.4878796382861627,19883
0.595253,0.47221855334888196,19884
0.44488886,0.5003741092058368,19885
0.48396462,0.14962029539256508,19886
0.36884624,0.0038716014410941782,19887
0.66725284,0.014606743560530575,19888
0.47066185,0.019048362225603323,19889
0.53634584,0.05104142950467435,19890
0.6393271,0.004483326931989697,19891
0.39304262,0.031801355381589146,19892
0.35066405,0.022450816926989626,19893
0.7356617,0.10359796365318075,19894
0.9911766,0.012891177652962492,19895
0.5329238,0.4835882162224405,19896
0.17128721,0.006786213566030419,19897
0.65465355,0.13598900124783095,19898
0.50949144,0.2713889269190691,19899
0.29343623,0.016275396206304898,19900
0.61664164,0.07435048073572462,19901
0.118047,0.07638750599625412,19902
0.21753988,0.053718312440571604,19903
0.69299936,0.02721181354423057,19904
0.32363206,0.07882896740845743,19905
0.13085538,0.43449491775268945,19906
0.4126761,0.0042926245913411385,19907
0.45138633,0.3041386153807741,19908
0.50221896,0.01925567586977841,19909
0.34336555,0.09013371785647836,19910
0.9394705,0.2582486248692168,19911
0.5359075,0.2184971998275138,19912
0.5372325,6.180752731817083e-07,19913
0.37965354,0.06327344702371678,19914
0.88293266,0.01404135390761184,19915
0.080216676,0.17411816091754798,19916
0.90635943,0.04295168821831153,19917
0.61095214,0.3851757548034261,19918
0.20914215,0.043376397022452204,19919
0.50790566,0.18166754621731462,19920
0.60230124,0.11922639530647283,19921
0.6460276,0.014388565223965649,19922
0.11476439,0.11920312871855569,19923
0.3122508,0.04427144077443064,19924
0.4922127,0.7598327834798801,19925
0.068612605,0.1034884692440362,19926
0.07003838,0.19837691614290412,19927
0.2679303,0.4155490240532297,19928
0.9215959,0.003461853983406993,19929
0.09858745,0.024755230475179975,19930
0.09519246,0.006098857721991201,19931
0.27954745,0.09920872546112862,19932
0.73346055,0.18492021911044557,19933
0.7487825,0.019450256434581998,19934
0.5986711,0.11848648904400436,19935
0.2802015,0.2845103629825416,19936
0.16003641,0.005564032561413717,19937
0.1829564,0.09532191887243956,19938
0.2041476,0.15210499194427196,19939
0.5214538,0.2209862221166308,19940
0.6637099,0.14777291084351968,19941
0.3570252,0.09152771961019014,19942
0.58261627,0.014671468093207306,19943
0.5991681,6.346982079562158e-07,19944
0.6526564,0.16073306172502932,19945
0.4578591,0.18680572381879507,19946
0.7060511,0.7347338389916764,19947
0.577513,4.4487293346901935e-05,19948
0.73416334,0.030382934598089047,19949
0.11123893,0.044389166489840044,19950
0.67862904,0.00019522077382127593,19951
0.9091709,0.5182995250183217,19952
0.12552875,0.00075865353393151,19953
0.5029633,0.0025096646671334123,19954
0.9289228,0.0130158602460925,19955
0.631144,0.005912855137623645,19956
0.49191222,0.08988258165812128,19957
0.49566635,0.004585955927944297,19958
0.31760782,0.025550042703754116,19959
0.59621507,0.3208751863494348,19960
0.53965217,0.3602487559048991,19961
0.48676154,0.04728628549567426,19962
0.60177314,0.24277284798059223,19963
0.7915215,0.0078090412045254375,19964
0.7169845,0.03784366449730924,19965
0.35354766,0.000364782383770656,19966
0.52061397,0.14573135420168537,19967
0.9880805,0.09730391618594385,19968
0.23880658,0.7992864505792567,19969
0.53874344,0.17179939710175982,19970
0.70477307,0.11999581369230078,19971
0.81069046,0.6966335003998365,19972
0.42781293,0.019350098417925343,19973
0.3498772,0.00686019750639406,19974
0.8007319,0.03297098010140905,19975
0.77626026,0.04728765147664021,19976
0.8467659,0.0002560305865898152,19977
0.650224,0.01030942893260526,19978
0.33009142,0.0016370613793258398,19979
0.4449707,0.02339196790279696,19980
0.25202316,0.38637642104339687,19981
0.3465833,0.09431303302142575,19982
0.49091014,0.15683212814971587,19983
0.8212693,0.16132743125904023,19984
0.3744237,0.36748610600188103,19985
0.5138924,0.14747146004088615,19986
0.82347715,0.025900771400000945,19987
0.42978758,0.046606335112455606,19988
0.41198748,0.012907859586049597,19989
0.7760443,0.4429298553977479,19990
0.4983428,0.008170768707069925,19991
0.41374445,0.0020634692111404056,19992
0.29029703,0.03820090923367899,19993
0.55702055,0.006177521180398698,19994
0.21575248,0.020506065923004094,19995
0.6553445,0.014069909283479804,19996
0.86201537,0.04487935217184111,19997
0.23082477,0.011885825193456906,19998
0.35128182,0.2619755892240903,19999
