0.32855023160178576,0.9277200229214171,0
0.09828092160601254,0.09820578019147053,1
0.3648331923020659,0.21006879425997438,2
0.6563918142872962,0.9211453939112818,3
0.3152316643981633,0.6535248520009859,4
0.6811467039493921,0.9798322357020198,5
0.5883529116594235,0.9338484201383889,6
0.9070191771583176,0.024019605188590698,7
0.41371288991650557,0.6186030044664984,8
0.1529402205720004,0.20848000510642561,9
0.6325287308918661,0.1847350851671844,10
0.07325706883279337,0.07112898137360435,11
0.4084140532437297,0.16585502726582957,12
0.8575059939134003,0.3164370957414441,14
0.37318294756488524,0.1880727951745924,15
0.559665871824234,0.5009267075116213,16
0.6532358136568499,0.7681907203339393,17
0.18942409530714832,0.20827114574113847,19
0.4596395532701154,0.3929135499692159,20
0.5621204966728918,0.06920709879764075,21
0.7445064900400689,0.5242000587556046,23
0.3093241082842102,0.5380320560213644,24
0.8886044641002233,0.2949674498599705,25
0.9100030160311688,0.7236710996413919,26
0.2769846482648447,0.8183498328322936,27
0.24995649896732597,0.36529121621395,29
0.9701263954368388,0.23461714182783855,30
0.11046820395893775,0.7992283547360607,31
0.2147169089637727,0.3888280318124314,32
0.15558394312848867,0.5467976216123828,33
0.9177324157645885,0.286272478408539,34
0.6462264976150517,0.7737920888554461,35
0.6624032304275492,0.696215109383898,36
0.6950338632491166,0.062418922934661114,37
0.7316475734367862,0.7706487981781814,38
0.6592909889445486,0.17959422325585017,39
0.38964266705580997,0.43731230557971734,41
0.21889767163323415,0.8864891230122982,42
0.783862458253043,0.3305469999253937,43
0.8218684511019217,0.9540636832147997,44
0.6230018098513826,0.786285914865049,45
0.9952801256385901,0.2646271291844373,46
0.3162274802899211,0.08564081952891178,47
0.19482452880961965,0.9481885883920563,48
0.9113935837463827,0.8949214540904366,50
0.7167488810357221,0.577490313887606,51
0.05295164380624251,0.9624921499939962,52
0.3074824026837718,0.4475137471717845,53
0.11652721416798328,0.6436534773973227,54
0.7294552499411752,0.8472405011965155,55
0.06651234375132942,0.3000749371479222,56
0.9283750819173117,0.37611429285411424,57
0.019931663221657847,0.21831918821370888,58
0.7632420132028114,0.21118942329257984,59
0.269504052371939,0.07220944973719823,60
0.9106031126042532,0.7325446968355137,61
0.7836477213422258,0.8585276974942884,62
0.667719938797562,0.8157558108364932,63
0.3500638768378981,0.2698390502746836,64
0.18123007749600373,0.27767959784840746,65
0.36540850049084994,0.24192649118144804,66
0.9990910795800976,0.7850224485485383,68
0.3091852334951589,0.24172710664694175,69
0.005581616303551695,0.11824191850106358,70
0.016551714992102506,0.4458475306416254,72
0.4868537268595521,0.43953680713756704,73
0.5508387472991041,0.09400723259465826,74
0.6851879031432083,0.029656669658688517,75
0.09958327927882493,0.1954327657571684,76
0.9644211100034537,0.05049071424885798,77
0.9833767398540776,0.6484567829887685,78
0.958479959306517,0.8715678426423986,79
0.3695922504974408,0.23151461529678297,80
0.9748670186400323,0.8197866397849927,81
0.5753080998151944,0.7694203071131398,82
0.05011594430614563,0.7255021241353314,83
0.8003717687196642,0.5446174103781342,84
0.6700259717078899,0.2020698382336119,85
0.20231949396755233,0.9211782031709155,86
0.3417553922495591,0.8866470677100168,87
0.6524520434474971,0.10381474317476835,88
0.48726693116972253,0.8347450728577201,90
0.8267810002337217,0.3211924055918839,91
0.16536854933270018,0.1853843180316368,92
0.6558876272869278,0.707616381721351,93
0.5993653874822404,0.5058915400825716,94
0.5902623532660937,0.22006603101334232,95
0.3180049559832183,0.013753253980236968,96
0.48239715760479407,0.5823062379701972,97
0.8286964106436313,0.6421000440984761,98
0.13217515765388077,0.10282010968988609,99
0.12956397259602748,0.49267207567439253,100
0.849014354786521,0.006668935309368851,102
0.33592199404821876,0.8987412392305444,103
0.07095996781428626,0.19268872611693288,104
0.13544638128500497,0.6675597374837985,105
0.41513598171451904,0.34296565772237964,106
0.6028395229484595,0.8446937519582488,107
0.6049453766081968,0.6421911547215818,108
0.5079141622903004,0.5122469635752125,109
0.7945101406970949,0.7742253551340518,110
0.913418573605291,0.9128901665671719,111
0.4048982235138854,0.1705295283951771,112
0.024273521176976565,0.016556116643399288,114
0.7113835007534463,0.29672154179040333,115
0.8029568095814248,0.28288490046071024,116
0.29161546626349355,0.6585338204374379,117
0.03810971222212489,0.24878646574403152,118
0.3131305256565565,0.6071201133907012,119
0.16718911143169912,0.8581827467877495,120
0.29236866750158785,0.8237243101672316,121
0.3868796084741595,0.8842266682328901,122
0.8449812975186133,0.9508548926344451,123
0.3129655573660176,0.041222041060681947,124
0.4835094329598977,0.6912253226561649,125
0.570123114032995,0.02101235329146367,126
0.3372853467566047,0.5632321662551072,127
0.39203856243775403,0.3086475496150929,128
0.7694538563599919,0.6930404620666027,129
0.7639696625478094,0.8379677120833561,130
0.8232613259286383,0.9505160855444649,131
0.1374840554977237,0.07675749795573639,132
0.13919131861185008,0.34593846023562014,133
0.3417851175186324,0.5388082604422764,134
0.9499789445526243,0.08314824077374261,135
0.11682603017536575,0.10958195917448932,136
0.848976099950079,0.34046348041793717,137
0.06244076930596543,0.4540301265506551,138
0.5972159270360297,0.10582947619388183,139
0.28750337666910497,0.5964347113985345,140
0.07464268156327347,0.5405230733766118,142
0.5786373060555797,0.7926007962018999,143
0.6321763642489248,0.3422818910736456,144
0.9452983319748308,0.5308962427602908,146
0.869986786673595,0.25513143629827784,147
0.4700846789589792,0.3819026146922119,148
0.24836023194441703,0.5728369601118449,149
0.01101953120363397,0.23361401946152183,150
0.7788742623362341,0.6167380559134555,151
0.932563239625743,0.6596512053461491,152
0.6472274081690673,0.3164203286454851,153
0.27006298197530887,0.8532913780310659,154
0.09452614043090246,0.8232509532643472,155
0.816274709193909,0.13903400905354069,156
0.5851658182947728,0.4526957244754771,157
0.042513186158398164,0.1281371417920687,158
0.49611669334827424,0.3201771646913918,159
0.6662585165748045,0.7818342618925108,161
0.004503644251232175,0.8711230235082993,163
0.6323643394760728,0.9655634688346709,164
0.580530543978137,0.02610640994209723,165
0.6061700185200641,0.20349126835694442,166
0.8083538040797464,0.5600295789178004,167
0.8049666002779459,0.6259579764553044,168
0.18165180512440027,0.5810077634858822,169
0.051324807734679734,0.5477366156757283,170
0.445889528768183,0.32050227887194715,171
0.7935796329933781,0.6515349183030721,172
0.7045427643701739,0.7015957308865024,174
0.07843213091828993,0.7507564371190039,175
0.6299689410423657,0.2206567469716325,176
0.4598000533466702,0.8125704994047549,177
0.20791191955456334,0.6243320863564986,178
0.7790082967252467,0.5388411071740085,179
0.2621223032119996,0.4837971159793597,180
0.42933556044686905,0.4079562416506878,181
0.5763029902230881,0.8413429288285024,183
0.8138656555034387,0.2092957118426625,184
0.3661420931754883,0.7836627047871192,186
0.3054623737759753,0.14544538673019303,189
0.5992037480753909,0.6494718884619779,190
0.3289665765300508,0.6751264195141446,191
0.9478855602494576,0.8848027085089744,192
0.8941520113808421,0.5053272300550671,193
0.12694558656488786,0.2468362243305341,194
0.9910169305415027,0.546649790201737,195
0.1916584971699562,0.01379287882730662,196
0.10474363853272817,0.9944182530350806,197
0.3004341134419166,0.8261762463576661,198
0.3626843743879141,0.6055106221686232,199
0.4653489941309801,0.9671210235359722,200
0.44182268608158504,0.7024230904611503,201
0.6541688603626384,0.4137603298714194,202
0.038523148648804684,0.5155953979286819,203
0.8990719679683279,0.9499749165015658,204
0.32082787761404286,0.5576489816463022,205
0.804245449910059,0.7791620842340758,206
0.3960558715379813,0.5573328767733586,207
0.8128231293121352,0.4712817931216394,208
0.9142730048942522,0.2956772555316749,209
0.4533119016674667,0.2909264476406911,210
0.05302239353848459,0.6213545573642069,211
0.06462246892109047,0.8943552759488266,212
0.14150025546059553,0.32005348153715896,213
0.3891949517820098,0.5060467925388743,214
0.7658695157387987,0.6013447323561543,215
0.5642788605262136,0.5279233219480642,216
0.30332035107044153,0.7813746226821953,217
0.9213529954269917,0.9913725907882958,218
0.5503889288919274,0.29212892974273497,219
0.4386558512118771,0.9910101483392377,220
0.7336141168843708,0.7352823296795636,221
0.13123489604073912,0.12254875345592986,223
0.9949681968620272,0.11374396749167237,224
0.686039139004622,0.8462544860385737,226
0.1054563779170895,0.7145367969686455,227
0.09610158308552497,0.6478388317810649,228
0.8397069763925069,0.329502933491165,229
0.7139623931537453,0.4624048325039598,230
0.8013284943583006,0.9886469802987327,231
0.2885253186919057,0.016854857454492445,232
0.6794307954448922,0.44842548509573565,233
0.545667227186715,0.5634610320018363,234
0.11328920248257812,0.7540258940988891,235
0.7549095728103165,0.42232159207735787,236
0.35066327222030713,0.3322632248020754,237
0.9942965197426484,0.5076956505747694,238
0.32592829456483974,0.7891332813539758,239
0.06834213889495189,0.5169786508523938,240
0.9545820413003091,0.164170500853422,241
0.33200491444174207,0.7293118277708112,243
0.7611013280259447,0.24930801213703702,244
0.5822792107306322,0.05753847725179906,245
0.7117188446603491,0.3349677659082211,246
0.9147994026695686,0.045011451402092395,247
0.7943952208972063,0.2409693169998317,248
0.7928498685198254,0.11847371206359847,249
0.9747479168435542,0.41302894429499926,250
0.4993683833539302,0.20171408671081914,251
0.3037330599376974,0.9984017862169595,252
0.06233633448554954,0.09266942314286464,253
0.1704649148297397,0.7972115627464358,254
0.06928079931912157,0.24573498443855524,255
0.19093097785117108,0.83086137829342,256
0.5591833421679568,0.7942975603954692,257
0.43859012179650414,0.36101361862661985,258
0.9300560113661925,0.10750723440990295,260
0.3698344753811893,0.6100867294870335,261
0.9166948986988642,0.17782769101022633,262
0.661198148215951,0.836091591920753,263
0.5304526692917795,0.7672417113948293,264
0.979488093969976,0.12249123365050874,265
0.7480980150038293,0.10979926108385918,267
0.8811304864978361,0.21459712429243738,268
0.05303500170754649,0.14315004860725877,269
0.7821311746502367,0.17582867587110929,270
0.9468492436418294,0.6126246934574394,271
0.6863488905003531,0.4937968632607199,272
0.02108166786754706,0.747158743462228,273
0.24554934838707054,0.12225396437758429,274
0.7081421537663727,0.09951809971783387,275
0.28051552072522157,0.08510843080318276,276
0.00992008940358624,0.07015190764951651,277
0.4621034174208266,0.8894865355344049,278
0.5870642222903517,0.7535985947221172,281
0.5191309061739021,0.5005159257559798,282
0.4576502294411261,0.6967254713867665,283
0.4305455643035684,0.8282517879670418,285
0.8887831060249962,0.850326088846001,286
0.7283017908518176,0.3306677135840478,287
0.28273949237408846,0.3237461951538123,288
0.8306613648495008,0.6912167315730816,289
0.35184448260570456,0.7977018560144918,290
0.19345419097263772,0.8828879028506286,291
0.8435744476474726,0.5953394827395186,292
0.7382606352864455,0.748322201768582,293
0.40143288151357903,0.5328466573560592,294
0.22564772080525553,0.10408701031040779,297
0.04781916723029189,0.03654386131576737,298
0.6942322066619848,0.40924082904660863,299
0.3797138244254361,0.7377220237326985,300
0.9991079055017517,0.05385374388702657,301
0.9004884760410151,0.633222334440404,302
0.5040868145906715,0.5207213479911871,303
0.902622317899907,0.43942927115016794,304
0.6676304752090728,0.6050767722041195,305
0.3309572379533774,0.12818414007640133,306
0.3665905198101247,0.3955744133863982,307
0.453131668322456,0.2139078597535281,308
0.6925728070644018,0.0006397062597506276,309
0.5617265443644796,0.5249153116524625,310
0.08092487722011288,0.2592806265533333,311
0.10185448400486474,0.6101973594790759,312
0.7928521092033797,0.9859118327824093,313
0.5148667645140675,0.5921774139148646,314
0.4387806572411802,0.39395521635210606,315
0.662928565683256,0.5287540914826494,317
0.14283102197674336,0.9279963010174951,318
0.34247224981235225,0.3790300053634035,319
0.9316165702876953,0.09687144361674305,320
0.9273044831370977,0.17037171506003645,321
0.010968828538094333,0.4307190214681823,323
0.5020344290043538,0.49524044571762915,324
0.19466866848282238,0.25060454904485363,326
0.7839144558468648,0.9509024656942043,327
0.4673518476645777,0.854241441782674,328
0.697519809187598,0.8402905155821819,329
0.12971972150238864,0.3344742468863189,330
0.5286853961400904,0.16997925998278873,331
0.881012842159632,0.24379670554044408,332
0.40220210373942744,0.46158781309412533,333
0.7691459544230956,0.5791625741952774,334
0.0005192965929302629,0.5731693122843323,335
0.4813738478839935,0.4994010781537408,336
0.6240179883819359,0.6912571421838418,338
0.36329978767994653,0.28134619742538647,339
0.26137440853044536,0.1990733997504166,340
0.22587602778608162,0.7078764752623917,341
0.9259125543502701,0.11221075759821408,342
0.1987088131292094,0.006053099664269257,343
0.29544175625722935,0.34184556192264004,344
0.5218882246493568,0.09175990765173037,345
0.8280264323013499,0.5748057195151913,346
0.9543924555378451,0.4421574202005214,347
0.8542122234204713,0.9462744376145997,348
0.18758069447465608,0.4118180349180901,349
0.05054630061326171,0.16382258661005866,350
0.0005121402029991673,0.5102617469227108,352
0.23053261245088563,0.6803421649670777,353
0.5172725147647345,0.34227397325533937,354
0.5973230196771833,0.32097334563903845,356
0.013696064586126377,0.539114911597626,357
0.08004560791167548,0.28472919307760136,358
0.8427809548172357,0.620354413502711,360
0.2567558918173236,0.8781933272289706,362
0.5156239113217231,0.02879892756467317,363
0.9169208831806384,0.30275857314095933,364
0.987617149165799,0.4388062839999214,365
0.3252165067291134,0.42072032808629867,366
0.4451967718321045,0.7653080168409169,367
0.9557549682926807,0.3063782256419961,368
0.08724884953000966,0.9910173853058817,369
0.19164866592834962,0.6807566195489096,370
0.9461140367127482,0.9893549816510715,372
0.2938701295904893,0.2485961447319115,373
0.9046031412551816,0.9108775184684561,374
0.8426960372189422,0.19236488986708955,375
0.9124370378681662,0.02441173836961652,376
0.12250481591539675,0.1321737559402174,377
0.5808267842384836,0.34737444284193764,378
0.5405844241282296,0.6166082998431518,379
0.803162075166305,0.19189308173476516,380
0.7745593973426047,0.6904273304954716,381
0.047606634666434555,0.20967572510420207,382
0.027082192184748832,0.13770842572521147,383
0.2654740349882898,0.9566829702984583,384
0.9467647361942185,0.2767560309448368,385
0.5007472999167429,0.3083148919469372,386
0.7904195002565997,0.6108954911311425,387
0.7991556143213222,0.3649269950487072,388
0.5295792582281752,0.07834991235115019,389
0.5623510412484236,0.31651860716525826,390
0.16512704759080132,0.792943372340386,392
0.17265128568502508,0.7436182228027572,394
0.9783096445267627,0.4963764031079124,395
0.050812140960718954,0.09378658289160924,396
0.061264287582801,0.38510669774993844,397
0.4534002518009228,0.3385184331239607,398
0.316658129200017,0.5669179074619605,399
0.21353450060056067,0.43950697869969024,400
0.9051583668326533,0.17013567267954188,401
0.04116337672289705,0.5040331217280505,402
0.915313454444769,0.6880184052647919,403
0.4268379980401926,0.633377011960081,404
0.17117466845956586,0.9491095180775841,405
0.3907048081635697,0.15830040692219416,406
0.6160543833203108,0.3282029560947245,407
0.230886875833074,0.30425661327076436,408
0.4076346381885544,0.6354863797144797,409
0.4386063987169273,0.9931872810569494,410
0.32836487333600495,0.4522658958227922,411
0.18009664555667804,0.12918945917899882,412
0.9786118129135359,0.3903865339525544,413
0.1438083770386004,0.7192069701705553,414
0.41854295070019076,0.5707243255634322,416
0.9642669225235794,0.9997452682226351,417
0.5693314832232224,0.578758797428056,418
0.1431805688763973,0.8009371620181499,419
0.48592303347132726,0.4668347627658226,420
0.9673837210489518,0.5030156587624858,421
0.6479958264542726,0.7170876017585892,423
0.1538940386248605,0.7922702646288395,425
0.03988447361831615,0.7856378559721392,426
0.7054197479548197,0.39560659959885414,427
0.7828281569594473,0.04287041736159758,428
0.474699719256681,0.562302743625671,429
0.47015073367475624,0.13265729724359543,430
0.6788873389777148,0.9195216902615893,431
0.4531707790939489,0.014307996323492,432
0.12721127318648062,0.8134551618930266,434
0.6604552634085288,0.49215626208416996,435
0.19235959338917774,0.05793545429137048,436
0.9811437707133108,0.6096533387376435,437
0.6018870598959368,0.3389397693157511,438
0.7468255106121607,0.9309774362463991,439
0.9384406757096249,0.7868290923382172,440
0.5610919855528084,0.5529188018919526,441
0.5407369647602082,0.4568145708954192,442
0.7214750016727056,0.5041840496124556,444
0.150196957040178,0.6841823172194005,445
0.010054740715820909,0.4710039809905071,446
0.457399518222775,0.585565197607386,448
0.4649368256655235,0.9683905446609704,449
0.5786620095833125,0.7551303821748409,451
0.13747566224653895,0.9294579275793844,452
0.4332765824479322,0.677337897904644,453
0.06604168938089083,0.8957352410757233,454
0.029074712945695302,0.9596256983655417,455
0.25691694834647627,0.8000348752703389,456
0.1309152573354726,0.861161039835529,457
0.15661441083258454,0.38303029157570945,458
0.23680016003586357,0.8089857192822321,459
0.8494665725140386,0.4345795102200022,460
0.09831486437782877,0.8896118962352421,462
0.8918672973187821,0.5924880168807902,463
0.7391991940970257,0.15783003003454443,464
0.8661164823952145,0.37663776659738535,465
0.850656945875137,0.22906372526408525,466
0.397475957944852,0.39448753858167573,467
0.6035997098344478,0.5671754625873378,468
0.9604779104100821,0.8919725637802851,469
0.391894600957714,0.9867479617050774,470
0.8940944496811273,0.4116172880660739,471
0.7280802130099773,0.7406129587291922,472
0.16082620242619017,0.14174033885524262,473
0.1400958694260368,0.9884549299206656,474
0.03483984114561134,0.6416380620120027,475
0.4337784725336554,0.45607483734789644,476
0.32177054069373223,0.997275304406359,477
0.022595906054253656,0.21894375206915218,478
0.48761857180029733,0.6303883804254496,479
0.08239690820176249,0.692338145223964,480
0.332775959143389,0.784938583564627,481
0.6263435598344469,0.9285659086151662,482
0.16614344675470494,0.3582454555699025,483
0.020782785337197796,0.7918363125152303,484
0.3725535031148691,0.8883448936309671,485
0.06925891999612721,0.26723826345230606,486
0.9554411251547549,0.017066805352064174,487
0.6629355561176491,0.5562779735773414,488
0.05860636305142708,0.027675987853109207,489
0.6609016375900201,0.5669487340804166,490
0.37207567938486896,0.5282234407429472,491
0.816548711311086,0.33444424587336896,492
0.25736276149985726,0.8461052130652674,493
0.5474595693513115,0.42852392651943094,494
0.030218228368910194,0.30052092341709147,495
0.6330025223328022,0.8763733248803307,496
0.2802371249398934,0.2440097696880843,497
0.995952918397456,0.8079117635104984,498
0.31341942677301005,0.013197617851748111,499
0.3647492700194209,0.4718636395528708,500
0.9351201225058029,0.7238335096544165,501
0.903780359243817,0.5687923410771222,502
0.9314317723168105,0.4632110011640763,503
0.3981145170589241,0.6310530426066182,504
0.8739025916895581,0.7061937412109461,505
0.13893253103449,0.9312806979430055,506
0.7158341135520768,0.5892075305616632,507
0.3565488763270619,0.3104623240071751,508
0.3993399096496505,0.6952321371218428,509
0.9040221828855988,0.8378030933283221,511
0.3815978676843189,0.5655908295378689,512
0.9322394419134689,0.5227839094911809,513
0.9646205309790922,0.5707651693233781,514
0.8199655162723647,0.6727512972260138,515
0.8413187569261077,0.7182771734022998,516
0.8697422768511276,0.7731870817366641,517
0.9774776035718148,0.831814917448394,518
0.5299196159937697,0.9267205263064341,519
0.7438403314416796,0.6368861797055432,521
0.23234601746733463,0.8993010867402752,522
0.6377647325375074,0.8373939634825437,523
0.3367334318850592,0.2309704200554732,524
0.03133575785970322,0.9251939610982844,525
0.6270234329989756,0.15032709430876734,526
0.7395155146297282,0.3064241338577518,527
0.9429043909770544,0.610291129003105,528
0.6763532039963219,0.571057046515946,529
0.33474039167586367,0.8539426834675876,530
0.6756771929493071,0.009336774306232032,532
0.24468124552419768,0.6834592851429311,533
0.010826958120788821,0.3791878503622673,534
0.5563728228877032,0.34245965563410086,535
0.22001718386590108,0.8550035319347034,536
0.2802273880880972,0.6638006729567099,537
0.6792125613335319,0.8454541170202541,538
0.4888353847052225,0.09425313964735482,540
0.7443815316697568,0.625229102545551,541
0.8888870500297895,0.12306906277916607,542
0.9603176742710408,0.9871283715137636,543
0.350722952217279,0.17910738739959786,544
0.04310139760101517,0.3751630795724814,545
0.7456618496876638,0.8977206193792926,546
0.880348377705466,0.1691308007281941,547
0.9309425377424617,0.7315061398461611,548
0.5993903888276084,0.9596058714917051,549
0.06630742409290613,0.5096471022707194,550
0.1495327558449251,0.6405537225067166,551
0.4682120067533361,0.3742700923284237,552
0.9616509783672009,0.37091715264243663,554
0.38387286913998186,0.22806732363751026,555
0.08176155707328348,0.16136703599565172,556
0.3679075640598708,0.5985950961954766,557
0.23778846905575057,0.9275663040181928,558
0.6528232985579893,0.47722497959984744,559
0.23153185579189117,0.27061861034653356,560
0.5489576081137627,0.6140700571212715,561
0.0895409251740843,0.9127529082256931,562
0.7105739558044458,0.6767836391932021,563
0.6008773873076548,0.3840851915991852,564
0.21784137970290496,0.11006910834839867,565
0.8498456749796199,0.360699615229801,566
0.046615046489284495,0.5910514906006444,567
0.39782962130972777,0.5974862548080181,568
0.8102882151168457,0.9863701732439887,569
0.013493687177864033,0.45604824843836944,570
0.791064359120853,0.2820591814457345,571
0.9628754151875735,0.27023181542518115,572
0.8333677287707029,0.07855995118296388,573
0.7046719293822877,0.5850525324516199,574
0.6795077949372105,0.8836639251757334,575
0.2784675217570699,0.12453857362139631,576
0.9434696083723888,0.14073430300686862,577
0.9343420853407327,0.13211538681863455,578
0.41950168887870376,0.20774946149916595,579
0.9300996864388703,0.12890380952947733,580
0.48878909475708654,0.5281246324443984,581
0.10547023167401215,0.7983644074548581,582
0.36727813036703016,0.32359455574968277,583
0.38579852063603925,0.7834111500859576,584
0.826913983096566,0.9865772403113237,585
0.07926286962310458,0.4423721258474387,586
0.2578236266243036,0.8306658698876503,587
0.6997005773739766,0.06750128761602958,588
0.41645945270233886,0.1940166636254982,589
0.1557811012219007,0.1597028518651442,590
0.8491476567305525,0.5129847034277563,591
0.7958428344174402,0.14417547653898022,592
0.562818486112492,0.9152908041921873,593
0.08768008127788574,0.7486951896749736,594
0.10282700763107144,0.060793217488140816,595
0.29051354160812326,0.6338773586534666,596
0.6100862426142416,0.11097449664577064,597
0.20291717615807459,0.8601748038737885,598
0.2868753861137806,0.7271559724381049,599
0.1731279709120057,0.4596887175647896,600
0.612684598329521,0.8941894060909128,601
0.3004862412753495,0.09771533375712016,602
0.8649814999664487,0.9218832532348556,603
0.755847600792783,0.17844019542879763,604
0.7329847513677745,0.499247815265749,605
0.457261449214861,0.3219801856301302,607
0.4065882200277162,0.8123748282021661,608
0.3944527133379576,0.6137509853470932,609
0.8806535834010893,0.887875763198503,610
0.7833630406654764,0.22430266725234416,611
0.9990165864687247,0.9671477470807774,612
0.14035119382475048,0.7596796982260587,613
0.6206281061872536,0.361482462868136,614
0.9664397510804312,0.7192992358516408,615
0.057239466954489004,0.5061957858813746,616
0.3380247785281627,0.710414783326872,617
0.6975718222588174,0.8319350120432325,618
0.5127563178996031,0.46379006719074223,619
0.03996952508313545,0.4598663006985667,620
0.19997259190559868,0.6631256974078465,621
0.414076423018244,0.5937172684060391,622
0.8569447549629564,0.17392713869725074,623
0.4797962110640651,0.675084667332077,624
0.20930550808947068,0.7994999887529332,625
0.3107208962682164,0.41082839264622717,626
0.23905649516622896,0.07311056533180904,627
0.05069248582021457,0.6481943994167714,628
0.5684635201651402,0.17441909031668523,629
0.6941667075610812,0.1705950976279239,630
0.8637434136614575,0.5854611979755567,631
0.19464506539939386,0.8926208546426274,632
0.6179760191128318,0.044318699599141365,633
0.29729588041557053,0.04600452899244467,634
0.8220526153573668,0.28972570719348745,635
0.7264790821276849,0.9178513733844826,636
0.04876333844590741,0.7612030993332651,637
0.8157628179342682,0.47524026790073537,638
0.00265481403462553,0.29097957068171365,639
0.9904689257351834,0.6038412097560869,640
0.7509790887845494,0.07707581166542199,641
0.22286557305767496,0.7094561258217198,642
0.8124411080553644,0.47127304188267105,643
0.9700023326552979,0.7686910929762051,644
0.7625717928758953,0.709079820626021,645
0.6057903933308624,0.9253687934578706,646
0.5286685466052827,0.9740257742044094,647
0.062367708501065766,0.6719941818068202,649
0.3398565855374678,0.08094121008272637,650
0.3069757014934411,0.77364282788163,652
0.9891556604244092,0.9780082638041856,653
0.12724185404729793,0.9192969111103811,654
0.170682793522554,0.36250845160299094,655
0.6061473795251768,0.2232050438968055,656
0.38967469945823396,0.3112459373532853,657
0.7906179854039579,0.8799249514635081,658
0.5185720419859263,0.16335860968936677,659
0.5478446370906193,0.1240159490335172,660
0.9075017205558638,0.4064485315261481,663
0.19609611084845902,0.6645275852032905,664
0.41559593452665433,0.9023838582437972,665
0.36110520815599223,0.8119492149699877,666
0.35878762665939234,0.027776865200949796,667
0.6944259065021257,0.40181366029778276,668
0.4483480229804462,0.2734430065680329,669
0.3389358636462808,0.3526186381255322,670
0.4230988056834487,0.11420188437851264,671
0.7502732913254649,0.7099677920488483,672
0.7913473903407907,0.34459340166125796,673
0.4708339126899612,0.7782712038619947,674
0.6927809520797363,0.20145063579562772,676
0.6087054816648498,0.10610270519684584,678
0.34802354201801156,0.33605190691418474,679
0.5822885287421496,0.6905985331320921,680
0.6535560628309152,0.2177384125877181,681
0.9218769220640444,0.7153836177953035,682
0.4935862033846026,0.48470210948423964,684
0.9453369329073615,0.8879532465972575,685
0.32463273279662974,0.06295645451710041,686
0.6627249899273798,0.6779643077441001,687
0.543946226024307,0.9460137656709454,689
0.08589692277270489,0.6206426827496113,690
0.5506019891804602,0.4103049812650813,691
0.41741325655484507,0.03562689942926012,692
0.181923655282753,0.9703428739678169,693
0.9686016582619001,0.9103522015672671,695
0.36822563693648547,0.19882461250682582,696
0.2060297299564674,0.32471810704323545,698
0.4142384256549372,0.9775204232395353,699
0.45876778446643196,0.9633602840622634,700
0.9314078486934899,0.12780260176840563,702
0.3663099385260217,0.9304540938558215,703
0.35325764114691904,0.543881570617948,704
0.5626622637006492,0.5968041227594455,705
0.23204309104669707,0.7246703398063966,706
0.8477181296505619,0.07679431101756007,707
0.7986718554779482,0.7709607896302887,708
0.3254579424735593,0.33816758751101705,709
0.8828539120355765,0.9388203820364677,710
0.9724689723719869,0.8155069527351406,711
0.5048208741790066,0.9680919871418662,712
0.2899759341846333,0.19509143336675838,713
0.06642359056077063,0.7887326385040112,714
0.7259851217058577,0.4694046217498038,715
0.5564468397307295,0.669667425826986,716
0.5915390592233639,0.5660405224494732,718
0.5005945741916568,0.29211761438259176,719
0.13183682888756598,0.6225934096660738,720
0.31261421994294214,0.855895480336556,721
0.09938586248402426,0.1449560739208503,722
0.502614838743183,0.31084214917825914,723
0.7493732811036344,0.03838413932357909,724
0.8976094426742325,0.8328810062929425,725
0.8725457625756652,0.1762311360292773,726
0.3014315863342254,0.3267146383502679,727
0.8065968760294276,0.9910565073912178,728
0.6425408976014301,0.750641552827978,729
0.39186577319320315,0.19527289028702277,730
0.3757533792005897,0.2720367913847338,731
0.9757690081806808,0.3950192806731462,732
0.8951601577834057,0.24358860818958084,733
0.5537530582985917,0.3048831400500732,734
0.3227800665095074,0.13670091670536355,735
0.08725429241025429,0.24959825658974988,736
0.08981415545374538,0.006733110588197366,738
0.969689535932635,0.6004621188052474,739
0.49786273258584657,0.8822260533545438,740
0.7555683493858693,0.07474581506960787,741
0.212301481435478,0.25921427148248577,742
0.5502942868840606,0.9580111300855427,743
0.13168120783938841,0.07369177545708139,744
0.43945497526338895,0.33117162963118996,745
0.032542794240071116,0.8958992172013873,746
0.25264280340970335,0.24129427390769853,747
0.5691409429241191,0.32493802065886246,748
0.5469974651078928,0.12685357889481996,749
0.5655141694239614,0.539885871271414,750
0.5080151036968464,0.6366200260117632,751
0.5378524466714675,0.9499269284203412,752
0.33204654815956025,0.39020015887543846,753
0.8512636349010254,0.4080386175474189,754
0.07813120135934237,0.2303396191036322,755
0.4354507312246648,0.9154861750048097,756
0.4994821387634716,0.7664095503365376,757
0.45756448791984594,0.34413368499672337,758
0.20425768010416212,0.33704497525074484,760
0.2429867403503101,0.6476459026424889,761
0.3540982727238001,0.7148619848165371,762
0.5260738139154657,0.44762540561170727,763
0.829733238415834,0.5542520716839818,764
0.31085441833581673,0.1066935158805492,765
0.7729521584795869,0.1760950860434769,766
0.5381360304954234,0.6070912775143446,767
0.9691559559417404,0.8240436054434433,768
0.4912471429289277,0.9278555425105899,769
0.5441304559717993,0.08742668834001943,770
0.9964784825828668,0.9280946867833123,771
0.36031741554818286,0.5250621190107799,772
0.04076518782468863,0.14088371213154016,773
0.7193908914802529,0.08451304680645078,774
0.44260116782528003,0.9218858417504444,775
0.9409246928292349,0.8865516783462757,776
0.8677616419724827,0.21257483235120667,778
0.5703411318633476,0.8293641760683776,779
0.7382269094002546,0.873328789661642,780
0.6034017593922769,0.8023285203733603,781
0.5328780932096262,0.8402248537312889,782
0.9072131212436514,0.2145327765460865,783
0.3292131212961934,0.6150945363886763,785
0.0925078203062164,0.1937984621452853,787
0.3589022947357853,0.5442531385535543,788
0.7191309249764746,0.642779615503715,789
0.7506412244173504,0.26212122778459124,790
0.4408719504255645,0.141711674704167,791
0.5747504040444265,0.7585424965017888,792
0.6942261693846068,0.6494482903239898,793
0.7530907647147571,0.1833789872410666,795
0.8271926761146828,0.14964571202094457,796
0.21061098547129087,0.521478596859502,798
0.07075997914700338,0.07026496915714497,799
0.8962917394125341,0.3989717725105931,800
0.642200935880154,0.29009363691141443,801
0.015521214867915356,0.08267772403801577,802
0.5804494703518981,0.23971412068943965,803
0.9680177325961111,0.16144415073939833,804
0.9221274613405108,0.02049386469638359,805
0.768797445073961,0.9029620120733062,806
0.7779356770042946,0.8983697200143551,808
0.07006740550962909,0.11709634622698917,809
0.006244162868942804,0.12097909849019706,810
0.6084465821881962,0.23950701750912629,811
0.17768874879290952,0.34396212820286665,812
0.002661465197433155,0.8069502285147184,815
0.13361603012168732,0.90404373722753,816
0.7263656860945561,0.5927643701094945,817
0.4090401734519372,0.21035470885622243,818
0.06363869021841184,0.7941365538981191,819
0.338387041579548,0.4506578366316828,820
0.6182565635370746,0.6798308985574837,821
0.19402589575983187,0.804946943669612,822
0.14503466806451093,0.7246824397368753,823
0.2323837958713918,0.1647304840243462,824
0.04995696072768885,0.43276585921593336,825
0.19225259302151332,0.3415455424110685,826
0.9803771838891419,0.5690272368645682,827
0.22316083148209376,0.699685629935733,828
0.9838848582360296,0.5374760948856404,829
0.8608705575506009,0.6057916918037007,830
0.879964420735594,0.07069988825658591,831
0.7836465893830277,0.037800506337807405,832
0.9434015509152017,0.7167112895489482,833
0.628304347744438,0.45153960131038895,834
0.4185825507202261,0.11877659611753744,835
0.5139144151240029,0.09606403966384847,836
0.7101539438779904,0.9065139553485276,837
0.3030928757177712,0.2941753362797149,839
0.2433940696509178,0.9283626418560985,841
0.5335317118799795,0.4504193570133922,842
0.28771918013210074,0.5671625142681868,843
0.4834916957782093,0.6633990657544888,844
0.534701204689577,0.910380068310012,845
0.3560229677758314,0.29748061869412945,846
0.2533842754799053,0.9004279900987137,847
0.3760246484970362,0.1371761181368789,848
0.7214922662839854,0.7188023303187356,850
0.09584770788559782,0.8094483172771257,851
0.40245659257903543,0.3116840047981586,852
0.4404049150343031,0.9856590879368807,853
0.22584384631719034,0.001712506772151845,854
0.6437914253294464,0.8702703426904626,855
0.3302589500425228,0.8008524916597515,856
0.762819204675299,0.8256460157265837,857
0.6344824571183473,0.846885604375942,858
0.9858911797502602,0.875594986242106,860
0.5935830765089406,0.2859587458303412,861
0.8285441516186491,0.6887645801560559,862
0.7459674794899747,0.3379623966304932,863
0.004718275139653061,0.8333767424870597,865
0.8533747495894946,0.8271877799058792,866
0.14288083557730002,0.4101890612376745,867
0.27699072932919067,0.3368272929026378,868
0.21618996265331558,0.836466564850342,869
0.3127233567858715,0.4297320886528959,870
0.23397960424870023,0.20879931695308462,871
0.973164466027075,0.21203308709766322,872
0.025444451995958683,0.7334218455812288,873
0.8651490688798753,0.8085930051986119,874
0.9607464224787151,0.8504251988753192,875
0.6413397514253276,0.4863797386616372,877
0.630243722310971,0.9643594154651651,878
0.43010277225926163,0.9345601713650935,879
0.6743940310357106,0.7276219851751832,880
0.2450271669345948,0.17633324411168827,881
0.19578541088277313,0.31640948840983374,882
0.7265724064309165,0.834271718239702,883
0.7847419854382698,0.30313068995412995,884
0.00540582675638146,0.784878009433231,885
0.3934670883722131,0.14433542723228598,886
0.5051821498222081,0.13233576123483348,887
0.48795753317348023,0.32875147745344024,888
0.14715672245263178,0.5950295079186818,889
0.28440643463217186,0.10993630854791847,890
0.2487396077434353,0.7569148274189018,891
0.7311936021244277,0.35022493685902467,892
0.036590071432218374,0.3542333836620598,893
0.4256322824466182,0.16058224877308425,895
0.8793456020957073,0.0357781562924423,896
0.9202363001472201,0.7845898767056976,897
0.7253224883353259,0.38558390302982426,898
0.1332303140663823,0.44779506763053967,899
0.717979215724382,0.47623904909573544,900
0.8480160583667126,0.7156982827717507,901
0.04300428647284271,0.40659153361095934,902
0.5337002318605233,0.18744250512766247,903
0.5080824986384528,0.5560206795506943,906
0.1695661927168456,0.35402787204669084,907
0.8965088841252233,0.25247887424689197,908
0.14336126131518712,0.3976324977679677,909
0.2926367951258131,0.9473228736341103,910
0.8852865189945126,0.5590556093080267,911
0.11725599316665747,0.21011822810917413,912
0.15243948109826666,0.21827271515216162,913
0.49690452475348934,0.367231403814112,915
0.991964767602189,0.4143969474186998,916
0.16484833680321687,0.0685736774483715,917
0.34711605607539797,0.9026765329049342,918
0.9157575405978442,0.18064094662436814,919
0.7128114086256697,0.025039325830799486,920
0.13565261872505796,0.9300340011397858,921
0.397458414078632,0.7624363665937742,922
0.4322894745186022,0.12407619700914752,923
0.6501240227599224,0.11775399771721529,924
0.681857155527768,0.34852829552584963,925
0.29325157790272105,0.3909834387457627,926
0.30727852224305763,0.7769407422662534,927
0.651340519567697,0.620072828782918,930
0.5522892076725199,0.7109785593144767,931
0.4353146076003164,0.6392906689224633,932
0.4198668884643765,0.9849948441454467,933
0.38015138931281556,0.4122528466858413,934
0.09134794146050085,0.3143546528137282,935
0.7722663924399834,0.5839244784889767,936
0.32125326664864573,0.36454237220631447,937
0.6815526380591623,0.31330021321881274,938
0.5774282955903747,0.3826463249864255,939
0.509481870008536,0.23586398681329135,940
0.1636759626231864,0.057375328314203666,941
0.9566814152697078,0.7712582442559779,942
0.209890409108627,0.12152969701926297,943
0.5584553665598527,0.5766603041843579,944
0.08910098756512386,0.7868614347768209,945
0.4946328968005672,0.6755735252627899,946
0.8234847386500549,0.3095234694930147,947
0.22563643059867944,0.1467060416234951,948
0.32900739637567167,0.961248248970271,949
0.4435292171841948,0.5124669001292503,950
0.5834511346124621,0.26010173692222016,951
0.5995254507357188,0.9973767546148316,952
0.9274990180712014,0.3297252731694762,953
0.3619221860300267,0.9719582116311876,954
0.5525547866620916,0.5583663953492128,955
0.0954411181700976,0.12907160353240255,956
0.3953969915157307,0.44767500521339487,957
0.15046176520028987,0.30811271052109024,958
0.7332684936395344,0.9442841985888636,959
0.7511516053517496,0.4546232304718315,960
0.1372062331824272,0.6584337863545056,962
0.1612942766293678,0.06500519691036843,963
0.16043646901065567,0.3158146490522241,964
0.14611444527307083,0.1807516137967028,965
0.7370674937259104,0.7268675094927753,966
0.11845406195927521,0.9518565276109799,968
0.9959436946992917,0.12037008904603397,969
0.4459883082609989,0.23875253212060144,970
0.09992453814467295,0.3754641595654785,971
0.5976794944954236,0.6716574140519863,972
0.7137543999575399,0.7775467064503734,973
0.36129093319823957,0.7938170478616031,974
0.0809491610856734,0.25357932059369304,975
0.5850816706926206,0.5218650748667392,976
0.8801542945668412,0.42775934337780386,978
0.0029545916162642127,0.3760173921633355,979
0.23495989493589253,0.3178406376218421,980
0.278683546753566,0.009243550644660314,981
0.9336715500450422,0.9839724751763482,982
0.4450558450155273,0.7273628402203619,983
0.19897580797948278,0.28443270529448095,984
0.8600327278728951,0.18343037454855926,985
0.5399729626757175,0.06464348810730314,986
0.2218793274030858,0.3962197537886899,987
0.572656750495803,0.62133061162051,988
0.8929907761198815,0.8774074037672608,989
0.16846457287068917,0.8948339278909251,990
0.44707963814599183,0.18806017148907672,991
0.91882409861381,0.2513640111644071,992
0.36942783378039945,0.033821485238428206,993
0.04973044723221254,0.2006686605084631,994
0.5106534079815687,0.31393388989024285,995
0.34785783424356553,0.7157086437457033,996
0.2231809905226263,0.7385745985589489,997
0.9402302797333318,0.34225228185926404,998
0.06250206699098226,0.40662060053382176,999
0.9693973354667176,0.4773348198106616,1000
0.20427770456370642,0.3386366542234288,1001
0.9710147318373277,0.48371649365203173,1002
0.5540494928418681,0.5768307360758961,1003
0.7355313492950487,0.7941374327063565,1004
0.7162637912322555,0.5241150405091382,1006
0.5084744555051253,0.023930204398004862,1008
0.1723655678823064,0.1265334649131098,1009
0.20866457541449013,0.6730666821929414,1010
0.35039248889408137,0.8718700481648998,1011
0.7965196183839509,0.7601207706272572,1013
0.3060288787585169,0.5695611840143738,1014
0.07704914521874884,0.016732774229245018,1015
0.7702028090893077,0.47075240179272737,1016
0.1114290545529788,0.5036040987797379,1017
0.2227745881470976,0.06666192263099602,1018
0.6893441275251637,0.7574493049906329,1019
0.19441774665978895,0.7053119426709645,1020
0.27214576151957426,0.8777344471588349,1021
0.6666652534529716,0.34070465724615495,1022
0.8797021299343658,0.14741209757879736,1023
0.6301555662796335,0.04771877241600686,1025
0.7548458101568498,0.8968131365744022,1026
0.6202698482474895,0.44975316568827917,1028
0.370993447749148,0.8086924888295142,1029
0.9473235091615402,0.4135086653860781,1030
0.8982551231875839,0.07628468656052056,1031
0.554996687311803,0.7246299332755151,1032
0.6000160899266854,0.7723534793091761,1033
0.9854848896803395,0.4210086285071313,1034
0.16424510851213425,0.22936966564286798,1035
0.5393221589146885,0.17860218237249303,1036
0.6119357415228169,0.5718485869735198,1037
0.37076233267879377,0.4940642293922136,1038
0.5222466754062534,0.9440832308782681,1039
0.05754121658073896,0.2152865350430112,1040
0.32975749887486905,0.21149273717431694,1041
0.46563274684213296,0.7614435971992364,1042
0.11619933643891145,0.07442487604458792,1043
0.1941254499721501,0.8286803176874482,1044
0.5148766668464703,0.1344908155057274,1045
0.9560806862091403,0.6243493826797152,1047
0.18032296393193314,0.50963768955231,1048
0.3141158011560773,0.3182070749401521,1049
0.046907570920526664,0.8108206622087462,1050
0.12839979740180107,0.03423632140461774,1051
0.3732302916875945,0.8422162217340196,1052
0.8531329659173111,0.782247826525149,1053
0.1823233469280301,0.0826911388827668,1054
0.995429051930489,0.4560115844270497,1055
0.9252121788702561,0.30770765608537665,1056
0.7210513152941993,0.10468050779939686,1057
0.6115435675542854,0.4238164686415212,1058
0.847259039784757,0.15502236589918839,1059
0.5311253807508877,0.6356468949238215,1062
0.921434349064426,0.01854845041814346,1063
0.6209227121809084,0.32912533140021427,1064
0.07282769927129995,0.7683505908061924,1065
0.35697693865850344,0.9361412250599355,1067
0.556424888209833,0.8136463706508283,1068
0.9856566969013458,0.7235804502359601,1070
0.9525847715437654,0.8556603851313387,1071
0.07387718348499217,0.6308297519081194,1072
0.7808248610275867,0.4466201185915011,1073
0.3362684086134796,0.8905387361103468,1074
0.3994106666440074,0.27631808628076937,1075
0.9297484561817643,0.948599858187114,1076
0.379797864884997,0.32496700723365746,1078
0.7686035336188362,0.17460811105590557,1079
0.10337802909765992,0.2955619563662871,1080
0.4387409297399346,0.7846626002852342,1081
0.5706458883648208,0.7923939483922318,1082
0.5912131838661203,0.27731912773396616,1083
0.8920131022402822,0.4350493286597201,1084
0.4765367155396194,0.1798204685835062,1085
0.039418884016462985,0.7256152623477029,1086
0.7338407836808907,0.491549225979779,1087
0.5227022096202523,0.4557781869936032,1088
0.046682969689677445,0.7096239532281661,1089
0.7492331328014136,0.07311949165315057,1090
0.3844940900353696,0.7611170358367488,1091
0.26132366810637975,0.15771078279139694,1092
0.16344181655648693,0.8376747690187735,1093
0.5659519677767884,0.7684526718450948,1094
0.1511029629360271,0.648411823752912,1095
0.12349611176026654,0.6373986500125532,1097
0.39216168297673637,0.3225097375254764,1098
0.30659658097235964,0.3137108774369878,1099
0.965545261731326,0.025348431301197127,1100
0.7303011446023856,0.02767421049371288,1102
0.5210457857184932,0.24966242589998267,1103
0.45571491663234565,0.7986526181050323,1104
0.24711158320966498,0.48318312712681244,1105
0.701549901076688,0.36747138960697023,1106
0.35864801525405854,0.7510261969399705,1107
0.4173516085861573,0.7617124479089533,1108
0.7078437217640334,0.4066802743214126,1109
0.7876209393864775,0.46995955579343396,1110
0.6674930700008335,0.4799474149521066,1111
0.38276125551989193,0.5369343495616453,1112
0.9621348912327313,0.12977008024656522,1113
0.9490486729780594,0.7512814362893637,1116
0.36208398565369604,0.4783357401180791,1117
0.9278974028525945,0.5030383659728406,1118
0.4177573254713213,0.4975317838090061,1119
0.4618720288146292,0.844790826871056,1120
0.9482356675919512,0.47647994572831043,1121
0.07773397548975047,0.12176023100841882,1122
0.5576404637140961,0.5595924323572763,1123
0.26439838770162694,0.7503407215986913,1124
0.3042855957092696,0.07976223222733358,1125
0.348398303954661,0.6396574094725632,1126
0.6396196224639605,0.7655112668070407,1127
0.30287450991200837,0.3218063919383274,1128
0.28876378061649,0.167009242259052,1129
0.2727600002723336,0.9088919160647017,1130
0.19226759493188184,0.2485495960023364,1131
0.9553201113176749,0.41976082427813066,1132
0.1365353360587782,0.11067593057735348,1133
0.3350412781087292,0.15022809390264869,1134
0.949833145442051,0.8774300247603132,1135
0.46969165804149615,0.9787696218782692,1137
0.6315669610328909,0.39940533792265887,1138
0.0855071106876526,0.6162912311051779,1139
0.0646793999702987,0.3415818226637457,1140
0.7548209170715638,0.9522640613885193,1141
0.9287619903123013,0.48916966620170943,1143
0.7306206572921835,0.6681172332416108,1144
0.5793823203269445,0.7744546279959795,1146
0.20774501928180955,0.0428157938510787,1147
0.5697509070794261,0.34720250592132207,1148
0.9482280486136752,0.2624078824469883,1149
0.2940776752440679,0.012759360975011957,1150
0.36424685787741373,0.44120052665600173,1152
0.759326210168258,0.16443938609887987,1153
0.5947894719728242,0.047986207141603066,1154
0.8099781229030416,0.6351671337402914,1155
0.6659372759821002,0.5847390401695206,1156
0.8414128902224884,0.554877402370672,1157
0.7767363626398295,0.9486400883567262,1158
0.45783371155888963,0.3102731021282453,1159
0.8909752449585846,0.6428182165168667,1160
0.5866880203672102,0.4933961290350687,1161
0.1269554262671183,0.8939008138949941,1162
0.8623431486331773,0.05043396381501941,1163
0.28748254766363834,0.44204410286180973,1164
0.7349404397208201,0.4267126183786297,1165
0.42735591532572836,0.6815235699611635,1167
0.600129693539086,0.5020074390458089,1168
0.6254729663002342,0.4366893195243735,1169
0.049813259802281906,0.5643950277186193,1170
0.07406675135718677,0.5196769740217343,1172
0.8697692022318069,0.20140010565881838,1173
0.8605760136409181,0.8129892491377759,1174
0.4784926979465334,0.04162699678522852,1175
0.2948742283573763,0.2837778788572225,1176
0.21786658728363117,0.3152475021795692,1177
0.06808814378468764,0.24701354717057178,1178
0.4904826414588406,0.02664168652426424,1179
0.3701201072107785,0.6151890080606531,1180
0.09833009886087074,0.6034155947596394,1181
0.5769462548647524,0.8957481803840214,1182
0.5678735112666318,0.24227151760637156,1183
0.059069967325001915,0.410962537616563,1184
0.6860117587130662,0.5104684786391473,1185
0.9854195056076311,0.78291282372122,1186
0.7593231403090657,0.8640837759049455,1187
0.24036721154012852,0.13249452499857517,1188
0.34222912288330565,0.7243392690879187,1189
0.45520214211444754,0.333330458073136,1190
0.36443224405662356,0.35225281384478835,1191
0.33403746167827497,0.8641897014043369,1192
0.8568596442326445,0.3544349671236873,1193
0.7639368698409058,0.2583534320224824,1194
0.8092592437299405,0.028154834148071295,1195
0.3361588833322249,0.9896526159228979,1198
0.28551098128645624,0.07262919459107631,1199
0.24245270258129004,0.39433503983030915,1200
0.9173756251842726,0.4112934681481525,1201
0.35819262095693516,0.8877387745992273,1203
0.4807180071966578,0.642884405108583,1204
0.18110935293830266,0.2616436175748408,1205
0.3088545043308941,0.14700618714522173,1206
0.6900759936996561,0.8038157865928954,1207
0.659263056983825,0.9721188023498558,1208
0.9198131892233339,0.39994643626813364,1209
0.43055726491073854,0.8505812676417214,1210
0.5088100205395247,0.24376094207786392,1211
0.26525303403013867,0.43807054009145985,1212
0.7710456567773328,0.5705979901358297,1213
0.2845139530596311,0.6904699443332875,1214
0.48858957577846585,0.5758637506757165,1215
0.5156454011229064,0.8679006685258562,1216
0.7022930943900484,0.7836280601920684,1218
0.4935569523655061,0.17202526985329958,1219
0.26221249989463247,0.4423330655436696,1220
0.9015730411883076,0.4054944414504218,1221
0.7656661167099797,0.9148194312146487,1222
0.06620678656957835,0.07636104996841508,1223
0.3437021543484583,0.05321140284137715,1224
0.8545253622329368,0.7158027043400129,1225
0.6610554612520916,0.1035355412718253,1226
0.9796872469712881,0.5514576739291651,1227
0.09590864974303714,0.007057045779324089,1228
0.9702158615095692,0.24813088987151422,1229
0.13753639555828368,0.03555316818487775,1230
0.20518002175430017,0.9132663731951527,1231
0.49003202219234243,0.5841422079122989,1233
0.6910197839770974,0.889035255652324,1234
0.5757417176027377,0.18073509197929183,1235
0.14355002509957604,0.0295643465026858,1236
0.9330035188366025,0.27333134623537025,1238
0.9251283874145236,0.1527267444957836,1239
0.3089884795309985,0.281823586980104,1240
0.905635770462752,0.26967995921468313,1241
0.8592959256699316,0.40869191171620745,1242
0.13460189874134554,0.6682020042115443,1243
0.2870102363250734,0.24634192278722855,1244
0.15868898147672617,0.9335301308191719,1245
0.7589963324358585,0.11002097380442954,1246
0.5207614543571761,0.9329695935425201,1247
0.8585289498071161,0.939634347654834,1248
0.4707863440977573,0.364718618166162,1249
0.5472601837142071,0.14240383299125836,1250
0.18616712411767178,0.19679939427843696,1251
0.6921039178471651,0.3027029678521771,1252
0.1730079843506106,0.5045463110011577,1254
0.7164468931503569,0.9952588243203115,1255
0.4521588735141462,0.3165206594292187,1257
0.2155878132541169,0.30574010409177954,1258
0.3087369403276363,0.2364374912865591,1259
0.9902312096923418,0.8464171093211468,1260
0.5933880681458802,0.9941235612650833,1261
0.7275795359331674,0.09279668795518448,1262
0.7795108486796445,0.7039712103591179,1264
0.9251414626418603,0.8869176183109754,1265
0.6720008704393439,0.9929687466362009,1266
0.19805913231676708,0.6205577839623537,1267
0.45593182829169365,0.3274267557395847,1268
0.4543979181839747,0.09049869945185796,1270
0.44919041571268403,0.6397557387386393,1271
0.03523333381856497,0.4393500863904982,1272
0.9401075338693301,0.3420123535707432,1273
0.3492634727547479,0.27699323921288566,1274
0.11148295801314179,0.11070134257049202,1275
0.9229099045938925,0.5365820212385805,1276
0.09349358734243396,0.9569474631482554,1277
0.4709288387220327,0.1821099313074539,1278
0.9323965960954564,0.8358622719514565,1279
0.5770012497495779,0.5215672852658709,1280
0.025832388564179798,0.6080619515633059,1281
0.701159016387317,0.07013026217622065,1282
0.17316823338197151,0.10467448389817713,1283
0.4244195816691112,0.8987430992623018,1284
0.413919614395835,0.10615542479408469,1285
0.9462366177168695,0.36891497030591336,1286
0.2211931690361928,0.2835421021321496,1287
0.5993969542435673,0.6229095960974718,1288
0.5321084146228021,0.6105019366482055,1289
0.12187281926020277,0.6300093293490565,1290
0.7505228543944166,0.07367372915681925,1291
0.606013358307962,0.8291017811299592,1292
0.2221557878233419,0.6410577054107618,1294
0.9232834294138776,0.05618890392828402,1295
0.9433546044511502,0.8349094272854377,1296
0.20442037069930308,0.21121890098860163,1297
0.9538970785394962,0.3195155102593946,1298
0.657758619470665,0.45657047071903745,1300
0.53093804168134,0.42926489895090736,1301
0.40297629881976293,0.677423588773,1302
0.9213286649534356,0.7261469769243162,1303
0.5907389947886855,0.5395530049763612,1304
0.7877149258576656,0.10208320011068128,1305
0.5120707928722552,0.9614072627424194,1306
0.8415939821193323,0.19070040163292523,1307
0.9323316791361023,0.6099595295679193,1308
0.43505802222391177,0.47193356390175767,1309
0.06468888327209221,0.7154601464836621,1310
0.21651716722909664,0.47524192666971976,1311
0.8642969934596849,0.5971744368697788,1312
0.97090399184104,0.5405819132078651,1313
0.14653600891640883,0.6615154408471744,1314
0.8213775946641828,0.9914835435332099,1315
0.701102964791062,0.5194802983125194,1316
0.8401444607999812,0.19253406672437035,1317
0.3087107630135879,0.7547887167642211,1318
0.47284917924019154,0.4284794460830105,1319
0.48834425444941876,0.12844737758289126,1320
0.6157639236762221,0.7747252171565499,1322
0.6593063715518208,0.6733979221161901,1325
0.31871167831026204,0.5870490826791241,1326
0.22561895637754503,0.5918955422791183,1327
0.5849697998621823,0.8827150322251882,1328
0.8903520311859412,0.225353279300197,1329
0.41583483112558595,0.049955045077030524,1330
0.6212480286027219,0.31769472821541833,1332
0.2439783550140492,0.2920871596639901,1333
0.9830718972592861,0.3165240698650762,1334
0.6924315344682913,0.5732512558804015,1335
0.17744763831398247,0.9324803317917246,1336
0.9434932348311202,0.3186796043144854,1337
0.19329741346065432,0.25614087293004717,1338
0.00652186131340271,0.2312332887774955,1339
0.7198606446080651,0.7921915485082527,1340
0.5668692945015719,0.055079629031278055,1341
0.05546667722047194,0.6470069710734111,1343
0.35846830319419154,0.8653662328066315,1344
0.09074516849624281,0.22775475416919255,1345
0.2822067025467193,0.7205794196345673,1346
0.6661804955769515,0.0983142661422085,1347
0.3686874525153946,0.5181148674693844,1348
0.7182337067465822,0.48378614028382627,1350
0.4114565250402281,0.679157514917467,1351
0.7083761299095209,0.43759076184733403,1352
0.5002371578329298,0.4637067129596969,1353
0.3823873193888988,0.10915512335448685,1354
0.6454016574012577,0.13345104264849572,1355
0.2853401856742295,0.8959140102683254,1356
0.5265656104402509,0.8626827843680175,1357
0.06702514357750322,0.36918911671568655,1358
0.1292650304592008,0.9989030006173846,1359
0.036993225021676124,0.3347458562787967,1360
0.29093393105211496,0.3613291723545581,1363
0.4226127256569927,0.4725775449649603,1364
0.5338103511815396,0.20312126728713586,1365
0.7045198272105745,0.8082040325020715,1366
0.04557447387334668,0.6887512618666057,1367
0.36456801400830774,0.29781886310948325,1368
0.03505999828358641,0.42155444309896783,1369
0.7468623460292534,0.16859894458703895,1370
0.8507336993989288,0.15469293093741754,1371
0.2800053657748407,0.7720927276716771,1372
0.09210721336082572,0.9731144922265123,1373
0.023567542322631363,0.8466871349910348,1374
0.03852675295200636,0.46251045479633557,1375
0.361224398672666,0.09237191370932085,1376
0.8239209571424391,0.3885893342076777,1377
0.29014916232036725,0.44594084780597254,1378
0.7642323032269163,0.9231620593442512,1379
0.18801059890249272,0.4361836931084294,1380
0.5115028419719947,0.642776295737558,1381
0.43857027525514247,0.053756855926255454,1382
0.09821286895270487,0.12370494159705059,1383
0.7845221666974913,0.5727705740943005,1384
0.606117918670609,0.9646082712731673,1385
0.5739319216536267,0.7145086707250001,1386
0.02917251584797531,0.940795539602151,1387
0.45163264772185074,0.20151290351727358,1388
0.6559680903863885,0.8240838999513319,1389
0.8166286649841118,0.9277360575486228,1390
0.6518736259141099,0.85069689602866,1392
0.7435426227717545,0.5599534923501962,1393
0.4493136214945199,0.8525607041189526,1394
0.7101631601860309,0.520044300590129,1395
0.5691813481772052,0.01956049181170194,1396
0.6729626688908409,0.9463765128034634,1397
0.4639917638327683,0.31131701307821136,1398
0.9569361871413783,0.41370645374650605,1399
0.9118807790152076,0.9131702764927968,1402
0.8931902220634127,0.7797667336548247,1404
0.3713564300821329,0.8643301671437738,1405
0.04752960310581689,0.18196752898935742,1406
0.9998311958611035,0.6776143764644336,1407
0.4356656256438529,0.33824424000279407,1408
0.8349237014046457,0.1997760116270405,1409
0.7187529537208533,0.06761805192436376,1410
0.5281751098939861,0.9371334956138317,1411
0.5141092286534144,0.3861156544119644,1412
0.6969251353044588,0.1330732567122378,1415
0.24598889607699692,0.0979859595815381,1416
0.3656968503076785,0.8738574478330854,1417
0.3713897910735656,0.4439857955765967,1418
0.36006740343040855,0.32595401951674186,1419
0.7412950966395492,0.40765258814924443,1420
0.4655229303200902,0.6537275377273499,1421
0.4804306440509658,0.17943478851723793,1422
0.47978749426663536,0.44874040811033455,1423
0.8497695159084924,0.2870367611218082,1424
0.07612201709168753,0.4127105526420787,1425
0.7089795628316146,0.6348146117010556,1426
0.513101674329344,0.2073057648302139,1427
0.7442387791315445,0.9026890659512526,1428
0.9658801384715247,0.27606860811063194,1429
0.6587523273990611,0.6133606305209728,1430
0.005954254194143416,0.1939060956855636,1432
0.8919519423165346,0.6403338504316716,1433
0.07810514632088739,0.13178037432469392,1435
0.10725355169086193,0.9011348449227556,1436
0.8574688468672429,0.30107118127056887,1437
0.2921765589186396,0.03612975266082541,1438
0.2285322131343137,0.009937628273343657,1439
0.011785729165294634,0.22820630761741023,1441
0.4529749874323932,0.2649596510445389,1442
0.4435856263543392,0.6182267180515141,1443
0.6039064157575136,0.12053281297716012,1444
0.4255446761142134,0.4731774286820719,1445
0.15308633693416585,0.040248056348835215,1446
0.21973170754332016,0.993739971392948,1447
0.551630434395199,0.869324768053759,1448
0.46644988082655925,0.5365436999632939,1449
0.35589024689692506,0.8884421820059918,1450
0.1363454966056601,0.29838162492737175,1451
0.2611330821614801,0.8898987449034111,1452
0.5389241827780544,0.6457285998230968,1453
0.6798528744835673,0.6243132659417856,1456
0.2255626835052168,0.8176508474729021,1457
0.7779914973313786,0.28369227685600007,1458
0.27213912997696577,0.40364179883469886,1459
0.8017110506188359,0.24152748647588018,1460
0.4532096398790343,0.012625093807963395,1461
0.5579545012099612,0.5087103835836433,1462
0.1567039132315735,0.6457873769670023,1463
0.5995845487273848,0.7474635896879358,1464
0.6445027402959008,0.8554430735589335,1465
0.14234182274828366,0.3970606549264045,1466
0.9621441569723471,0.8305553440039712,1467
0.6683135199066895,0.9042507535260104,1468
0.7304629005484043,0.3842189907925446,1469
0.3804110571171916,0.37732148974042123,1470
0.41277043958037063,0.3025401601979921,1471
0.15581742617757177,0.5931367337997495,1472
0.3263844521617023,0.3004945361658111,1474
0.7019120978737211,0.2879330761497003,1475
0.7527497554752521,0.8476740789063503,1477
0.7904133508864487,0.5633852043517678,1479
0.7202794858873115,0.21330826444978956,1480
0.8937034356613883,0.31655341628207245,1481
0.8401413670791191,0.18891291949266475,1482
0.8385087214427706,0.14523080540409194,1483
0.298618859306387,0.5207713284634892,1484
0.8312234450225756,0.006438118034583162,1485
0.44023087910368996,0.19798666540363974,1486
0.9340500305211692,0.1744642804981975,1487
0.5756984339999646,0.3121012530918431,1489
0.4532832614100242,0.7301496660757726,1490
0.5810290808233278,0.4420797863602477,1491
0.23257876068811867,0.1866994022915741,1494
0.42569725840995887,0.62688460293177,1495
0.4780277077373657,0.8958928667161444,1496
0.14283530669554056,0.18283633505089902,1497
0.6033570610605938,0.7830476313290955,1498
0.0008243942927614878,0.35264243425704234,1499
0.9357670941869103,0.759066797142593,1500
0.7411182109987398,0.8411064174270897,1501
0.01880708692414179,0.3385951155956455,1503
0.9469582104209893,0.7794325217775921,1504
0.7288755099378744,0.2647468511055563,1505
0.7622723874486188,0.7744286617304216,1506
0.5648042864645422,0.6263373843989741,1507
0.15326803228481967,0.5217060177615233,1508
0.1716764950283245,0.5580287757529557,1509
0.5074617880616049,0.0489497111450492,1510
0.18726538839446072,0.1604895379499388,1511
0.9933637056027881,0.41279293829824937,1512
0.7812993166159582,0.9315646015278078,1513
0.22101158571987156,0.29495760031312257,1515
0.22080111311494866,0.029840617017354965,1516
0.987741287045569,0.6281733877063264,1517
0.13184586058859993,0.7629783648536395,1518
0.4811349632234625,0.6130740396984053,1519
0.20126107787963055,0.6530770419394754,1521
0.7966313144274816,0.01976788873784885,1522
0.16738220511100077,0.29033424524016127,1523
0.08089641556529714,0.16482628186078696,1524
0.6150889023724845,0.9240973703731624,1525
0.21501759103104068,0.44137210804279525,1526
0.7691209866518269,0.17278753475478537,1527
0.8984125247992294,0.3227300892379692,1528
0.6031801647059312,0.3599040037415845,1529
0.9360543190846693,0.5815242083684661,1530
0.7783975526033798,0.039070423935899434,1531
0.663884482961297,0.2314052012770491,1532
0.31385394032710856,0.4669216343797683,1533
0.7059588460166606,0.4152322787244117,1534
0.4345487712392778,0.526130010970682,1535
0.39152252758249595,0.25318011697572695,1536
0.9877554971252592,0.6045999110361671,1537
0.18429461580721296,0.7363960508822263,1538
0.9537930348245219,0.9647523130361321,1539
0.2546884550033125,0.09903147001237222,1540
0.7169617497387678,0.787323062226765,1541
0.5197112761505929,0.09172381729950019,1542
0.7236066298995748,0.30190667729361154,1543
0.3234901118473268,0.2540243159173665,1544
0.46638097830753256,0.8587672473168605,1545
0.5492944109431935,0.9943523028351243,1546
0.4668253262588524,0.47349552423692787,1547
0.9873546654812974,0.9826332779017758,1548
0.04068869449084278,0.7966186800180112,1549
0.306701859745684,0.4884917685528056,1551
0.07426060099412102,0.20882942078054745,1552
0.9553988459857266,0.5812430075064229,1553
0.04998069986237341,0.45077572033539515,1554
0.08703066236143708,0.46239915404802434,1555
0.903362713127814,0.9674459232766349,1556
0.4916052465630125,0.23303216925444903,1558
0.12695612516774202,0.48320867139472323,1559
0.23522012881754328,0.23753779954050913,1560
0.049745669902842904,0.33129015363920566,1561
0.8552318646637835,0.2741535051935897,1562
0.619632287038484,0.6615511336577445,1563
0.2841016816808456,0.8485678701830507,1564
0.6680448259245051,0.4977306771399682,1566
0.060515934811794625,0.5677164713596056,1567
0.8446040150878006,0.9865049992069025,1568
0.2536889398213402,0.9417129219670632,1569
0.46629675659704084,0.7572862997735023,1570
0.002032628791908464,0.5509544678572424,1571
0.4318971318411271,0.6430351092288733,1573
0.43956227301446327,0.6922066711615236,1574
0.043093106103833545,0.09628983674590275,1575
0.9942299459978055,0.7390854730506958,1576
0.5273518862832245,0.32335037292295943,1577
0.10395670208444752,0.32097205102210546,1578
0.04884063548555506,0.11310753717373123,1579
0.45748932490717054,0.6327386531063752,1580
0.3076365617829886,0.8509939767329432,1581
0.782493375862808,0.13310638098966077,1583
0.66534144944983,0.2667795577655073,1584
0.4508930581081828,0.6873348546263358,1585
0.48380730401563465,0.56858859726948,1586
0.5461547451499031,0.3991184557256714,1587
0.3377708284901213,0.39341819946871925,1588
0.6021975942803984,0.5712737199740471,1589
0.6717434539133953,0.5770980524806689,1590
0.9003661989023116,0.41422267824993586,1591
0.11303569162928051,0.8689448657137026,1592
0.19033304455625444,0.9830628530872887,1593
0.8948952147657518,0.47792846696883406,1594
0.5683235300637685,0.35235100712843026,1595
0.5086764569309782,0.20486678960738036,1596
0.9252913947860439,0.9908674627811263,1597
0.4903298169179483,0.5077098584186037,1599
0.2729486150606487,0.9481189690972683,1600
0.7094487418484252,0.4099125990832263,1601
0.6315745165102641,0.7308130658448388,1602
0.7492841647931912,0.4387945553929865,1603
0.056691038674374084,0.34320334284508525,1604
0.09830224061156145,0.5498054061067217,1605
0.35560655855080725,0.4787616567978167,1606
0.13802222639977557,0.2971737203164059,1607
0.45688027532381204,0.8658653225280503,1608
0.02431003224120576,0.9300717396269058,1609
0.7568686199957569,0.7068481506507651,1610
0.4396238920009876,0.5248628958381963,1611
0.32746763429156434,0.24830995917283016,1612
0.9903639353410162,0.7511888355937192,1613
0.15718797421215913,0.8019739126714706,1614
0.3249546800754395,0.6450506146829379,1615
0.28223099986775646,0.06283012256340281,1616
0.27728388297911677,0.2519606187271214,1617
0.008732321540860899,0.4245055818703508,1618
0.722438473379873,0.7261277569058262,1619
0.5944300419288494,0.6338978298861825,1620
0.44305693446472627,0.6321020062328757,1621
0.7919425463019958,0.6150397391679339,1622
0.7304403084153648,0.6851623801576844,1623
0.6454321050063702,0.24721887320846925,1624
0.7756475919042856,0.38635694894654826,1625
0.8560383612675962,0.4116395750773273,1626
0.8861608643465798,0.9889010885440908,1627
0.5894957759614908,0.32696545123693066,1628
0.800238017222578,0.6778422892224625,1629
0.6905893574638213,0.1159673709642357,1631
0.8090171714480965,0.2990971968729925,1632
0.09712658618477499,0.39633491289720746,1633
0.5582391738302035,0.07828760520281675,1635
0.8327458376664868,0.5485849848261002,1636
0.23270703850402408,0.7316244275187345,1637
0.22935860046805734,0.33689868165810344,1638
0.6688984350888891,0.3125352254271452,1639
0.425055985922731,0.9735074055025321,1640
0.7000302391617975,0.7349042004357218,1641
0.2531189738968358,0.6209391828009916,1642
0.5815516927669859,0.9186637997284147,1643
0.5723712452189407,0.8100966366413872,1644
0.4822202565391456,0.16697661048317713,1645
0.690773167632968,0.9353496143846637,1646
0.9702396894203601,0.3327471576456954,1648
0.1245852001920219,0.1734116958613705,1649
0.34167578182144287,0.9329290195159092,1650
0.4189727141865238,0.3407337546206086,1651
0.9260338399278428,0.0634035536783285,1652
0.2436244943717184,0.18346891953155364,1653
0.5660810249740718,0.7938018659566523,1654
0.23895279258963953,0.3296157498520621,1655
0.05603520838271736,0.8841101693454806,1656
0.7485742927768192,0.27952329210456484,1657
0.7383411486741748,0.4194720842829125,1658
0.7677167705971787,0.11425273874341868,1659
0.6725773264292706,0.6016237251996019,1660
0.8612118014302982,0.5516829023421991,1661
0.3248185146983269,0.9110516182155591,1662
0.7975743842236394,0.8322000137768212,1663
0.720058696576589,0.8625152775008696,1664
0.37361763904206513,0.5880547609056261,1665
0.5268179638845524,0.6427448619127345,1666
0.4630963797968852,0.4197511209548801,1667
0.313403054988876,0.6181601856220411,1668
0.11769226639373964,0.04983497015440419,1669
0.32754393185378483,0.43610677925199703,1670
0.9909625827465446,0.6403661053214628,1671
0.5272002826989438,0.6622775284930797,1672
0.6419220442026641,0.7965904262157315,1673
0.17065900900335984,0.44981136495174434,1674
0.9680733113544168,0.5858118937629511,1675
0.6505960650822947,0.8769828447798497,1676
0.636558987631953,0.23226869631644953,1677
0.3574894873099669,0.5302831167969072,1678
0.22949664010215454,0.9205530660069086,1679
0.8954492958114859,0.495884178246772,1680
0.146327201635169,0.5343944304528773,1681
0.5115568832201328,0.25124051592084884,1682
0.8297718219946643,0.1622392448866573,1683
0.07267730184451437,0.26222557073752806,1684
0.6057150052057941,0.27076535255309075,1685
0.6534236687804913,0.6426656356430089,1687
0.5481080166005903,0.3997275402790539,1688
0.05936476106774302,0.3893589335553934,1689
0.2383874703542339,0.3756633020541139,1690
0.9680600485699141,0.7938973107513607,1691
0.5303942683455118,0.07743370186854837,1693
0.22868093295865577,0.6264177553130498,1694
0.3708133075262784,0.21922743982242265,1695
0.5383212690138299,0.2547919955300252,1696
0.6168566585365639,0.9551317182889342,1697
0.9754287315253889,0.4152452265335017,1698
0.9251196345296997,0.2861608463600045,1699
0.7548390994800138,0.3154198129630774,1700
0.10795155539505674,0.2805525358296038,1701
0.2477880464766289,0.11990489408525473,1702
0.1674534285680428,0.07666931099943886,1703
0.14390445960588982,0.9294086452898468,1704
0.1831321806339835,0.8498676606814428,1705
0.13000554862035107,0.23035152965585914,1707
0.8293881923374543,0.6210220389710168,1708
0.7884218078568863,0.36666579957570444,1709
0.43344844529642235,0.49317275059341437,1710
0.47422573506394095,0.7614298176050268,1711
0.013711898426569391,0.4599725660528513,1712
0.33451002739633406,0.9385610050399852,1713
0.5276928657487613,0.22577366997108494,1714
0.7341191289260034,0.9454588334310695,1716
0.6764974055538671,0.3558418685051511,1717
0.8015656789048801,0.5571484272646783,1718
0.2322880469294617,0.5714753149605882,1719
0.3789019891102169,0.7493174960737939,1720
0.3081331237752212,0.8780687400127904,1721
0.24567004025548367,0.26898674305269044,1722
0.11110794582575279,0.17148513461460013,1723
0.7064688411231591,0.8621912305906204,1725
0.0862056613810962,0.6970963829114818,1726
0.6851257334158112,0.7469028976076069,1728
0.6322418448371958,0.12665936082438456,1729
0.023316760360880595,0.8079149372141757,1730
0.364041363471311,0.07374237290051244,1731
0.4269834009516298,0.25169350735044005,1732
0.9799876081558991,0.12662435013090123,1733
0.5095286392570488,0.9306602372662294,1734
0.9611138511353207,0.12696406506703217,1735
0.08482194841535085,0.5845749627272973,1736
0.4172676292008092,0.16885692905135352,1737
0.4403289802250304,0.564073927997616,1738
0.9002080203057532,0.4110663182364581,1739
0.7905223675760876,0.41509352557923895,1740
0.08436126670539801,0.47482776449842745,1742
0.9837631689762854,0.894008355868815,1743
0.711619905239865,0.9694573844990757,1744
0.8657923379338249,0.3062471615395339,1745
0.6151389957247272,0.6809624510055329,1746
0.08637499589925202,0.08977919437164494,1747
0.7419005894456316,0.5937828404896929,1748
0.9371221680466606,0.14379479655143235,1749
0.9418932440072538,0.027863249662840817,1750
0.5394502124584131,0.7427592161500606,1751
0.8546146763093376,0.15872374670958933,1752
0.2859115713188457,0.6708147563003308,1753
0.6577684836737493,0.010864151313683235,1754
0.7110793835253467,0.3364247598869994,1755
0.8664477033037453,0.16747156511000794,1756
0.07748998371984361,0.049482734065448675,1757
0.8660985437106112,0.5375493956450114,1758
0.5558158358286863,0.7728861688923112,1761
0.06738547783164195,0.20789882617955402,1762
0.4349839427247808,0.13567773692962737,1763
0.6062493667532678,0.1870089192111466,1765
0.5418447226579732,0.7349880399607756,1767
0.934972812256528,0.24843193190422908,1768
0.4071492876380941,0.07358833873671888,1769
0.03146918579741487,0.9909945051928286,1770
0.3491328952900483,0.4850759892630674,1771
0.5177792771967594,0.13461765440789553,1773
0.930706039066815,0.11128003829247535,1774
0.7121925686397952,0.6785767597063017,1775
0.6086375845429401,0.47751602319942466,1776
0.04971172382001865,0.38977023483324136,1777
0.039049430305109656,0.30702315552665105,1779
0.5496079794897144,0.180621158320595,1780
0.20148112792376893,0.23977263082580969,1782
0.9600641701894947,0.7438753919219709,1783
0.9603616220007843,0.5355190519301799,1784
0.6064680215830056,0.40165623007716067,1785
0.7782194727513954,0.7974106747448829,1786
0.5095743431751463,0.28579507250746716,1787
0.9582167919413164,0.7367556819911688,1788
0.2837665553918901,0.07853843420991147,1789
0.36464277945371726,0.9197327462387055,1790
0.03374123837853449,0.37083655887826983,1791
0.11795637838168427,0.4578912015872715,1793
0.4617407765114543,0.8977435132339834,1794
0.15564263066862893,0.0854652468323982,1796
0.8957498150136414,0.8371931261766108,1797
0.6608039062826383,0.27128050021849726,1798
0.8034675795252793,0.6130704757013736,1799
0.4944900190809961,0.7556872864475275,1801
0.11549026335516499,0.36457266453248527,1802
0.5347057570434319,0.6665001163529466,1804
0.16806833856815007,0.8935386094280516,1805
0.09342817904223433,0.058923400595716324,1806
0.7223042315874435,0.6192510701027761,1807
0.5149338378602936,0.13214334622443835,1808
0.15424005710379107,0.6995139444761016,1809
0.7000762390560716,0.8081749163733911,1810
0.03931477073792333,0.7093136802891021,1811
0.9414491159635611,0.48960165598545713,1813
0.2188160805766769,0.5477095968412568,1814
0.15220793361796647,0.22497113005190517,1816
0.886483667141945,0.14065148597827903,1817
0.7447711059789015,0.6925184794166247,1818
0.12618319020185753,0.3133492640107828,1819
0.05212039436054228,0.004171399243252605,1820
0.6428884040138375,0.7931026339278522,1821
0.6200220576874633,0.4426371842034481,1822
0.057783985634339396,0.41316628099206965,1823
0.6801009023024316,0.570372803664389,1824
0.6462316262994721,0.04980137408585672,1825
0.46047082591479527,0.14834882782923586,1826
0.2489599680691138,0.9838035540221117,1827
0.8883802661721499,0.25175625552563063,1828
0.8227226751697384,0.3612888648564707,1829
0.07386221098554335,0.5300232555337324,1830
0.17432439923778043,0.8946080037755317,1831
0.12556454672376238,0.29309685004220876,1832
0.007962859038881054,0.5573281279547924,1833
0.5216158699657095,0.2923039326546719,1834
0.04789072403517569,0.4422423205841861,1836
0.13459075365203244,0.016172240277291028,1837
0.8426421953477353,0.7934057661345277,1838
0.31247149551336495,0.9140348738142493,1839
0.3000795513895472,0.30330637946148686,1840
0.9829425395366403,0.2566469875942502,1841
0.8853847255678264,0.9948432672060473,1842
0.03746632510633019,0.08342892416938352,1843
0.7768380873039874,0.9085897641435055,1844
0.3431597532055428,0.19340636193244165,1845
0.04725152897883489,0.6088343493502295,1846
0.0024879044306791442,0.7624833861119756,1847
0.5517329167378658,0.007192155348466511,1848
0.9821479382698439,0.5931008798396831,1849
0.6832466927996169,0.4068383470961985,1850
0.8602832429422154,0.024726690332531498,1851
0.7612476717283934,0.3126629907482905,1852
0.7583125192625724,0.4963510820912794,1854
0.4912585442764087,0.38952303865285354,1856
0.0424233152050737,0.8338230542951787,1857
0.8924062477097682,0.34593192537302475,1858
0.13408803069516306,0.2160062003967751,1859
0.608754961310424,0.3824286728919777,1860
0.7024391986835204,0.09602791031314561,1861
0.07640767675593796,0.8440122639091567,1862
0.8504833880666488,0.770434441962753,1863
0.6074353498007881,0.7383100429630393,1864
0.9592237009682905,0.6357064761624931,1865
0.673203945895222,0.15089374069233352,1866
0.6739568284086203,0.15911521591050204,1867
0.6700114936362414,0.3618920547623389,1868
0.8022481140080668,0.8934157423300939,1869
0.6368283456260794,0.2855151216886721,1870
0.7677159123236953,0.28315818013015603,1871
0.3082829099798171,0.5849387360288771,1872
0.8011429991750406,0.3717984412512706,1873
0.5457230357960766,0.6449232043027899,1874
0.8264548771369393,0.24794868617120458,1875
0.5184250858948141,0.6637463442542207,1876
0.5353916648875532,0.20785141873635127,1877
0.4945336298402836,0.649410469200077,1879
0.02067923962416418,0.9136922827125429,1880
0.4846440221580761,0.6026643803019238,1881
0.1959272485500657,0.7666089004365433,1882
0.06235252801692648,0.9427719878084322,1883
0.8309593658496988,0.208544416883352,1884
0.4479167318641074,0.7271693989299615,1885
0.09458887732718324,0.02852884174751924,1887
0.5090127354093738,0.657570580145862,1889
0.26332667314490854,0.18136026514889714,1890
0.09621211030284749,0.512247262089929,1892
0.547263834940732,0.8617718922297372,1893
0.3848592821094359,0.23936529007278773,1894
0.5754610651893699,0.8341413010385825,1895
0.8373271447655481,0.5317754531977055,1896
0.2556301025223048,0.5868966928726402,1897
0.6504079949656483,0.5738433594082951,1900
0.12733238747489573,0.6496183735625883,1901
0.08620864095270664,0.8656874568739235,1903
0.6578303318517215,0.019970279621774334,1904
0.06754139973785322,0.5666979997909067,1905
0.49774719233598497,0.5984601460801919,1906
0.8521921900883087,0.1253695121725742,1907
0.2994330438397593,0.8664693985304993,1908
0.4698751344484158,0.48462012659495246,1909
0.9411920096439411,0.27594969718806595,1910
0.10994149137978759,0.13248166075141465,1911
0.8670991671827348,0.8451175972524948,1912
0.9569876493961151,0.5123735677797719,1913
0.39540606174147763,0.061607470803010544,1914
0.13689290626463368,0.7121054109779819,1915
0.09504467497984326,0.19925605575423677,1916
0.2483978984925581,0.8121057318547035,1917
0.46187901025313927,0.35822713301267284,1918
0.5346124981106938,0.1556300828548285,1919
0.11285226298538975,0.9411207333539343,1920
0.26432121981081025,0.10805677897638288,1921
0.02291180684032801,0.8381371674318294,1922
0.778281801919085,0.4266514438060097,1923
0.8159909523256546,0.2834113670388422,1924
0.07089402414451096,0.25157253658255097,1925
0.7381197111206049,0.5228761978927811,1926
0.41372649373234127,0.45649444468063693,1927
0.5829608490698965,0.9010017859931456,1928
0.20302417243023463,0.9125159894342625,1929
0.5509599571576663,0.029076086145945923,1931
0.963086307414493,0.8054712847843793,1933
0.7352689620536454,0.37916827586047597,1935
0.489351881999619,0.8152229838034837,1936
0.4500687006488915,0.4210431234069555,1937
0.9075269713638622,0.10276029613890458,1938
0.7485098298318652,0.04328953751324083,1939
0.3261953889684278,0.08926214111906117,1940
0.42457068287049293,0.20383884716638112,1941
0.32018976209729344,0.033308311551650704,1942
0.5108426997084415,0.6502896389700324,1943
0.649547280891313,0.35827513856599125,1944
0.3167920030416268,0.8633553920903229,1945
0.36206298400208925,0.2550693450827948,1947
0.8458453737658559,0.4135506204542615,1948
0.9002448307074867,0.7959066814334839,1949
0.3433934447595387,0.13888794352543832,1950
0.45825626949401443,0.6165301894111491,1952
0.32572434318822474,0.7279339002976404,1953
0.8303555307161421,0.2205763645870349,1954
0.03181122235738931,0.6838175735585252,1955
0.5866524716874593,0.7895849305600298,1956
0.38974129020768944,0.7324687738332043,1957
0.581462537308206,0.7337168103162165,1958
0.9321117857705913,0.8335403041114019,1959
0.14662000738976333,0.7295446072350558,1960
0.53415134718665,0.8415924856845336,1961
0.09212610713554281,0.2636177066724167,1962
0.4397625991496932,0.7831343850468496,1963
0.45661500413871203,0.4323008304984216,1964
0.6627568522578831,0.6355802201563433,1965
0.21489307029197613,0.19864094707043178,1966
0.2550812649912463,0.5616497053916418,1967
0.8510376748968035,0.1022383600493002,1968
0.14820378138439738,0.7612267287009377,1970
0.11287400107364387,0.5423957725948007,1971
0.3715477357925684,0.921536714263265,1972
0.5954766714743138,0.6338667606093781,1973
0.40259046829905665,0.46204367839263183,1974
0.43621662065942346,0.10550915593225996,1975
0.4387334182768491,0.8228099231909788,1976
0.09242790508943988,0.9960761310764268,1977
0.6233432588413764,0.9137570247395435,1978
0.918130206968939,0.47121896073983305,1979
0.026544910620533213,0.3047713777515023,1980
0.8689437918551001,0.7838981586244168,1982
0.9877760837883413,0.15329135194257915,1983
0.15569225328926994,0.10811916567442548,1984
0.11360544480787815,0.9447073711040749,1985
0.19154284770218333,0.6086978323100565,1986
0.11414387695344974,0.531137182335256,1987
0.3779028473099235,0.7869219385992958,1988
0.14940476198091668,0.48811950350291267,1989
0.7317386108809264,0.2915262818612476,1990
0.33956017756770795,0.21896814316360713,1991
0.38638610459558187,0.011397632031703298,1993
0.7473645167218874,0.9837727843750609,1994
0.8209354673382624,0.6490526503858873,1995
0.1658176626633947,0.004433139782868634,1997
0.40155165189024977,0.41784202478506116,1998
0.3067128205783539,0.4325899226300889,1999
0.26502926442911634,0.385923800872532,2000
0.4761255382571298,0.7187687761376298,2002
0.16856786925359069,0.9638531363779038,2003
0.9172833832034925,0.8753393677378679,2005
0.5516170313109234,0.8887558046105718,2006
0.4912191332907526,0.9888472761069919,2007
0.6152786923914527,0.487752168248503,2008
0.6271886165033225,0.9928660138947183,2009
0.29416082901839735,0.1661525375157451,2010
0.10739982047904217,0.11268839300112987,2012
0.8685196942030124,0.09969666472098437,2013
0.2517197652861026,0.30996918624190783,2015
0.26898134390983497,0.06185903712578056,2016
0.6458215904460749,0.07483002635654368,2017
0.5077851825612795,0.3025374099892887,2018
0.5243578282247369,0.14164600019076712,2019
0.8051570785594067,0.03808826795139919,2020
0.5043023886863303,0.9221514442014311,2021
0.6037214297412564,0.41032405390580595,2022
0.7391604548119869,0.46872160866190116,2023
0.5300906566436431,0.8955216508011434,2024
0.08588028369936762,0.5064209080553012,2025
0.30072433192283743,0.5014615487761493,2026
0.1439355268733742,0.16728207067773515,2027
0.7577955536617272,0.6183289105229435,2028
0.2970624278599402,0.6944004375045215,2029
0.509155316830649,0.2841169223760518,2030
0.7418318707202445,0.9964056696038567,2031
0.42500568529444815,0.999214007165226,2032
0.10900047952223801,0.039224263076108046,2034
0.7444807246186814,0.7980863056919194,2035
0.35957639009152353,0.9410958936163268,2036
0.6053282562174414,0.17282159435292832,2037
0.44127970221386315,0.47135241435257536,2038
0.42720687551509173,0.6810647298646259,2039
0.27086042436954505,0.8769454551366905,2040
0.838903906182194,0.4252231647985528,2042
0.9406924458957713,0.32236847389420786,2043
0.7072443735588991,0.9990928203608128,2044
0.43103561030951343,0.6796080904274837,2045
0.48661846810463505,0.23989864957626006,2047
0.22033825968622334,0.42951193204978466,2048
0.8445630598043977,0.07837747752689883,2049
0.3078693824070604,0.9925216183497524,2050
0.3048234797688586,0.7643062199672946,2051
0.9101786143774627,0.1124067990905715,2052
0.7245932468797421,0.7133810116452836,2053
0.5396545291160195,0.8640542890998767,2054
0.8768241406230041,0.012643816895586801,2055
0.9333548612846506,0.06759514012369494,2056
0.8625143708861563,0.8664298111441147,2057
0.8204255957107738,0.9383317246324048,2058
0.9951397996884083,0.14706653948257642,2059
0.6198059801162414,0.31003925341618255,2060
0.6623880750281175,0.14444481465756587,2061
0.26350318335201883,0.5017847610602519,2062
0.8530141510174608,0.23805533866707962,2063
0.9449931953752715,0.6972736055255528,2064
0.7923070296688065,0.8393856326889569,2065
0.2761454102430252,0.7379396757115841,2066
0.7686071215649056,0.28184916492137624,2067
0.37425910625200254,0.7707283627871896,2068
0.39352599645250397,0.3532247723837877,2069
0.12332166388055765,0.3073773692806223,2070
0.49111534974145266,0.4842296541430313,2071
0.44431438858934313,0.967503953918727,2072
0.44614777881663514,0.6571200424700956,2073
0.6722196355630574,0.6818001705172458,2074
0.3408363499027256,0.7411714031598299,2075
0.32979450572786595,0.15587367716328604,2076
0.2709598725972394,0.7476729773572167,2077
0.23123728842879077,0.9595721944672382,2078
0.878027188933031,0.6565964889939767,2079
0.4504167670721899,0.7960994246573952,2080
0.3772029691180936,0.8530660038326922,2081
0.22891778770255677,0.9992618223273464,2082
0.6990467607659494,0.5545818316360839,2083
0.47364045360067986,0.2956096623358687,2085
0.5546072471062519,0.06156792429434821,2086
0.2799890027273121,0.6351292230845418,2087
0.5148659746534275,0.9181142665891724,2088
0.8859910732910088,0.9227535813230409,2089
0.5387645489262636,0.2651429373304639,2090
0.29381175259911996,0.2793131911896538,2091
0.5157474041043574,0.35599437288594427,2092
0.41157451822048885,0.5361964785352676,2093
0.5559510047088035,0.7937104919728937,2094
0.03996274700518465,0.8482154409507469,2095
0.4284161990311418,0.32729890070631695,2096
0.5129045312457937,0.16332479126412358,2099
0.5428686172706194,0.3573716728840709,2101
0.32056515406620945,0.6909583036268492,2102
0.18708123088679107,0.06677971766284674,2103
0.3223813670030784,0.7266721228760182,2104
0.9376111370486291,0.14683776045046837,2105
0.2272733098649874,0.9704243431483903,2106
0.05457628505550727,0.12059292156033019,2107
0.10191102946312125,0.8010470851862522,2108
0.4046504252795343,0.4540996354357778,2109
0.7650669362739408,0.336162446160831,2110
0.8443607981803902,0.16730310487058087,2111
0.8322131688548092,0.08803963660636205,2112
0.024899343232224425,0.8125496681412936,2113
0.45651844663366825,0.5720512513384785,2114
0.7120906706279032,0.9429280061530968,2115
0.5046016848629941,0.1274112992041747,2116
0.44356892213921273,0.22470873454227813,2117
0.7144813472918108,0.5596403276528081,2118
0.7801020020702684,0.02794460698333001,2119
0.9331077032429897,0.2186586273836253,2120
0.36029424659081977,0.652468129502106,2121
0.8534882887475933,0.3106239607702632,2122
0.02095225752445884,0.07704368299515907,2124
0.17618054162515728,0.9992464260316832,2125
0.28948353597905885,0.07680831085552708,2126
0.4662410088914065,0.33720829490263526,2128
0.7929541946677834,0.4849433856269786,2129
0.5314406551642609,0.8752359103899852,2130
0.29227780656866287,0.8634093273250367,2131
0.6929699945479693,0.24659828935227712,2132
0.053071274469822516,0.15993375585588177,2133
0.8098873142029728,0.5864536970167883,2134
0.7290527463840897,0.6783105761652671,2135
0.7645243256139009,0.20566856599428152,2136
0.050720400416330746,0.6616183503357852,2137
0.03328570728929914,0.5454370066319799,2138
0.05663113413025456,0.41143029195464154,2139
0.9575092594393995,0.35925847650430365,2140
0.4744258511245294,0.6567621738399892,2141
0.1925036449159454,0.4381208089401101,2142
0.2397298495181529,0.7797292575598018,2143
0.23268514952856112,0.9784729085563588,2144
0.14814834269229837,0.9922884405643867,2145
0.45498420795336203,0.29436561546239537,2146
0.2103766482044387,0.6745927081442681,2147
0.9692440254467565,0.8352478066719441,2148
0.6345516009572431,0.2101335655320984,2149
0.8134133688459129,0.29492085183351047,2150
0.5252558546679229,0.41608395840508305,2151
0.9735434389767343,0.9657177102757187,2152
0.4547755946013987,0.8548590825961249,2153
0.16003330381848713,0.7887592112716896,2154
0.5765622694526426,0.7306833638537399,2155
0.12230018151602329,0.27596776927117384,2156
0.9072731482896265,0.4525277121513599,2157
0.9244045121870935,0.5313897556867151,2158
0.8459751172912557,0.3897835511087352,2159
0.6720314420101858,0.7252470458825395,2160
0.9043778947941844,0.7137054884790492,2161
0.864170045182049,0.2881280115734449,2162
0.8868376890936881,0.4093606133706169,2163
0.6023443886935758,0.6302998894421525,2164
0.656866485740739,0.48023323545514085,2165
0.5261705488244964,0.13914304281367462,2166
0.5039724682791537,0.45674563748819497,2167
0.2787380888902736,0.005760192588913915,2168
0.40365928765555026,0.17986771228118648,2169
0.11027840629148422,0.5961343483750081,2170
0.3942356238253848,0.4604780417055917,2171
0.24984691246265067,0.5556267333923212,2172
0.5639492444163003,0.9269836116780948,2173
0.14277230798946516,0.036470559545767056,2174
0.11107632590941152,0.9879049638021304,2175
0.17472673034393826,0.413661336622393,2176
0.6591968532732522,0.40558266324808334,2177
0.2963958788881963,0.2621125412258021,2178
0.6629501416796995,0.13620819102252568,2179
0.5334897664500585,0.4977335669631121,2181
0.6818282210273554,0.7705099158439164,2182
0.17571422593552133,0.1908541820584283,2183
0.15959685473315,0.8898976221921531,2184
0.5260047623280835,0.5965540386155899,2185
0.545816996008511,0.9234561933365234,2186
0.07050709076572637,0.6623404847055672,2187
0.1429180884452269,0.5278049200026569,2188
0.8068294305825399,0.8401877085955963,2189
0.9855688800656671,0.9633811863307722,2191
0.6057204044701147,0.240860928141705,2192
0.7637962286487582,0.2503829929143827,2193
0.15390869868334467,0.6450136805593649,2194
0.04900083932047583,0.41804889901551257,2195
0.1746340558441387,0.8629422979229323,2197
0.5629606395987043,0.2870925210337849,2198
0.44803615832980526,0.6306263177840727,2199
0.09832751885793678,0.9346183399104029,2200
0.2650860917701512,0.32341700577003085,2201
0.5028538566350416,0.4410137589852654,2202
0.4470818793236372,0.9256349198357641,2203
0.7562661034153096,0.7389405937264311,2204
0.7971200336086315,0.04047381716144438,2205
0.07425005241676352,0.36276139551025555,2206
0.8142842994796035,0.14954700499202,2207
0.057285291629781576,0.17810439500043207,2208
0.3206159584105286,0.9337507803686375,2209
0.8570970492178708,0.9025605381040067,2210
0.5242891669155915,0.5002417710124248,2211
0.08176721240285023,0.8079557401942047,2212
0.2473616303147712,0.3919141875836366,2213
0.5892093760465482,0.05433014121448132,2214
0.6082749064458878,0.5398815802928169,2215
0.26152650154299306,0.1796359412714459,2216
0.38319815983876127,0.61935880202463,2217
0.08379584413649133,0.4525063591270734,2218
0.9666469325546115,0.5508409722645793,2220
0.20019774389086875,0.45348370241618197,2221
0.46717562289373904,0.382405831472593,2222
0.9242456244174697,0.07347254372997158,2223
0.9499509671647548,0.563949625783232,2224
0.7913390863858423,0.965062137998515,2225
0.5500219128292202,0.10358818093418432,2226
0.2639195126996823,0.2890743730797014,2227
0.4345972780192958,0.41958458800173615,2228
0.08641246577452422,0.8562972619031519,2229
0.7973902319321048,0.2058737172086309,2230
0.30759422568877404,0.42855785525842904,2231
0.7187705377200193,0.29654626669452255,2232
0.25978936855255574,0.5638534275421135,2233
0.4242290334739591,0.44912805595755423,2234
0.4289496843497461,0.41570339427614134,2235
0.6417676685110637,0.018346240375000877,2237
0.347845276610077,0.15908508454217685,2238
0.02478102803681881,0.514663583312833,2239
0.6942826310010214,0.7593985780534894,2240
0.9952144126691006,0.013504863751090612,2241
0.40695857960231974,0.7459585187179865,2242
0.1723118258874191,0.685368775571354,2244
0.19071613091308137,0.4506399631301491,2245
0.8188203534098059,0.8400082452697898,2246
0.32030339338640545,0.2308994302857813,2247
0.944655931712987,0.6319048383345389,2249
0.0932715679414099,0.3244269558994042,2250
0.7080133853323205,0.7315250627184184,2251
0.2078277899628178,0.6814921793459071,2252
0.9594068538232726,0.886732251150817,2253
0.0025015116784719016,0.32300713185627683,2254
0.27407396365821146,0.7443908545262454,2255
0.8485123790473112,0.8681442857681163,2256
0.40678432927408037,0.8389784641574336,2257
0.007664506966495455,0.23672652338268607,2258
0.22800631420350925,0.6771122907684639,2259
0.23320304823164562,0.35117188857426396,2260
0.8876015376197653,0.7442645444610516,2261
0.6404749431185907,0.7455841375079193,2263
0.20556891365322694,0.24645990784547978,2264
0.22541145474050073,0.183883305463295,2265
0.5363684272304974,0.4217403410869148,2266
0.3867904941196869,0.19875032601529663,2268
0.8850307872540876,0.011715926841503577,2269
0.3533976689140411,0.4575373092193228,2270
0.7511544293582317,0.9689906885720314,2271
0.5188859654519932,0.3124966700269046,2272
0.11116027429850328,0.5883761453701511,2273
0.9061176393193315,0.08750980185048773,2274
0.2778995560541999,0.743706467968969,2275
0.7220764452893081,0.2689488441289116,2276
0.5464148365139104,0.3401292733940783,2277
0.1900529975911298,0.7601937001697661,2278
0.3611046290745462,0.002409601977457987,2279
0.4303388816018371,0.36349288151395676,2280
0.8025953802492166,0.8790671014599877,2282
0.650144657455144,0.7957544215943034,2283
0.38772083446065486,0.34566625185232247,2284
0.8411649532367191,0.14460725508086802,2285
0.17587848640757897,0.8888542545812562,2286
0.006676251386355303,0.3502674995564098,2287
0.692655463754087,0.15686819800224816,2288
0.6551174268185384,0.5701969121524638,2289
0.38865307982790465,0.6433576844757579,2290
0.7161289448206825,0.0732460780495443,2291
0.1351860025680971,0.4770997708064739,2292
0.9114993784005795,0.5864659281703468,2293
0.6625184780563257,0.02567228220478801,2294
0.8615585454189439,0.5582847426384061,2295
0.16554280709459368,0.9358419696931809,2296
0.0979957638038349,0.805252664102892,2297
0.7909388314189602,0.6887526859130058,2298
0.37598274723921354,0.5133638872649298,2299
0.5524223439729948,0.3892533800866942,2300
0.146009189204107,0.16792061662264346,2301
0.3652047063219469,0.07679530013852853,2302
0.26654084365958264,0.6902092735290245,2303
0.1492150865599201,0.018518288445554476,2304
0.4703767304649442,0.7128783370303302,2306
0.10671394637178522,0.017463029910953276,2307
0.928390759557335,0.755608064008544,2308
0.8929714677957468,0.9124868492432693,2309
0.220674934522194,0.6201929954758978,2310
0.382378993129432,0.021566414303871073,2311
0.2373977980382136,0.7197680924140616,2312
0.7905098202171974,0.10472392604207603,2313
0.2066660655902436,0.9516098597235432,2314
0.6552384672145631,0.009630091883685243,2315
0.6676876495252779,0.16761041553334166,2316
0.8359084049954473,0.6655734436480126,2318
0.20186310398466745,0.4671660104011509,2319
0.8881145136078785,0.34688514313413044,2320
0.10731072966052735,0.11071054528868529,2321
0.13287338675815452,0.20936326244399106,2324
0.6555158392883648,0.7110798455250217,2325
0.10135682710896787,0.6728178349643034,2326
0.0751704718802817,0.507837261383156,2327
0.3309137136604887,0.5915018242704626,2329
0.006749674783014248,0.636824736850541,2330
0.42750840213367247,0.4700983135693171,2331
0.13781104123410792,0.7680518552884625,2332
0.962669326420953,0.19808653708353818,2333
0.4909551117887584,0.9378024033243035,2334
0.7440097843154357,0.7092651372596821,2335
0.7968512816041334,0.23695662262399975,2337
0.19626637521908097,0.5590717477430975,2338
0.7384645184887912,0.3154124155386039,2339
0.1131859624320567,0.48066936038733166,2340
0.36968435703742486,0.4358908690736598,2341
0.12349161594601543,0.2123586485171779,2342
0.717485718541015,0.7141213546404896,2343
0.9450801673020031,0.10551193382996049,2344
0.4899467390146883,0.6899208665030689,2345
0.8628466017019581,0.4917407961716551,2346
0.22307045364179,0.9351889344034232,2347
0.24983747419601854,0.12588033292165057,2348
0.3881143367253326,0.16018652077326212,2349
0.1351693062971947,0.46907350081046073,2350
0.4907220300601902,0.7810445819813778,2351
0.9767674646659628,0.9982326683361464,2352
0.08917997676422806,0.22538729711789618,2354
0.10364074687355573,0.5702235254515896,2355
0.1353759072883215,0.21237375014356685,2356
0.1324595614646802,0.011783589602121558,2357
0.09476902584154556,0.4239952889541545,2358
0.846256151365323,0.9054733386645953,2359
0.15478377735962967,0.027273397853316506,2360
0.10406260627783981,0.5892235164713632,2361
0.4010663737597949,0.14386732229576094,2362
0.4283363641111414,0.7224127860476036,2363
0.4324225478103231,0.5977867321365515,2364
0.29462745424851555,0.03800891002483009,2365
0.687321450931211,0.6544153594967153,2366
0.45590067172177706,0.9701189705068309,2367
0.42927812228860174,0.38499490607897324,2368
0.3566206686053047,0.5687987747718027,2369
0.37607475398312085,0.4495450392115805,2370
0.6527063822351127,0.3521362528520805,2371
0.6166535405571455,0.3838747156420482,2372
0.6322060884646622,0.5402066593764102,2373
0.06512338765677694,0.23011009685177142,2374
0.5622734777147178,0.23289377811731926,2376
0.28136316044899257,0.7460938333675743,2377
0.6376043953253588,0.06027634684527705,2378
0.4796440417537807,0.4598226062668477,2379
0.44125755103418374,0.4094166248198764,2380
0.5740603581878958,0.07939970141116615,2381
0.04696448043202017,0.4019259371682029,2382
0.0715554022038305,0.11107807601191999,2383
0.4042824673031561,0.9104191525363469,2384
0.5049375923378077,0.9749433121511316,2385
0.27209898114892395,0.9736920575508119,2386
0.7995485099981706,0.848023124905251,2387
0.6248686870798071,0.011550177497380298,2388
0.7484388914635601,0.5807165880843044,2389
0.5370420286947092,0.5544164230743619,2390
0.7213125648911625,0.8611357376235557,2391
0.14791550622075667,0.21979980405401878,2392
0.40415359360158754,0.6776564754498509,2393
0.8103869998182182,0.19726551859221586,2394
0.6499798962456013,0.5348076795047219,2396
0.29716911518635525,0.2850457390675091,2397
0.47329286336374365,0.8775083808411162,2398
0.6002181888485963,0.18567686323789945,2399
0.028337668848836484,0.09622164564265234,2400
0.1835858009649456,0.9591845350205016,2401
0.2863903249087423,0.7745591876668051,2402
0.9364887822453702,0.9326765152449676,2403
0.7228208157389491,0.9830495768682123,2404
0.7319071965392804,0.4517615697499435,2406
0.4989395812459956,0.0775178384270041,2407
0.7930296274689045,0.8702349748336343,2408
0.21029049807073674,0.5462543845174078,2409
0.2695246783908404,0.4859684654383247,2410
0.9834775836705253,0.1223504719836197,2411
0.08096009049157427,0.07725667485589371,2412
0.19280447074368645,0.9659946408617013,2413
0.6863734287828704,0.8329073138497816,2414
0.6844842835870287,0.9663697246917847,2416
0.5191428278674908,0.08144886850558397,2418
0.9274523834064143,0.3432454306329914,2420
0.1726573211784942,0.516767889664512,2421
0.11829433385827881,0.13232701765801513,2423
0.018818970853450634,0.16218506906260444,2424
0.5303675916433676,0.743644076453345,2425
0.12172507150945389,0.47487721019032914,2426
0.2113236264291033,0.16907758583660604,2429
0.1684515499014526,0.8306099480509803,2430
0.1406928597025684,0.18043188869591908,2431
0.5277381313361369,0.3834815744330121,2432
0.073993716907654,0.8905702784770901,2433
0.11062131803885089,0.4641104585283895,2434
0.46043049220503673,0.9969964288200701,2435
0.9363431216897176,0.2342284423252009,2436
0.7717103559722512,0.49472026230893507,2437
0.2191355527049984,0.3719051480801051,2438
0.24567269276374792,0.828766096785751,2439
0.42630883582366386,0.055579686376648785,2440
0.6265561586374145,0.7537607472153215,2441
0.15784492451615872,0.6025204375657411,2442
0.1105792318620521,0.7958411544698808,2444
0.972511178896167,0.5731053897135135,2445
0.6968864955239212,0.39367262343588494,2446
0.1879213034875582,0.6627096412384791,2447
0.4350833090588434,0.5170827523760304,2448
0.10666918607862175,0.7308052459701927,2449
0.19805731228650103,0.09684503310193171,2450
0.2561220335586547,0.3227523354232944,2451
0.19835881402136357,0.1625871487341043,2452
0.9749669978791414,0.37823114563187676,2453
0.5052010410921077,0.17640189697347242,2454
0.45639155305406576,0.32722211471227813,2455
0.7825761677317028,0.6809743676236695,2456
0.04188343373767889,0.02222218441401691,2458
0.4431326783414792,0.4554896384002718,2460
0.29377688123576085,0.4726992100384195,2461
0.044896864140563264,0.688342257416599,2462
0.48863234134579603,0.5742383344932055,2464
0.12476335117862913,0.5878856257838274,2465
0.5965584106835259,0.6916848848862093,2466
0.9310389175640151,0.2071652335941233,2467
0.2982217732249063,0.2072149219026158,2468
0.42374326935786355,0.06443386678662544,2469
0.8077976400701252,0.7312920363980493,2470
0.49556679735840303,0.15323363979406635,2471
0.37470855499166145,0.44533547795264217,2472
0.4953764315295489,0.9699236311638587,2473
0.07705664862508221,0.963920575894496,2474
0.3211212265542073,0.5929704630394557,2475
0.3492331902353065,0.225129655401355,2476
0.7535589467422845,0.8848375483597569,2477
0.10939608935839862,0.8720597054784076,2478
0.4443897385078376,0.3390385299962779,2479
0.5701472735381196,0.5930132913287793,2480
0.4436184801904889,0.584850037835205,2481
0.6756930110804957,0.9460651973015433,2482
0.7817364837442785,0.7063163230563985,2483
0.11005535928270471,0.790479837866611,2484
0.10274650052996037,0.5120152624137634,2485
0.6993398900216127,0.9382195629422609,2486
0.11180515967761007,0.2804571381439226,2487
0.5322219823348434,0.7258295351877392,2488
0.9915074763653898,0.0053417116311679225,2489
0.8368166247479433,0.42762546868727236,2490
0.4806713279310433,0.014338889146557121,2491
0.4614045814946296,0.504535674571854,2492
0.49244898217472133,0.20409816944047288,2493
0.4978661603640572,0.843971537178606,2494
0.22719533676866344,0.1754368937109826,2495
0.24750880878245884,0.36697415527137844,2496
0.05647814422166053,0.28547414431998985,2498
0.8292020431830577,0.641956263561491,2499
0.41163694897810366,0.31903935659262705,2500
0.6067250190929009,0.734482363879326,2501
0.7776953818716121,0.08345515509606394,2502
0.17420546621424826,0.8558061349247135,2503
0.36204254266094793,0.259689377206079,2504
0.2181130166094858,0.7540891222508342,2505
0.17712213915591413,0.43356545204046104,2506
0.41891986909894396,0.21725258779084033,2507
0.28818605717306833,0.6952335005899611,2508
0.39966051630811317,0.2419083335939618,2509
0.9622672033566071,0.5736355988039137,2511
0.33470092302137844,0.9805246226270883,2512
0.1127624895685595,0.7392825465447174,2514
0.3041386119198367,0.6237438595489225,2515
0.03157284713716613,0.6382027006568881,2516
0.32509555768425136,0.8411959649457333,2517
0.3220183288559625,0.35482188799307035,2518
0.3794855237765621,0.4802567326993673,2519
0.4764050002522826,0.2700571016024056,2520
0.8078045163324685,0.7256897986735286,2521
0.12386984727345662,0.7048020647801622,2522
0.022146046283082255,0.4822557256036899,2523
0.7459263346899759,0.4542745988152854,2524
0.8828664824104104,0.44900747329168933,2525
0.10321789636821399,0.00937680321390022,2528
0.6463820904505185,0.6573571770391111,2530
0.7277165775864683,0.5329602010036469,2531
0.1971466650181184,0.9100271289100633,2532
0.7648123555312581,0.7849997052154736,2533
0.93488486985997,0.307597282229923,2534
0.872549444362434,0.5955646735506073,2535
0.4645161590694883,0.8753948977647272,2537
0.9102915976302028,0.5803650213009707,2538
0.34471031065257596,0.40313044314232716,2539
0.1342778649048123,0.24839972224786744,2540
0.8077609729470625,0.38490222550678177,2541
0.6288066673091685,0.5517932826037424,2542
0.7599508889605514,0.6614688372371706,2543
0.035571480129322985,0.2892952442678284,2544
0.19134616242808844,0.532670161866974,2545
0.9181466235853466,0.13517378812959857,2546
0.3585922220369997,0.7839119506321404,2547
0.6667134571160502,0.01385734309557507,2548
0.49714936375252095,0.16660012322546747,2549
0.5744095008500241,0.07952341873740842,2550
0.8463855242813647,0.9067724406418265,2552
0.9570414578321487,0.4882019927447493,2553
0.07429581768717886,0.15802426571200412,2554
0.9141981565333145,0.232056328139021,2555
0.321690813298695,0.9209750006582202,2561
0.16044252536904524,0.8878865774051827,2562
0.30088189990382286,0.12876107358291977,2564
0.4390553086464697,0.9044069043943486,2565
0.13111931062517213,0.5400628385216496,2566
0.9148679405774561,0.2991929007901194,2567
0.5764363443097388,0.5032189973398649,2568
0.6707305188743548,0.1923373268038464,2569
0.06119786605846389,0.8286738606249315,2570
0.6523248531230946,0.3254932009948571,2571
0.06717978344961495,0.12428236731563069,2572
0.08468192907786842,0.04511822589391434,2573
0.4736884232470788,0.04663410062377826,2574
0.04517063813973343,0.306782035208901,2575
0.2686944907501774,0.05971286485961713,2577
0.8808474102851969,0.9265117834639399,2578
0.9168568769514843,0.14033932805999483,2579
0.6652207606992708,0.5515446758334582,2581
0.7228464596760004,0.771808749037013,2582
0.9604839648841923,0.25384637544633293,2583
0.4485448764285972,0.8767336904181298,2584
0.05666924678917051,0.7962432074254713,2585
0.9341060468083225,0.43397027565166235,2586
0.4167753507893879,0.7607946562384934,2587
0.7355000162522412,0.026244261573248218,2588
0.29616495298254475,0.2714318072581563,2589
0.08321793724407989,0.179283670074319,2590
0.33219541055273605,0.3177370012163706,2591
0.3895779146567371,0.6936674120749023,2592
0.12741149813087504,0.5875405516318299,2593
0.3344167821963433,0.43554131254362305,2594
0.28200432524051144,0.3193522234681765,2595
0.4479178269207431,0.2764353665089,2596
0.48884803259290655,0.7698732681632124,2597
0.11795815961610245,0.4558363272366456,2598
0.6466344379489624,0.5484815680001436,2599
0.7830321365103755,0.571840747963128,2600
0.7310020524884728,0.40934730577432,2601
0.43605910614972165,0.01546912814007928,2602
0.21946902478727937,0.24856239836779148,2603
0.02183547695482646,0.05300275532893173,2604
0.2380163763012052,0.4152152788343646,2605
0.9589028877351312,0.5363810251917355,2606
0.5473767522777836,0.21995922425201575,2607
0.9364877545059755,0.5688137256479384,2608
0.32311570359577546,0.08672628992337728,2609
0.8227136150551155,0.8063217729591065,2610
0.7434894471155743,0.2343868220507498,2611
0.14634100287751362,0.9207555357828353,2612
0.8971798368916437,0.5061354479798458,2616
0.8737787511686572,0.9193681278561115,2617
0.6004328196112957,0.45777862450265827,2618
0.6097928450898161,0.22470054210642287,2619
0.2293272321749048,0.2506782389959601,2620
0.468089425662083,0.8437480471629266,2621
0.0072598023714787185,0.24335302085255506,2622
0.8097916589105141,0.4756132704854481,2623
0.3160923985333941,0.6998177974496091,2624
0.8227311299584948,0.8962429320516977,2625
0.8984662403398815,0.9647654052396265,2626
0.9897213959097949,0.36844198766001324,2627
0.49207434773599257,0.9569496371321767,2628
0.8055041765701745,0.10649828962827823,2629
0.5975598245124157,0.44493855321766784,2630
0.830877406347178,0.6869591078341643,2631
0.9499076374192095,0.697176872745731,2632
0.9679135345621042,0.8688391722840125,2633
0.26659578194102806,0.5594048506888856,2634
0.4127705292906514,0.9157864998033317,2635
0.5088799369574044,0.6328880375482738,2636
0.6955786783392515,0.8708392407310324,2637
0.6268614398325029,0.9429711591283241,2639
0.4008796024972979,0.09760620606009807,2640
0.1052952080520575,0.11421186995385979,2641
0.5783275604387111,0.32084814085999114,2642
0.18196384980799274,0.601858881028362,2643
0.9399012404067905,0.6826321441703846,2644
0.9424660708468656,0.18426902442625714,2645
0.22708372310458858,0.2095709627672765,2646
0.6930406175534497,0.873088272804948,2647
0.7350431866122369,0.23616301098995762,2648
0.6899377864858807,0.4021827662620905,2650
0.9577792720227173,0.6932717424939062,2651
0.9846075709868305,0.9035766189998745,2652
0.3577375444794222,0.7079224905808141,2653
0.9489881569591891,0.8402509662741726,2654
0.5285213363763561,0.8211355898141003,2655
0.8965307727685173,0.529686077256878,2656
0.458384448867067,0.23881534758765033,2658
0.3096723358010012,0.5031011080945479,2660
0.33284279096882685,0.6763532871810736,2661
0.6364805755043429,0.04931353502624003,2662
0.8399451555023723,0.3328050513991392,2664
0.009664703486458315,0.3291801966192913,2665
0.6653414246334124,0.4456589492190872,2666
0.6476320193613315,0.969132253174633,2667
0.7806710373080236,0.06904903016557673,2668
0.9037226592623729,0.32423679762995916,2669
0.2181045328754403,0.055752643828340775,2670
0.6168331362935433,0.6475899429543184,2671
0.9861376087384865,0.3370100829772915,2672
0.5731684814296165,0.18216234056046898,2673
0.875907532039525,0.8076946547400725,2675
0.7085134719957382,0.6675188861415803,2676
0.3744861065075362,0.21982032662635254,2677
0.40868618060223794,0.6729047336639206,2678
0.5147407844258793,0.849210179882133,2679
0.1548658346539885,0.4127799400324359,2680
0.7914029904033435,0.2757065077580997,2681
0.8078690975731995,0.11246134050738699,2682
0.6152030785758834,0.8092734397649654,2683
0.15772986099559438,0.4949638072767357,2684
0.05961337711153536,0.6201244452445084,2685
0.9590429214720246,0.2354500150078065,2686
0.24862257978214708,0.5013835943588147,2687
0.10623237424455434,0.5577409934758859,2688
0.12120947517167024,0.01333990605812152,2689
0.7202093050162294,0.8753609364259275,2690
0.2059623502639586,0.20419658533595564,2692
0.17921363154983183,0.018954182309508072,2693
0.35096436999451686,0.49798230301199087,2694
0.5238893212881703,0.17391108557483959,2695
0.5132971911009492,0.4637454768441822,2696
0.8349160071953289,0.3896182345261864,2697
0.16554931071617374,0.7675618205284734,2698
0.4370498886573865,0.9700053359592714,2699
0.7662147459884727,0.36968562606523814,2700
0.6911728566348412,0.32415029519488014,2701
0.5762777281600995,0.8759988615645172,2702
0.8253215468491063,0.23624593511687886,2703
0.17053037765940626,0.7040066598740582,2704
0.541597910557247,0.011475481583776537,2705
0.6300641161047775,0.47930708073640316,2706
0.06572053756842866,0.5693584395049792,2707
0.17641400733690715,0.3942252575637064,2708
0.18472925102030135,0.19090945124164238,2709
0.9831754510223636,0.488758177264051,2710
0.5990378693620294,0.3455902483721509,2711
0.1424755813453883,0.07100280137826975,2712
0.5967780317073139,0.14837432004974438,2713
0.49863712586428777,0.6789525492634292,2714
0.5315468843276667,0.7950181867485918,2715
0.4329437675553248,0.6721036047098392,2716
0.6756489909895916,0.4624753636631188,2717
0.34382039921310226,0.05041052653103617,2718
0.785099807723054,0.2897823289899145,2719
0.5731842307617337,0.3774792164894277,2720
0.0011037511958690294,0.7022847114098459,2721
0.5534237867762137,0.07091388267853094,2722
0.2135578616594398,0.8645840590674272,2723
0.7463244104514677,0.8487190419935937,2724
0.18688408015370528,0.33968160260838587,2726
0.6405862653510174,0.35910994555204145,2727
0.5205192361185911,0.6715578253219381,2728
0.7373494909722182,0.9260875433609633,2730
0.2995256794624721,0.2972193485682373,2731
0.18823538701086118,0.3709082098328431,2732
0.2655816449590017,0.5590497551244491,2733
0.9085572168154553,0.06968642669961811,2734
0.8085651074158535,0.49525923220633006,2735
0.15008302746326674,0.7295237422015157,2736
0.7484559644896662,0.476370979928877,2737
0.23443426206200502,0.8361599789444586,2738
0.3896902040727307,0.759421130330284,2739
0.745693385638461,0.4917446437394055,2740
0.8135743280650204,0.6615426153793101,2741
0.4845063658082005,0.5693082816793086,2742
0.6880624241938834,0.11417947985937416,2743
0.41043676595206147,0.7178104956946673,2744
0.06689782775855857,0.7591735662745557,2746
0.6502505747292215,0.8561879225878084,2747
0.04503502334410103,0.17772583613844462,2748
0.3741503195186118,0.2713489168625348,2749
0.5698027536014362,0.3982092525961577,2750
0.4939791165481341,0.15819948025895691,2753
0.2740708313634618,0.39610367259333856,2754
0.30341758913747385,0.9794806348043398,2755
0.031698123688059465,0.9565396281423542,2756
0.14858154213989705,0.6678124884911129,2757
0.6997958852789601,0.7390363068333011,2759
0.9305444862787451,0.503804091752586,2760
0.15995462343732136,0.5351485512340243,2761
0.31606362627968576,0.7268144542387479,2762
0.5279277782351275,0.9218840935901405,2763
0.9106669509426515,0.5741501423339196,2764
0.0807494240872989,0.4064765753259437,2765
0.02309318962206708,0.5438059272936463,2767
0.12349868531677499,0.3096982938803847,2768
0.6118209712659675,0.47619639655285306,2770
0.6512564476177349,0.41755913105002596,2771
0.18279728160423614,0.5732690817648805,2773
0.9855630546465668,0.41206327114048436,2775
0.9992991055559317,0.4458457910231869,2776
0.21528741302824805,0.2724456460870318,2777
0.30688136937021826,0.6444452175850172,2778
0.8616577588565615,0.44199707100261054,2779
0.046436928697635826,0.6323680041591377,2781
0.7324245603228762,0.9719540677614115,2782
0.8617916465108428,0.32349852687913305,2783
0.5309957998308847,0.9122351117584895,2784
0.6793336440773904,0.724851157656456,2785
0.23528196299272475,0.8579284497155707,2786
0.04732774154991204,0.12952282219049083,2788
0.28114539649456183,0.5179937734838873,2789
0.4819077333018943,0.47680067202062915,2790
0.13185389114812474,0.624769501757693,2791
0.3035282440134772,0.5291013130817102,2792
0.9833976570471019,0.19835797628005636,2793
0.38281659727076645,0.18995704954700765,2794
0.026884945160220886,0.10197657802957705,2795
0.6441590436975196,0.8264928901744144,2796
0.6731601833489272,0.09742364793416314,2797
0.5441965837120644,0.41593932164075065,2798
0.36936245102311194,0.9766430782773792,2799
0.6324808004616559,0.5604895611434898,2801
0.30047389264914814,0.9376549396756976,2802
0.8375852269356803,0.7849465963971424,2803
0.21116794556316165,0.5610820665451021,2804
0.13238591576529968,0.1161027176007775,2805
0.35628829595037026,0.5154905453867442,2806
0.3560262356287507,0.882537859767213,2807
0.8136103314508297,0.8662517553841991,2808
0.3284404019043151,0.9861982173073653,2809
0.7722526299956844,0.3818062064300235,2810
0.08651282358397427,0.7740325825170287,2811
0.8548948968715484,0.4349904847525098,2812
0.013593738812712974,0.08553640274836061,2814
0.034261043032557725,0.9655064351612124,2815
0.4888443054287712,0.4974064156755843,2816
0.6556355722361685,0.7789731319691212,2817
0.05414265432651044,0.567109316462462,2818
0.2858953225346814,0.3553118759476558,2819
0.39934075820053616,0.729938036439051,2820
0.8922021169251254,0.07674890791337463,2821
0.8420870421147211,0.3991468049942518,2822
0.6841060204192073,0.21299204783657755,2823
0.3385822122916511,0.9306665996089759,2824
0.629495723495581,0.06487135334436855,2825
0.19191683215064503,0.2715603856502088,2826
0.3149188775057422,0.34466818649767794,2827
0.48797603566795256,0.3908656611591922,2828
0.6537702597352723,0.981867149072606,2829
0.1593828028344092,0.9719136103510088,2830
0.8114172655675644,0.34368127586232833,2831
0.40020875868904804,0.9069593768230623,2832
0.48572748837008617,0.054041564522820607,2835
0.9278281976757023,0.41799506198461345,2837
0.36707490078437566,0.27210502814321325,2838
0.12126164198601141,0.31440806841456315,2839
0.7280626552439742,0.973499446304711,2841
0.4976022660462063,0.1166984638468509,2842
0.8228150663159279,0.8777365895151407,2843
0.9950486635362719,0.7766535442993983,2844
0.3910120944654961,0.3239039982094353,2845
0.8152654620424246,0.10095174355476255,2846
0.8810285055568695,0.9350575237838085,2847
0.2953987608272717,0.33971472315860207,2848
0.8324099203963942,0.9697341012257963,2849
0.4208619929824534,0.10122179549144317,2850
0.23600718463108628,0.8503497617248084,2851
0.422469560632026,0.28301370408487625,2852
0.03660679211508666,0.6888333316068995,2853
0.8730719508324659,0.05463980493765841,2854
0.11724335475426073,0.5327166692882834,2855
0.9970685464933366,0.05076582438687083,2856
0.8402580666221952,0.19301455601367745,2858
0.4623462950342986,0.25486548265638065,2859
0.6560845099687208,0.8968038070351869,2860
0.6316750557161891,0.9947228252056899,2861
0.032792571965605255,0.4558025911803826,2862
0.7424753485427944,0.536271868648883,2864
0.19641760183818946,0.5670806667911,2865
0.24955643902562907,0.13458253511345064,2866
0.6783463581848169,0.04535982579844944,2867
0.6787833996392211,0.7191862095457235,2868
0.32245402237532894,0.5959268353122129,2869
0.6313786879227431,0.15601390019256212,2870
0.056544407562157284,0.3117814114793954,2871
0.1022969489429355,0.2200630302444816,2872
0.5631682679666545,0.7453010748528279,2873
0.7984970689883166,0.9036176450668728,2874
0.5984313274831827,0.8971280097884378,2875
0.24712151048810738,0.6952528888229992,2876
0.7438127339267976,0.7608772869502746,2877
0.46312406247563775,0.5538689990516569,2878
0.29564307202815654,0.7267233784443696,2879
0.7009305815091667,0.43116811434006197,2881
0.838082040386657,0.4218824538076672,2882
0.2548812595128144,0.3367822761227014,2883
0.6803464468942417,0.7397328821452626,2884
0.9694061385419789,0.11156116373778269,2885
0.41156211673686405,0.09297371039149338,2886
0.5986766008019778,0.3546208011065157,2887
0.5792927618094936,0.313691910003676,2888
0.6956553509362766,0.02962875113165575,2889
0.9345244026430696,0.6064356916369251,2890
0.4672199190002351,0.9945201531390989,2891
0.6240948912001726,0.22046913328187778,2892
0.8226386986332496,0.2616633806633384,2894
0.290050980211242,0.7501134280069016,2895
0.948254919244033,0.24196618398580894,2896
0.238599460042778,0.20653589971506892,2898
0.9908748565812235,0.909855290200443,2899
0.2206980806470299,0.9416607960997245,2900
0.47206128905349365,0.5147219535602088,2902
0.5042097687844285,0.7961825768223222,2903
0.4793001133167287,0.7572699781291032,2905
0.8320051844462167,0.01144728931850958,2906
0.10942917768445981,0.03990574520926227,2907
0.1356105156329276,0.2296687032386341,2908
0.8591793303798719,0.04043990870841685,2909
0.33074369478319277,0.6684139753112561,2910
0.12563621880854037,0.3430803787859813,2911
0.7340547454638942,0.9330361664033184,2912
0.21001041798255726,0.5301134906565294,2914
0.9706482929829434,0.23590601768693065,2915
0.6284783597953675,0.6478132013683155,2916
0.6222570301592092,0.4517307833851424,2917
0.9015657829657586,0.7115226250951422,2918
0.6819948931791453,0.6409769024292337,2919
0.7978487232884053,0.09332281535731535,2920
0.6371745406200767,0.39025871575644,2921
0.28368044881828025,0.12857114127740077,2922
0.5343099932410228,0.17458161394827854,2923
0.055186753532399435,0.2851291910101471,2924
0.594299105438816,0.3532040757883751,2925
0.9418786302333882,0.07737624466063397,2926
0.6925005906341466,0.7360719255298953,2927
0.7209063824341084,0.47176713024744055,2928
0.8568550591020784,0.049675287501642074,2929
0.7875660411098001,0.5937702172814916,2930
0.4048610160155329,0.005087818363583185,2932
0.34583949659505064,0.12181231975927476,2933
0.4650982668307152,0.5840857380436462,2934
0.3619434649813449,0.8430857357872454,2935
0.12085831999246333,0.951716200180901,2936
0.4334856830421123,0.37257856466089256,2937
0.5252080666839614,0.7273734398214626,2938
0.12143541610802655,0.901591468691894,2939
0.034290388136945626,0.1657146734633812,2940
0.22278662837516783,0.8861875829087704,2941
0.20934085769545385,0.8723370603088947,2942
0.39489756199779513,0.08393745627499904,2944
0.32709985178095735,0.16675054334257844,2945
0.46566629171676976,0.6222186936394557,2946
0.1242303369380976,0.7602338306783826,2947
0.9493494933028233,0.9624844640054909,2948
0.14970451580451194,0.3975253299884617,2949
0.4377455667795749,0.2244401044260188,2951
0.7900961580138827,0.185371525510998,2952
0.20909184111882062,0.01225895858621806,2953
0.6763864892406695,0.802629120479215,2954
0.6243085250320476,0.08146724435762509,2955
0.017601016276632242,0.04893284029967948,2956
0.522552703856422,0.4040120204683685,2957
0.7131060537478681,0.3264216528113685,2958
0.9939423781336854,0.7997008219441144,2959
0.9844768433413266,0.0515192111214301,2961
0.767495834650042,0.9119235468794539,2962
0.047571792320559525,0.4483557559427419,2963
0.906684032465249,0.3470914821465855,2965
0.05015016269046091,0.03398534229461536,2966
0.9025388151497687,0.885254776419182,2967
0.14204395756382393,0.6341196753943361,2968
0.6714648020120498,0.14041026228133524,2970
0.43313823507523674,0.3402125536979169,2971
0.15788644941909247,0.2376790393163123,2972
0.7451567962820028,0.6195506542362812,2973
0.10163453098683628,0.6322072922173029,2974
0.2712574075298534,0.3762130317874507,2975
0.09212233587737306,0.9069735894898466,2976
0.40164690544701365,0.8541092023107002,2977
0.2536096026574467,0.5404225395888823,2978
0.6215236090735051,0.5307695735265154,2979
0.29067035046772194,0.021259090851474816,2980
0.3006807050933077,0.12475790154468425,2981
0.6560671738730482,0.21977739381486705,2982
0.21419256689026756,0.2137257386267739,2983
0.26232112975070365,0.042083039524881904,2984
0.01830676346868887,0.15894641729065762,2985
0.05196184986309271,0.8682312211771573,2986
0.5945487477756064,0.8515571672516461,2987
0.3089622682658728,0.5179565551250093,2988
0.8989762863126911,0.43200103259277234,2989
0.33565678100400353,0.13697882951562912,2990
0.3596787212794631,0.08105969733322371,2992
0.9617198267620695,0.0226601354675664,2993
0.6563483487806504,0.9095156035117554,2994
0.5474259080085476,0.85667162598167,2995
0.384986513645335,0.750036518319824,2996
0.8137106540163245,0.994354270855308,2997
0.6260066159821617,0.5289416937290385,2998
0.6780927169211438,0.38747771922553365,2999
0.625871920541747,0.11257091540446529,3001
0.8232642973450116,0.8475301421782512,3002
0.6784482474125351,0.6991005822375004,3003
0.18509179420762756,0.9137383948934423,3004
0.9551430455291718,0.6170229939102305,3005
0.659680936180248,0.2078767481334569,3006
0.1497488119164745,0.6103881475255235,3007
0.2670477550701468,0.8913613479698412,3009
0.5293089227664278,0.9449320591535336,3011
0.3786138613446447,0.6465274196765498,3012
0.6940856448614369,0.3528024506896885,3013
0.08496181027397887,0.5716100975867673,3014
0.0439761127741406,0.46299794257886573,3015
0.7237498560894666,0.8423085349795703,3016
0.45525704138983525,0.6501672508849156,3017
0.3401681510432881,0.7873974851031031,3018
0.9499703466183325,0.4825457140317423,3019
0.609358963289156,0.4375286572782089,3020
0.442570833240567,0.4043857536553268,3021
0.3040955206102772,0.14990940674730713,3022
0.05912296925281746,0.20764548434118324,3023
0.4331289354750094,0.8423700696035391,3024
0.4529400463494544,0.6567635326924945,3025
0.07183672865918567,0.888639910888164,3026
0.9255206015812868,0.3842938844472097,3027
0.3122040816838664,0.5965036035945379,3028
0.11533383669409958,0.7679589638757878,3029
0.9251070769923619,0.6581864564230733,3030
0.7915606945252558,0.10224282423073916,3031
0.6942965250326012,0.16525782829731583,3032
0.4820522445973704,0.1863429501009991,3033
0.798652135202173,0.0117722963499991,3034
0.7454103471566932,0.2727017795398555,3036
0.1434355554507286,0.22722208045361747,3037
0.45809659592278484,0.2378988305613673,3038
0.5065889483276833,0.09394078933137329,3039
0.5911829566871846,0.408642811119735,3040
0.11979215805332832,0.8422011592041604,3041
0.9875735647157747,0.8355506467355781,3042
0.02726610338503832,0.5327951009967884,3043
0.08855348266049545,0.0033575683697983916,3044
0.8233673860157303,0.7454543401221064,3045
0.006712189035918414,0.8260218237049167,3046
0.7230450791309756,0.7925750519947344,3047
0.7758357310574502,0.9736473074072102,3048
0.4060769870416714,0.3501021684264358,3049
0.6615825357606555,0.24608674884061643,3050
0.43384546521337264,0.18792079690286256,3051
0.3488749697223271,0.325239244440126,3053
0.43685360094691905,0.6531679773738158,3054
0.3414742661859336,0.9248776456855934,3055
0.10403266180679038,0.5258013055268919,3056
0.029657032015364848,0.9390810336715265,3057
0.6548130463060251,0.9432762556119799,3058
0.26328352774454944,0.03997470629258082,3060
0.31121984417649373,0.8903118441195348,3061
0.18537053932162728,0.4597775433378245,3062
0.03339897488751298,0.6436418282879631,3063
0.5050008362812777,0.6002880296202362,3064
0.8790087070033644,0.45918535375051783,3065
0.7247241489654124,0.43063217198617054,3066
0.22487710403654226,0.6800420823693488,3067
0.8206011818801985,0.5855377307612714,3068
0.6705757260326283,0.0201058796698127,3069
0.5425328689099544,0.5280267049845212,3070
0.5957887740087193,0.23537339703978788,3071
0.6902549291198571,0.7946640921189356,3072
0.750421672039898,0.15576889765445956,3073
0.25287484334698573,0.2961472577978358,3074
0.8688597736479433,0.3187023198299431,3075
0.6237896326520206,0.12127105267435812,3076
0.06346129375648979,0.30867423257658466,3077
0.98293173061597,0.34028673704195367,3078
0.21490658047090994,0.2545845099762988,3079
0.6612569316066549,0.4005626811266112,3080
0.27172967014545857,0.7019049369547282,3081
0.8662604167861844,0.5763443031202109,3082
0.8219400626277957,0.27919226522374074,3083
0.786676488797207,0.3019709425885132,3084
0.665202634763319,0.47991268066855675,3085
0.340878959944806,0.8958549717613072,3086
0.3504439089602207,0.998944482213056,3087
0.7370809696545946,0.12457698165154363,3088
0.24102380875999807,0.8300641057486675,3089
0.8948548830449304,0.8740500019689812,3090
0.6131091294338825,0.47841390257343996,3091
0.7496104029163223,0.2145155769466529,3092
0.6300909449590884,0.15574368128710525,3093
0.6664421898153431,0.5804957566938621,3094
0.04438706947851201,0.5328389185666419,3095
0.8852206166132663,0.47098492271698367,3096
0.26253713915611876,0.6886609947443388,3097
0.07548687564318113,0.5859005522947117,3098
0.42317167198558014,0.9558061078173158,3099
0.8363347267771964,0.7614050970281908,3100
0.9472039019163857,0.01784039047794883,3101
0.07226045489340083,0.6966018707957552,3102
0.2797021337568566,0.859820558043257,3103
0.20785896948010507,0.09100499421260755,3104
0.9394984691014994,0.7786438786890317,3105
0.9294996512061934,0.8685275860546408,3106
0.6823212506617815,0.39617177821611804,3107
0.5786053430118705,0.602675431356256,3108
0.5814033424114705,0.48321361551165276,3109
0.3525297044596757,0.6920157951377681,3111
0.33369854031527635,0.23668201338893635,3112
0.610630139694291,0.6950504515331495,3113
0.5782458418341402,0.46595788368002566,3114
0.23228931891076066,0.30759308008962305,3115
0.4159298233925851,0.8461823501303332,3116
0.5124451198019025,0.4436072908704487,3117
0.8674611258467402,0.904074278680694,3118
0.49550248347694903,0.5633004958535412,3120
0.9759377238909553,0.6622401397418604,3121
0.7705035636497604,0.6007018059036767,3122
0.2679558372308244,0.41930338298613556,3123
0.2502297125114621,0.15752036300297123,3124
0.9038618098671286,0.38651874198220204,3126
0.6402749636585294,0.45992609703424236,3127
0.8828094106434461,0.48171687916262607,3128
0.2796549784157698,0.3281739606408217,3129
0.4770897969526624,0.6954825889516992,3130
0.9048802227724325,0.7976725177820244,3131
0.014627467408120265,0.5865653652920558,3132
0.8964313506104495,0.11291269203115184,3133
0.283344953137753,0.3016989051914647,3134
0.6042787881879019,0.9028513419735223,3136
0.7000867113420738,0.6232439322597382,3137
0.728509345086299,0.7981272060562026,3138
0.15889404516123506,0.008957128327464203,3140
0.6109639635256277,0.23937295732983943,3141
0.7286240764038606,0.6416458758288582,3142
0.5305719605997042,0.7868890057866392,3143
0.4625141777002453,0.5574040261408306,3145
0.9154896840581526,0.5742157348885966,3147
0.254176763443262,0.21093171565399438,3148
0.7227730357884844,0.9753432341249527,3149
0.5293404475005297,0.9203830615511382,3150
0.2521472407728603,0.43194634338019844,3151
0.6308404685365657,0.01053196581792104,3152
0.19151269372352864,0.9852266426201898,3153
0.20150751952288648,0.8406181492210022,3154
0.4668174474769613,0.9466974872552905,3155
0.35946870075888704,0.9323247433515155,3156
0.7870242365222707,0.6990620200095445,3157
0.2755858175414845,0.6124385369871681,3158
0.05900237072203163,0.9668369060252224,3159
0.5302310168806716,0.633271958732275,3160
0.023403652175114753,0.6700999364638095,3161
0.37244992315155623,0.665002736277764,3163
0.14783193485032187,0.630849982120298,3164
0.7602670954030092,0.9420761335451309,3165
0.1237202899269273,0.428182174164386,3166
0.27631904705565036,0.8860680927206057,3167
0.09859868710027286,0.18038239005711676,3168
0.28582244719555894,0.9689017973391933,3169
0.56734929076727,0.8282182183107467,3170
0.7498989571272391,0.7896727636349133,3171
0.027954394862051868,0.05834444398188399,3172
0.957262573208323,0.7411774730009054,3174
0.5714667057385238,0.29065934865502463,3175
0.9169356003711165,0.19102960162159277,3176
0.8297025692121747,0.9305783345469751,3177
0.2968256963482563,0.21865857584457293,3178
0.2810415526760288,0.6258524235348735,3179
0.6165139212719608,0.6930404947193907,3180
0.7206088634712554,0.3750385655092183,3181
0.47821907071575753,0.6517848219137423,3182
0.20770639378222888,0.25172021899925234,3183
0.777760091855196,0.08617166487544858,3184
0.033548562422517914,0.07019043890985877,3185
0.2427110927783972,0.25494806574988305,3186
0.19829174155873786,0.3769521478340013,3187
0.49729795984715375,0.08657209379874375,3189
0.4536705093617822,0.9766616822386439,3190
0.451608462672088,0.90919382704101,3191
0.7758422977404282,0.7121475019540798,3192
0.9554757408625324,0.8318884824020684,3193
0.3327804735381268,0.8035172605658193,3194
0.9965534778552149,0.4104642407242609,3195
0.1113784050223795,0.6641744619421713,3197
0.9677201893424308,0.3195460444718584,3198
0.289736569877595,0.8135891312033627,3200
0.1922169076725192,0.4003490328764049,3201
0.7572785282498903,0.1569153079891633,3202
0.6293570514735121,0.6045226796678775,3203
0.9172387054588309,0.7004340134681876,3204
0.3297805052193046,0.6888760895080683,3206
0.12699859230975907,0.46209521106870277,3208
0.9797094075632465,0.5025046894273465,3209
0.037290420380209355,0.45255587224621063,3210
0.45474578842254687,0.34074050226512476,3211
0.946997938141783,0.15019325444710674,3212
0.18960190079686412,0.05345281206080543,3214
0.1994764372079959,0.5518846496531394,3215
0.06195213250325604,0.8523512019766287,3216
0.6382019587793083,0.8045203445109586,3217
0.7346043485904941,0.5661153187495077,3218
0.7288875598150507,0.7918820114621588,3219
0.3941331399952882,0.8818175819534937,3221
0.0484014181405501,0.1654760478052637,3222
0.18347650187851128,0.5363646179161089,3223
0.7603249844224689,0.963170995950601,3224
0.0762295333072972,0.7561187628739359,3225
0.2729353043766152,0.7869804605220115,3227
0.6644255591185682,0.6403039168595049,3231
0.13114166623181966,0.5833305186095006,3232
0.2243796110070777,0.9377080140318819,3233
0.8408464495263674,0.018319671547163408,3234
0.8315833400114544,0.2558349388563368,3236
0.14086532955185205,0.7489941300471373,3237
0.8278675620886272,0.8938829104290942,3238
0.13206022050320765,0.5323487064549198,3239
0.33262653533966113,0.008726025336304621,3240
0.3981997949718008,0.9167913557627961,3241
0.46553607905953787,0.15701335225134438,3242
0.30100946794429073,0.5323541039339382,3243
0.6632143526391955,0.3579671570035622,3244
0.29541822814817353,0.4090354182903735,3245
0.88511720819982,0.49596193423340595,3246
0.02315045170238139,0.1591541860133121,3247
0.8099091439395566,0.7868743451313057,3248
0.4303241010108274,0.240742313030317,3250
0.5973866133228769,0.3688901722945108,3251
0.5370463174702088,0.9092324263536185,3252
0.7336620892310326,0.6781813076068824,3253
0.07988489498993412,0.9997342025533582,3254
0.5721257596353567,0.8273680497661321,3255
0.3392944730404629,0.5677277811735493,3257
0.9076343747750317,0.09312011166454748,3258
0.6712680013163491,0.5189878045521833,3259
0.8088329453055626,0.6548325605328492,3260
0.0817067817852617,0.3296673732458124,3261
0.062134588101065646,0.2794538844136154,3262
0.4872317946259027,0.21834793425043197,3263
0.8987609087648338,0.6282835755253335,3264
0.9771573227127774,0.07721971313090603,3265
0.45275317741130683,0.8845860317153518,3266
0.7191015830664249,0.5153719130479144,3267
0.7085236902173948,0.561296400742706,3268
0.013098391929266984,0.5051868245607677,3269
0.12862936437249428,0.9823704885955585,3270
0.5958279814998685,0.6699852597792191,3271
0.8611427089264819,0.9007101172847378,3272
0.05232959886075084,0.06158552637140269,3273
0.735352232256375,0.8601870097154697,3274
0.22513699177321367,0.8001596580685936,3276
0.30048771450192924,0.39216009798288753,3277
0.8223467524801142,0.7287080546632393,3278
0.1020246758416461,0.7276480977692363,3279
0.9565085206535832,0.8941439460762152,3280
0.6824805334832835,0.45506710486418245,3281
0.3337210501759713,0.09369392402898591,3282
0.8594069141389329,0.3858316789230877,3283
0.5168491684217628,0.020015239484286074,3284
0.8107545588472325,0.28401789032250946,3285
0.8171623741659731,0.04010669712550796,3286
0.34480449581246786,0.7632452197405143,3287
0.656297805934839,0.8161991630401468,3288
0.38163388057251135,0.7097513351814985,3289
0.8461983579158417,0.8299252910409354,3290
0.6768056628026957,0.4100671365453187,3291
0.42916443343100796,0.08201946822297934,3293
0.6966297048647103,0.2778800610203135,3294
0.6780998707771357,0.3381596624058705,3295
0.5650146665332508,0.30557722064105186,3296
0.6508148050442826,0.09376602618096663,3297
0.8814140689817243,0.7907088384471324,3298
0.1366467952378443,0.27784861815075257,3299
0.6875140694179546,0.5308753547308512,3300
0.6797719876735269,0.6833544962525343,3301
0.5347985757293452,0.82883081770397,3302
0.5337405170131672,0.15404786045069807,3303
0.8207380632855745,0.5333810755941407,3304
0.7131690970222367,0.5947412370120377,3305
0.044159803268804865,0.22376351912884573,3306
0.251268678715446,0.3704119664975686,3307
0.8138674780822109,0.9184438696088666,3308
0.3974478095575471,0.9703572747452488,3309
0.32484933192087895,0.0735216480469918,3310
0.5838957642831538,0.43378540872547067,3314
0.4314450770478909,0.22978624326483832,3315
0.7850053537444154,0.42430214699214996,3316
0.18151455577528608,0.4532968507835,3317
0.4280312242119795,0.09600201056510971,3318
0.8018836893250567,0.37985614238367704,3319
0.7423226089812832,0.6565522576316175,3320
0.22551013296370648,0.461053464128074,3321
0.0007900080887925931,0.6651259543977993,3322
0.03790732983904488,0.45294169726484346,3323
0.651734793195164,0.25032493739927886,3324
0.11643232506954371,0.4782095350892832,3325
0.5295298976136664,0.3450339656915208,3326
0.44079168576699024,0.300433591422799,3327
0.3486017675099876,0.9390344508812303,3330
0.30145650564334203,0.7939005946240697,3331
0.7653981649385668,0.14734759413242748,3332
0.06424349976226706,0.11840820022861975,3333
0.9955005528542294,0.1882613936421874,3334
0.8815440040338538,0.5805616636833928,3335
0.5392834848478821,0.9875821169560296,3336
0.29790094345177043,0.9915975021962077,3337
0.726948645628647,0.9821119842328498,3338
0.7520122177703936,0.7579449966458564,3339
0.318110174035402,0.8650413618986391,3340
0.15269434761507616,0.5823650733034043,3341
0.774628529247924,0.4572653523579845,3342
0.7192784917079179,0.7245011368512445,3343
0.8895121772968879,0.09051042527590292,3344
0.5982063477106516,0.8192457768069065,3345
0.43470007649654996,0.891077874086147,3346
0.8173226182594414,0.5675033239904663,3347
0.8008279687979782,0.6952821825902062,3348
0.39677377882184783,0.0058971241373670935,3349
0.41669730747335,0.09086287692888861,3350
0.40542552949094135,0.9430019330402235,3351
0.7102969910364242,0.04582785518272425,3352
0.9492806766092956,0.6025450449567684,3353
0.8769023942581192,0.05800311735179786,3354
0.26174065700498206,0.22185785494703136,3355
0.4074065987454961,0.48937399808670634,3356
0.4065529438793011,0.4362265218585566,3357
0.07017935551005194,0.5495867489912235,3358
0.7145231698995058,0.39057457206185786,3359
0.8759335305118308,0.5331783172604587,3360
0.7181869276852153,0.9333070214084217,3362
0.4597379414213071,0.9894126339597893,3363
0.2122405237365217,0.11895212618724993,3364
0.07515654010693995,0.4966659002921272,3365
0.6523790529547997,0.8616165530461736,3366
0.894069890772493,0.8175129956232005,3367
0.8240028615674986,0.5477833976930705,3368
0.4223345128487551,0.0226982323327356,3369
0.1661792700026592,0.0006140687488336294,3372
0.06486415708744786,0.6653898883060346,3373
0.21719300437861466,0.885522441451482,3374
0.49236231301236555,0.8605495503965737,3375
0.5265665321293832,0.45426828097452,3376
0.13531137995588927,0.9056655345102655,3377
0.9227073380972204,0.3043422848870124,3378
0.7702510337726349,0.4159290677305756,3379
0.2765399257882044,0.9207224694394008,3380
0.8151964144757233,0.904919645771436,3382
0.9406597180680538,0.046448522016905525,3383
0.7483715828796488,0.9629421862060169,3384
0.2252587203854467,0.8522351322470999,3385
0.6095205446682368,0.870092456551652,3386
0.6957957309379302,0.21734915114995002,3387
0.7119714172581484,0.6327002668918829,3388
0.1280628272566362,0.1442137377801691,3389
0.49742248116157506,0.8385945273161886,3390
0.447571394268766,0.9754342328844743,3391
0.14894641300254485,0.9922097439963342,3392
0.27407325241459757,0.2877104650138448,3393
0.3910811556681113,0.4298059917760918,3394
0.014715030057982914,0.05421014243884248,3395
0.22526119281624657,0.8832006744265049,3396
0.9097674579024714,0.09865335062602554,3397
0.5146830379083341,0.5696295391629462,3398
0.11752475545200392,0.8007678358048855,3399
0.46612727180338887,0.7739767446665344,3400
0.3382048597534941,0.9392075121091331,3401
0.5856881810708514,0.17491188092077814,3402
0.5387814771637072,0.7771712391872058,3403
0.34797736128486434,0.39471897565135183,3404
0.37277426169710737,0.3605330668275408,3405
0.17300692961375985,0.288928982268015,3407
0.6013992629148112,0.12428323234480365,3408
0.07260998677781183,0.010085065985406705,3409
0.006257484292756188,0.2435166695577029,3410
0.008045511082098389,0.5906284532337196,3411
0.17226858181631144,0.39068697013074805,3413
0.7087306475803818,0.26139393814448675,3414
0.18089399703585218,0.16324626717210933,3415
0.7527490765643979,0.47034955826370206,3416
0.5223897793620551,0.552937569389294,3417
0.8381358026829584,0.278476723622344,3418
0.45103724612302043,0.6142140995405797,3420
0.7869704592526632,0.5690319507874245,3421
0.6760332968913876,0.5021465535836362,3422
0.33984649658099675,0.693985070530631,3423
0.7131669270391989,0.46275487793634895,3424
0.8397057495286984,0.6898183556527782,3427
0.470054868297742,0.6310352145781495,3428
0.35764102762147865,0.16370248633384554,3429
0.41313663974874504,0.26914350031443146,3430
0.017664532848987724,0.7986657302473381,3434
0.4021911707769482,0.34279194575316085,3435
0.31543726999050925,0.2558679428357693,3436
0.28606104982660985,0.07304530705983125,3437
0.3619854342672655,0.08019846667829122,3438
0.2765796612147772,0.7363287336504385,3439
0.5950687062197526,0.7592024877537054,3440
0.9048406764193466,0.7690359838566961,3441
0.1356199931240355,0.7338076244145441,3442
0.8496457313457089,0.16723637594057827,3443
0.8352173272660611,0.13608223423787313,3444
0.0941137294256783,0.4744862084150564,3445
0.05631359773382438,0.5360857522503745,3446
0.9483434540388903,0.38506622034436433,3447
0.9768984647900109,0.6792074422742702,3448
0.3821716637462308,0.022291392336334148,3449
0.09104856648134318,0.4958600681126015,3450
0.6461689627728846,0.042597511083235506,3451
0.6085627407286426,0.7017509419523257,3452
0.9025486053073961,0.06962293668173725,3455
0.6349977192658299,0.2709893665838381,3456
0.023927096562248562,0.8330955392357271,3457
0.4561850263579512,0.49801191818409163,3458
0.6105870719551217,0.37186806593823707,3459
0.09394295299516697,0.6320652251584038,3460
0.7334211701628461,0.6538545952188705,3461
0.7708415264683384,0.307851042864556,3462
0.672673109123224,0.04748498606155749,3463
0.0264054321113113,0.7499968092611485,3464
0.5477007353211057,0.7871310304528365,3465
0.9323243265715637,0.20215550448252395,3466
0.12856241967624715,0.8533489953771435,3467
0.7783209495302538,0.18825345530130055,3468
0.3496287532658712,0.1277299408224155,3470
0.4003467036650843,0.20114091593232009,3471
0.6625623791721459,0.5156499278163295,3472
0.14621398955107867,0.3256125615254616,3473
0.9749231508514005,0.9267447056151591,3474
0.8286708397698126,0.1895106259288536,3476
0.9015258472887667,0.9284763156313252,3477
0.14315092010069252,0.4139926030002885,3478
0.469757150039008,0.2154151056101833,3479
0.9932211242076991,0.5701726960898799,3480
0.35516603752420195,0.7655874477565706,3481
0.2217221685290277,0.6987792615104097,3482
0.7649272175997817,0.1675765827435045,3483
0.540183504130532,0.9760087921349371,3484
0.046327710221012786,0.04863262279883074,3485
0.82383305190394,0.41001708016800353,3486
0.8564543550757755,0.9741218558863854,3487
0.6424155626733863,0.6028407398901272,3488
0.26446379424209565,0.6493841289613796,3489
0.8543036066587697,0.5129860761155461,3490
0.351215022144424,0.9847775990790902,3491
0.8619465642876811,0.2738535602700073,3492
0.4837807309906238,0.5202378137970057,3493
0.6277496375095737,0.8742825165218282,3494
0.44263095222072224,0.28555357668161085,3495
0.08500154224802448,0.03049530061631711,3497
0.46042701125677776,0.24327685389643738,3498
0.1136559517783462,0.09717769350025007,3500
0.06120993982568812,0.754334347201079,3501
0.4851325799246454,0.21435942063663027,3502
0.4012088498283256,0.2566919550681208,3503
0.9301224796775587,0.6818950330959851,3504
0.9327425534300561,0.060455846318880346,3505
0.785035317633374,0.21987985182278358,3506
0.7510822228883591,0.02081614759910666,3507
0.8129884572476629,0.939235045306409,3508
0.3444675920251522,0.6783215898084569,3509
0.37151645749004925,0.8837611115694931,3510
0.8491424174995235,0.32701611542084497,3511
0.10377966124029914,0.025270033769003164,3512
0.09352894936209388,0.6856343154956906,3513
0.7891302496606751,0.7303821471555109,3514
0.7773631332200013,0.04797645842683018,3515
0.6911629765731981,0.932189897174718,3516
0.6154413451808266,0.6325244603578638,3517
0.3420693314172655,0.32213227677188205,3518
0.025605556064064228,0.09751747039226344,3519
0.453611937436723,0.7159354273306939,3520
0.38755173870564275,0.9876248960336759,3521
0.2636758177245693,0.8211501691388552,3522
0.18442341169585297,0.3024626575290357,3523
0.1919054495036352,0.9106407011218922,3524
0.5567752384328643,0.9276082655083465,3525
0.2094804805195959,0.7946053635569333,3526
0.9358303452236667,0.5186106277738315,3527
0.6270527332214438,0.6214354218269357,3528
0.4729197713355324,0.30703549843242806,3529
0.25994996310436036,0.4065535572548692,3530
0.41360910631574976,0.25146506841906135,3531
0.5343867974389732,0.5744643900262445,3532
0.09717629207249423,0.11776573085824682,3533
0.4166609252339917,0.8016714943099023,3534
0.39481727413921175,0.658818313683094,3535
0.8920063007948297,0.1908484129867667,3536
0.5068341711469841,0.3817285880385999,3537
0.10562017578136129,0.6515435740690759,3538
0.23595004707162626,0.04184409203207806,3539
0.4809024370323044,0.4336005227903448,3540
0.3374963251098253,0.19868151253509558,3542
0.682762010817183,0.4614173276348057,3544
0.3623314592176934,0.9263345125978119,3545
0.4089763631664761,0.8887497866187906,3546
0.843465823256167,0.950305491697725,3548
0.828813452462306,0.48947720012444307,3549
0.28713557630508646,0.7854008198501785,3550
0.9614268445531555,0.22586730270856792,3551
0.554868802971003,0.25277764974845207,3552
0.026745769301018907,0.9068179086138967,3553
0.29962858336885434,0.7049526066474774,3554
0.6203952959891965,0.8841492176204988,3555
0.15151453718081243,0.3380546983066347,3556
0.4159876822005527,0.6736079740374817,3557
0.1397282593375827,0.5822243962978145,3559
0.9903760359870629,0.34101359184889624,3560
0.4107704824705083,0.6847877174381001,3561
0.07711397608561232,0.3787938266447547,3562
0.1165795556217788,0.3216965761535593,3563
0.03610125492159488,0.571865604024646,3564
0.39536812595180637,0.710794566935343,3565
0.7201650515397768,0.9999587674562342,3566
0.5608083914891072,0.35501093574650355,3567
0.20495281390441322,0.003936314974871236,3568
0.8267543048117233,0.7721578924922454,3569
0.024149053682877675,0.019222868478239286,3570
0.5789377480118691,0.7122744097070088,3571
0.20891567528771293,0.2919436471493272,3572
0.5761934711476022,0.26855708568525505,3573
0.5360715625839608,0.09544063608037878,3575
0.3838289800098733,0.6394058897250066,3576
0.5941427314029825,0.9946362482537485,3577
0.23514456009314277,0.9134281405882294,3578
0.46107224152900894,0.9788498997263549,3579
0.797223234641976,0.7678860864090862,3580
0.4039385563241883,0.07692997950724467,3581
0.26080677921340256,0.3497534170412039,3582
0.2519983304492289,0.05007185988157736,3583
0.44634326890161713,0.8028111425139903,3584
0.7721569956167461,0.79723297561086,3590
0.9629347447199396,0.547121378468441,3591
0.9409173868200529,0.5138860314053276,3592
0.4296364934458192,0.3397048070606863,3593
0.9532047716326976,0.4516553744061089,3594
0.2729491237830244,0.39658008935886924,3595
0.6323811480629765,0.8844083296677395,3596
0.3709004061975999,0.5676951696076206,3597
0.39369972607417203,0.004081003630021285,3598
0.12881589886357292,0.20738624210771806,3599
0.8485800528372018,0.2749608216127435,3600
0.38329465432250964,0.3190314580084369,3601
0.07221062814894219,0.7541970960917748,3602
0.6863645052746925,0.0945578738608146,3603
0.34070424290878176,0.9987350825227314,3605
0.3231841845742308,0.7171386956336117,3606
0.9620101663716503,0.3365122616727323,3607
0.8344120617701688,0.16195622225682194,3608
0.5425769365181066,0.7896121521401787,3609
0.5576280108746408,0.0128750680527,3610
0.3132123196623111,0.12996413791830108,3611
0.47630720736743104,0.4251513296639826,3612
0.8547377272115708,0.4888237596808469,3614
0.1704450351750012,0.7368061574494384,3615
0.7177757162240308,0.10911776413603314,3616
0.6629057170508247,0.2855765365720465,3618
0.7408225790284884,0.060261923639108206,3619
0.8427190220359334,0.5910521772576383,3621
0.9106530675475694,0.9535109906903609,3622
0.056934360604789735,0.9298451941496305,3623
0.918293115247345,0.18687820383110154,3624
0.4212025156512277,0.759253216022107,3625
0.44808411203876386,0.04366207232829167,3626
0.47046104003637446,0.387555128238784,3627
0.8890271272742624,0.83551572656587,3628
0.6395265498336119,0.8343667013814596,3629
0.5704082363774688,0.5414677220829822,3630
0.47472534563807356,0.6518146842722687,3631
0.04444332090069636,0.6800056759034793,3632
0.8957025370196432,0.7695531432306194,3633
0.7058405234633434,0.28099512897478174,3635
0.8559543389216538,0.9504168916078369,3636
0.30832896799525045,0.3357411321170881,3637
0.3564078413057501,0.22689718274089976,3638
0.7765433737340867,0.42292686396716483,3640
0.5429904842199492,0.12419471042983354,3641
0.5575772093868805,0.047192086051086934,3642
0.1981272697872526,0.656482837360596,3643
0.3002321511094772,0.1430181254284948,3644
0.7096288408644844,0.7170854280955905,3645
0.3067071900610828,0.4138852727233455,3646
0.35347189653153555,0.2486705771814235,3647
0.08230260585339277,0.10813358342221835,3649
0.36301341609706395,0.36249949002611814,3650
0.13642516405384741,0.41106952539463104,3651
0.3398677803486957,0.20126739767900248,3652
0.6768609969830734,0.10419566534692193,3653
0.7447399229134245,0.1414602195472976,3655
0.14513181240915418,0.2731240534568775,3656
0.7140303176904719,0.20946156094514445,3657
0.08433331859269766,0.4423722077294854,3658
0.13854425878179155,0.3234280938975218,3659
0.1909149669353183,0.2817179465920363,3660
0.05906698870359983,0.23673000621260587,3661
0.7752879918047995,0.984884552897483,3662
0.7634663634640151,0.3936590208626426,3663
0.07217796177321623,0.8425980949904105,3664
0.03543218808755755,0.8575851881258097,3665
0.726760191187143,0.7806904142691211,3666
0.23248845307603094,0.7218716927903431,3667
0.46157674942153737,0.14318245784148342,3668
0.8379156170260907,0.7806084903697127,3669
0.19613855785594703,0.3167546342380567,3670
0.847112535653764,0.44595735959683236,3671
0.3112174216254422,0.6082333779165632,3672
0.057966065100371944,0.25107315415083864,3673
0.04180960470079076,0.4217441067827904,3674
0.5950151973643478,0.4143180923572398,3675
0.6190060394771973,0.991670249861605,3676
0.6137336857758625,0.942849122343986,3677
0.033803873976174126,0.3703117874334094,3678
0.4767764680369805,0.25106559329007416,3679
0.3411526292063982,0.2610438842294902,3680
0.04244805335296087,0.04714214662586236,3681
0.06230576659084097,0.9984924326007097,3682
0.48657566676445063,0.8479716758197572,3683
0.21214928014758572,0.17526178516888657,3684
0.983069742077057,0.8608766084154341,3686
0.6391129532647831,0.2676601223657987,3687
0.08668144116266074,0.9815493158200446,3688
0.07707904207134963,0.616390025358168,3689
0.18065897185285762,0.6810057976388767,3690
0.14296645819343767,0.009262093819068395,3691
0.6841916066778386,0.18211396541092928,3692
0.542886917908249,0.41274078623890786,3693
0.492072190217153,0.7521518394490616,3694
0.10906332977402233,0.10443694809671289,3696
0.9744740561470302,0.5473537355975728,3697
0.49093420323458903,0.806678851777166,3698
0.08857682471411321,0.41097131840279766,3700
0.6712065158936333,0.3212500016616343,3701
0.5833322287605234,0.2656443403496933,3702
0.2619557923159248,0.5198964356366094,3703
0.764113981214705,0.93094896893906,3704
0.23389804085178267,0.14417113860328767,3705
0.05513421152657905,0.7140745429790224,3706
0.6670041128183883,0.3720485308401327,3707
0.25077602249054454,0.6020499048471267,3708
0.3711255599105099,0.36938825315440815,3709
0.33279118035962996,0.5854216503211056,3710
0.9531491628356449,0.7329386739809761,3711
0.17482110382081906,0.6046897415291052,3712
0.4653986664506269,0.3343811143886767,3713
0.5683814313527709,0.16246843699206737,3714
0.2937032412788063,0.05092167100408862,3715
0.34741950660205434,0.6820078618827953,3716
0.7301233262664603,0.7426220173855826,3717
0.12039146698982828,0.17376070474245442,3718
0.8684027214541623,0.6134074265861383,3719
0.9290388859227856,0.6732539841065359,3720
0.6406121326115971,0.6721817757640665,3721
0.399987012752983,0.3445029588779105,3722
0.6072127367458835,0.21805056346427854,3723
0.5355183550105939,0.7961427171819896,3724
0.5418915303029895,0.6198688541675608,3725
0.07050673281079245,0.7704843246619817,3726
0.34400188977808743,0.09070278604947146,3727
0.39684384071076795,0.9846559081790476,3728
0.0038618059056806375,0.5449787289687164,3729
0.2484027745199543,0.963461306297159,3730
0.4359823543907583,0.3912056357390591,3731
0.2459063349842544,0.14706113466817738,3732
0.6430987246451931,0.9014788454355447,3733
0.11901096133650235,0.18922810338528595,3734
0.00870184225773285,0.47552620040692606,3737
0.3550895524296319,0.32056786353928957,3739
0.8648080498392585,0.76610646267807,3740
0.3197632731413669,0.7059321704986905,3741
0.5407496951740727,0.11312771860969295,3742
0.41046600073680184,0.6886290658965187,3743
0.19080402938132113,0.4991283569990753,3744
0.05163637201402682,0.7095406161495492,3745
0.3859442157284676,0.41025679802482395,3746
0.046119359739333565,0.6333029679865175,3747
0.17711871253060285,0.1296105766894855,3748
0.09189730645136496,0.8334311439234203,3750
0.13103340284469123,0.5455930479874482,3751
0.3923535657789041,0.595829068859553,3752
0.22461485692369654,0.3126705433233271,3753
0.8785999787082962,0.6449071349852598,3754
0.5523769554940052,0.7700009873449166,3755
0.21031589377930449,0.33206453962897187,3756
0.806085011008112,0.6383137765705021,3758
0.20697443950992556,0.7805525253751894,3759
0.5613461179361037,0.8981295687803533,3760
0.25303498210739583,0.8236950052372045,3761
0.43215428362476005,0.13059017802748196,3762
0.1613738866370924,0.3046893302731043,3763
0.6783295243522882,0.5221532565474382,3764
0.3738104955423065,0.9224018415321018,3765
0.1301477699897684,0.6531207581159878,3766
0.012324743649596903,0.9935712617432045,3769
0.5467031173343098,0.1588877704809204,3770
0.43082862516769926,0.6752768027102898,3771
0.6263354327960485,0.1642085295740835,3773
0.6054949330519959,0.6134097253991194,3775
0.5993317827862923,0.1289149514099206,3776
0.3497958636516759,0.8044560870574626,3777
0.16448825124083621,0.3242784229421165,3778
0.058733470749973815,0.8247890283549569,3780
0.5126474315494333,0.8651906519394891,3781
0.04172923520527094,0.07546729014430043,3782
0.6470185126946476,0.24438730251140017,3783
0.27532072771387384,0.43499640359860203,3784
0.25316118087849704,0.09112881063610356,3785
0.3949566100391988,0.7466328257416488,3786
0.42352117510677356,0.4932647276712785,3787
0.9521488366802202,0.8056342641668135,3788
0.6900398332229051,0.2631428777243455,3789
0.9920433306569746,0.04831047754633322,3791
0.34902117352199535,0.570873982917781,3792
0.05001931060409004,0.5673274309520859,3793
0.02728870330077915,0.8357719450309559,3794
0.8584875097993342,0.4020129986941301,3795
0.0475457388908852,0.2527790545002623,3796
0.8833090387076112,0.22860968425419192,3797
0.6106797417128557,0.21009692599898178,3798
0.11347318647703097,0.2778732001344495,3799
0.5296847369667317,0.742143082860297,3801
0.2275323429221684,0.8798832512620155,3802
0.14097581565193607,0.7752985200317827,3803
0.21347133366134274,0.10467383168350575,3804
0.6917321849524022,0.1596790940670435,3805
0.6026242714125948,0.06377697551300143,3806
0.08519218121354988,0.6293933664961028,3807
0.1751576428994348,0.49894700046574414,3808
0.7117750187219137,0.5741376567734054,3809
0.6059447013244001,0.17478034238914908,3810
0.6041277997411808,0.3350762221353819,3811
0.4548259730821267,0.044413727976719386,3812
0.9126152349219296,0.42914315332623443,3813
0.5857798344339578,0.18818898198216394,3815
0.8340857255758644,0.3813561404323562,3816
0.721665839163635,0.40159598483301084,3817
0.7519367712052822,0.994829649889028,3818
0.34093564365243634,0.6547167185249149,3819
0.2774516630289947,0.45598418336668045,3820
0.5155626922666279,0.07146631850645002,3822
0.7984100371604483,0.3433577201906317,3823
0.03219512111740275,0.2844033451601621,3824
0.9430448519829162,0.23013462030591703,3825
0.3395176726334702,0.3434963298261139,3826
0.34418128719539076,0.5152925870571332,3827
0.31907139002388984,0.5491827092634497,3828
0.4206994035138373,0.6015254200714086,3829
0.07718193449714228,0.5673797505761289,3830
0.05763884482731507,0.974276507534368,3831
0.9444156087851511,0.4545565511750884,3832
0.19142365231750458,0.09568527770309154,3833
0.44491021156915245,0.24206395042774587,3834
0.3508512681847591,0.10721485826648414,3835
0.5720618035422543,0.1345298067159143,3836
0.3062961038398505,0.6222911248088704,3837
0.7072491166080184,0.831416234260795,3839
0.20626926911984012,0.12185730542156215,3840
0.573797250432558,0.023398700679026274,3841
0.5829063606334182,0.589573723929377,3842
0.48539782924464114,0.5609843018366673,3843
0.35268917105569375,0.5378814534220213,3844
0.28740581989013525,0.965419159986515,3845
0.314165585215214,0.2109185384996899,3847
0.5963650991997853,0.7925793948437723,3848
0.1531988656228318,0.8064669130440807,3849
0.3367963653440015,0.22806697152265643,3850
0.24435924335339743,0.6554074249971902,3851
0.09437508177953002,0.88169021390648,3853
0.9973231540598152,0.4251851420430006,3854
0.9095828373010373,0.17721785666926648,3855
0.3623145316840537,0.350543924060409,3857
0.5518981655483022,0.2774165312621597,3859
0.021217505901407252,0.434852545961101,3860
0.38707764421511326,0.7290143949474065,3861
0.4641471793939824,0.07960387011444592,3863
0.31337825284403187,0.761772370761553,3864
0.7549477753381256,0.27630384868412594,3865
0.9301932985918315,0.2054011077410649,3866
0.3709103800770637,0.5071961899702272,3867
0.904703289366593,0.0017629762083364309,3868
0.7919743179863141,0.7043333065499234,3869
0.45028834054674294,0.9276500372316069,3871
0.780287385137492,0.8593162705184944,3872
0.3551041205548997,0.6704479239187593,3873
0.7608237409215709,0.7736087397009943,3875
0.4277972715779783,0.15878244305858769,3876
0.01578850862369363,0.9537107589431059,3877
0.3300558450448312,0.482755214935475,3878
0.6168264409531014,0.5616550013860331,3879
0.20094063298512554,0.20928758268572878,3880
0.8542789320524392,0.8453981057949126,3881
0.18586368780142015,0.017496941487565643,3882
0.48649478186175266,0.13428754513538843,3883
0.3868620491171936,0.8643516570171268,3884
0.7800511295474211,0.443330224780924,3885
0.08786661627885894,0.2439008045342549,3886
0.09914328738040412,0.4661117988843495,3887
0.936802480901641,0.816099130986316,3888
0.7174156314248584,0.30797962850836014,3890
0.7888196869761255,0.3374936027541563,3891
0.3803845879460609,0.1546960188477453,3892
0.17216454344093768,0.3317530730415542,3893
0.9980556274650666,0.8145897679420591,3894
0.07004803635490564,0.6943165977503645,3895
0.12405034261787162,0.8485744745650938,3896
0.5680469563908722,0.027508009302583236,3898
0.3566009859003615,0.10367467884693604,3900
0.6540653912499274,0.8292084732101497,3901
0.9361640578328975,0.3766339667667692,3902
0.19954186289027698,0.3166688587008716,3903
0.9206831291022263,0.12733609159103743,3904
0.2017388656208946,0.20092525778044734,3905
0.017666230232513347,0.051808707604962145,3906
0.5439237933620108,0.7801021365075148,3907
0.8679994242646101,0.9020222190531325,3908
0.34485901498122185,0.22487458432863483,3909
0.61858830900403,0.04445309789281682,3910
0.8098223671994029,0.5073447330761967,3911
0.02525690899084565,0.6838488074265392,3912
0.4367698441702542,0.4949465231827799,3913
0.8903739948866177,0.418648535609643,3915
0.9058196225248341,0.3305325900599727,3916
0.06556552901974966,0.7284198059523738,3917
0.37996846185176925,0.17869164968047946,3918
0.7492923247715758,0.9665187702724647,3919
0.885337673119648,0.26696789779633356,3920
0.777590951315228,0.15294369463102742,3921
0.7139660560213389,0.15369834783028602,3922
0.5230001910067485,0.3710854230987002,3923
0.7906758806130878,0.26287819189032813,3924
0.9847762182700954,0.2140756506964494,3925
0.4916005580694853,0.31521255026804496,3926
0.949366305517286,0.08094970661837397,3927
0.6915022981025889,0.5660937706633468,3928
0.4485990621825988,0.062120971261690694,3929
0.5707627115362354,0.6862725585709929,3930
0.43201083032786725,0.5159295018954446,3931
0.8442065344393545,0.16003922064892717,3932
0.8681999918303557,0.29954919999553475,3933
0.05783403526528941,0.37125720471383516,3935
0.6439056929383448,0.5503626668293881,3936
0.7990128800857199,0.6271037167746524,3937
0.2724698750591308,0.9365553577877449,3938
0.36373108514928576,0.4948023498338108,3939
0.6801889415271197,0.14735144834466563,3941
0.19329720421840602,0.8509448939879793,3942
0.6209264661275464,0.03157204976610828,3943
0.07946062293251266,0.22119369899952768,3944
0.3512839467741401,0.2433280870671607,3945
0.3524477175238101,0.9829930302509956,3946
0.3205460146266952,0.6130645717147662,3947
0.8978137357374252,0.045730272601828936,3948
0.657317185336529,0.8961646772870412,3949
0.3697194842353947,0.6495682320908777,3950
0.8068634262133579,0.9023587025133488,3951
0.6292578188669499,0.2033879125346011,3952
0.7355288385105653,0.578452669322585,3953
0.010776136731278418,0.9934193173923603,3954
0.445524397605239,0.8009388264952498,3956
0.33680980573807784,0.7120936494410061,3957
0.6610811905674009,0.5188944703102545,3958
0.5474165307753355,0.7542608848215223,3959
0.2711196890067258,0.9986365321025003,3960
0.4558063225953871,0.568798435734753,3961
0.2450220977116706,0.5218417713294005,3963
0.04959536858517799,0.4639972711785626,3964
0.32873503076796395,0.5345210518839798,3965
0.6394587727870692,0.3665962400106514,3966
0.9672388212566478,0.1573319565585427,3967
0.643508415157115,0.9339356063445643,3968
0.9937936584882419,0.7545044110827831,3969
0.2035873636687262,0.6535235594020866,3970
0.4218876417116838,0.839569908053581,3972
0.5841572849221642,0.18233879376473838,3973
0.14421412287927526,0.08695588529861387,3974
0.8359305071451518,0.7130971680805636,3975
0.6010758522814932,0.6725827988551734,3976
0.8060899107785435,0.24403976831639396,3977
0.5950257380010772,0.7306777787996396,3978
0.7349085244087917,0.3834125281987727,3980
0.2931485282431464,0.06887107991856511,3981
0.9945742469393645,0.6262150041625569,3982
0.887983988463911,0.20393889787064434,3983
0.6982705987134409,0.9424242832875754,3984
0.08360604393841686,0.539266261535096,3985
0.7219412735256006,0.6983772314057398,3986
0.050522155859591966,0.35015424599540823,3987
0.6736086900327407,0.5525702346802821,3988
0.8904336654484686,0.215796721192149,3989
0.8366473184783116,0.016121321447086112,3990
0.9807874173831453,0.10490220861931521,3991
0.6277349108599353,0.13708990724355252,3994
0.4262164349550531,0.8581271989132945,3995
0.31363199356481153,0.024024593729833676,3996
0.1076651548457761,0.3397907703586257,3997
0.43665223189564184,0.7586067523467255,3998
0.008428443805866714,0.09829401308103358,3999
0.6891377680110388,0.3234585734604809,4000
0.4615061593471492,0.22314411074427343,4001
0.6352821094851843,0.5879886172394561,4002
0.27642880229421096,0.1183622582392303,4003
0.22652570254714444,0.9335788990681939,4004
0.2237506276443757,0.4705572673454185,4005
0.6680825442410186,0.6581285767579726,4006
0.4445321325447047,0.6813950331513501,4007
0.3401091205465431,0.6301445036655947,4008
0.6482774673346419,0.4099344886874796,4009
0.2923951921283532,0.9403335609037946,4010
0.5037777444187523,0.4977823366443629,4011
0.4902744264077642,0.09793084301547494,4012
0.48150607766387943,0.7211011731904688,4013
0.7267712846275783,0.021404230301916405,4014
0.9846878627557243,0.8446339023293016,4015
0.05689196113493511,0.7707890970270902,4016
0.576248084538,0.7620584545219437,4017
0.39290622197619063,0.8505492039349231,4018
0.7336368091000337,0.7047178838385963,4019
0.18742310415712493,0.941387348172088,4020
0.924122177576182,0.3233405971191391,4021
0.8406846578134928,0.2775088623442701,4022
0.9231363845678562,0.34628430770807794,4023
0.3625944271627253,0.5497457443752447,4024
0.4918860348229174,0.2129369432424364,4026
0.8837624350517422,0.6344546218448609,4027
0.9775208781076264,0.947513943255025,4028
0.40870500864082737,0.4370512041865725,4029
0.7878612700400788,0.2565904342238384,4030
0.14827623897888342,0.23629248755118948,4032
0.3318333953638676,0.4104883357274858,4033
0.40421702016328853,0.004549555618152845,4034
0.1214208330549571,0.8758010047432426,4036
0.9238766766279495,0.26749517637095066,4037
0.3694077672812067,0.8131803760147175,4038
0.11617372957034777,0.8987156972267516,4039
0.7250873285438999,0.8714956594854399,4040
0.1472092142427528,0.06871967722345473,4041
0.9267662267800445,0.5092564692799012,4042
0.17777208078108342,0.8957449954563835,4043
0.7540976271376334,0.7888138406703409,4045
0.35959190405029784,0.9802943331559983,4046
0.9744276093113985,0.45713419630066265,4047
0.5427283158991967,0.07654702814143022,4048
0.07394473689137782,0.8753279247219724,4049
0.25333278190458663,0.786506194542473,4050
0.21833965056920535,0.9844531396907747,4051
0.0022965800260306146,0.013049011660894227,4052
0.48983438629457,0.6443550177199002,4053
0.6649387670719473,0.3743858501063886,4054
0.396520002178925,0.9299580699024228,4055
0.08098586811828701,0.18624323364369644,4056
0.5511804280517119,0.0836234501714902,4057
0.3046505523444849,0.20335807356098667,4058
0.21895650359117436,0.05842251683165578,4059
0.8495630273305332,0.015023918414853954,4060
0.848012288536636,0.5573428077521193,4061
0.9154811535087315,0.825219575253447,4062
0.48979787747251413,0.045159074081352335,4064
0.24990173007649152,0.1434158369707077,4065
0.8780407062546209,0.47601895684037965,4066
0.42836808629810785,0.6721592327062043,4068
0.5739527678707489,0.16371935254329073,4069
0.6888892207371344,0.5026962763550947,4072
0.39630327529805953,0.9569237931119917,4073
0.6033277892214857,0.6731256346568907,4074
0.47659770262846457,0.7372960255323068,4075
0.7808008610581332,0.07978252859091328,4076
0.8641161321961045,0.9276651728705827,4078
0.7948692376870193,0.897733562792063,4079
0.8064302763887282,0.9774685257369884,4080
0.7280437202205838,0.2047101593119861,4081
0.4502567272856086,0.822779692538902,4082
0.00841607537531508,0.4525832063777373,4085
0.3494827735799141,0.9936584349349074,4086
0.8252205572439066,0.46101964369597803,4087
0.2926700832253478,0.5840465507118812,4088
0.47859530141221585,0.05215100110749449,4089
0.547706495262135,0.6491824240149039,4090
0.9022304272983158,0.6707817112265608,4091
0.22551066165506362,0.5977817156441328,4092
0.7385011355076944,0.7075280467629802,4093
0.2968358459226895,0.25842048426033715,4096
0.13079058068076654,0.13022118007256345,4097
0.6958531649510387,0.4725852327181883,4098
0.06381948280111882,0.11374809312370482,4099
0.5860916066491753,0.08613862430690233,4100
0.7825667617392318,0.2272029750502803,4101
0.8977684764118267,0.24516586238403804,4102
0.5406913536903306,0.4286464034684263,4103
0.7613463311962678,0.7338135406624686,4104
0.7275005472161135,0.6783676955064085,4106
0.25226847631140015,0.6710147372056993,4107
0.44018381308644383,0.6194044948368678,4108
0.15453662483029262,0.05849243955637562,4109
0.8117774523691073,0.3363193248068682,4110
0.35039722202047385,0.06396827276815487,4111
0.9992481882194999,0.6953835618204582,4114
0.815487822214438,0.498347669251361,4115
0.6809395733845867,0.11984785499074846,4116
0.740970958753608,0.3004644139348528,4117
0.7283407039808153,0.5253778226371121,4118
0.017658267630741853,0.7355859463566824,4119
0.4527947317748311,0.4841538016766723,4120
0.49578672335226015,0.587093813645303,4121
0.39996958119382753,0.0012120554437212716,4123
0.627949655875586,0.46048292773538246,4124
0.5085314554435074,0.21365630442946626,4125
0.3853051894612348,0.671230733107276,4127
0.6613735179302412,0.13344280640497075,4128
0.16941492712865502,0.40576825891792634,4129
0.4276980297985218,0.07669339469103487,4130
0.4243249215921704,0.299721065359568,4131
0.18418785389810532,0.22363247625831117,4132
0.8606930928197982,0.8266418008789886,4133
0.40547063150423535,0.7717884542160374,4134
0.08240158836420275,0.21703619260129814,4135
0.8659186779498687,0.6332496452333074,4136
0.0027076949391056093,0.3873030229055848,4137
0.73417793257339,0.4136401131230788,4138
0.2663623778968571,0.9836112129412997,4139
0.44846572804203055,0.788764458205541,4140
0.32786855029629713,0.30448103887498157,4141
0.09054465198173611,0.8587623080443063,4142
0.03593544236055868,0.5251929680095603,4143
0.7015501180435688,0.8086568622625759,4144
0.7548062464120648,0.7318623622601322,4145
0.8176738218110141,0.5771486676124067,4147
0.38644284353350555,0.7183873020546756,4148
0.442922005144726,0.11762523736642738,4149
0.8765582640010272,0.867314884345807,4150
0.8560733763742955,0.6060498445857365,4151
0.24146583798279575,0.22484692214358926,4152
0.1557448748527125,0.0949647402133692,4153
0.3632863549191283,0.6599456626524648,4154
0.3127020409134088,0.7429827692923235,4155
0.618837846214884,0.21584298305376004,4156
0.4318945847624911,0.10683557263454158,4157
0.25156726974525834,0.4659112607926065,4158
0.3013689666866889,0.9398652272624395,4159
0.990846755291942,0.2745909365272532,4160
0.04034737609800543,0.9119176464581603,4161
0.1607620333589319,0.041746890196712294,4162
0.9248998773134954,0.46649728431203874,4163
0.7698872779903277,0.11050433206253274,4164
0.9523171438537865,0.3993389081795399,4165
0.6964737708701211,0.757227197550463,4166
0.4792145691384986,0.7240163158733534,4167
0.35835751074448696,0.7713205732688888,4168
0.7118150775559441,0.2533314343528067,4169
0.31679533692598183,0.9670007389222957,4170
0.07734367083689964,0.9770763666413762,4171
0.4926670216772997,0.11819399967464117,4172
0.6002883469327788,0.10023539337220488,4173
0.7340460191169653,0.5535504516226428,4174
0.1541474900038684,0.42853757462096975,4175
0.9431742514511331,0.5699178535355334,4176
0.33754336703932053,0.8227586116737294,4177
0.3013755428942969,0.07634527897272647,4179
0.021225997122663487,0.13033990503449266,4180
0.04783564239504967,0.1573361581518875,4181
0.7804289247994649,0.131515241818412,4182
0.10323000133840676,0.33763173891379883,4183
0.35701068947254644,0.38747674896550743,4184
0.503707009822141,0.3969146007232248,4185
0.23465291168713764,0.4012991640513688,4186
0.692843377174137,0.8485929183783089,4187
0.12617149971062336,0.3509539676011786,4188
0.6859028877849762,0.2593719898461284,4189
0.21301056229023763,0.538416640000813,4190
0.8606675917424703,0.9728768365883518,4191
0.5979071894320744,0.40905727832675465,4192
0.5206401828928424,0.32880039764509306,4193
0.08874556603798811,0.6016789223037805,4194
0.3435252514707031,0.8383621366838977,4195
0.2406560077255434,0.3335371390513946,4196
0.8282620192321549,0.345546623033648,4197
0.11557897554284347,0.3660255802169835,4198
0.6002351655387755,0.8689274207835178,4199
0.2418001888773349,0.8080732631944498,4200
0.5129911968951016,0.5682477373550578,4201
0.6943585161353808,0.46407396005921664,4202
0.651672826127077,0.325901489893758,4203
0.6162831010265843,0.5895139769854337,4204
0.9770597108312274,0.7376328323217088,4205
0.7224215844582405,0.3069918100134249,4206
0.23729558809036366,0.37832100663999735,4207
0.5616305963826761,0.32497893118240906,4208
0.8898826286499547,0.23437865023345772,4209
0.41732540757479164,0.5838460516037581,4210
0.6164836855897594,0.8467195582031749,4211
0.31904723321706663,0.14081610911763232,4212
0.6484735969309551,0.9691911299916435,4215
0.913470918394139,0.44924378642253016,4216
0.5630094514611755,0.05271198117680387,4218
0.6796706750822585,0.33926000703194625,4219
0.4958707771272526,0.09523056463168256,4220
0.7125084879201578,0.3706757777578532,4221
0.7826892839061877,0.08338667639392983,4223
0.9463015589640084,0.5006177159612604,4224
0.5201163205027406,0.43809493923654996,4225
0.576458125907724,0.15591625877302362,4226
0.13597782088865118,0.8939024078370468,4227
0.6040682080505408,0.10127127208365161,4228
0.9730788687058946,0.3277556021244731,4229
0.23585986031768114,0.2374348514444662,4230
0.43373823534485845,0.3697629111301507,4231
0.2138825852552837,0.727927893671187,4232
0.5876298958284761,0.7690154642080759,4233
0.21013612344745014,0.22731777322215996,4234
0.07424338853846857,0.48859890997987343,4235
0.22826292251157354,0.47422434043400397,4236
0.18342036541160944,0.7065365448763193,4238
0.7961672971304797,0.2716952642839229,4239
0.8701182529599001,0.28605338919387946,4240
0.34779150738468334,0.4467032285572571,4241
0.9481046704409176,0.05519314392336072,4242
0.24330210674183872,0.32159607432797244,4243
0.4052857482383949,0.16058738228941016,4244
0.4703847828109423,0.9692267188444157,4245
0.18083093758017943,0.9604245907398403,4246
0.9530260750055835,0.8182981670465557,4247
0.07368534514669567,0.5532156533881977,4248
0.8464471956857155,0.8009939101065793,4249
0.7835256244315553,0.4008983409663447,4251
0.985531882298144,0.7359871925901579,4252
0.5694736580169638,0.11875092331779113,4253
0.7834597414746182,0.7046928389137236,4254
0.5115441659105076,0.7147604607190107,4255
0.29905942479204917,0.3799501310315351,4256
0.9190426524833943,0.4721430069977841,4257
0.4999365037742177,0.6564691253580436,4258
0.9369007721537114,0.2497969774372787,4259
0.3762684102970918,0.8977995760956015,4260
0.6704112934433974,0.03379552326886048,4261
0.6322637767899889,0.12032239269486988,4262
0.14892432284956647,0.5552002623399948,4263
0.49101408754152087,0.4522875456655785,4264
0.249826788803175,0.3412767049019787,4265
0.8710971925562115,0.8114702639121523,4266
0.22281357844795446,0.29883377269640066,4267
0.5539931812001898,0.9614460969996536,4269
0.39454910035970203,0.3299613715782781,4270
0.15896592868071568,0.6664979370129728,4272
0.0541048604560721,0.7638972097078802,4273
0.2873774928478414,0.6463452006795184,4274
0.6939294072806851,0.3854053499725557,4275
0.21476090602359788,0.46350960760599336,4276
0.014367620723423236,0.246869821459336,4278
0.4557626454184708,0.40803560548928763,4279
0.4655844049502146,0.4160792004979068,4281
0.5867263721088166,0.8413388356612371,4282
0.9203855449038806,0.9667140148387244,4283
0.5612794956605417,0.09404407338532805,4284
0.5157007707861018,0.5791724133270514,4285
0.6134712326792571,0.595878016371639,4286
0.2669684751050869,0.2811213836246491,4287
0.6200858614373562,0.9679114320780187,4288
0.6484244577506311,0.737028261423663,4289
0.8278130815509432,0.10773327602069904,4290
0.48455692234393066,0.33698316770692793,4291
0.7468125747346139,0.5312336817479613,4293
0.04501827456269014,0.6749187117129587,4295
0.8165812550498922,0.5580259565192501,4296
0.6659355239740224,0.948710109990857,4297
0.20630953555160414,0.09615072855642615,4298
0.9441536069791322,0.45135074737549163,4299
0.5552404290755605,0.0029720409699240946,4300
0.6552524569033206,0.33373967615456,4301
0.5992141835492448,0.5269034629548972,4303
0.037540963116941994,0.5634026169400865,4304
0.008772773200978357,0.10284673028439983,4305
0.27279705317984915,0.64069639668332,4306
0.2513321946028739,0.12209421367038176,4308
0.7637459561217261,0.24993621238932484,4309
0.9320000322725885,0.6533980437077807,4310
0.5022869253485855,0.3207491422968882,4311
0.3426006407044151,0.17130128394600175,4312
0.07554535359887504,0.262873081893247,4313
0.8365114406006532,0.09318157006388139,4314
0.903713137828013,0.8178981201576657,4315
0.5514543468272768,0.5812532910255325,4316
0.421486564686562,0.7340063136732076,4317
0.4624496241010312,0.9820673110590972,4318
0.6688264418957548,0.31850618463962876,4319
0.6769656304587337,0.3541312185558677,4320
0.04458963138507388,0.6867827261307158,4321
0.7898753681228987,0.677081601434426,4322
0.9668435609522719,0.48465079072961237,4323
0.3061921143660771,0.0704114256277184,4324
0.8994114905097816,0.9845629879030684,4325
0.49637062233661855,0.5327814262646484,4326
0.4724912649938994,0.15628572482567993,4328
0.9328390213704487,0.2242689285753794,4329
0.937583334200169,0.26129202444559196,4330
0.9876640299889587,0.4012688332143539,4331
0.5206397850975343,0.5448489055914284,4332
0.8073212212292846,0.6383893180044873,4333
0.0038724907657460284,0.8451012701167069,4334
0.9641445974436941,0.23168851964461123,4336
0.8518871789519904,0.7447674170786839,4337
0.47089902617984813,0.793138810406605,4339
0.4126168141157719,0.6756254357299684,4340
0.34849004111000215,0.055362852568687115,4341
0.9700778404061571,0.8483654157722547,4342
0.6421986132034816,0.9574033850256353,4343
0.43908587955269684,0.6631893219057036,4344
0.808337735273888,0.7039071407662816,4346
0.37488353426679477,0.6128515658495637,4347
0.7296576073811795,0.7008197196183946,4348
0.6668492925258954,0.7135628281189185,4349
0.3057173096468294,0.40791292131340773,4350
0.24153581631558863,0.22447033627189805,4351
0.01809761838760482,0.6312050070685561,4353
0.820787893138325,0.7789206695104188,4354
0.06747802526744184,0.2644227688664563,4355
0.34999567179274427,0.9958383077474308,4356
0.4940195992712685,0.7612290703227752,4357
0.23768837947879218,0.8741384508463452,4358
0.26118813993712453,0.8907445184069219,4359
0.212647715284781,0.9103299115840292,4360
0.8435730636230867,0.5227303808509929,4361
0.38508125043967656,0.6134822961701819,4362
0.633802856368089,0.39149518222601987,4363
0.15684467105261812,0.33949112866412035,4365
0.4742743475009905,0.6605295299907502,4366
0.9836228692348048,0.4234056293541427,4367
0.6754646205909042,0.11643014218506842,4368
0.2261183534292508,0.2435692236369087,4369
0.3519772661563678,0.6875630721059549,4370
0.23663087034411046,0.8909326891019989,4371
0.698841133432607,0.6051126598996447,4373
0.24581042748619042,0.44199528065280513,4374
0.781681176237236,0.4957543843605178,4375
0.1598924761388446,0.2586287282475165,4377
0.7562740485717189,0.44586088964758674,4378
0.6750542366650447,0.7953097225683161,4379
0.6683164083609572,0.05804628904728615,4380
0.5986903411939897,0.6023789286132196,4381
0.09236207840194932,0.39688880209719657,4382
0.22413471020839826,0.5829669440659143,4383
0.5333644645508218,0.5005827559507909,4384
0.7880173179954252,0.1794352369644664,4385
0.8224449235210676,0.012452342578197939,4386
0.16992267634935543,0.18001084082270014,4387
0.15207339883742865,0.11527259096132669,4389
0.8649401707212068,0.9014542308743093,4390
0.47071436539262634,0.6206616832922301,4391
0.320120218358814,0.6013285230274967,4392
0.9739787093689111,0.63381770038537,4393
0.46986652689084873,0.2541336711386223,4394
0.513470030278844,0.4499750479636594,4395
0.661592538388296,0.46172395859894966,4397
0.6686632696001041,0.29174932940195475,4398
0.40751755955114055,0.5579663748435487,4399
0.40937303302516004,0.6054155948089067,4400
0.6048715799854,0.26022008920007045,4401
0.7346972576890152,0.006344308150052047,4402
0.5838458740366895,0.6649497320966944,4403
0.07429338647374972,0.9341463853142891,4404
0.1873142834114213,0.43697651870315657,4406
0.29442692510341817,0.295635574458861,4407
0.7390889036119584,0.6122070638939501,4408
0.8598851543238595,0.7378906096600153,4409
0.1397088514826692,0.9225591272753424,4410
0.1616699989560193,0.364515070504594,4411
0.39229486877311137,0.17249303007554284,4412
0.005565542164326587,0.5602967046304729,4413
0.5818138125111303,0.8469290580612774,4414
0.8068796992718216,0.41268284966182334,4415
0.6115496509480517,0.07270076632586031,4416
0.4070612222992843,0.6701307916776074,4418
0.5094906704306007,0.8731417981950685,4419
0.15831779375830046,0.6301700566671669,4420
0.3534601082116502,0.7622499565362194,4421
0.8556954614513228,0.35905648722324923,4422
0.20148506777851916,0.29716213330456787,4423
0.3334283019144906,0.467946902132657,4424
0.03331150228783575,0.6913220264275737,4425
0.8201602359719727,0.6130059470464881,4426
0.8971810256138257,0.2219824122121351,4427
0.04784424974186707,0.24237776568875624,4428
0.9630680772992846,0.9965088317640918,4429
0.5999889977393815,0.7736485848477581,4430
0.6863931706332538,0.36816168501860824,4431
0.9976405814500487,0.3704925037160903,4432
0.1416421448230012,0.8976997234203286,4433
0.658531424402176,0.4863600058900446,4435
0.96740703069967,0.2869998127976817,4436
0.9456468620928525,0.9621996329160154,4437
0.7730929699049968,0.5837203050389548,4438
0.11127390664635717,0.9366624970701242,4439
0.6213840359512045,0.5105095510829323,4440
0.0833872249221872,0.5758517548300873,4441
0.4210416362679338,0.7276554786268083,4442
0.15267279382480503,0.26147079990276634,4443
0.7253258132269754,0.34152967273622525,4444
0.5097605201833749,0.28302148042164366,4445
0.8040664076958078,0.8094041115755883,4446
0.5136933069702142,0.30612760912865844,4447
0.491146338430803,0.7034941419683531,4448
0.7676090515883105,0.17592047702953761,4449
0.0753677610455663,0.6138141647111153,4450
0.6312288966930135,0.337147331033107,4451
0.7616151280571001,0.8640058578420495,4452
0.19453860844483484,0.7121077692178455,4453
0.7521639661736685,0.36840384269545146,4454
0.32831931204739906,0.058207125497869106,4455
0.29705091032151787,0.47192286671767436,4456
0.7566610934846678,0.249922855894404,4458
0.5608614743863407,0.7436272881033898,4459
0.7535134203439466,0.059628786952045654,4460
0.6733366267981258,0.16518348808380368,4461
0.07046490393900706,0.3986384739512362,4462
0.5941091173876398,0.0773535592255099,4463
0.7525997506594521,0.9036758849498229,4464
0.43641098918779564,0.5570545695362196,4465
0.3972636432508101,0.7672823226250903,4467
0.9290679282642452,0.05447274086303855,4468
0.3844633391432105,0.03615555037640772,4469
0.7310016361317547,0.640693102135401,4470
0.493218713213332,0.07463163490608948,4471
0.41385730355574024,0.7041612097319444,4472
0.6413018441906884,0.8326210068723361,4473
0.9792429108314488,0.4310159085107611,4474
0.38874209868658527,0.9702003393479484,4475
0.6759928439821734,0.7588970899048231,4476
0.5601641761583186,0.1712116332898146,4477
0.5287418585570441,0.444372926281386,4479
0.5769073078620235,0.39163001836613665,4480
0.030006675838954222,0.2827467367247448,4481
0.2934356615884548,0.3485184966282395,4483
0.749871934941773,0.6600067354210011,4484
0.8999058079547061,0.6406489748149982,4485
0.20861262148817827,0.28859372380372095,4486
0.3767488520393679,0.12988013218363303,4487
0.5866874352196152,0.011690083617125202,4488
0.20358402593394387,0.11182542391564954,4490
0.2916276379070981,0.684376093175206,4491
0.38624659547880413,0.7770881409432967,4492
0.33447687506762513,0.23086948999257084,4494
0.356751121088835,0.25401596884735367,4496
0.3618625004264361,0.7234316617423583,4497
0.7321953316436448,0.30231255026062953,4499
0.10793437942536999,0.5590876290899802,4500
0.7887645262188856,0.2952853974511438,4501
0.088801141367018,0.9897693174340133,4502
0.532645521972908,0.37996800938640285,4505
0.9474888407393884,0.1433329843306761,4506
0.22494074926626173,0.443323268957188,4509
0.6730656105136121,0.46042479600521524,4510
0.4645038427128113,0.7326679027952283,4511
0.12811259262741914,0.9420622454754987,4512
0.9830654401826686,0.5697268631608685,4514
0.9678855281170106,0.05984063055721611,4515
0.11285293317875922,0.5494706584424901,4516
0.12512987547535792,0.10994735441098424,4517
0.6864734563311635,0.037725307142300046,4518
0.9921469148026846,0.3016238709112913,4519
0.4242303646816905,0.24394445885829796,4520
0.8448657910071815,0.002322484297564653,4521
0.12786459795430083,0.09746546658307809,4522
0.21697170873537253,0.7694970672926351,4523
0.9344029783580016,0.5492350572717922,4524
0.07505338145001372,0.420833115666967,4525
0.11865626326123624,0.09806030717657344,4526
0.3544555144801673,0.31026257492316,4528
0.0857376063685299,0.11694967880433937,4529
0.7014419527444449,0.8428234275562057,4532
0.7039475796474234,0.06467377673972752,4533
0.8015352362253091,0.821029678900944,4534
0.12335232208925906,0.6137104348971533,4535
0.5730824762414384,0.6611603823975657,4536
0.33610437401818716,0.936025540004485,4537
0.18028707995914328,0.5395190218738399,4538
0.9742912599767396,0.2553093481516432,4539
0.8237138920461012,0.5633968829281317,4540
0.050598004854772505,0.807944938673181,4542
0.16474670137708702,0.40723145356816504,4543
0.7272248016463498,0.13429581624990672,4544
0.6633528516168873,0.9023625649675744,4545
0.4828754124826895,0.5421371398426137,4546
0.6258593191838878,0.19529833355762705,4548
0.7043043100637485,0.9847372695092265,4549
0.7730236698090587,0.27951738926309766,4550
0.6275763730986553,0.11272046585619933,4552
0.7979332890561024,0.22722473087714956,4553
0.7198936593532753,0.9317456143599153,4554
0.002251666310912115,0.20110311709366324,4555
0.7737067009267921,0.9703746242055833,4556
0.2810522992460033,0.6930585872634459,4557
0.2435532854899688,0.1745178945260628,4558
0.7040236680321512,0.30420312190870635,4559
0.9107848204889787,0.026264302964220665,4560
0.7842148960556125,0.5413023359041392,4561
0.662323307331907,0.3611728494718639,4562
0.1671970906654292,0.6764797908393654,4563
0.19489784335849414,0.7784208488520009,4564
0.5955418967878446,0.05417490822951332,4565
0.677702228507347,0.043806089532114845,4566
0.7212968425293074,0.8842330827097966,4568
0.34774061663688105,0.43596963978377945,4569
0.06108683960254735,0.2685582470610536,4570
0.9914649574925561,0.3071337224941365,4571
0.7220453308793325,0.9803952990452471,4572
0.4715009161923224,0.7749580990048013,4573
0.8670734963186894,0.058773036513665056,4574
0.9172636465470989,0.1922554269202501,4575
0.8439193085895378,0.8061084975723526,4576
0.5410374816776573,0.7807558730703452,4577
0.5486341330290648,0.38952277407714797,4579
0.3739865241839424,0.9422573819637922,4580
0.9238215092441749,0.8881769376395021,4581
0.41529248695378385,0.24982562076311898,4582
0.46085491377878574,0.7886988691633058,4583
0.41493164920954617,0.18158345581406377,4584
0.7466903039110627,0.9668614500361581,4585
0.3897462139060961,0.6019636506928621,4587
0.6826294413253068,0.20216926572255833,4588
0.43894627707399925,0.885754884173426,4589
0.3999131503494294,0.2406991918699598,4590
0.9314871944220728,0.464197072193992,4591
0.07710787313561518,0.9881303328485754,4592
0.911705842216307,0.20557238635098773,4593
0.11719746868213943,0.8832434536734902,4594
0.6138651313720198,0.1527921473010262,4595
0.6288237542448468,0.13701561426245634,4596
0.9438031737372604,0.4455096677034044,4597
0.7987774427319921,0.5581051458628283,4598
0.7200277520847153,0.9697978090387191,4599
0.26568604367602155,0.2676677913471963,4601
0.169271103921239,0.43654433541117166,4602
0.43804456701298145,0.5756719102435844,4603
0.33994901341107175,0.5324062978912157,4604
0.45535025187481026,0.2633642942110117,4605
0.19647672142607742,0.5961793940148783,4606
0.7538724060672268,0.7164368303941341,4607
0.1074088797991003,0.049490519492378815,4609
0.5607830843976569,0.9870278996508504,4610
0.5180668688853048,0.6072383144380591,4611
0.7263093802432758,0.9935824997323799,4612
0.17675422623363912,0.09992053741103513,4613
0.8471776168202936,0.3047709402305798,4614
0.744049920819166,0.6689279951764175,4616
0.687797669915815,0.654141326932875,4617
0.45250806009514954,0.6497311712998831,4618
0.6603756777110972,0.6250714132973301,4619
0.14062665085193937,0.642219375937993,4620
0.6158643554427014,0.8984253627603026,4621
0.49358073638984246,0.1153076748322387,4622
0.496944987521304,0.3540506506206116,4623
0.43072922946237824,0.7112585408906816,4624
0.26728348086830955,0.23227400441465118,4625
0.2500468101516701,0.5272889318384681,4626
0.629922976653619,0.5924872360840141,4627
0.22637697509214216,0.3754118441361378,4628
0.8460393400428307,0.4862508603258493,4629
0.4364272133695317,0.821880214536114,4630
0.4911223664362028,0.4312422809290485,4631
0.1459559033395642,0.36129610824437464,4632
0.8309484704481578,0.07676392623537331,4633
0.9498963474817135,0.6969378429476423,4634
0.4234372153519568,0.7348907151284165,4635
0.8201088685809598,0.49619162429342634,4637
0.7421665054220374,0.10490047913051681,4639
0.8168950691685067,0.2458586473517862,4640
0.4401673141391885,0.6569011760823986,4641
0.8516343123605203,0.4265390078803336,4642
0.21836466903190443,0.8830014926294805,4643
0.9946183560479097,0.6211060130602529,4644
0.8153134912976274,0.35358174668914877,4645
0.7564237597841882,0.7390350631891129,4646
0.6266673397283372,0.8445685263722714,4647
0.28347628211346143,0.07876047282992993,4648
0.029270470937906357,0.9632944576863275,4649
0.43810808507094046,0.4692787158216676,4650
0.10221336480525567,0.4753362026876916,4651
0.721597022780375,0.6678385578598062,4652
0.6195530250280473,0.49489189421639346,4653
0.18769779129102127,0.03611288132950452,4654
0.5798420622909015,0.7658640418511098,4655
0.6602450392902017,0.4498096693919187,4656
0.2187823473294852,0.408192884648622,4657
0.5518429640316559,0.8589746917908182,4658
0.565017415645394,0.03718227256872553,4659
0.3474199004280445,0.7302490186854819,4660
0.3898013238551604,0.03430250163617876,4661
0.974022851060569,0.81446918513856,4662
0.3136711904706012,0.6499362441510002,4663
0.20637977436165433,0.8524733684698871,4664
0.25301211759161535,0.22249207062124687,4665
0.3304216184604921,0.4258264130119953,4666
0.41747237229281275,0.03557154861363321,4668
0.15082876521260158,0.21953410802477424,4669
0.7284843057948716,0.030238114910673297,4670
0.44806131533871285,0.6550348027986826,4671
0.6540850853578866,0.4580422589781592,4672
0.7038459408590254,0.4493768174906456,4673
0.9487955442681107,0.5027647026547658,4674
0.0611964263113719,0.4538064102123005,4676
0.3936036450612138,0.35386540261834987,4677
0.1570114452262762,0.8888569225302216,4678
0.2469554114977286,0.1316273824081331,4679
0.4468650507060429,0.5119888441802454,4680
0.38880145409935774,0.6295332839014512,4681
0.2140715770282381,0.20399037072288773,4682
0.43918091658987246,0.39373247145252155,4683
0.1899179174160568,0.44434269508889335,4684
0.19724922221072538,0.014430894591276,4685
0.9477531937961147,0.45212382233173787,4686
0.30376230103032165,0.9617585304606427,4687
0.5389452600699977,0.16593508459121697,4688
0.2579494167298567,0.45876116972348935,4689
0.35305602320521423,0.9488752100389627,4690
0.2868726695612074,0.9899827819396775,4691
0.3807014917438136,0.9250466630552069,4692
0.962395245658327,0.318048946474764,4693
0.3590077596879462,0.6673314314400952,4694
0.2896103029612057,0.5009014514772983,4695
0.8093422146252236,0.8198019050234961,4696
0.5205725050686125,0.03595418126343908,4697
0.7176177509036951,0.7380562335760058,4698
0.32627876469794614,0.7847462200846103,4699
0.744256085959226,0.9776352373710195,4700
0.6311237033685995,0.3800952129002466,4701
0.6136819731890628,0.09541866899135432,4702
0.7941460064956081,0.45663563384142025,4703
0.7098930741956934,0.3380076752782858,4704
0.13176977037115367,0.30419121682540784,4705
0.25224644333319135,0.186529679695018,4706
0.09648469358227141,0.2445261718719507,4707
0.3240597891861464,0.7958764040679682,4708
0.751844530795801,0.4675284693159093,4709
0.7270412740964632,0.23760671350566342,4710
0.4976244377602588,0.4375439385501151,4711
0.11639209057855593,0.034133628909793656,4712
0.8407635337629124,0.23866778265213417,4713
0.35325626612555094,0.36979710790812526,4714
0.6930155400969085,0.47547275796956223,4715
0.05828618661348284,0.850663308434177,4716
0.3338971375542754,0.00989710055490367,4717
0.5789174288404867,0.19376730075758974,4718
0.7632452322004485,0.13760958850223315,4719
0.8164740274560208,0.3073473544769698,4720
0.4184993207154254,0.6607388025223797,4721
0.85180628925232,0.38490153562163054,4722
0.6249423404712182,0.02766336981793449,4723
0.46406451900251444,0.547596581044137,4724
0.12339609759735515,0.6929610133884863,4725
0.1318517664622172,0.1347995725449853,4726
0.27238504853380485,0.30124661980976364,4727
0.24768941012982337,0.10681996955877315,4728
0.39570936793763656,0.8355149933387308,4729
0.08442514988052996,0.37733967027869175,4730
0.7761083401680197,0.5060720459802248,4731
0.24173575791998592,0.44201358113822387,4732
0.6566046592637572,0.7493266627654525,4733
0.7118666348090579,0.6279956030927479,4734
0.022287465731520628,0.2010064630629005,4735
0.5507537505536549,0.029124072210908958,4736
0.18756105189938133,0.3002835557989756,4738
0.5430171021441939,0.09692220059996492,4739
0.35031600415577424,0.09892736001053382,4740
0.985182819161339,0.35317381410666915,4742
0.29336239489363225,0.9523668995343089,4744
0.7853142663995377,0.05483915040801579,4745
0.3442961382571724,0.8550604447666859,4746
0.30732213767381555,0.7796124478595996,4747
0.8084578393393957,0.7366200789431349,4748
0.18688035496038202,0.5590387765104694,4749
0.39040229590491515,0.9080571088264467,4750
0.6833994268935767,0.31189862668615964,4751
0.16425251155267118,0.951119734736901,4752
0.7286180426464212,0.22484797131110312,4753
0.9099883991791714,0.2899258525150662,4754
0.05592232743568659,0.6447301222507222,4756
0.8272184860034122,0.6817446491686793,4757
0.6556589850697785,0.2578516649044901,4758
0.40260263968858634,0.3978841378042923,4759
0.3953184380858067,0.5082799397477527,4760
0.4290766661998848,0.2244142418314823,4761
0.9756620150703964,0.5597866815782542,4762
0.0999977250212839,0.6091778828740508,4763
0.5504938771616605,0.6229334359949423,4764
0.6605763763148884,0.6025242762319248,4765
0.789450422817817,0.7482955828035627,4766
0.39833814903236797,0.36586114084839616,4767
0.4170553178959908,0.5430178719820059,4768
0.716182580334628,0.10511573280877995,4769
0.09060939723912476,0.4177876472295863,4770
0.9577800286468727,0.4982759779894279,4771
0.11406189672583811,0.7421911213517796,4772
0.4373649086861878,0.48953556345354465,4773
0.45055895641031474,0.3662576974096087,4774
0.45730935828341,0.2788391843094682,4775
0.569744251169242,0.5186523082487635,4776
0.0674045552626007,0.17439213120249786,4777
0.8169626082690286,0.9947595396314574,4778
0.057711063788392414,0.17084227669245622,4779
0.23766296500876316,0.669390955038435,4780
0.04793993164071508,0.7668492659520362,4781
0.9772085782091194,0.24827698212654503,4782
0.49314824853509687,0.7350944794561601,4783
0.6652112385227764,0.7838948048212563,4784
0.5874776357226645,0.7449370960369122,4785
0.8759086505583121,0.22784225371302025,4786
0.9011439609353927,0.4785038048171235,4787
0.8669240112995757,0.8968426340310728,4788
0.48327974188693656,0.3860010963146474,4789
0.09666603126711404,0.5238349218454893,4791
0.36970121569244874,0.25771652943445633,4792
0.7199125572182428,0.6663065565990567,4793
0.8420953899718061,0.4790729292307313,4794
0.5564799802274625,0.5017136075526764,4795
0.6498035483229653,0.8935282244678189,4796
0.1872186597450869,0.19477937907507903,4797
0.9739217554833205,0.5111909039213157,4798
0.325088253420424,0.42667839697119647,4800
0.7909016753762008,0.06302689851215992,4801
0.2142124455157043,0.9317481022421835,4802
0.27725943263873043,0.21049140628439234,4804
0.3419857343688778,0.7169991377124976,4805
0.597182354657704,0.4279514000081923,4806
0.7629041786914874,0.38043047330191815,4807
0.8930889927281715,0.34198507657991073,4808
0.8935424339129738,0.5329628276682691,4809
0.6104775423059241,0.9872203628769541,4811
0.13034017529860042,0.1062364916878531,4812
0.5119824909374086,0.7163077237577423,4813
0.12311401536739208,0.5501161113847104,4814
0.816630684286362,0.6925645088268504,4815
0.7915456760260642,0.2519961630169246,4816
0.2683911721552922,0.9592040783532411,4817
0.7870818629042932,0.6626754589465742,4818
0.7045819931478413,0.03396201517542885,4820
0.4126314380156384,0.5365449184033144,4821
0.49730770651337985,0.20506044744161378,4823
0.929031103930948,0.796888246071986,4824
0.7010844789696122,0.9819177680884899,4825
0.941453604972053,0.09488029418869492,4826
0.8194533313128911,0.5017302284554056,4828
0.8710240461868682,0.6483193564417324,4829
0.3244581536570066,0.24708257321151827,4830
0.15895301849808274,0.08270344181135303,4831
0.60551080198157,0.5781315032090976,4833
0.006555656177072766,0.20582537174354376,4834
0.2964501820500852,0.822168119378995,4835
0.6088347565168022,0.4984010732724463,4836
0.7252484609825343,0.03055297184506056,4837
0.9515564550481099,0.39592810905821096,4839
0.5578707816123792,0.2670877059926051,4841
0.3413740124547521,0.5091633689707685,4842
0.06398838396398099,0.8574611976643738,4843
0.6128394792669565,0.9321302635207415,4844
0.46652209046340953,0.7207608324175269,4845
0.980858432458675,0.6995316794515416,4846
0.8810849444244161,0.33088088713994634,4848
0.44549930052357867,0.44736213129863567,4849
0.39814497148464334,0.5557763821296708,4850
0.9687578842357883,0.49116063629005025,4851
0.9806858816969009,0.011215665333583869,4852
0.8015584908541522,0.382073603075486,4853
0.8298985231253075,0.779275890092482,4854
0.8869068938164597,0.14405380470160412,4855
0.2987903341704665,0.8357135929430788,4856
0.29933319805851766,0.4921505298693004,4857
0.7889737380920367,0.04017649728081363,4858
0.0804460368546338,0.04892435143556495,4859
0.1631939890409002,0.16635872359664028,4860
0.3249116446730179,0.6605697232090492,4861
0.5852997165435653,0.6453272796591173,4862
0.7246335405415019,0.3828726983430303,4863
0.2806266701450312,0.9236568809436418,4864
0.7710599637409049,0.0021859369414268803,4865
0.5518217825033758,0.7183495914625806,4866
0.3870345051826132,0.3445714606231193,4867
0.3206465152965252,0.7797456930823484,4868
0.5215067953255157,0.2484840572388486,4869
0.6652902958710126,0.17567486980074176,4870
0.21291778575371667,0.045523796949325734,4871
0.2699844925628492,0.6772211749017535,4872
0.9937928108087548,0.9143212008611141,4873
0.8172282322532644,0.17985289872836208,4874
0.4654353447252756,0.5518394610788352,4875
0.8163107493337947,0.8332637932075684,4876
0.9048680226979267,0.38518984168560644,4877
0.08395512448553999,0.4475111933077389,4878
0.5781070952266892,0.6222890955198676,4880
0.373840466730344,0.7764034217097044,4881
0.8346775059051943,0.24213629189981933,4882
0.7898530902122932,0.30948488089973847,4883
0.2855524777019547,0.04163229912985189,4884
0.2516152535949653,0.06225931164802445,4885
0.4798251620870855,0.8531576555178181,4886
0.644022398677354,0.520169476822827,4887
0.6723759584021168,0.0800691414980772,4888
0.20350604441969355,0.236904434453571,4889
0.9674805270350835,0.8247893467177403,4890
0.7556559645677577,0.625415701592833,4891
0.45775940282061345,0.46425831890486036,4892
0.7624696487799028,0.5460680708645403,4893
0.44113532075610673,0.9673428979902507,4894
0.7663366301775473,0.6075410887135597,4895
0.9622970934536179,0.5928077459067789,4896
0.5928102019286005,0.6073626717832733,4897
0.8482115820248631,0.6732300138336759,4898
0.8751009957646095,0.4755741808516122,4899
0.004494374877873852,0.370057932998198,4900
0.7133107604779276,0.9019174145654444,4901
0.5216484664028569,0.32219786854345545,4902
0.581373517117913,0.8201704554105975,4903
0.2818658930997451,0.058105887146012725,4904
0.29636995192050464,0.5635387201115861,4905
0.2501566426500009,0.018908397726767223,4906
0.3926762731801794,0.8702105727575711,4907
0.9923071422763717,0.12094368905799902,4908
0.021976321225423368,0.0068642904979790975,4909
0.6541379626616054,0.9155294345422957,4910
0.9543953758433354,0.24463098911732784,4911
0.46931101257282404,0.9951916374257831,4912
0.8708283360109922,0.5754466576582364,4913
0.28616221982146395,0.2940849307826454,4914
0.670344783470868,0.9708262606746035,4915
0.6763683622759212,0.40883117191618024,4916
0.32979532130920974,0.357779134702481,4917
0.8732275615947802,0.9619865012163223,4918
0.21719415961676813,0.12559068314420008,4919
0.4610530068790384,0.030156687903607704,4920
0.535157100552475,0.8183187817797475,4921
0.7293552936479185,0.6846783248900552,4922
0.11240044497113943,0.6126227328696346,4923
0.4830674256739027,0.09641150019594624,4924
0.24467323751421233,0.9295061549627696,4926
0.9404839743563688,0.47187576910946216,4927
0.25747490219910085,0.14133272917412354,4928
0.8398784883235834,0.8785711355413627,4929
0.07062833259143642,0.15966902749320933,4930
0.9565805507906595,0.7716092252912059,4931
0.4725209177405395,0.6824756772457642,4932
0.8694853062390812,0.6246232565538283,4933
0.981632371977745,0.38262571252887,4934
0.33744715523440505,0.4617678822455319,4935
0.18600549058833904,0.42944337705777635,4936
0.9910895793715663,0.8784176946361963,4937
0.7123310662601496,0.7381739878191315,4938
0.09697733372367523,0.6309797457911525,4940
0.4378676984521783,0.4385708589803232,4941
0.013916150563323293,0.40941398863872824,4942
0.4238858090803955,0.955329605656669,4943
0.27079832871380294,0.2856767205367142,4945
0.7033181883205724,0.2595694843542873,4946
0.23617470768540738,0.25399720030026884,4947
0.9434771113522828,0.8605209822986772,4948
0.3354875851097189,0.7383026689973397,4949
0.345741508813858,0.9034103207755745,4951
0.8017754294024279,0.9632929900891486,4952
0.7158512801760356,0.4259368666784711,4953
0.14629269000692224,0.1057934595435952,4954
0.9259372802220547,0.6002101412379999,4955
0.49907042854875283,0.3421956447515496,4957
0.4107463052857241,0.8769710444930345,4958
0.02801536806162086,0.3293949578889037,4959
0.37211846100633617,0.8572542707619628,4960
0.14774100249612188,0.01305036205504917,4961
0.40458926255972183,0.09223723221359958,4962
0.3500698422884634,0.9012088364061546,4963
0.6144883753679264,0.4203062986938525,4964
0.90094607537424,0.07339552729128063,4965
0.3196211370917099,0.6624882858701536,4966
0.846206473868884,0.23910117540269016,4967
0.15707289717672357,0.26277453900530545,4968
0.5763801861945534,0.3345584886671812,4969
0.3254507412275034,0.15642820407829705,4970
0.11535755242196055,0.8398753787154369,4971
0.5301617731079237,0.47940872318184236,4972
0.5807561328627984,0.5684947516231614,4973
0.2256630393356599,0.4383964114400758,4974
0.41123696294526535,0.9003041759337743,4975
0.56736658094232,0.15258175686763853,4976
0.07055831305514104,0.3027301043378603,4977
0.7044504220130025,0.7137392387514758,4978
0.6998291170843011,0.16757059870158486,4979
0.4806286216087843,0.5156041632928303,4980
0.28502584763458516,0.20726347991208438,4981
0.09441429845551119,0.9950430970460113,4982
0.7302493326402228,0.29240277704933804,4983
0.5242275425396774,0.6718803408385441,4984
0.29714524166232625,0.588813404362479,4985
0.9970391987295105,0.37042928518273344,4986
0.09924411855921667,0.9922319446896836,4987
0.6222859217776692,0.16178930358001342,4988
0.1660244343180305,0.7206072268344675,4990
0.03976463284954879,0.2825701756752611,4991
0.045209292625106645,0.7319657799567535,4992
0.1825729484494948,0.5464786891595667,4993
0.7273740100424667,0.6531504673818351,4994
0.5283984564328681,0.323436948450219,4995
0.31487476821605165,0.5491468407382403,4996
0.41125313606256864,0.9220117267694369,4999
0.9545197556328452,0.8505755962280266,5000
0.5789428778645854,0.6909693826194232,5001
0.8717079077744881,0.6120272994772205,5002
0.9524230871891245,0.6276171242104254,5003
0.8371394754397904,0.893944278626519,5004
0.5673752115670996,0.7023683484633919,5005
0.4415222664273162,0.8085688395731956,5006
0.5999588004255845,0.18260173962118986,5007
0.6183183000293491,0.9334783406684867,5008
0.2996973666120064,0.7396054689394536,5009
0.8327033399183302,0.9266493961934603,5011
0.40794452405991577,0.971794287864823,5013
0.8393085389882788,0.48925269674171246,5014
0.655094833478757,0.4981256028460215,5015
0.5526655781534409,0.1908527641375568,5016
0.1433714469154299,0.999771753425255,5017
0.19318164360161705,0.04181083326982071,5018
0.258124117797906,0.9587797244332904,5019
0.09864111946679244,0.1516977544931042,5020
0.018271547337272098,0.4815891737486683,5021
0.8733511901197918,0.4174714814231094,5022
0.20805647279826656,0.43509103485977707,5023
0.6314447386362649,0.9663495228618738,5024
0.41072218260130866,0.8619754787400733,5025
0.464593779006342,0.534213248951655,5026
0.4357467511309374,0.9063081049898775,5027
0.09562731674261749,0.17465857169427323,5028
0.7687915667866653,0.9973957097649728,5029
0.3370614658608836,0.2263586812294901,5030
0.74993418032535,0.336476845062595,5031
0.15581366251468698,0.8932574335280756,5032
0.06106588226927201,0.5066114146225711,5033
0.028241980326906058,0.46086062448437426,5034
0.5584548871422887,0.8795451531843766,5035
0.9611511519339263,0.2386222775450516,5036
0.19382212227194084,0.6058905474542042,5038
0.30569693106109463,0.07785326575302376,5039
0.1630321557455786,0.15195063953954602,5040
0.737532122997965,0.5440936324128045,5041
0.8179421464289581,0.8958466751076903,5042
0.3216447559408374,0.1616378401530285,5043
0.24877871522042538,0.485613428877135,5045
0.7447128122152111,0.31705490937703185,5046
0.32108133919242077,0.8159313682822974,5047
0.49970530228630683,0.5118881015599394,5048
0.0029956920682875365,0.43591610162285876,5049
0.5110443469796524,0.6806268215384427,5050
0.4814727501920707,0.33927292507361795,5051
0.9616472548690265,0.13706367575097556,5052
0.18151448821782445,0.5834827410508201,5053
0.48304233826702947,0.7176094783078429,5054
0.6390448037328158,0.07410662783275734,5055
0.543131370354858,0.11309452954883592,5056
0.03846672338304258,0.5428058618303204,5057
0.03586565667927877,0.8460508623590637,5058
0.1612292352890572,0.24017144752809794,5062
0.037807822360650944,0.9088838902372769,5063
0.8598810785787205,0.9603152159480022,5064
0.0680023286134106,0.6824547817704422,5066
0.8363250377012738,0.10476682620191902,5067
0.7486574364963664,0.8498697133812708,5068
0.5403430862598185,0.4119445447258052,5069
0.6502723047006043,0.05232675167890344,5070
0.03900563150598357,0.03403921571286006,5071
0.3062996199962362,0.09678240422419448,5072
0.7270308050172386,0.5920351997275195,5073
0.3973337456248309,0.09440796197916712,5074
0.8107379527319377,0.16525621968209891,5075
0.7132079362050314,0.34153127808834394,5076
0.3474623812848283,0.1891920024014201,5077
0.5290135725372578,0.41226084321061784,5079
0.06701941517544852,0.6530110320192718,5080
0.567715165172842,0.8444312685217106,5081
0.9187495275104983,0.22148511972241203,5082
0.7181111114849728,0.44394126821617075,5083
0.6997682012782757,0.42230250762475996,5084
0.8245907976493488,0.9297471659262536,5085
0.49952142861197313,0.4415176074689845,5086
0.3389373190873721,0.7611877615640674,5087
0.2993302353617048,0.8740859565788607,5088
0.7452271346744878,0.8383685484498855,5089
0.21434065355677467,0.4722695994069317,5090
0.5196872431850083,0.5843865417520874,5091
0.29676727753052556,0.7583615078181496,5092
0.7856353587716359,0.25496834587142936,5093
0.6099131235933959,0.91697552769535,5094
0.04088352267524997,0.9831615361350404,5095
0.9341473942409249,0.892140623824391,5096
0.5703100952916398,0.22787311020354106,5097
0.7414035547507735,0.09230448941481206,5098
0.5577616325199136,0.7439789719377842,5099
0.36420175757148476,0.7312358642951909,5100
0.5386886963139434,0.2903623144382862,5101
0.2205726539877535,0.5346005864931805,5103
0.36597304585083357,0.047688626666469225,5104
0.5947622654210803,0.3179398583729134,5105
0.3125589164455239,0.7903978936433749,5106
0.23216017527106136,0.6772431568802413,5107
0.9201793601182244,0.2612366266909686,5108
0.004811897960898093,0.09289062429620976,5109
0.8386781856822811,0.6085636006206554,5110
0.04356189578093905,0.518946170833241,5111
0.1349155327554057,0.4847429428185158,5112
0.8845206924308758,0.46550076045943534,5113
0.5087803895972185,0.4071525130220668,5115
0.5830718856910085,0.4987348528954867,5116
0.28737058866509746,0.65935211290239,5117
0.24766078080813803,0.1789753779389861,5118
0.6354854952488447,0.9869670173130556,5119
0.25192793717404327,0.8396143357767847,5120
0.37122261937324086,0.054508040460994556,5121
0.9606897977296782,0.051254958828997,5123
0.20160238681722453,0.12561506422963242,5124
0.6305492369954426,0.9172219760714874,5125
0.025076894190489196,0.11829616371079021,5126
0.3272944974008325,0.11932435412871767,5128
0.4155413482885606,0.5268552875557835,5129
0.3389410441502875,0.7272227217810375,5130
0.613914808386472,0.5425444079437861,5131
0.9302818550918314,0.3761073031087294,5132
0.773878876827193,0.5952633747396191,5133
0.8566647113476741,0.2554185107422414,5134
0.38251378518939627,0.5911139707809887,5135
0.7001686764081299,0.880417706759646,5136
0.7593144822316652,0.10637401790863443,5137
0.40985600364900665,0.004270020733732394,5139
0.45136344170483733,0.2031906561960778,5140
0.8080496523812964,0.17600056057621782,5141
0.40336605378526835,0.14091813423515354,5142
0.7894041909146913,0.1307769297941952,5143
0.25214176604821925,0.13432877676851795,5145
0.9397022160563394,0.34140673170816305,5146
0.015590422005564042,0.9611246006520291,5147
0.08756124683937239,0.5623100575111124,5148
0.708628224670676,0.7029483556605727,5149
0.8139997934207738,0.35450957472489786,5150
0.1485775536966797,0.7903236821425129,5151
0.04599105554629834,0.9513851500964622,5152
0.3339711165141561,0.10485168531969691,5153
0.1806060653278886,0.00011623927534520906,5154
0.12731939339077414,0.8814282424251985,5155
0.4641669884143136,0.7603470607692525,5156
0.11934535662123646,0.17572053468816295,5157
0.396695622494597,0.8349053461849851,5158
0.15544689391163258,0.03987241073384706,5159
0.7676642408642861,0.8489592956616799,5160
0.28882639642659036,0.9538909846600125,5161
0.9430942375025834,0.7254232261487273,5162
0.7376380300010262,0.17880298580112441,5163
0.5449206243758528,0.391890968142638,5164
0.5976586736359927,0.5170547192349717,5165
0.8679940298705544,0.1961820432225323,5166
0.0492319855433877,0.4278639734809043,5167
0.1919844728503708,0.9250960116840129,5168
0.8939590650706355,0.7270043531732104,5169
0.833812289675118,0.14228893373978935,5170
0.8682187025775935,0.8264093498002232,5171
0.3829733978609666,0.529097971997497,5172
0.9557301686363242,0.9852285674884675,5173
0.45427212800572303,0.5333853153366359,5174
0.5855421711406349,0.3820022454139653,5175
0.7573573790785649,0.32042397114747023,5176
0.24086695016497384,0.35270974417693624,5177
0.23088190996703006,0.1586895358921585,5178
0.2977731273255808,0.8601174187736645,5179
0.4808751208963966,0.36748105657404184,5181
0.05793409171992192,0.007389106435795267,5182
0.7839051097605534,0.01908396402657009,5183
0.4902471307453371,0.6389751380630335,5184
0.9291188703284344,0.7820997630614381,5185
0.7087709430447374,0.11413901680773197,5186
0.7125239645886527,0.7590051344864096,5187
0.032141188950889354,0.3037445503788133,5188
0.7181130267829507,0.9270314490503183,5189
0.3210226187224793,0.7213012483439302,5191
0.8542981002490189,0.8236077018494871,5193
0.7320288482877237,0.7399658846372311,5194
0.12152237268787869,0.3205905620617505,5195
0.6680280039435215,0.7756346124993619,5196
0.05298577208694211,0.9400749249522744,5197
0.48229350677905747,0.9309080428033888,5199
0.1216380360529854,0.4211611679886603,5200
0.29035405282767524,0.9823984770591573,5201
0.9228992449310885,0.5746751519782665,5202
0.37477124392716044,0.9620115686964876,5203
0.9105967840478606,0.5159779431754609,5204
0.8231134581030389,0.274670204708225,5205
0.47468376927997635,0.11208631994194296,5206
0.8311433648271366,0.20062851653672964,5207
0.43405194540016556,0.40714654496484237,5208
0.38538140601780724,0.30281213246098126,5209
0.5130402646883416,0.9632315756956972,5210
0.7045364846479409,0.36164962469400186,5211
0.9928352001947361,0.5833257031581679,5215
0.18214690856216387,0.9055730660273491,5216
0.6884648461284317,0.5904140200997527,5217
0.2753882134467578,0.15159656640670283,5218
0.8797122658233434,0.9503167882245558,5219
0.9253457262601721,0.4957619479221541,5220
0.5013635040479416,0.6116552585786942,5221
0.6653987473447037,0.9809394473546013,5222
0.07853947391708105,0.9669295209209536,5223
0.42164231358108506,0.8789719710248939,5224
0.8972126331289967,0.8580078955951381,5225
0.5022421314005501,0.35685138992108956,5226
0.22737201770887916,0.1537912750311834,5227
0.4640809326411467,0.7075760971493371,5228
0.023530007135183384,0.10658856529127392,5229
0.15697820297259601,0.3694766569664887,5230
0.7534479285351421,0.44293177144078877,5231
0.7011626122063704,0.9819243031137658,5232
0.9622102857939336,0.7414110873875187,5233
0.4137162587594445,0.5899075692735323,5234
0.94212408460383,0.45206148687503755,5235
0.9027642703106427,0.849610960916364,5236
0.2267231842740869,0.549944492237549,5237
0.669334655611382,0.13926720690935934,5238
0.34556961594413405,0.5744335166553952,5240
0.011365072843606328,0.8327042406761759,5241
0.05185668864991799,0.6213797523280425,5242
0.14238344220600507,0.20273392888702813,5243
0.9026957815919143,0.055044162221617454,5244
0.6328396194945104,0.42693087146514686,5245
0.8242279335703672,0.48749019303491814,5247
0.9255216794921655,0.4336053257384952,5248
0.851175677181639,0.06560381955757344,5249
0.7798291494119337,0.856000765158389,5250
0.44482890275586906,0.5375063470334182,5251
0.25808961735038716,0.11499993339155634,5252
0.9429746389002128,0.2956330630695937,5253
0.47334338230471684,0.254244139391561,5254
0.7367233192476234,0.5364553731563526,5255
0.44673043101061816,0.8367499395262369,5256
0.30589555793964673,0.0967537838250131,5258
0.5406440075164108,0.25648236154818393,5259
0.8819366359082356,0.13865411676814787,5260
0.15016219405950515,0.023157215183053026,5261
0.5940899189545432,0.7289466861674352,5262
0.7117788141975043,0.5309044639721976,5263
0.9120774961954402,0.014480581728203656,5264
0.610342607693492,0.27804211481794994,5265
0.8014710687315121,0.010322780117333563,5266
0.6372491164076256,0.38058757948064603,5267
0.6567176133241511,0.4904532427362376,5269
0.8590372561460634,0.32754809142548835,5270
0.7195211258006758,0.26120406890869374,5271
0.8769143813526077,0.9043239985435418,5272
0.08616240942157505,0.06513016230317803,5274
0.5547001659764786,0.7625816695318809,5275
0.13932712758862575,0.20057743768938585,5277
0.6111602613721833,0.21560637987296205,5278
0.880820372210176,0.1681424970307831,5279
0.6501029537837113,0.60645836558846,5280
0.9877353705266653,0.05401383588980946,5281
0.5602664281884147,0.8064367950863915,5282
0.8644165835427615,0.1934769609399547,5284
0.8753031517333248,0.23396102374011962,5285
0.5203245151553445,0.02175986053623402,5286
0.7046418690568484,0.23820537340714676,5287
0.018158692960727807,0.6531383204212203,5288
0.6243160137186584,0.7495685813625097,5289
0.8775602171944895,0.7431018276018936,5290
0.3121226051251169,0.7699431213365234,5291
0.8609714456518865,0.22784833512445635,5292
0.06909430962118568,0.3814614017697806,5293
0.7158599962099805,0.8101841434429661,5294
0.00789297437721348,0.11187667926775202,5295
0.9635742364125023,0.8814437981373842,5297
0.27050818834867485,0.5884010226992259,5298
0.6874633269748852,0.30032391014569804,5299
0.987303506105734,0.38852753100611004,5300
0.023388442381434782,0.6911989158246198,5301
0.1180130007954332,0.7932794715813101,5302
0.4264205361334208,0.8618058975859897,5303
0.3014157204164595,0.9051722171210662,5304
0.08739333024116747,0.47555038210960665,5305
0.9104395823122682,0.40517316547297455,5306
0.660094134768741,0.587757943698228,5307
0.04297505002622781,0.80273198115407,5308
0.5188332546473609,0.3475763490995757,5309
0.6973213111273332,0.8458548263655459,5310
0.029715875035024042,0.6421089646715938,5311
0.8711631665799103,0.7192869598359595,5312
0.2702835709140854,0.29435000473030803,5314
0.5371442892959953,0.8840067491999244,5316
0.0260435115707357,0.9729371961369118,5317
0.4533198257954506,0.21212033946944675,5318
0.8393599336857858,0.6740711104908022,5319
0.33679831339427324,0.25849009577482374,5320
0.1536711758674405,0.14328769464835278,5322
0.910920445195409,0.15712091436751008,5323
0.3140122465119223,0.1727482286856643,5324
0.11409773944961055,0.46825780753925095,5325
0.061788129301295514,0.5123862766144944,5326
0.16628638349197533,0.5278007506937469,5327
0.07008808660473542,0.4336679458249113,5328
0.7123521318717073,0.3367688713603739,5329
0.8263758626869615,0.730211435050334,5330
0.35499660152520107,0.29586864298088356,5331
0.3228514085097278,0.7893509854155274,5332
0.8111017670931211,0.36211924854787014,5333
0.8861326969026869,0.6029034039195446,5334
0.27037839095525174,0.22128671952967505,5335
0.9583117513109977,0.4219652046204173,5336
0.15899306089918364,0.31120644830507627,5337
0.5936039851796883,0.1959756821747657,5338
0.38536120994455647,0.9701843998690797,5339
0.3573860222698463,0.2281111194145211,5340
0.6767172876018509,0.5353064820243918,5342
0.24849700025036958,0.8255699735485709,5343
0.3722294768926564,0.9494507565453315,5344
0.7669528045878733,0.608839237578362,5345
0.1450777926952812,0.7634063996653917,5346
0.08733846231689402,0.463900636278884,5347
0.13802465781747297,0.44511687256884,5348
0.010672587729498306,0.8054174948514784,5350
0.998851118615814,0.95518253621294,5351
0.6360743115248635,0.9054934929416446,5352
0.4094012643409263,0.1813282713517972,5353
0.16740425842891327,0.5977908461851668,5354
0.07723753741133199,0.9539355482775236,5355
0.5733660616066799,0.5619783630234395,5356
0.06725967003445432,0.7157777248745562,5357
0.8888285019738297,0.9954790686679952,5358
0.40725086850696024,0.8593066270629454,5359
0.08507935458710503,0.22511481215678164,5360
0.9229259468882264,0.41390209124624155,5361
0.07442242060357152,0.6516610941534098,5362
0.26073733410058575,0.09903097533880156,5364
0.28069545010151753,0.8930394057692593,5365
0.859259267588098,0.28157230599257677,5366
0.12410644863000198,0.5007125225535376,5367
0.9687247946408905,0.9621157524526256,5368
0.2673173038943454,0.09870133459419417,5370
0.3279614045493241,0.23132349564509214,5371
0.1223357819680082,0.5570907781962768,5373
0.6351600573468515,0.523319125265758,5375
0.9762067405724676,0.1037951369572353,5376
0.7304865711098532,0.3060860841067913,5377
0.21889113901066848,0.02876575879548504,5378
0.4417621302208511,0.7817432568692909,5380
0.43388652721137366,0.6957563976178358,5381
0.02863907160962731,0.47079357064826,5382
0.4200788654114941,0.08835737142433098,5383
0.8461604211958974,0.1642774997892742,5384
0.5335644767187253,0.0027678541392768263,5385
0.004815096352705717,0.813667927911766,5386
0.93739235897039,0.868435411665224,5388
0.3034187855888817,0.8172161202465382,5389
0.13934037381973263,0.594210928431628,5390
0.49605671717629596,0.8112886254958104,5391
0.9867367819871967,0.57788091865647,5392
0.55083741338874,0.24129610550219083,5394
0.9782195311161705,0.5195597847808723,5395
0.022705814704048866,0.6238016103434297,5396
0.5504396168163277,0.3287877094775795,5397
0.35614961288931024,0.9907950507824126,5398
0.44100307293859076,0.45710374844059554,5399
0.8123308429160476,0.22321086531214862,5400
0.6133612814371605,0.492782543457176,5401
0.6249182003628592,0.11161272173377157,5402
0.31958192511246153,0.20413019627650908,5403
0.9698144548418978,0.43380351414907814,5404
0.3543896102254108,0.40401059744344836,5406
0.2347604435979298,0.515552334396991,5407
0.28216149046326033,0.700377855213071,5408
0.9069377395416643,0.552566441248341,5409
0.5153081658746136,0.6405497311581435,5410
0.6047793543468605,0.8563487146351181,5411
0.7574436515520101,0.5084256698612029,5412
0.21519728144232642,0.5199754442655206,5413
0.1486188802226721,0.6569184717829504,5414
0.6995552346305718,0.3047180887208276,5415
0.820712385339031,0.8995094267635549,5417
0.9355531448626321,0.2741838189990675,5418
0.06081436583382349,0.6255128948256811,5419
0.12249361280664928,0.6941614768374884,5420
0.3775107079660919,0.8505281079999598,5421
0.05559006849470616,0.1456579762865471,5422
0.40960844869327795,0.17286975436374374,5423
0.9679304968627988,0.9942058212891386,5424
0.06261700154998928,0.9267580299616002,5425
0.05728178549757157,0.404513623135783,5426
0.37718412792882317,0.24831733850775606,5427
0.14087416353250526,0.6222581323727842,5428
0.379350531042027,0.8545815074143848,5429
0.9796890983467319,0.7191828680160679,5430
0.4287309788292071,0.01527921002916921,5431
0.7372293597908942,0.5325057805798178,5432
0.5661557874284293,0.12831592889766652,5433
0.796893738216651,0.4747164008319452,5434
0.6505318413046386,0.0663577610631173,5435
0.41377962196456375,0.7055696315566399,5436
0.740974575429319,0.6076391489960128,5437
0.13232322986027534,0.2983232957391859,5438
0.828365335591798,0.6581736819385835,5439
0.8239446105966576,0.09300560498682908,5441
0.08167894192723235,0.5509731627076473,5442
0.2455034963321956,0.10403728503322363,5443
0.9308403229642787,0.3653238053217579,5444
0.13026888431451167,0.8356085357599088,5445
0.8980882504397555,0.649913050512854,5446
0.051734702836260915,0.7786998256236618,5447
0.6746005009825773,0.2221048046109947,5448
0.9434946226773031,0.0702325439587067,5449
0.7249491641906123,0.46933214215159713,5450
0.53698106124584,0.3695327092853069,5451
0.7174433619862334,0.6398680791237096,5452
0.9831096899738073,0.8086421325667835,5453
0.5090150538457269,0.41648721267208555,5456
0.7880965334576344,0.8316692394810132,5457
0.3502274928025084,0.16838244640051658,5458
0.6307709505708885,0.962222662838822,5459
0.8095249215938435,0.9940239498694096,5460
0.18140724830819133,0.5406378611621708,5461
0.3868141551569171,0.6214249690114646,5462
0.2045837827625122,0.4309643488673113,5463
0.6253334884617928,0.09067515752297306,5464
0.21756338731862168,0.6442457988909572,5465
0.7245196881622471,0.13031498489506443,5466
0.41235534814008,0.7656842836914168,5467
0.1899549484922044,0.5839735464518129,5468
0.15985137912136704,0.8091360835625481,5469
0.8061792652679767,0.098064086518166,5471
0.1750572029097609,0.7327786889405135,5472
0.4384666197091033,0.2757578026643873,5473
0.3642442317146951,0.961253503129706,5474
0.10253550564763492,0.24879632504340687,5475
0.7767986394873833,0.6499949257413341,5476
0.22901474103553832,0.001732777710657718,5478
0.14013971656314084,0.4353429061947739,5479
0.7285948608990066,0.5884144405199807,5482
0.28044633642308814,0.39295995835241615,5483
0.369020011202257,0.6853841456925722,5484
0.4333565332535857,0.1688339881025671,5485
0.9627353100428234,0.8673867418033864,5486
0.4743524914055023,0.6103890088307722,5487
0.9435208965994848,0.4565764619912295,5488
0.772614468871797,0.3556523902357116,5489
0.5950290437761526,0.12623631052129292,5490
0.6720009255275594,0.7277984572053954,5491
0.4315466014344247,0.538621154286335,5492
0.23828249069060625,0.1745686515565611,5493
0.4969619113965563,0.9252867294906313,5494
0.17175335277271686,0.4567477183839891,5495
0.6799694504542078,0.9532979333071437,5496
0.5366208955786224,0.5634463886782146,5497
0.1025745297064441,0.5529817516141857,5498
0.2345373524901888,0.4718825012746476,5499
0.9065352671904386,0.32175624700504946,5500
0.9331026206298194,0.7266792601971694,5501
0.9377134421869138,0.8937460420514718,5502
0.490284666622536,0.29784960303766084,5503
0.13645345342234927,0.41514480962514544,5504
0.40128957881420013,0.44990180787431555,5505
0.5726384780485537,0.373515771613509,5506
0.4179245168825091,0.39432644643675374,5507
0.751792660787163,0.34918856158437095,5508
0.6709975756220606,0.061440575552128784,5509
0.6355884216414411,0.6210364459827137,5510
0.09689341278694263,0.7674534522603517,5511
0.12518646504066544,0.7978795521372598,5513
0.5937402797579673,0.3381168717032984,5514
0.23200760525984698,0.881899990790027,5515
0.9752260141871553,0.13698758851114612,5516
0.9058206048880496,0.28095893716704523,5517
0.5583077374794341,0.5775034628707687,5518
0.4832622787655668,0.08996471226347635,5519
0.37562190842908494,0.899280424874508,5520
0.6853709711979113,0.9896795408340369,5521
0.9935905429697794,0.8204409786313565,5522
0.877767869540266,0.9735272602808653,5523
0.36907269312390467,0.6679683617096589,5524
0.6074658841160786,0.17407540660071885,5525
0.998259600995283,0.47288895367190686,5526
0.4758694211692245,0.780267447407731,5527
0.439651536891398,0.6837300997337502,5528
0.1448034130024456,0.6900365458014607,5529
0.2790144641809852,0.7064458546532483,5530
0.8947754986038778,0.7973611416940757,5531
0.6935166907684573,0.6253904601924957,5532
0.04427075494804744,0.9518601592476238,5533
0.11488203890377591,0.9240382428918401,5534
0.33970579830957026,0.6068362924607786,5535
0.9281800881728233,0.18194459620908643,5536
0.056447614808944,0.42273026920705736,5537
0.6945998348634927,0.1454604726452141,5539
0.9617389867492271,0.41905257370172355,5540
0.3513953088431958,0.6425569295535348,5541
0.4626553916085464,0.8953129673965963,5542
0.6735332226808232,0.7590134662467063,5543
0.9388943720273581,0.7309069470458327,5545
0.38866492438655664,0.43422530875912557,5546
0.7055955145692021,0.5768955995039435,5547
0.5097788058166739,0.5963566396491979,5548
0.19088952453271868,0.3058598525546331,5549
0.4327738678574802,0.48995648162290584,5551
0.17259533993814802,0.43456799709932437,5552
0.2396159584157913,0.5557618298478063,5553
0.18747901083558471,0.45364746613324913,5554
0.8170308853919823,0.1682754781878164,5555
0.27603346309687493,0.549738920399838,5556
0.6271114015891995,0.06111145337084134,5557
0.08386222017618039,0.942167613949683,5559
0.8526282295998752,0.035332457233263836,5560
0.7444279631527595,0.25143045372327644,5561
0.008202956856940391,0.4822462814006844,5562
0.5353055395449141,0.2815950065900139,5563
0.13640378877360637,0.49915215601266905,5564
0.367361823745879,0.17258549928064448,5565
0.4141880877903945,0.7168568079969934,5566
0.9166227329813855,0.9109706129989125,5567
0.4879890423550455,0.6360436586727245,5568
0.1211927960542194,0.6638932494231062,5569
0.1718249606980793,0.7148653133265508,5570
0.9439655195443474,0.8071549823709976,5571
0.038653025014112496,0.9638922347167529,5572
0.0757425680825512,0.6983019470564158,5573
0.1571806200481055,0.52901928185372,5574
0.34850581977484985,0.6399456090317414,5575
0.7381837286252032,0.6232933774600148,5576
0.25680797904796104,0.016587739764118314,5577
0.5031299168828495,0.44914742672396113,5578
0.7254123402647591,0.544634796696308,5579
0.5365441325169733,0.005559658087366692,5580
0.8294366255479934,0.0198464916694423,5581
0.5953680504094315,0.9528239937679418,5582
0.38210259861498463,0.6320370572862416,5583
0.6030126133469242,0.16162580207237298,5584
0.5128860301976185,0.13734200281911946,5585
0.16615548378747536,0.17283325951063155,5586
0.5574791628635833,0.3591200196871488,5587
0.8308652186243627,0.5229782680197679,5588
0.6756806220526692,0.026525318797088304,5590
0.04407980735028394,0.6773782702180741,5591
0.6149876748870637,0.2367570509089132,5592
0.16180121435902017,0.559416935773225,5594
0.7927646609330573,0.9450391888132205,5595
0.38942685551846956,0.03421493866868641,5596
0.06360238051303124,0.11744589537859607,5597
0.11422690834949656,0.6056183824104816,5598
0.603904917991915,0.541973479922759,5599
0.8613944376321303,0.9352576546379989,5600
0.702791804320827,0.9501079487369375,5601
0.39092597215927816,0.35711030917409614,5602
0.9853080068023226,0.9755173286741406,5603
0.953789006129881,0.837074069010332,5604
0.9135924106936281,0.8677569933721306,5605
0.11518945152321569,0.8311882539091846,5606
0.1726285800185572,0.33330288521069273,5607
0.9027074356929781,0.6508756569913682,5608
0.07445096952696217,0.9862790848354616,5609
0.7120226283822125,0.010126777910333895,5610
0.9103282795125061,0.9934538167860102,5611
0.22835834472589622,0.13575738310345054,5612
0.5286836505678902,0.5482662046825212,5613
0.5335379510712586,0.7294740706605577,5614
0.2437885989198748,0.6408264659210848,5615
0.22091833976318764,0.7431832084216755,5616
0.19960297711602615,0.9737124074548218,5617
0.9576843849065475,0.09487411057703055,5618
0.5875869347739198,0.5698652663322262,5619
0.33711580978544475,0.7566844777056542,5621
0.8947892968537874,0.04628623813430266,5622
0.016321600687156934,0.6763948990103301,5623
0.9680973942313584,0.16640686344387912,5624
0.8805702344343193,0.4362064228384591,5625
0.7436985874944395,0.3711276931771781,5628
0.19873171202522355,0.11265670614833201,5629
0.09526967272810993,0.25568695930097884,5630
0.004198749658819834,0.06431549229045619,5631
0.8159111716631028,0.5069418400387643,5632
0.17028192647390294,0.8327973487305835,5635
0.5052659117212761,0.7846269972042672,5637
0.8286434920122967,0.364212585843914,5638
0.8692279239864964,0.5865712025022334,5639
0.7155507075040163,0.19878390380278033,5640
0.7546506101624075,0.1353984800300898,5641
0.3936566543471822,0.6561792636519748,5642
0.7012366210100446,0.2665063854776427,5643
0.5478633611828961,0.14335000534213493,5644
0.45232251244079025,0.3064595484898692,5645
0.7231153731397962,0.10135638672427538,5646
0.8317204836738528,0.9569821430442885,5647
0.021351268832819792,0.4233626942991924,5648
0.2009760979254932,0.24664853155554312,5649
0.240371690465493,0.34774002523100767,5650
0.057881046414934856,0.9600055908748216,5651
0.6348914364425887,0.4169641290058388,5652
0.10917151205725417,0.713986551952356,5653
0.10644428679188489,0.8628685259549994,5654
0.04858659526374387,0.4677304874077556,5655
0.6534381315216209,0.5345386201767607,5656
0.2226107534805586,0.4404038461505647,5657
0.9929360916723504,0.4908881877264937,5659
0.41258775970933625,0.28442525781801575,5660
0.8448028290187285,0.5108098051548822,5661
0.6052263862998742,0.22882810736099302,5662
0.8474483973292474,0.1796297265769442,5663
0.09125915832506903,0.07713110274271917,5664
0.12200444027831392,0.13475599870528177,5665
0.7404945873035252,0.8099657217528019,5666
0.029033311452683175,0.787150967550934,5667
0.2366392762628613,0.7199093500409796,5668
0.4832972430570417,0.43502523304830687,5669
0.949463507473571,0.4184036565352407,5670
0.6609070437658094,0.04136635345964046,5671
0.5538693875539473,0.653519416708733,5672
0.8351786500964987,0.6093317517588703,5673
0.13107485045244882,0.7842775579777091,5674
0.19930362612902475,0.7816609335209288,5675
0.1714819261033923,0.14440918653872736,5676
0.591131983268234,0.1344555813217596,5677
0.6446392433432288,0.03772605663055073,5678
0.6409232813243668,0.5504863620069521,5679
0.9487081452153588,0.2182069185402178,5680
0.28225003187358566,0.30413503809750253,5681
0.7439190525320759,0.03368591938953358,5682
0.20431369885242723,0.9129439996401333,5683
0.4260744471853193,0.676398383215794,5684
0.5269060129329691,0.6950388752307073,5686
0.8154744738963269,0.5583714816515613,5687
0.4281075455902338,0.7392641699329902,5688
0.6277403062228886,0.5667175109720255,5689
0.5644288441346517,0.603314770498428,5690
0.5689787014555563,0.1015796545175024,5691
0.24483789601147832,0.3200013410259256,5693
0.40138864360214876,0.7016742747887407,5694
0.2961498400281014,0.44914722764156667,5695
0.7595410899969481,0.5658499883392506,5696
0.6868407970376911,0.5103117205868991,5697
0.9110575935097901,0.5434666322420706,5698
0.45964633297743007,0.955161909562716,5700
0.19143011459000037,0.3078574076877718,5701
0.17238159199296166,0.5810420086437688,5702
0.2921179112792155,0.22594532967470615,5703
0.26013249640530944,0.7172665452138618,5704
0.022647928663748984,0.2424618914111386,5705
0.9496279996607028,0.9197282035127817,5706
0.6896272707648414,0.4548355945587106,5708
0.2866128458041386,0.04563088122521719,5709
0.5285221981124153,0.5882812348029994,5710
0.20327816466988935,0.5936230934256063,5711
0.32930949991591596,0.48943963250731126,5712
0.21126521810835452,0.6038669024591697,5713
0.6449640285407733,0.931351431509578,5714
0.06290989465968844,0.5421827842408179,5715
0.96243905545192,0.24441602635990822,5716
0.2591907046501071,0.8864101677771583,5717
0.19938372512663272,0.014998618995199609,5718
0.5824657335636447,0.4394125535766381,5719
0.36343578243050056,0.06392298314651901,5720
0.2892953654459751,0.3431019381023479,5721
0.50964088917317,0.2940715759797242,5722
0.013385668531244455,0.10269635877386596,5723
0.1916087698930632,0.03463739315717662,5724
0.2715810938647035,0.8696529654323446,5725
0.3794109061298533,0.12875914548173006,5727
0.8842260395857452,0.8194926915952138,5728
0.8883193452270816,0.49931738613791476,5729
0.46897028569019994,0.8721981797107949,5730
0.4530770917330966,0.5833290373089339,5731
0.4678092552347318,0.6332483550867126,5732
0.25817128097651,0.8157354537751988,5733
0.42005196575470904,0.9931269978540329,5734
0.4212572376366537,0.13318265987790656,5735
0.19132169121733722,0.9661259286398228,5736
0.46879076638392936,0.9619585506653996,5738
0.9021546618525091,0.6090736478748079,5739
0.41774909616277744,0.47807964750862053,5740
0.6353605045110882,0.6105703683110701,5741
0.3850162554002854,0.840987564356996,5742
0.3350451266318465,0.7468240888790296,5743
0.8850853477374803,0.19792834685769956,5744
0.5809131049358486,0.7512437154752738,5745
0.7096997505752591,0.7575448695521927,5746
0.28474108690058064,0.9553981901736408,5747
0.9664904065314417,0.8529163109791488,5748
0.8266516173307455,0.4722885735724245,5749
0.4762180665434257,0.7701382462200487,5750
0.8638525736202024,0.6736406948105452,5751
0.8656707344538946,0.47435310207040393,5752
0.25217206633760425,0.08784382929798507,5753
0.438644661680062,0.5323158799076333,5754
0.6788285614654216,0.9970994469694199,5755
0.8238306794043914,0.6407887203519804,5756
0.3594996933919765,0.8958511220447265,5758
0.7967816792002643,0.8545309731679903,5759
0.9938812830118283,0.16412036192245694,5760
0.4411355179082156,0.5831249593502909,5761
0.7232730712556721,0.4275616596944226,5762
0.6480696931748581,0.16756430185716942,5763
0.21637710429299728,0.7473712922567375,5764
0.3358964883895298,0.7542688813635138,5765
0.9632892428877424,0.6088875716773158,5766
0.9496524799376326,0.8925743025794434,5767
0.018531448063142886,0.6368659164215813,5768
0.6271682981513207,0.8524290388806961,5769
0.3082218031799353,0.7581556126816759,5770
0.5182813806735591,0.6744384881185757,5773
0.7554188242794216,0.22291501823703774,5774
0.12759629743921497,0.09555016896038615,5775
0.6670144938536663,0.5898996779663489,5776
0.6657226886577855,0.9618621731730015,5777
0.07515664518225129,0.367422621246036,5778
0.4717727862472114,0.9376062814096463,5779
0.8357037419427747,0.7854090600065372,5780
0.15547672582189975,0.4973210382501504,5781
0.2701408664399215,0.6880717156578534,5782
0.44871225885381383,0.9813360021453861,5783
0.5131516439222011,0.40922292865826115,5784
0.4681889595634122,0.5992887646438675,5785
0.8446887573867343,0.28547681185391116,5786
0.08606408183189806,0.7699484671824665,5787
0.22428085521814367,0.32507907778547185,5788
0.38975130728500706,0.27283594816737866,5789
0.5298854017224954,0.4940955897876348,5790
0.8786782978256877,0.8998664975460281,5791
0.4513958210249188,0.7193153434188916,5792
0.1492310522248269,0.42492975643397346,5793
0.1887075271253933,0.2621770511313942,5794
0.3162408411667029,0.940732396872098,5795
0.23325637145036526,0.05683681058987977,5796
0.7538754781290059,0.7208215653262043,5797
0.9905624825800387,0.049990486717067406,5798
0.005631918225869725,0.5587352253538518,5799
0.1747834324622144,0.07853304068395683,5800
0.2698408191983902,0.44810648048933654,5801
0.8356783325053753,0.05437163651614685,5802
0.6313671206907367,0.1768652975005207,5804
0.7635615830836261,0.1084196893601388,5805
0.0840878504910133,0.9406595222080126,5806
0.2605297599573182,0.5438544504820516,5807
0.32589291158598865,0.019317559640538717,5808
0.644310881165585,0.8096232395007813,5809
0.7869036310033516,0.6003981058326981,5810
0.5865699552634445,0.13038998821332126,5811
0.8332611072752295,0.8644033847072938,5812
0.7879680831419917,0.9648027920613976,5813
0.8669784104015216,0.9352465533240172,5814
0.049999656559322925,0.8301300193268537,5815
0.8428747037709446,0.9644748428010348,5816
0.9896873457784449,0.194606495068666,5817
0.1840701667013741,0.889233188532959,5819
0.2097982417655717,0.5434986295361908,5820
0.08154093971737009,0.9834363634103114,5821
0.7664994689635677,0.6895878917578694,5822
0.5005635356777964,0.7823404536529625,5824
0.593084672802015,0.20297984223249954,5825
0.1278482819852832,0.12752666098726628,5826
0.5853596293122226,0.0834731359120956,5827
0.38832376363484455,0.3809747254511342,5828
0.9352761093374232,0.18831925277788641,5829
0.5235422296579599,0.9551013603442512,5831
0.9486309326344342,0.06244291460080742,5832
0.5604641431906433,0.14270491228017623,5833
0.40568934460867156,0.37573845278222184,5834
0.9292798063895291,0.7649327206322734,5835
0.7559685123927175,0.42988878648986906,5836
0.7626621891767865,0.16879223410966837,5837
0.2484746019816001,0.8618991741564715,5838
0.0463424516371892,0.32570639903186005,5839
0.6634887245035352,0.36072162647144423,5840
0.8248833983730813,0.48248477886538377,5841
0.6863255708958856,0.768301035378358,5842
0.3364049080919529,0.17636356467008518,5843
0.0710746274651265,0.8088559995643311,5844
0.23961976069541202,0.3152193334728388,5845
0.5687090403643048,0.7442367806184732,5846
0.6388950217441992,0.5874844892261366,5847
0.3914769460373013,0.2678990776274288,5848
0.4324432269908359,0.23275921488406037,5849
0.7868390021009926,0.8642913040027924,5850
0.3592037588498491,0.07061706059094774,5851
0.48156873703895997,0.21902776537054536,5852
0.7020151125182839,0.2597768770369332,5853
0.6470979489263836,0.8554673117529578,5854
0.7445518054763688,0.2641600510080059,5855
0.207891780359576,0.015026703651434326,5856
0.7115809606335579,0.6037488771797554,5857
0.0643994152548536,0.8515133847423011,5858
0.4674360884779334,0.5079411351621139,5859
0.4361888360552394,0.7999131641652354,5860
0.4326233519467182,0.3215903966337661,5861
0.9231333823768124,0.1950695447590498,5862
0.46460798126900527,0.3740906981583061,5863
0.0043559335300183966,0.596684317459786,5864
0.4490251794904413,0.7545047543612472,5865
0.8082026037124522,0.38628932544719685,5866
0.5556604530762373,0.07579868131774847,5867
0.40301687900790395,0.5865801503674695,5868
0.06903933198421941,0.5556202484547156,5869
0.8646200230587571,0.872349925487662,5870
0.5843743839750424,0.5073361055226446,5871
0.6209400736164176,0.9133591752138346,5872
0.8286064841294043,0.5618229815166355,5873
0.4555571422745486,0.5563491348892152,5874
0.6926972062878419,0.6537252353998586,5875
0.2638731888515363,0.528766526864927,5876
0.3481591323512877,0.457638454914737,5877
0.5651862852429018,0.30655105212284806,5878
0.38166305624653063,0.33374589899325513,5879
0.576192544866924,0.12146978372071537,5880
0.07677892494695127,0.3830265455303773,5882
0.9280420191955076,0.9059114657638252,5883
0.08090371786162254,0.3168230806047103,5884
0.23354465624230714,0.5262075290715231,5885
0.4566581014216714,0.8067248680991146,5886
0.0031886198951295297,0.6260543634391597,5887
0.2559232868315199,0.6584595773602657,5888
0.27424252810818095,0.6233635090060741,5889
0.03495008349592388,0.29434487606254534,5890
0.36079569102913167,0.2306377887881047,5892
0.4413081574098716,0.5691609401796721,5893
0.692011691618107,0.23216420064470267,5894
0.9507022760773176,0.36287812762187455,5895
0.4820365341510723,0.9887450068668991,5896
0.831953705798948,0.945254049267987,5897
0.38863685157565475,0.5933943487489892,5898
0.8795736835030123,0.9009228821494029,5901
0.4760881797111486,0.45301797439113656,5902
0.9882756667984545,0.8186590076385097,5903
0.40243486941922846,0.387594875099023,5904
0.2470868421716016,0.2571698375364353,5905
0.3194655655497326,0.5179138021388308,5906
0.3371500518149937,0.12061049707226001,5907
0.863789651095929,0.47904743727762467,5908
0.08533871675324278,0.973316266927367,5910
0.49634635648225633,0.5721032770532088,5911
0.8663453874167975,0.015556804191338425,5912
0.22023764930528622,0.7755519747124127,5913
0.5813946769541327,0.012873450490414884,5914
0.7763502845493542,0.7440085089477253,5915
0.5400338880182893,0.1435153563664311,5916
0.7386041293324938,0.8047049341330641,5917
0.8720870650451733,0.4546277227497587,5918
0.7576072721609077,0.6470505280137157,5919
0.5968025910750867,0.7295157278813801,5920
0.0652100843634783,0.5213333575715191,5921
0.18042722667070255,0.537920587536354,5922
0.11372163006778013,0.7441071325074956,5923
0.962684262713422,0.38183160512566716,5924
0.6657530340102064,0.6245180238282443,5925
0.5766145316044183,0.5198825029673193,5927
0.2799096604017297,0.8929295885351851,5928
0.20586086335397535,0.7794021176496723,5929
0.8400121146249389,0.20346033622466075,5930
0.3483568679616075,0.9753806763695879,5931
0.5909205816905727,0.3191454541535751,5932
0.7075585962620313,0.013839604202160127,5933
0.11128215140454134,0.771647031200297,5934
0.1271043358823163,0.7177298681241652,5935
0.4478850984908027,0.6732449811847907,5936
0.6053361846262131,0.3158957033178609,5939
0.2730961787353403,0.6821642554815348,5940
0.6103413599024653,0.5883539448491413,5941
0.27779598602778066,0.7147351425942705,5942
0.4727886058927434,0.20857958039230284,5943
0.11826720368391308,0.5285709564008242,5944
0.1955234255397975,0.5916081386286269,5945
0.31480520074372986,0.7238234416854109,5946
0.4929333175457109,0.18958279889206187,5947
0.17342255144179974,0.7216566247218855,5948
0.7218379674522657,0.39286107155307937,5949
0.1510462107193662,0.10380069714661488,5952
0.8402301496300767,0.27608298635799133,5953
0.4652844215006886,0.026371294668811607,5955
0.9022295943662476,0.14504787645328343,5956
0.3287405304551151,0.8158618841304397,5957
0.5063312865233783,0.5638269373352175,5959
0.8065501013796892,0.5082532035318988,5960
0.19395719561032354,0.0390971771807187,5961
0.9840770920626095,0.1868399795072161,5962
0.8217078961496526,0.6797148364572977,5963
0.3684811396954274,0.5524858703953074,5964
0.752237850673322,0.8450921489244237,5965
0.4218477820119778,0.07369010686150645,5966
0.9206848141684294,0.19951753519937077,5967
0.30238252921315034,0.33772727548319015,5968
0.7795226656249286,0.5782964645515661,5969
0.25734474229234994,0.9958114092720565,5971
0.9783881105533658,0.3920058270512259,5972
0.09727640614483091,0.2871076541714245,5973
0.7219442411628036,0.47524712685734893,5974
0.1419317537906184,0.30411624189327435,5975
0.9431644010456757,0.4403798847653525,5976
0.7772446786853584,0.674920692258563,5977
0.9402802139005522,0.8283697665093107,5978
0.48107917253647636,0.05354970956540128,5980
0.9902837326636774,0.8742993093170004,5981
0.28569202093019275,0.8783110666971243,5982
0.9633393251812183,0.899134718668951,5983
0.025347499014879427,0.8426537599718722,5984
0.1978977111309519,0.7880143029473277,5985
0.274364997815678,0.5902284248445154,5986
0.20167457009185508,0.8252295074451345,5987
0.6336157739216628,0.36864401627331356,5988
0.756575414794731,0.4949151572685039,5990
0.9229959095638334,0.16958264459387373,5991
0.11024668684033456,0.4821346569540659,5992
0.17858977534560627,0.37682460978846255,5994
0.11957140933107935,0.18936929259870927,5995
0.6979614368640771,0.17041983730477817,5996
0.9078192205887735,0.14956912682438395,5997
0.7293357323105119,0.8797144017366172,5998
0.5925383011066063,0.7919438773067466,5999
0.6685720909040022,0.020391777042500725,6000
0.014762127305798955,0.7616772986435513,6001
0.4557172655875674,0.9695723840558366,6003
0.8777732324823266,0.7435541176847242,6004
0.05644492669799539,0.550722275612807,6005
0.9070025761304548,0.8741897662784472,6007
0.0574744425536009,0.6019652538984772,6008
0.8662839959389061,0.333242937467802,6009
0.060753949162951515,0.46000986701270963,6010
0.3125150856550001,0.9738760006638841,6011
0.8174670253478753,0.16618518309734387,6012
0.37996667328603195,0.7315595808213107,6013
0.23120417701792473,0.649661103904126,6014
0.8323606177685714,0.9967583326152215,6015
0.0592593365336922,0.48130804533364957,6016
0.125739993704163,0.4149454015110623,6017
0.44190615390273225,0.6393612334807606,6018
0.4480571756363878,0.9166500285243032,6019
0.9149231087064834,0.8468736207198977,6020
0.5315393167730579,0.35038759540219466,6021
0.06836793373227779,0.6037733837507328,6022
0.24478451854576955,0.2999237778966164,6023
0.7018125080783937,0.3381716380662734,6025
0.7824877944596706,0.9208392678387431,6026
0.4521394984976752,0.9972150789175929,6027
0.3138982771191545,0.8641347126435299,6028
0.3082392094824479,0.31522211302773506,6029
0.7992503954867224,0.3223097505106052,6030
0.5028607516723783,0.021754001238870724,6031
0.04734151502134809,0.37560280334991947,6032
0.7569159845552609,0.5480492218313974,6034
0.5180302380822194,0.39837629053013124,6035
0.8042762818695014,0.3642137778605543,6036
0.5152074259960318,0.32867330163953545,6037
0.4675298136616872,0.4768776899550943,6038
0.9273692947315224,0.6789480695391941,6040
0.4390700929350009,0.07594437420900768,6041
0.7544052069230194,0.6511573739274965,6042
0.26990104651843794,0.039812670803815786,6044
0.9971656236617317,0.6524519269640713,6045
0.5091265763756161,0.0012932903968644327,6046
0.9677669991877009,0.825166854645955,6047
0.7163780061306501,0.07872025992158038,6048
0.03053982627122398,0.4737895500007391,6049
0.9114873091245775,0.2509476213319084,6050
0.7489733796868862,0.690926134636596,6051
0.3189443992451385,0.6457564740434119,6052
0.8553607899784342,0.7532017885671137,6053
0.0906871773813761,0.9167416095472366,6054
0.48610024999827983,0.6625204128531083,6055
0.3474917383726617,0.6168455875758281,6056
0.6883991609593471,0.6616632577198964,6058
0.9414883176080526,0.18524580636970245,6059
0.3295811338686335,0.47436103186186895,6060
0.6631236615907001,0.18876697117915575,6061
0.5604969113467061,0.799949910418096,6062
0.57611285506309,0.8561496048737227,6063
0.40863113314984756,0.021439795025407493,6064
0.17258613276826595,0.7155870500511649,6065
0.6774881336262574,0.8783380846014771,6066
0.9983128394045295,0.3616809776343962,6067
0.7903776319845213,0.6386293630040445,6068
0.605879949164947,0.603235979808416,6070
0.8237173502193661,0.9812964675902086,6071
0.9996490083914428,0.18594162938480863,6072
0.1128066258310334,0.18904870357928483,6073
0.21958548879896334,0.41487794277855594,6074
0.10855418183778187,0.9094716234091815,6075
0.9844786959748281,0.6280361078208112,6076
0.33591354244500093,0.15367337089149657,6077
0.7061113687404055,0.4397632065278758,6078
0.5978472802834512,0.9090403815440464,6079
0.009497778795941048,0.9526542490381973,6080
0.6520942872383563,0.041380632853694865,6081
0.5020336859363261,0.6177800059337509,6082
0.20799859120278508,0.7349436547943987,6083
0.14054705590704708,0.9207787206093073,6086
0.3903040499536562,0.019071016714734323,6087
0.9996215692580884,0.3030982746547749,6088
0.681993259719915,0.3482250209737907,6089
0.13507794695756692,0.69401009434249,6090
0.7187441497553115,0.7604307685945165,6091
0.41859313185656977,0.7328392816583743,6092
0.6956744215186232,0.34596407222287706,6093
0.3464823082047168,0.3566629067432697,6094
0.9096469697886125,0.1587485486740703,6095
0.7396320178694397,0.8775407271337667,6096
0.710602047205689,0.027991382289984323,6097
0.7735814894361092,0.12738447250910268,6098
0.4374888856453769,0.6730765995958097,6100
0.757549648346676,0.40494649493973944,6101
0.3464455356051459,0.7377391101406818,6102
0.3711346163106971,0.7186274790253434,6103
0.7631694777113729,0.7279946614640725,6104
0.5872451574915953,0.19034964222995543,6106
0.6545368211438496,0.6530469203607044,6107
0.7323291737805734,0.18118161999771298,6109
0.2604489607369209,0.9859474412257323,6110
0.8728475772365725,0.351051355957274,6111
0.1604408948642625,0.95068823773131,6112
0.5473349491289731,0.14172087078733775,6113
0.4864749889747131,0.949339295320368,6114
0.6209169590742853,0.40757737232327307,6115
0.6716878283047567,0.5475685431874553,6116
0.3000211497264281,0.5283671869317426,6117
0.8798140073551918,0.5530148823027631,6119
0.5029617164570668,0.68242611520155,6120
0.04092531680607969,0.22159420289561071,6121
0.7009532298182239,0.8948371482668878,6122
0.7796200273449774,0.7174823639423453,6123
0.33598175223818816,0.8411964815306644,6124
0.8951211236022053,0.25905368502723203,6125
0.25451150557531943,0.9036623258795474,6126
0.6598206678685931,0.8721064530079844,6127
0.6919835390114133,0.4557080813568395,6128
0.45358980275617533,0.8881590174009134,6130
0.10267803822740718,0.5718359915107003,6131
0.4850607285720241,0.4290976315297186,6132
0.5061230211041003,0.3973361529385748,6133
0.5989400288810971,0.36290038291505256,6134
0.3025404969590202,0.7823627597621727,6135
0.9028910283973757,0.22353824477003537,6136
0.6063529199734625,0.025510708033102847,6137
0.3488079498197354,0.08997769079329421,6138
0.9527967779017172,0.8122832517209806,6140
0.556389446466877,0.7092000641027336,6141
0.6196617339669422,0.36362382932984916,6142
0.968606379044131,0.04273101983302574,6143
0.530483525064834,0.8746589983792951,6144
0.7919633924439807,0.9293841266718084,6145
0.1637064777867938,0.037173114709258104,6146
0.7876119073327605,0.35372095102049306,6147
0.3215580481613818,0.22122333048851128,6148
0.26990953881484125,0.08787443214568524,6149
0.056423977455771435,0.057472510230267115,6150
0.41777188262239073,0.878319865852757,6152
0.6391069532258827,0.9963003036992931,6153
0.8575781716187144,0.97455667168601,6154
0.047940227517489054,0.35760695368890694,6155
0.261794938220026,0.49261291228498094,6156
0.9886405404174878,0.12911930521573267,6157
0.3731801013641648,0.06156587418100268,6158
0.8313203097529979,0.4864464721114422,6159
0.1138316194434793,0.07651963052333277,6160
0.46909351709288327,0.06473981343441426,6161
0.05892030960560046,0.5603410709304993,6162
0.941596054638917,0.6198849927675562,6163
0.18151081528372703,0.15599650815431043,6164
0.09458426912113627,0.3293006052348342,6165
0.3559026652149363,0.7636748098046533,6166
0.09027886617103742,0.29216182203363905,6167
0.0967231516733067,0.8088669359761034,6168
0.8472106234558193,0.36324606029403306,6170
0.4289136853054497,0.6171617294620909,6171
0.12101017132696645,0.4222410304319998,6172
0.3201379331158012,0.5617676561629157,6173
0.31181635187424717,0.2634999064028609,6174
0.0180289384000194,0.7377251500825615,6175
0.4298890193602375,0.119080171193777,6176
0.9387823328987933,0.24511425072790793,6177
0.9525889833169503,0.512883951298286,6178
0.42353159397426754,0.595310221956075,6179
0.1960689834215673,0.8587674441143464,6180
0.3722248217764079,0.3435824950453549,6181
0.5585240480874823,0.6159511763177734,6182
0.24398289079775848,0.6976745867705021,6184
0.71023916656686,0.6896410229402797,6185
0.76650404489739,0.2794555188961555,6186
0.30348570795615937,0.9469538279876604,6187
0.18341213191154593,0.3244208628699181,6188
0.43722092801396806,0.6190051975118321,6189
0.5549675571280428,0.37924187198793136,6190
0.18068033460166388,0.7821679371875829,6191
0.6580837512251474,0.03947627981169921,6192
0.6738864846421274,0.9830245396029822,6193
0.35944554528207695,0.10958679667600657,6194
0.21358180089208856,0.12932992844576952,6195
0.713404563189413,0.10241240137346552,6196
0.3581255654914648,0.8200924301975682,6197
0.3203423908202636,0.8314017573282334,6199
0.03613807631602606,0.7192935131961926,6200
0.3388975104991149,0.39496907986566143,6201
0.5715907104700473,0.6588321763963132,6203
0.7892534222416278,0.735879131810484,6204
0.2810004118586441,0.4139947274236633,6205
0.45690636427836806,0.7294469938250674,6206
0.8422190402028965,0.4353515812058881,6207
0.8890942161012564,0.8175329981020742,6208
0.1032343054822652,0.2848594223569503,6209
0.17593822300801543,0.3868889966176339,6210
0.4156941675341801,0.5866113219312208,6211
0.7725804389895107,0.9317883508199916,6212
0.2829443953582552,0.44156666720563376,6214
0.2784112938005948,0.21430533040394972,6215
0.479415896316862,0.5219291759668905,6217
0.6202976613853846,0.4096504918369893,6218
0.9595695350221424,0.696982310648457,6219
0.7010839300072276,0.18393664083447225,6220
0.7853756607054351,0.19208867976302912,6221
0.45085423038983896,0.2314895762656468,6222
0.9377414612217196,0.5242046758638249,6223
0.8013698789628764,0.7811593434981992,6225
0.5281687327931676,0.9035064818257268,6226
0.25917830359897387,0.751077930923006,6227
0.7408735071314534,0.7420797042917148,6228
0.1402703173130827,0.8291733147104628,6229
0.47664406617229094,0.6576877715484998,6230
0.9046509873655306,0.05864911640032544,6231
0.05026501249450599,0.5758160186183223,6232
0.8944622687458607,0.9103714235637538,6233
0.38524903735448457,0.2814427717045257,6234
0.653800910549094,0.26205712899053557,6235
0.2389971424141989,0.6753926798609151,6236
0.5993325786098919,0.8865933621918944,6238
0.23049211885627463,0.28517242323867753,6239
0.4767276631896742,0.18494218452572275,6240
0.8527787104365392,0.15908240729235423,6242
0.7812909551159873,0.18633070235785432,6243
0.904810047242862,0.02226273308254456,6244
0.4165678059047099,0.15704696785032723,6245
0.7155166109215833,0.4599128164805947,6246
0.8555296197111881,0.6062517133763634,6247
0.5733336126416431,0.15270975244669693,6248
0.619177642736611,0.4661318730809948,6249
0.17343985705718756,0.5671064314835405,6250
0.9721359027984632,0.37543086938643844,6251
0.42591991881229296,0.6992377793046934,6252
0.29454044193311346,0.28308782083072237,6253
0.9624704634231627,0.47579677804532006,6254
0.654107576697966,0.639980595294125,6255
0.20686299976275324,0.6246013194849698,6257
0.9113451034099689,0.7350378465636095,6258
0.17181314500841127,0.380543336006784,6259
0.27303032640302316,0.06422197278284181,6260
0.7667043499876749,0.34791865900491803,6261
0.7275156470236881,0.4190210397586839,6262
0.31413819341703786,0.3297743143635402,6263
0.42367369415177614,0.2174527247290683,6264
0.1408688185886663,0.25824732051891963,6265
0.5709891876485541,0.3839159578374144,6266
0.8255469637311833,0.4501482300673515,6269
0.07973643606810976,0.7167672088366003,6270
0.9062628180030994,0.7840125572520299,6271
0.38230160345508457,0.20391885093150175,6272
0.24089583964664296,0.2337393890797118,6273
0.2631238717960316,0.32837204711562673,6274
0.86353535514442,0.33097671257281935,6275
0.6384683933204822,0.6727137957671879,6277
0.6437809808680289,0.09981123535476122,6278
0.9775664045960718,0.0908404675250718,6279
0.13253970263080328,0.3956404593573992,6280
0.05004046269339013,0.29579013195919446,6281
0.21957320641520683,0.08794040458800956,6283
0.6522276925404089,0.9853050038895472,6284
0.19346205760069446,0.2989919609225866,6285
0.34129861950994944,0.21282965847566115,6286
0.2989191477187295,0.967194985648819,6287
0.7192729877456401,0.7362227626623215,6288
0.22262506232631263,0.5351813268686596,6289
0.4653406335505871,0.5935118933814187,6290
0.2989747370778405,0.33619725059899186,6291
0.4088571478129086,0.2427396130624525,6292
0.559189053649805,0.011075156327091884,6293
0.7362392489860141,0.7538404986663655,6294
0.43942959705199947,0.2797534760004876,6295
0.08247940297667633,0.8541542529950987,6296
0.33823144706447794,0.3064452687370638,6297
0.24024952962035762,0.18553612487721216,6298
0.3989041602798644,0.04798831194346731,6299
0.1186946171594182,0.09397817586226132,6300
0.09150666278366337,0.2655201251093119,6302
0.3590864621026868,0.1789252404309043,6303
0.9550905390465598,0.11346967610314918,6305
0.10767745848002863,0.3342906765799587,6306
0.7052590983624987,0.1984331044176143,6307
0.9362367780879925,0.17070545238333645,6309
0.4690569253331285,0.770091797888045,6310
0.6837947874149903,0.15722029586452546,6311
0.7562855683713455,0.598405230549684,6312
0.6882811719696166,0.13279825714480153,6313
0.49399527778248953,0.04251185517876599,6314
0.3515071503614504,0.20628424209748641,6315
0.5211400139879243,0.7708487909515177,6316
0.41502971493480967,0.5887172069919182,6317
0.1527564230188122,0.6692841964965346,6318
0.778791702397673,0.4979609087677618,6319
0.883108973668551,0.4251793053900391,6320
0.9847089351375949,0.28831945325034347,6321
0.7286723971410922,0.4848284520329993,6322
0.28600593696640775,0.8032056869255988,6323
0.5453368793579341,0.49019804718918625,6324
0.8793970676007289,0.637586901861847,6325
0.5842423284672081,0.00781870817146002,6326
0.7624963216697809,0.2808487673690395,6327
0.16085634313867103,0.5808574616083887,6328
0.04105107716592438,0.3779227792964176,6329
0.6112911549138357,0.6501882041401172,6330
0.9917606847738093,0.4198575267813006,6331
0.12253776163544794,0.6158839074481592,6332
0.8610215023447484,0.29149304803542275,6333
0.8647122488835898,0.7853087899911706,6334
0.8204490668763459,0.19951626096628827,6335
0.1131311988698348,0.4528089371326909,6336
0.0908428750420619,0.37629597313327756,6337
0.1307617398096449,0.19119727205594605,6338
0.10384890078223352,0.04314489188857207,6339
0.510752993552653,0.7596082644635248,6340
0.32822922705492164,0.8815347182041766,6341
0.6268698655202086,0.944931925320503,6342
0.24530159602589496,0.41580917110814974,6343
0.10672925130843836,0.22951123694221343,6344
0.8064263007736876,0.1533203257094543,6345
0.2704250545363368,0.6460278133309068,6346
0.30568445214128637,0.22018338290134754,6347
0.07816866825002466,0.7794266183856925,6348
0.44801862250433955,0.783122972879491,6349
0.18318366635246686,0.21202449451899374,6351
0.006968126862356705,0.4796826994537353,6352
0.20583870617562205,0.07410979479253299,6353
0.6065584860649563,0.8171210183280482,6354
0.3718991014413203,0.0027345381573395944,6355
0.10853370685066088,0.7765075511298483,6356
0.8761132279030851,0.09618290761007353,6357
0.8354014796752756,0.6376808326403179,6358
0.832605127217966,0.3086000722630001,6359
0.7003610830800268,0.8875002288879973,6360
0.8064997425259997,0.30766686593590453,6361
0.4415974769656511,0.3907046871480504,6363
0.7563846451796459,0.1000139351240904,6364
0.03158914067355323,0.44494017849167167,6365
0.7465167728055346,0.6569675148336284,6366
0.39760686008021007,0.3930820963119708,6369
0.16336385059257152,0.16215855341178975,6370
0.44643088458377334,0.14960126944813745,6371
0.19310538443708447,0.28707362878571263,6373
0.32268695050665697,0.5115976360583732,6374
0.8964631534467221,0.14875189551793333,6375
0.7192265041873968,0.2985682437471625,6376
0.9076104675160709,0.7362741138284097,6377
0.9130962693780853,0.02292761148936362,6378
0.9832174001525582,0.8784703770458545,6379
0.5168431472722037,0.3238761236950325,6380
0.0436981344817019,0.08526675000986372,6381
0.9941953370297033,0.05431315996772501,6382
0.5380355045610588,0.6612262428345081,6383
0.14595830106839214,0.5910680765746218,6384
0.927038350744618,0.26147435844223943,6385
0.7105524430543728,0.19668623952011066,6386
0.9581867063738939,0.96434201689887,6387
0.15425490523749485,0.0973929146018303,6388
0.6403769643332585,0.4499187386513265,6389
0.7952159811643524,0.23623217411178388,6390
0.8109772606476054,0.2979317184894963,6391
0.5071003953538467,0.5831065510458142,6392
0.518424569960654,0.45792510867786373,6393
0.20765866282309886,0.8016887551176477,6394
0.05707420161283938,0.28196635886148835,6395
0.34693883257632596,0.722692071398144,6396
0.20005495292834474,0.3753040840238453,6397
0.41464061649048656,0.7631684266618797,6398
0.8890136773610264,0.30673154973218564,6400
0.8921591206447601,0.9798834647948714,6401
0.881405802063327,0.5710141314189141,6403
0.3731593068043849,0.7905249183539174,6404
0.17436406902835644,0.06740542087850576,6406
0.8391786529127193,0.8579750179919727,6407
0.12839712446507745,0.6514428489597964,6408
0.1058163920358256,0.26396090469894107,6409
0.8974017805586979,0.7174557656776649,6410
0.4186834269471569,0.4510401793784241,6411
0.3375889769263716,0.9584758757074021,6412
0.2831588820113303,0.9027335320352927,6413
0.3407006059109532,0.22229154710156962,6415
0.6007765907332848,0.5643912917934235,6416
0.5301386755696388,0.9911803059968612,6417
0.3273181758833763,0.27063600226420226,6418
0.3544782008724747,0.4734680216706727,6419
0.9317792084151797,0.2944866368584441,6420
0.603615347359181,0.9063931645489003,6421
0.4901898417351579,0.24816227853785144,6422
0.5916613393387414,0.12344310838188122,6423
0.23917327616506268,0.7188018219043721,6424
0.7471631453398009,0.8360569266930798,6425
0.9901079205716772,0.8669752215078192,6426
0.15530001497610746,0.24146743077185218,6427
0.22917179167889568,0.991605990938554,6428
0.8287277795501594,0.6176718278124531,6429
0.22633458956718056,0.75989990804637,6430
0.31627927025382574,0.5182086483635673,6431
0.3675428592703073,0.9098967625581427,6432
0.713084276993914,0.986255098246843,6433
0.20666615239310204,0.7611440793927758,6434
0.8030878110200355,0.8478746255127284,6435
0.8517403507380915,0.34865077988854387,6436
0.8394781033355251,0.2580676671806298,6437
0.49131064434510907,0.8923972878325994,6438
0.0343021011709117,0.8215493241347053,6439
0.4238361155210807,0.27338659061839377,6440
0.4016413368627897,0.43402158328026397,6441
0.49524684638171124,0.9322284539883219,6442
0.9173145003885996,0.6595434080535634,6443
0.939959251230154,0.8016931340001494,6444
0.16355838438526316,0.9360691199278064,6445
0.9667119368249923,0.40285150421613103,6446
0.9945338895511963,0.888903541658367,6447
0.9584304395302372,0.27890248429124975,6448
0.33157495879636056,0.7873404480543849,6449
0.03359994961348878,0.29187160129181833,6451
0.7361256822884776,0.4334685282949162,6452
0.6435511572522793,0.3733640941534818,6453
0.22957613856422943,0.6280040069101427,6454
0.7000765557846204,0.3863112255593315,6455
0.560693114390448,0.03759176934624553,6456
0.37669835003243846,0.9220894739352244,6457
0.5775407575762452,0.37430481407537464,6458
0.8471749896376045,0.9416681272308358,6459
0.8625319348620598,0.9222965765724469,6460
0.6465154582314959,0.09616378859586572,6461
0.18159588429070794,0.8182942538278337,6462
0.47439426905570714,0.18967405109842395,6463
0.12791046169365783,0.3041300822117987,6464
0.39524473210431765,0.27085554709911663,6465
0.9090877413675759,0.8985510926299678,6466
0.624594529028922,0.995604464990816,6467
0.04914155099593209,0.9383605821552219,6468
0.3536730279473306,0.4161427620993756,6469
0.7539664273922989,0.5192983984968007,6470
0.9187778553083233,0.11229838651139268,6471
0.2412330873845484,0.5448760837874521,6472
0.04633211881878618,0.43825140951499353,6473
0.6974793430700683,0.521238277446865,6474
0.21557187525177146,0.8570434508529479,6475
0.6823224439662071,0.5211141055032408,6476
0.5188976421390277,0.5625914360960421,6477
0.4238849169660609,0.32522122271459863,6478
0.9961666801633692,0.33243839700923095,6479
0.032898288479152216,0.23619140251761273,6480
0.6315451992004769,0.42182482121404974,6483
0.31895264147631885,0.5500952705827026,6484
0.6053771185866615,0.750101317832298,6485
0.8124704012360354,0.4623767057069871,6486
0.1581043319621449,0.625528261546182,6487
0.9058882167701632,0.3395141566524801,6488
0.5945870345976575,0.7867955587078237,6489
0.1001481350476906,0.6707301246255425,6490
0.7458295793828205,0.6481082351423888,6491
0.17478362364685018,0.3836512642699834,6492
0.86986279707106,0.6354993265183061,6493
0.5817915227366331,0.07418411136274494,6495
0.2933268557697628,0.8546563744531666,6496
0.8311737842770518,0.6873333131555823,6497
0.034535939083700895,0.28216117196246526,6499
0.8249458352435051,0.6530560145269088,6500
0.015393302006405762,0.34340086712562234,6501
0.5792133389505811,0.3535717299944424,6503
0.2347639679497051,0.6691193315426769,6504
0.07956166727152836,0.4961242709397923,6505
0.1600800574746175,0.6459845532940898,6506
0.9716999023169034,0.7479906037632225,6507
0.21673287649133366,0.10013821391066546,6509
0.6973984663361739,0.3805367592852992,6510
0.8531962231009977,0.018891850083815998,6511
0.9617724646997736,0.07105580573564574,6512
0.08184401554974918,0.176683420673848,6513
0.7698502675524439,0.7962590825553142,6514
0.6336271281031596,0.9253868561514847,6515
0.8027903878482805,0.02681641339163754,6516
0.7119428132079079,0.9917897266132303,6517
0.601449611487263,0.31238151515721524,6518
0.8674920912532589,0.35206917398959514,6519
0.13504892411501668,0.3681947911633149,6520
0.26555393232425073,0.5338165745783834,6521
0.4266423957543447,0.7081424556402295,6522
0.3367996609796131,0.2089835623059253,6523
0.024209714488168554,0.28158890363657674,6524
0.12841601102952083,0.1656192571308005,6526
0.20293021111776988,0.6298574372156137,6527
0.9543480844539868,0.3864279756117557,6528
0.10253049422399318,0.8267557693959419,6529
0.20014024502731742,0.022106552487371478,6530
0.02695223689517634,0.6035919562907636,6531
0.3577051422059958,0.012147039991711295,6532
0.8638554857460256,0.3445593686936317,6533
0.3192563173512938,0.12455959362037838,6534
0.4208930410509444,0.1217473213214405,6535
0.2437858258119746,0.6216888450798043,6537
0.026477986047399926,0.060186726240732624,6539
0.804796880612843,0.05668668480079686,6540
0.6536969096829288,0.1769348769407787,6541
0.6781422577176325,0.6861574808201142,6542
0.17876458023273623,0.5487852350600518,6543
0.9078535690712938,0.09161439814553829,6544
0.14887177349858138,0.9807394561809415,6545
0.9020906040200407,0.1717841948245158,6546
0.8833846300980064,0.06628042011079904,6547
0.5284815521198619,0.6439238559522867,6548
0.2937629100194139,0.8018270588265876,6549
0.017476269648548537,0.690515619207888,6551
0.2188546076606599,0.19542992187111885,6553
0.3493734263418984,0.12477114812248391,6554
0.962755586088497,0.5692589243931208,6556
0.1991441166839748,0.7385147769175815,6557
0.5704320011236131,0.6379424148099083,6558
0.5182453643490569,0.22590477457188718,6560
0.23231359443952904,0.21949565701450635,6561
0.5206153639145022,0.41966789917271896,6563
0.3518661947566478,0.2180913013585345,6564
0.09837604080697493,0.6672976916554614,6565
0.2786978261247085,0.6782737052669514,6567
0.7260085146377384,0.6810774049652146,6568
0.4826242756847735,0.36487298853958594,6569
0.6456511433226632,0.9499406990196901,6570
0.019331693095695934,0.8658404205180703,6571
0.2425720323726166,0.20622985394037796,6572
0.8205296482639508,0.1846005527953336,6573
0.7507637055219639,0.8017158134915279,6574
0.6866442829620771,0.4581478111648597,6575
0.437833196116444,0.12386084085003468,6576
0.3991122828558443,0.987324338644516,6577
0.4234726807931657,0.6146174705616538,6578
0.810709204227568,0.8046356035129494,6579
0.394916960051648,0.10774465852760884,6580
0.22775145691575482,0.1756867757490711,6582
0.644188264626868,0.32930486047293317,6583
0.12921535055866995,0.6088000503169435,6584
0.6514199531872584,0.6260615535006312,6585
0.7577276910213715,0.6741373121937702,6586
0.6911086825161071,0.39610797461295644,6587
0.4066035490852229,0.4407089269397648,6589
0.47328988797665383,0.4423107212171704,6590
0.09739456656045531,0.10365938147275366,6591
0.6900655553555639,0.6412049847463291,6592
0.3698061738696914,0.2506175214181626,6593
0.31891153489147794,0.6322973461145193,6594
0.2661687758615361,0.3582042791740522,6595
0.6481181305057279,0.37203979804634,6596
0.5291314233179207,0.28952853573485926,6597
0.45788934990780905,0.3977739173527788,6598
0.5315142295270217,0.6417269937119982,6599
0.7425272496039729,0.23303619592616664,6600
0.7183819917582532,0.20692452616371504,6601
0.13732611464911648,0.696766213509998,6603
0.7523090889484295,0.04135521888555471,6604
0.29355123944714434,0.4614727536196923,6605
0.14026825628484507,0.39423290402729716,6606
0.08837789137736485,0.15264749962533597,6607
0.7664726849360962,0.9053909965226201,6608
0.01866646013583495,0.2639448664600549,6609
0.9913039931383401,0.5505207090920629,6610
0.18601806604784465,0.15470591954594892,6611
0.899884414000507,0.05836196276644945,6612
0.948482295024216,0.5600985272945491,6613
0.05779163048375746,0.9077534546642158,6614
0.7714317464723875,0.4781800918536434,6615
0.2962309814176204,0.36165972087464526,6616
0.9238674699952262,0.27683876962211484,6617
0.38536881109736265,0.30873595636714846,6618
0.3443853850016573,0.18035344984538437,6619
0.5755395138604986,0.7719253077422698,6621
0.0807908417746156,0.5398471789106197,6622
0.2983121254230392,0.9928828757943787,6623
0.5661427607355194,0.9229865200789569,6625
0.7578320168135393,0.5399228955620584,6626
0.07786095539923454,0.3004606492683084,6627
0.027147066741115555,0.3849385402264801,6628
0.46403794233364193,0.2995254893665097,6629
0.042098277336161005,0.7373337049635298,6630
0.2059850409396632,0.24466919716307733,6631
0.28841849391928,0.1030024260968514,6633
0.9208927086464814,0.859164705302571,6634
0.15298596056146274,0.8490300367380138,6635
0.9511320004820193,0.3778507507724457,6636
0.5148615947816624,0.3169907662546624,6637
0.1784599548025827,0.7942690926520457,6638
0.9303437030588243,0.9720290688070563,6639
0.21148727087960684,0.8813884555976076,6640
0.697736441411437,0.7023708810652803,6641
0.7956330846525334,0.22012737585509556,6642
0.25931691906238874,0.5649322682399841,6643
0.13778893077362753,0.5313836235126485,6644
0.5723107045745758,0.755846005306827,6645
0.2320331997639954,0.16331932106349856,6646
0.8816266027433652,0.12661161906364304,6647
0.5358297759553341,0.0929437872532276,6648
0.2731853951842924,0.6873350361914367,6649
0.6050025908060298,0.21537594381050595,6650
0.2995742827999246,0.9238237032955573,6652
0.11684732433905987,0.05267826502253836,6653
0.45737653437310877,0.16935818126828095,6654
0.6614995898657833,0.2993920622363584,6656
0.7705826127188166,0.2300933765968568,6657
0.9728414189251683,0.4885430438387166,6658
0.41094078811033596,0.9003241123894292,6659
0.04187656106319626,0.17452153691275796,6660
0.3504254736259774,0.7004575652474647,6661
0.8782967594730366,0.20592601812460243,6662
0.21796043884352323,0.6111642051070335,6663
0.019965502349382325,0.6428812598552683,6664
0.5817412830751824,0.7462076532407642,6665
0.6005411821047838,0.12348107889518589,6666
0.12382781119063024,0.7887064947841816,6667
0.5565686187486699,0.44287941106419515,6668
0.2516920485481223,0.8566425354615798,6669
0.039876394187248754,0.9699107472214897,6670
0.19458845430264415,0.5182267428039307,6672
0.8824348932033236,0.532400383447886,6673
0.20947843215011663,0.07235255335715529,6675
0.9743613671000697,0.7011750272013438,6676
0.15559712352446875,0.7467574202276507,6677
0.7081294933409633,0.17289831927717392,6678
0.10416674620933408,0.8747819980039304,6679
0.8291312876594795,0.6128545493751791,6680
0.8699829204245598,0.7545678331774084,6681
0.01395528759004172,0.05071140997716228,6683
0.7703586189101297,0.5569793223139211,6684
0.9251770897863276,0.7563178955476785,6685
0.041711798593697225,0.3264913085592217,6686
0.7937314230522875,0.09723468026870641,6687
0.12086422393838203,0.07229984546078838,6688
0.9698897592896828,0.04658679845972036,6689
0.666086736394352,0.9027126235719948,6690
0.9017857348027732,0.24574671568124795,6691
0.8606403880317935,0.9550113164189798,6692
0.4526796519861165,0.27175750240050534,6693
0.6228455222681478,0.400072194419161,6694
0.11390203626756523,0.09917295010457683,6695
0.4229392623086897,0.4265303015525499,6696
0.03577540313110661,0.903452108731584,6697
0.9411444461494225,0.8547155504809723,6698
0.21133575273801974,0.8772748721376112,6699
0.05797693609978316,0.09918824912525392,6702
0.42087201536797947,0.22127557061046332,6703
0.8581278177348532,0.5926505590339662,6704
0.12991885029073036,0.2700618917122838,6705
0.8763578671666651,0.9787898424723979,6706
0.4969722679492592,0.31006171174716823,6707
0.5434618313534632,0.7141270601390705,6708
0.13148138553145472,0.7193106006504845,6709
0.4890122198742667,0.8052361398955995,6710
0.8065313779892306,0.3318548458395133,6711
0.5386142835236067,0.6958651839161031,6712
0.46547851686330866,0.41566536819572764,6713
0.037672641056658906,0.5302515592592562,6716
0.6234898271510059,0.7191601442865353,6717
0.6568270675539281,0.0459195358609541,6719
0.6840743809601652,0.22292232934622125,6720
0.08843694211021391,0.48277121566799885,6721
0.11308320911512693,0.07111481826780697,6722
0.9428885507982584,0.6367394413852774,6723
0.3713788136189018,0.8586443911394851,6724
0.23587307539761226,0.9031951123728595,6725
0.050697294100456536,0.6168110006934499,6726
0.22004905651044493,0.6597442522324035,6727
0.9596965174412978,0.6353103935607672,6728
0.538468629701334,0.3311460120496704,6729
0.9068613426011614,0.1482054570955197,6730
0.4287551846887,0.23302485596269906,6732
0.9864118039921794,0.3849836759144536,6733
0.28538107307771154,0.6299641363129309,6734
0.8378611272155029,0.6219383614249044,6735
0.07137371592345365,0.6333341572831829,6736
0.8993199557044423,0.06122032048965742,6737
0.9657878485824508,0.840495737213182,6738
0.47766775398472383,0.3642787449267466,6739
0.9978550591077852,0.3307365989864497,6740
0.6420734693974767,0.2676823237581023,6741
0.28009583034885377,0.48433215635495896,6742
0.3019473385641881,0.10328641568737451,6743
0.5976989215412368,0.5317960747694845,6744
0.251481000147712,0.3672976755707248,6745
0.24503604502714338,0.8529472504160142,6746
0.11151554689615661,0.9849939273238565,6747
0.7561424107890284,0.8670813488867429,6748
0.7408858062999512,0.6496656772294991,6750
0.22886628665516928,0.7751508805499892,6751
0.9666001682373178,0.8871180778945924,6752
0.789648799109656,0.4321289533896576,6753
0.31088414805486286,0.3098161110162989,6754
0.003371508588759009,0.5420145718761111,6755
0.17871786565725767,0.14457834158822114,6756
0.8857317918291936,0.5194530619648747,6758
0.878851219129109,0.17711409060052263,6759
0.39835215320346706,0.028085986378915018,6760
0.972378495703409,0.9645369775433822,6761
0.657947767063745,0.9067591316823972,6762
0.6533767377656812,0.9154720112519282,6763
0.3351736284956769,0.9064130129145461,6764
0.11946930840178027,0.7655863544729514,6765
0.2856855051968057,0.5749581477144975,6766
0.19243837746884473,0.3493159374241679,6767
0.22408284651595656,0.04488719391700868,6768
0.7423344400660428,0.3462367114314878,6769
0.5073161433440739,0.8280689149983416,6770
0.4528794198049533,0.9648448539172633,6771
0.48943515386570935,0.46164587369106147,6772
0.5593908956711432,0.7088223477789141,6773
0.31693800674065675,0.523619395976746,6775
0.7765359210533972,0.3261997085351208,6776
0.5775817578608908,0.8949354970191319,6777
0.26812039369931673,0.08204265591138182,6778
0.08709676691884427,0.8041442075265968,6779
0.40477282376426227,0.41298521118586995,6780
0.25036064466234265,0.8003895206840496,6781
0.9985319670857578,0.41092308298009683,6782
0.8222422628208802,0.35661597754338026,6783
0.08395274299328748,0.1963196633486145,6785
0.2202585451482566,0.5306336184732536,6786
0.06502612774209693,0.6237388453133333,6787
0.045586324231119746,0.0875410402168757,6788
0.08677288185218246,0.07810645985183029,6789
0.9132742803319782,0.7979355271380708,6790
0.4991815841304741,0.6652004467220479,6791
0.8374967696844425,0.7092262471114563,6792
0.828421094602326,0.11146692615834364,6793
0.2966162514305912,0.6353235863221306,6794
0.8984577156818155,0.1484687762417377,6796
0.5665857843777703,0.06817954711719776,6797
0.7019021713408856,0.74619674582577,6798
0.8475865909904424,0.1048303299438087,6799
0.29909785696862934,0.3118549702810033,6800
0.027679649431663567,0.8977637610520299,6801
0.5602460267916861,0.2156491477002972,6802
0.7134317808435358,0.17387384169949627,6803
0.45141933789391475,0.9363354301940883,6804
0.5548843471359705,0.9727949122814192,6805
0.1755802627595725,0.47442753669384397,6807
0.05184670585410511,0.9959743822037875,6808
0.9569460081570184,0.2894574447273557,6810
0.9511510796993726,0.7726414120963926,6811
0.9926431533811879,0.17178137809979277,6812
0.6602000821451771,0.6379981476712957,6813
0.6056744324282953,0.8797680241378284,6815
0.44330189011028476,0.6560260643854087,6816
0.3299947141857186,0.07367554101174523,6817
0.4231552149249448,0.42639584409333275,6819
0.35381652128591723,0.5094767366078373,6820
0.4085902480163286,0.8975314936098368,6821
0.361658321434415,0.03786163534502729,6822
0.7790405473763338,0.09522464858760882,6823
0.9543127471554816,0.26931147213590756,6824
0.989031962919021,0.8242649868267365,6825
0.5216454174310089,0.8687739469062408,6826
0.22013194996029817,0.2567850985331498,6827
0.4613519149870958,0.9264949744997091,6828
0.3346054125932545,0.29652212131130506,6830
0.09889578642013852,0.002955439849337882,6831
0.6004416802400063,0.6663392225504029,6833
0.03814591190832117,0.30824228276079557,6835
0.9715933448743014,0.3430928366203079,6836
0.9957278702644977,0.8919383644058063,6837
0.8193220489745301,0.10516062445364438,6838
0.40063777382119614,0.4870163547171009,6839
0.9565843895664714,0.8664201482642689,6840
0.19319893784947462,0.34332395814762473,6841
0.47994484802962656,0.5614902600383069,6842
0.2812104796030034,0.595694908681016,6843
0.2246715836332568,0.4078854700077894,6844
0.11863098379937487,0.4506714829727987,6848
0.3171073512025965,0.9638529715930962,6849
0.5429503759273501,0.154916902640708,6850
0.3810734193552463,0.8296479483855561,6851
0.7547488552725448,0.9057426246555526,6852
0.15033041950464487,0.2766220305193342,6853
0.296900617701249,0.3183688810742289,6855
0.4332856671870632,0.4648880577223543,6856
0.03153348273160639,0.03671709124092515,6857
0.3927100548677982,0.03665382680932339,6858
0.684388662971989,0.06371087853726021,6859
0.2950794798134464,0.2503898401447575,6860
0.09536172186279512,0.1682630931204374,6861
0.354082902497624,0.24555741125366415,6862
0.21671152801038196,0.379489724030336,6863
0.862904197003208,0.471910230365601,6864
0.5084148452075091,0.2285692633308538,6865
0.5407717381290552,0.4467674408501048,6866
0.6789986486721883,0.4973304369400815,6868
0.37141310068915334,0.9292443936424891,6869
0.19442347555341277,0.3106785025928813,6870
0.4615055326444909,0.8657894881470038,6871
0.7023601207431972,0.6107569896265611,6872
0.7768131932085518,0.40569099483844784,6873
0.1272989243941448,0.10261897981368373,6874
0.09297419089941028,0.6153059503338554,6875
0.4453780052316464,0.8697124190659787,6876
0.040057020724350356,0.46008150129147296,6878
0.40537128416878543,0.26965061865049467,6879
0.7539632871173899,0.5389779102409775,6880
0.8028664509488541,0.7827182325939822,6881
0.9917242793944481,0.5074975680240194,6882
0.38565394378019713,0.7198181396332558,6883
0.12630233716008,0.17335021936112727,6884
0.5620225941784707,0.5940900399184332,6885
0.7430736681614992,0.9188490203153978,6886
0.6397113177576778,0.4851589868397591,6888
0.029715058143620854,0.4716719814226845,6890
0.5730278235096775,0.9975321010762705,6892
0.10285408874941437,0.2823490282282408,6893
0.5598452254148689,0.15330597391654266,6895
0.4080772629174688,0.3732329482780832,6896
0.4984722120914249,0.06485849460284199,6897
0.29087710386466115,0.23851774860798725,6898
0.812232224977079,0.10839915054419458,6899
0.6390251791760544,0.9639612878817758,6900
0.34696872959478287,0.9534706788882702,6901
0.09803318473132427,0.7046087458610504,6902
0.12977607778940758,0.21275019701836662,6903
0.09325713810688763,0.32650365082108956,6904
0.6114628216858092,0.8148415757097206,6905
0.49650900408611,0.26352706338896126,6907
0.15947016173928164,0.8904453856591339,6908
0.8224023403957498,0.8533235618440717,6910
0.8360720657425513,0.9154775162855181,6912
0.947138923172743,0.3302928137958181,6913
0.8018355200534188,0.8465808951561936,6914
0.6285644562191918,0.8588564430556938,6915
0.33820086912709,0.22478463762974077,6916
0.8216029140879967,0.5012133857751528,6917
0.3705575407848476,0.609805574027079,6918
0.07781396542489205,0.9272437417096394,6919
0.9899302844368392,0.6355660639613983,6920
0.13848586617646041,0.8759798853769183,6922
0.8605590170437233,0.4831943141008418,6923
0.1044732564229367,0.3539291331161498,6924
0.3278330523111971,0.5466215102890912,6925
0.38098043309831864,0.6166491741407186,6926
0.7730177727491883,0.9668041780047832,6928
0.9594326832739123,0.2683204297872003,6929
0.7960440955732807,0.13850605376100866,6931
0.7143152391097289,0.8689069141030794,6932
0.5199100688817752,0.24470028360278273,6933
0.3153168862914437,0.6986834154735543,6934
0.23655651742235684,0.4060336807857835,6935
0.9045728655037619,0.07809038877160723,6936
0.97684763130971,0.07916801646159521,6937
0.34967495721833697,0.1925342388871889,6938
0.7242064879111344,0.12778998145878195,6939
0.13240736006602527,0.7184550180887321,6940
0.5259344811754937,0.5284461331567923,6941
0.469761176300041,0.09606739896591321,6942
0.9009129871486858,0.3302540161137606,6943
0.8752275858519846,0.6541977970351761,6944
0.9509952718150984,0.929061769611198,6945
0.8343318417325131,0.19475624881916997,6946
0.58348423283965,0.8940653493237553,6947
0.6103803500801313,0.7668812379793606,6949
0.902557459042814,0.40870569554659464,6950
0.015258722716359086,0.4972031169667033,6951
0.06470750685106386,0.9243036108355331,6952
0.029124709937977444,0.14064235730457264,6953
0.9076864073612694,0.9008950802643783,6954
0.8289501190905006,0.1298746210622984,6956
0.9242552394157324,0.6684290683339948,6957
0.824356329425736,0.4825195828703682,6958
0.3057150603494667,0.053590517340933896,6959
0.49325906180160506,0.8465815930942188,6960
0.020061761844027637,0.5766237769279426,6962
0.1767970220822731,0.495585625241184,6963
0.871556711394814,0.2607235872478989,6964
0.46414252740151996,0.6189668004304189,6965
0.3042024956882491,0.08958786024477228,6966
0.9245814853234969,0.5636463955309067,6967
0.38699405822366706,0.38683818560264427,6968
0.5251105638292861,0.43840772541996775,6969
0.7650637296589367,0.15772042132048048,6970
0.4118699716408766,0.6978135253929493,6971
0.3724988172096646,0.12241146039678263,6972
0.5264099428105866,0.8043907514170547,6973
0.9914011215423522,0.38165041620937157,6974
0.7686003064229864,0.40654029812336256,6976
0.7055966498473168,0.2754050313181843,6977
0.6373432368115008,0.6986844659309903,6978
0.4044296926079459,0.8208624970351407,6979
0.7861245790523865,0.26141784784999667,6980
0.1935381995662131,0.4522557683519297,6983
0.7452079259066343,0.768193902898066,6984
0.822768714384128,0.0003564315326380907,6985
0.7523856090861387,0.8438892239126896,6986
0.9695757128945978,0.4297441998438021,6987
0.31411018357233056,0.019443039623858516,6988
0.3210486889429406,0.5990665781651795,6989
0.46874967023258796,0.04859641380425728,6990
0.4798913029867624,0.6154991643485174,6991
0.9795621603642422,0.19106300111997188,6992
0.6736908045303889,0.4187016784618497,6993
0.6480950544640458,0.7322128422314359,6994
0.14476228340439157,0.183996955019465,6995
0.6706785297312512,0.19274924504491697,6996
0.2282991701864996,0.22517534807525508,6997
0.75631818992616,0.9214029396103401,6998
0.6861471550237108,0.5498795557255486,6999
0.0420455276768239,0.1153542861159722,7000
0.8286627317200786,0.701885828263017,7001
0.5006171236613075,0.8200537566888725,7002
0.0831623609056551,0.5728009123130313,7003
0.648720320316227,0.5865373020372899,7004
0.9243215506594973,0.9631335723419213,7005
0.3633589740771753,0.664794662544419,7006
0.5001205326924574,0.4543615475952484,7007
0.9258390053707839,0.018348749623520177,7008
0.2545298535837951,0.30066934141407653,7009
0.5483383160447936,0.6515743730290362,7010
0.5582042938850977,0.7054975889538253,7011
0.09455527206011405,0.3210335077418909,7012
0.907442851259018,0.15220374329932485,7013
0.6973952760802977,0.48768864261432654,7015
0.2731045995466136,0.4173506922371437,7016
0.01726057921602231,0.33365076034588503,7017
0.14211889026624203,0.9414679014347875,7018
0.9232349614161511,0.06024316933651763,7019
0.21633083024081623,0.6324437593432376,7020
0.12609686750315763,0.06781696109080382,7021
0.5384801342437943,0.703439995260473,7022
0.11309045333215573,0.04571585220436092,7023
0.6325584218642324,0.637508735605442,7024
0.845971311113727,0.8131613149441103,7025
0.19989351899672214,0.5659300161993294,7026
0.4694738195582493,0.35341040959203585,7027
0.4881872259113518,0.028891411464652572,7028
0.726819529298385,0.5207499818216578,7029
0.8413511680188421,0.548391482514603,7030
0.8022773635690327,0.3425525092695798,7031
0.5603408739093426,0.6276174705701753,7033
0.9027607494800866,0.7823165635478001,7034
0.9595410474550796,0.10482751301765092,7035
0.09073749487836336,0.521993153638614,7036
0.6559226113434129,0.7344762756407498,7037
0.6229597839446581,0.4421138434000733,7038
0.5552936848968288,0.756789944910857,7039
0.4755021514108916,0.9143749736677539,7040
0.6156857600050036,0.33343776057816843,7041
0.43877953277902126,0.024472684353799234,7042
0.2763123301105891,0.7502756403420966,7043
0.34508430207516283,0.4222844703694072,7044
0.16232303747779464,0.7555156639244184,7045
0.3886090513371344,0.03468071476124157,7046
0.8969801153635969,0.2785681296872683,7047
0.5815343673837637,0.9602400452764044,7048
0.4262067342694402,0.22223388179517722,7049
0.837700719986746,0.4644858361558274,7050
0.725493615017668,0.02468782947663961,7051
0.19747880612083346,0.978013958607682,7053
0.07563083065544518,0.6272651047064445,7054
0.45980547361866064,0.5117154301137502,7055
0.9021610990231378,0.3381165313711245,7056
0.024040791558756824,0.5499985186616011,7057
0.3949195694531846,0.26413461018874185,7058
0.17703549261316875,0.6608417762954415,7059
0.78787154831072,0.6119863249246593,7060
0.8662863770766547,0.10919691890403926,7061
0.4203169401108897,0.19457881943854016,7062
0.7849281921023291,0.7061044531925222,7063
0.5814979339489338,0.2053689375774026,7065
0.6711919576053982,0.6284236892788552,7066
0.3880922144615925,0.6767288434655615,7067
0.1938204409816775,0.4349399068191816,7068
0.9323199488620776,0.779344943849905,7069
0.47519912901986616,0.6078678591564697,7070
0.7352379860378464,0.10640088330844555,7071
0.692902774753463,0.5581290013599379,7072
0.794979305438232,0.6552436380732535,7073
0.5197882329794007,0.6168489684819277,7074
0.3873460135567065,0.9424289959920059,7076
0.39208125949875383,0.49146563668191756,7077
0.14822729812007107,0.6763775634491409,7078
0.19092698640661754,0.41595168790775483,7079
0.892969399696188,0.961966201258808,7080
0.11004881283558743,0.05344629776125176,7082
0.6998657289019645,0.6767886881888635,7083
0.9352636085524907,0.2066288759017687,7084
0.4461818190604818,0.5734351417206212,7085
0.1011490805794194,0.4585403606423777,7086
0.38732268295298655,0.3844605908080261,7087
0.8233029018424982,0.9210480496749754,7088
0.5292515885489921,0.13424691752497186,7089
0.45648207834774346,0.32862574309416426,7090
0.580381820808275,0.061665583625750364,7092
0.3575085892083768,0.30474427075684596,7093
0.21832863985094086,0.5601927788009472,7094
0.5546736699860486,0.006379388938865582,7096
0.2744920799816799,0.5628562444427155,7097
0.47974913631364413,0.6233865152076941,7098
0.7345991226441869,0.46217496211800024,7099
0.8294657965127643,0.35113345195538914,7100
0.23068986342346243,0.3265623848642153,7101
0.7414264313237321,0.2360589436203665,7102
0.33001967758930095,0.3249159558163732,7103
0.08269601432210161,0.8324348286744722,7104
0.05261968184414856,0.9883083394695372,7106
0.4468324666778485,0.7375826614024948,7107
0.42805218382510046,0.18767990593418782,7108
0.02975844707774189,0.9738422349274177,7109
0.35493511697529057,0.9447097420586202,7110
0.26277776137164965,0.5475047184156147,7111
0.2616200428150658,0.5733214932700343,7112
0.918017754905462,0.9464084063852639,7113
0.920461737290155,0.15684705941589172,7114
0.9869199326116165,0.3426067319602788,7115
0.9027370619836731,0.04161756607550726,7116
0.354662159583765,0.249924265958139,7117
0.40043588852298495,0.6708923638227022,7118
0.20662982455823764,0.7007413449820744,7119
0.158643883882993,0.7579226389977795,7120
0.9627958029268462,0.9749526594437256,7122
0.16093141090241148,0.45043954875856107,7123
0.17833846968063993,0.638884982703199,7124
0.582629774646146,0.7260621747449144,7125
0.9238117065413672,0.9447302055091696,7126
0.6584002987820383,0.30130621584369277,7127
0.8571593012836547,0.4204393062660423,7128
0.0970636279124788,0.5504763279128383,7129
0.6560364529552333,0.4759793136857642,7130
0.31073966376914186,0.7949731753210785,7132
0.785828219466271,0.07572140288240725,7133
0.7716480796034223,0.9882367952071524,7134
0.16846530824853234,0.5100292799437793,7135
0.2507785964379329,0.626598016442714,7136
0.904828436527891,0.11235965158866024,7137
0.5687358158109196,0.036200566652167754,7138
0.3359182271841632,0.8837526602141349,7139
0.854693487929846,0.2722012067852534,7140
0.5897058387767171,0.7422183723115799,7141
0.5264735442381945,0.1734738373223237,7142
0.5389725612481497,0.5541628448371135,7143
0.7012339543354229,0.2533256665545984,7144
0.8464765093238477,0.3124981906773584,7145
0.9468474493269151,0.7311665499642979,7146
0.9332379489599317,0.2581370984346004,7147
0.7061060428374186,0.21003222485296424,7148
0.0024059596612814316,0.7786180419401423,7149
0.8771607851147608,0.4044940012695928,7150
0.4105740112886621,0.8540528375549497,7152
0.5107611547592326,0.3904405890388134,7153
0.6615168974466832,0.3096423082587827,7154
0.41107149245190855,0.1119643978222502,7155
0.1916863570717059,0.25035353647721925,7156
0.11200474290134976,0.9406651124155812,7158
0.06899311469543257,0.6610526156463198,7159
0.8114287070842197,0.23036479558120282,7160
0.4152783380738473,0.15274279591881623,7161
0.2142484328343477,0.44866249146852855,7163
0.3879535818364731,0.032251256903428005,7165
0.7627545779458945,0.21209358646344845,7166
0.6294677333933351,0.32641233120091795,7167
0.491692515602274,0.28016533537058796,7168
0.6084078511558237,0.8845344853219395,7169
0.3475557620645592,0.33972992941806723,7170
0.5759823809480603,0.061787870716457194,7171
0.2644804423325482,0.8461661796128881,7172
0.7314961599420085,0.6283163474209271,7173
0.113731913936573,0.6524992309752298,7174
0.5944060703829398,0.06864030853355785,7175
0.9219426643045793,0.2602869741495947,7176
0.39608697824661987,0.7804632396479536,7177
0.12605354939403846,0.3352945978866515,7178
0.5152165647870258,0.19176318267384862,7179
0.938047902987981,0.34825228789425944,7180
0.5135785853027068,0.5131532932476012,7181
0.605904303626603,0.3156873072202474,7182
0.40679618666548745,0.1806781248142978,7183
0.1240199731184839,0.06586661849588449,7184
0.583332399803007,0.012916201467624067,7185
0.5123892767499174,0.5141796393503185,7186
0.6863864168635707,0.42572183286665377,7187
0.17149541948182911,0.06209680530387174,7189
0.40095131931904227,0.6634434432518327,7190
0.4785104328332087,0.44652442420101845,7191
0.31038703768459897,0.8182648790808705,7192
0.3060782012494151,0.7873889629954034,7193
0.006688290356848703,0.5942715909848707,7194
0.8220305759324513,0.7341309088703621,7195
0.3809634373030524,0.39841624738537074,7196
0.427565701692056,0.6553374935085494,7197
0.8040113996187229,0.22168186264630108,7198
0.07005269633307598,0.9843362039120147,7199
0.3464578737484939,0.24349533181350913,7200
0.28023622602345166,0.8204296811778312,7201
0.6609632020059649,0.44946502255710874,7203
0.9201970070749039,0.18256593556068534,7204
0.20959820711342292,0.9744268064780286,7205
0.8228959137015533,0.5655683882844136,7206
0.3576015773980825,0.6431408660893735,7207
0.010704753528049449,0.8706109452697451,7210
0.2594603832889518,0.1550362267756713,7211
0.86968019345564,0.38119020466557085,7212
0.6919887131078545,0.06505221810298512,7213
0.20733624961917851,0.5238510558020322,7214
0.7397377633359523,0.8163703272273428,7215
0.8256557979803273,0.24806759769177888,7216
0.028870051013980547,0.9082435827565912,7217
0.37196523816632454,0.06727964375259221,7218
0.17190795837977801,0.9855953900485621,7219
0.8011670033988458,0.2506566164668478,7221
0.9329932148868882,0.9766752152333514,7222
0.8426583977629577,0.6435083740222242,7223
0.9006235909799647,0.8171070244699673,7224
0.838487754895126,0.24104319446695366,7225
0.5355027579285646,0.03181440590629259,7227
0.22073582439899142,0.4795934370164977,7228
0.8083677842167227,0.7523585618964163,7230
0.10477038961381124,0.22055340749543995,7231
0.26619586571220466,0.7128643072053401,7232
0.9592247880182729,0.6599553319888412,7233
0.9391707318509209,0.4811748825950065,7235
0.6195855793420776,0.5209245276129083,7237
0.06928832193926227,0.8588636014023588,7238
0.7216748367920552,0.7487458796670302,7239
0.794448715494996,0.13952965274276208,7240
0.42586284035524313,0.5599983434976556,7241
0.46255850769350926,0.9789483150192697,7242
0.08282935921344203,0.8315721509112989,7243
0.70312736932418,0.9723381917383495,7244
0.4366188985573696,0.3254972998258775,7245
0.8417918262065162,0.9200838450646572,7246
0.3365476576206685,0.27350643031388944,7247
0.45554408515673717,0.2946489880816655,7248
0.7480881331049619,0.7547007844321285,7249
0.2785455320872796,0.18710159922926461,7250
0.5929516121971803,0.4851529007374672,7251
0.4076061183146471,0.29396671589077494,7252
0.4638172809856932,0.5282674130321703,7253
0.4381428085802952,0.09615079140394522,7254
0.14652162313224992,0.430020996936621,7255
0.5900881744410824,0.5474756297915111,7256
0.109686572663236,0.5077162774638657,7257
0.6445546421324865,0.29353038137969667,7259
0.26495485075588654,0.8332866435663101,7260
0.14610425562201768,0.5908270571170783,7261
0.17500335157898672,0.2023717073138458,7262
0.5871696954671556,0.09472811375914292,7263
0.9470698801887729,0.2023611103026839,7264
0.9528437784256631,0.0838637638443005,7265
0.9757577555848844,0.650586914378383,7266
0.8813973209661805,0.36542047586819437,7267
0.9301107951949094,0.573211609258622,7268
0.8996181915491964,0.2173023897912436,7269
0.8479039328952813,0.43574005359493484,7270
0.1697324531605796,0.7114436578053566,7271
0.11679215833349188,0.7426783829555846,7272
0.06195729581894749,0.912138415022502,7273
0.17267719870141351,0.07685713499951619,7274
0.49713389060178925,0.6353888214389584,7275
0.5482786291836149,0.015584731382170647,7276
0.2794224528100139,0.5484187609460957,7277
0.7430086000113701,0.5613587995493411,7278
0.5491994456944703,0.7855349260919965,7279
0.0025442928819106037,0.17766855925527825,7280
0.49846456752122037,0.6725336960275387,7281
0.5410930232501759,0.5319204740342774,7282
0.27689758164229206,0.9978491977763169,7283
0.893838574956632,0.6209623423060318,7284
0.012398396691547742,0.6446376871257836,7285
0.30126235814189106,0.8509468092362957,7287
0.006745818502775114,0.9986923670539828,7288
0.12094405198703939,0.9187024612518049,7289
0.01688349268638567,0.42453645984735355,7290
0.36074321463545855,0.7378702322842289,7291
0.7720623459578588,0.1911907765527061,7292
0.25247475079709536,0.4301574974081209,7293
0.26621477860575493,0.8565833038200862,7294
0.31197042764282434,0.44719473467130577,7295
0.865052607972419,0.5441746961153021,7296
0.6114761916290836,0.6645698914604271,7297
0.6459624991728037,0.35993649400487426,7298
0.020966887927063138,0.9549302021055245,7300
0.7652611576770494,0.026152137086131066,7301
0.3707957014980905,0.3911974147533297,7302
0.6624167879228737,0.4505270672523993,7303
0.007424056040233995,0.2822054944942962,7306
0.23787253126502939,0.37065480705983755,7307
0.9979932899881468,0.6984047766079751,7308
0.9258178824239953,0.021326001157718433,7309
0.1572889456531159,0.0756158075563429,7310
0.7729966692498276,0.8020750459658827,7311
0.697185215509908,0.12760115372270964,7312
0.8298880462111995,0.8280831962483199,7313
0.28722518059494784,0.13852800547345478,7314
0.1828994819637636,0.3959805116318773,7315
0.07666606379128127,0.7504078196748587,7317
0.21099085763061043,0.2346293929624117,7318
0.45020697511883345,0.7428099026757944,7320
0.30030981143555746,0.8337885368890043,7321
0.28541958385134025,0.7585550935013365,7322
0.8570144528515327,0.5407423553159111,7323
0.6485363656762845,0.27673548162160766,7324
0.2184190490393343,0.7950216103021592,7325
0.35005448530326577,0.20944461659374536,7326
0.47084226540682994,0.8033386146186506,7327
0.11440057554786343,0.6049449383427989,7328
0.15953419944226022,0.7607234756118378,7331
0.7017427920399644,0.2373107911243978,7332
0.7324229837224548,0.8197476056254129,7333
0.3471693445129823,0.4892038695711922,7334
0.07933313200463954,0.9061505997199693,7335
0.723132761675631,0.5843042871647836,7336
0.8986308023391992,0.9395814039159301,7337
0.6615337986529404,0.7002613592905738,7338
0.7770440224907262,0.6657878603303363,7339
0.40328187507041025,0.2325932716338449,7340
0.927650027123937,0.9189894349491013,7342
0.26488083650872407,0.9616316058683794,7343
0.32956475003261065,0.6548873979200983,7344
0.8812381663885163,0.48107652646011745,7345
0.39971230377346445,0.848670983042536,7346
0.5549091484103933,0.2581035212872176,7347
0.9076374700351635,0.013615595708500572,7348
0.36309146731647046,0.19883509949967304,7349
0.5944583223036961,0.6673821097268772,7350
0.21090417559668495,0.7773327837043892,7351
0.9490191009359286,0.7109599492446106,7352
0.7852981879085306,0.13006796367679407,7353
0.9369412640584713,0.3795485343860424,7354
0.2820545894733829,0.35631698785303856,7355
0.8710718225528014,0.2771786179230613,7356
0.8204966808325093,0.03313068271342945,7357
0.8987399291351363,0.1749532841900523,7358
0.5786411130535063,0.31700001474336437,7359
0.4756662523373738,0.8489595032511222,7360
0.472929430198598,0.2806953427371016,7362
0.9263333096023044,0.6937635825392188,7363
0.726586239737698,0.9942649199219584,7364
0.7021258226873294,0.15897611976886628,7365
0.19215999788529547,0.6765206451991226,7366
0.08343237091575617,0.97762412864354,7367
0.6736541091564943,0.14344072114279194,7368
0.40378173660097116,0.17720128252908418,7369
0.639815340228842,0.44440905407802256,7370
0.38322246800436244,0.4984293423811158,7371
0.894110703187713,0.27386309416343446,7372
0.94838970342507,0.4583331503586442,7373
0.7469946445087411,0.34814159617178364,7374
0.47182949890585724,0.27361184527084825,7375
0.7251708759214098,0.7286325081230186,7376
0.0003404222331558904,0.5670204775162904,7377
0.40852136512657045,0.7811435299281809,7379
0.8869841106478028,0.14623173671046208,7380
0.054512086848372054,0.425750979016737,7381
0.709851453728728,0.43717901495016254,7383
0.5039503934833585,0.5190181739907145,7384
0.11541736069850594,0.5879461573568974,7386
0.5305973320619555,0.5141507866763672,7387
0.7716914677040128,0.7065867329486064,7388
0.0871211876175032,0.3284857947524301,7389
0.37797603594707196,0.23027069428997926,7390
0.9053365361732695,0.49444500286312854,7391
0.7088270619888979,0.3652848998065302,7392
0.8230346007823051,0.511832158304013,7393
0.498934884765304,0.4898014148613986,7394
0.5085061421305022,0.6356338578754535,7396
0.6912405651022525,0.4259175168877215,7397
0.2317789883710809,0.42431092981767016,7398
0.09687233550037067,0.8012432948511858,7399
0.7548797916705744,0.6808705536051162,7400
0.2731370629150798,0.46629675940133364,7401
0.8372663858374667,0.9144422831550012,7402
0.9737573090416645,0.30261286711875723,7403
0.05879608149013471,0.48818960130523803,7404
0.4975755986650394,0.19272035260944687,7405
0.6239625285742203,0.5786751290697772,7406
0.746811154355837,0.09990147883860945,7407
0.996003966179073,0.017709872987463737,7408
0.12407516369880278,0.6676117114240809,7409
0.8066504185496808,0.7919217971160051,7410
0.48243099021336877,0.9459216137030259,7411
0.9073030519234503,0.8740359159166774,7412
0.10677396202419209,0.654244419792884,7413
0.10797056170754016,0.05553851440009561,7414
0.837913273278055,0.9261856289268351,7415
0.20172022680240875,0.5636223442703875,7416
0.4658031735455963,0.05008438068327192,7417
0.39836618310514094,0.5813957782122959,7418
0.8226786423220136,0.009550244653171558,7419
0.1110509934254238,0.7337012637394202,7420
0.6745475957430724,0.7631605369450729,7421
0.19742458183015077,0.5601459720308151,7422
0.37234295652595384,0.3483349992714613,7423
0.3128347729160198,0.2695576417647114,7424
0.6608537097734067,0.6685441575153055,7425
0.9222089744317867,0.3520325593100503,7426
0.3871726573099903,0.6157140981206507,7427
0.49453868165545634,0.4289695202916908,7428
0.5598634653058313,0.7127376535942133,7429
0.5448789610125828,0.37441719343893265,7430
0.10814805907498592,0.2563776435327547,7432
0.9234450307782659,0.6976124983512257,7435
0.8197711308377159,0.8329614675577365,7436
0.5025091413434384,0.9891987084772795,7437
0.318885360279638,0.304697220448103,7438
0.967523480330299,0.8650799135081396,7439
0.5879329794495868,0.12224591014200081,7440
0.9555451080290945,0.5878614858851561,7442
0.20625366626039388,0.9953611934428094,7443
0.3692466190925737,0.7891656562907017,7444
0.1703277193036461,0.1378078714935611,7445
0.6918286674265479,0.7201560243143206,7446
0.6224024613894755,0.1683138072603627,7447
0.3668504737848919,0.9288851748064497,7449
0.04307726106026322,0.6464043860302572,7450
0.5814629520496306,0.7493959703235304,7451
0.4591566693911413,0.5715392183486596,7452
0.04459766802946252,0.1568061226106815,7453
0.749595256222235,0.9273733952513584,7454
0.3809069347636439,0.1177483966219417,7455
0.03302688604597992,0.8072466583412642,7456
0.8631674623931405,0.3353749661992652,7457
0.25127667398521325,0.9771350669522686,7458
0.2281197895838052,0.784952735964963,7460
0.222193336549236,0.709106492606033,7461
0.2199342528013002,0.5723818333454274,7462
0.5533838240531238,0.454594181936525,7463
0.17165796338372596,0.6689980811381785,7464
0.4965233576615792,0.28821968278840027,7465
0.8100307469931528,0.16050372109377276,7466
0.014287465863226156,0.8257003789361361,7467
0.15033356492926464,0.8351864185041624,7468
0.0015161395676306366,0.9414005568169329,7469
0.07986338595387588,0.2631344065322202,7470
0.7777480027447545,0.6812009524324819,7471
0.7532824617414261,0.7124390392164663,7472
0.36703557180530555,0.6405101122258928,7473
0.09338759975752386,0.708367490387857,7474
0.9943422804231088,0.37330626401944633,7475
0.3773546649551056,0.9180505293059577,7477
0.836271148141366,0.3979004585150263,7478
0.3632268137554713,0.9766678966423007,7479
0.844222902760314,0.507423039369476,7480
0.16616107293744653,0.8136495473502229,7481
0.2026518743614224,0.6520565917943656,7482
0.5296893334278494,0.23870315824620125,7484
0.6445001165779775,0.22457838204729064,7485
0.2683835061541555,0.8030928078894232,7486
0.3131820273813437,0.412676404101436,7487
0.3348193771555834,0.8933524766247648,7488
0.3245963279426185,0.17700065164682488,7489
0.3028892768896281,0.8767330769424091,7490
0.8977297705006146,0.9936081367160886,7491
0.8611206637517518,0.521521314722991,7492
0.9917038906588862,0.22275718824222002,7493
0.8647294015785272,0.5277691370958779,7494
0.5147954389157808,0.5914374975788711,7495
0.3153301229018325,0.9423426791064264,7496
0.38545588837618194,0.38693399143523255,7497
0.12829135857830987,0.5983151842892115,7498
0.8841056601368766,0.5547836677311472,7500
0.9910903148780932,0.3086820433213566,7502
0.31623848046364145,0.9247425971004543,7503
0.7601599416118524,0.7409275292867156,7504
0.9481595365372679,0.7672136355820909,7505
0.20115836727723113,0.025740996904921598,7506
0.07567706904201577,0.7216729355089245,7507
0.6554239574902292,0.5664762309747845,7508
0.3529717752904177,0.4303990793465382,7509
0.8739275289880415,0.28163842059059696,7510
0.2557238315346868,0.2096165496925071,7511
0.5037030650052721,0.34062431153796957,7512
0.8436888299148118,0.44543686838784924,7513
0.3965281381068715,0.659760861309496,7515
0.08780531414571047,0.5395230413114825,7516
0.07538503252899686,0.8350447655294011,7517
0.044219765611207884,0.3582315876137182,7518
0.07465777414343078,0.1897273927024189,7519
0.43993907302726176,0.3657166116974927,7521
0.014302719275404163,0.5372525030378555,7523
0.0888438513795542,0.8325911444224888,7524
0.81442043848485,0.15357541711406986,7525
0.6177995566965825,0.2241124976427058,7526
0.39977218843491313,0.5939675000664465,7527
0.7213694999710109,0.37232681083961106,7528
0.0648959910813427,0.4239611958320868,7529
0.7252833572901716,0.4351476788591535,7531
0.4053937046127898,0.555360650778733,7532
0.007590886672709796,0.16463950542647665,7533
0.43977025288532323,0.2909789957357616,7534
0.956696530663405,0.41933677490208676,7535
0.5272922340941332,0.29990656994145026,7536
0.11963108947779844,0.48266124844383285,7537
0.22942490956443262,0.8936526867301969,7538
0.2028838473467225,0.8391624618637495,7539
0.9863442005495282,0.4735382118263103,7540
0.8806296656871583,0.25395028421719423,7541
0.6774189089506276,0.3120126676990085,7542
0.5613545591898248,0.9990335405234448,7543
0.7815481850983296,0.17322193516404483,7545
0.7405662460630204,0.16708984859288611,7547
0.683542781972501,0.10680872768118899,7548
0.5115790043951258,0.6372680382821693,7549
0.47547735616920306,0.27305786989532854,7550
0.8009396815472568,0.23071875935469044,7551
0.1304566158003131,0.15459435092222773,7552
0.06855210992848526,0.5535968437987454,7553
0.9618700168089623,0.6422763446653427,7554
0.23451742173099,0.040063105312505454,7555
0.1869555151207586,0.8497416508545863,7556
0.4807581130250148,0.4832208872843726,7557
0.2557712882999409,0.4930639660913969,7558
0.8045592606993014,0.1035208646198934,7559
0.3261100180138099,0.6770550602470113,7560
0.08865043364221836,0.0637070997594783,7561
0.16078834726067648,0.7884751555571288,7562
0.14403489798637936,0.12298480683318258,7563
0.5293190462112967,0.6393628402041682,7564
0.38286416064485174,0.20000538073327057,7565
0.5550126871033022,0.18122991180102566,7566
0.0069303148755883726,0.8885394354223001,7567
0.6031793642970567,0.7744190727424356,7568
0.7000275667340686,0.6255566499348674,7569
0.9320978719412255,0.2388755662975599,7570
0.5802781971043327,0.9604720895673089,7572
0.3667119645526222,0.07618283631313261,7573
0.3900156096659546,0.7203008792298686,7574
0.14036085585638547,0.48704553165355724,7575
0.2329410282634602,0.4800252087744872,7576
0.6309515701131195,0.6547557688838356,7577
0.7291309180084842,0.9665431694842451,7578
0.16649720531859258,0.29584710520064195,7579
0.6695563419832423,0.030014609170252782,7583
0.44762096943173124,0.3177173262362333,7584
0.9069382629120529,0.8218687122666367,7585
0.08823074463146274,0.2586087556583908,7586
0.6467839648766983,0.2642107625687148,7587
0.5338444647317054,0.5686519689205926,7588
0.942252699757229,0.5490326076035912,7589
0.6936816388640211,0.05873553565123024,7590
0.07548044160876466,0.2639161969280015,7591
0.14640358890195326,0.6936434316431662,7592
0.5732666435576586,0.9580584440639172,7593
0.3548809976668875,0.5591459629838629,7594
0.8211554426952362,0.055572084734512806,7595
0.15063042686329675,0.3571228260249856,7596
0.9551058653960006,0.4355153065686489,7597
0.9433829644335464,0.6770238893340437,7598
0.9665280974692921,0.9497298735589574,7599
0.1428249917884793,0.29457841842070254,7600
0.08505620437743866,0.6719241051376336,7602
0.98262728356305,0.910698932638141,7604
0.10079385820821885,0.3258065180938384,7605
0.5486709568255315,0.891877261196431,7606
0.7749307569600167,0.4787558994593687,7608
0.0919346651764883,0.4152907570104639,7609
0.6648038401909874,0.33494891347927025,7610
0.9264553057146504,0.4986878938197147,7611
0.284292881828317,0.36490947101965554,7612
0.939676177234004,0.7490349446989187,7613
0.2350412754465825,0.8724049982381858,7614
0.6703884002971442,0.9239476119034622,7615
0.7307562397279871,0.8512286395620082,7616
0.21129851775209718,0.1058373783756913,7617
0.5555105626034469,0.6837927153819261,7618
0.4824894175522818,0.992204248212794,7619
0.13694413345946366,0.0560463179625762,7620
0.5158109017138944,0.12102238395922671,7621
0.3143228968128293,0.8577588262815327,7622
0.8426331495175285,0.05397627226119406,7623
0.8565701615004512,0.17272780495852025,7624
0.056940149354986036,0.565495536299066,7625
0.6414534038564931,0.3076650397043377,7626
0.8308632514102198,0.41214268272392174,7627
0.930821630238354,0.02766404363496655,7628
0.669273429241535,0.17997494657983537,7629
0.29832039567762425,0.1175472825010383,7630
0.9695490379625653,0.7718315652127629,7631
0.8254992253724928,0.09676018600803016,7633
0.34106829481100254,0.1609452980337207,7634
0.13554919829408352,0.44207383132279077,7635
0.9168963194609923,0.7819104250983107,7636
0.8437050073925012,0.9660120046371574,7637
0.13365396653388906,0.663362080987131,7639
0.6956369893167721,0.8069851152841763,7640
0.8255330082437258,0.20928908699613114,7641
0.9019138495604629,0.8804461800658755,7642
0.363564255126263,0.3339866038895152,7643
0.47878353856625877,0.12053325161873008,7644
0.6687689610829886,0.4841991192649464,7645
0.31382616043578937,0.42274624067251143,7646
0.23595890801250752,0.7955709592769892,7647
0.8176897209160513,0.5588116158436192,7648
0.8399983593736935,0.7118776667280737,7649
0.8217218051259066,0.5845299244208113,7650
0.10739752545842907,0.390189232130727,7651
0.47689346652288933,0.20260911827863815,7652
0.21705155437945112,0.009485106960447465,7654
0.9991308815729432,0.06623897689613123,7655
0.24504708746909898,0.7821291082894151,7656
0.4506385279834393,0.388941956051443,7657
0.28860175009182953,0.036179817293287675,7658
0.486766252801374,0.7987818959814863,7659
0.7598744856898721,0.8413285997025055,7660
0.4052680291431221,0.3846417706714116,7661
0.8702170538558501,0.7099104599973044,7662
0.4079737213422696,0.0030124420691090004,7663
0.9286129401207325,0.39798386316431833,7664
0.6128053395599926,0.20955548722093853,7665
0.34787817852559466,0.6266260271657064,7666
0.23569101791522795,0.6835454185150465,7667
0.29507609016266756,0.15671556723552627,7668
0.40283690494086744,0.7365026500597759,7669
0.6383047657908406,0.07476783358820416,7671
0.7022037213536093,0.4726904854571057,7672
0.20066166802477747,0.6490991437144505,7673
0.7085822612590095,0.7562549451555087,7674
0.3749399921643901,0.6343595648125023,7675
0.9946018493212031,0.1925480581013589,7676
0.08641169859187292,0.4039310978955438,7678
0.43900650560802423,0.5592950393502195,7679
0.03576475405376478,0.04757625924081432,7680
0.1060583567473582,0.7722866668901033,7681
0.41624993102687946,0.5584837649375208,7682
0.31800949698622627,0.07028978647500839,7683
0.14824195208800262,0.7407304772174204,7685
0.6063560096334929,0.2777445514537852,7688
0.5700485164209244,0.887433004037181,7689
0.1443042906062032,0.8401120187122639,7690
0.18248111866183414,0.6111102671963187,7691
0.23869011524980988,0.3680588173168441,7692
0.016404355502298795,0.8700352066391379,7693
0.14613536437872887,0.5252596740021401,7694
0.09429090409106056,0.33240635468293933,7695
0.10434192359784389,0.34593871850110147,7696
0.1001366873096513,0.7098116717874168,7697
0.3553527350772827,0.5439926322961379,7698
0.5149343816524322,0.1827189726540277,7699
0.41576534486515204,0.6191164283825242,7700
0.9746884276298968,0.7307802594630909,7701
0.31118102333062114,0.7560357216976974,7702
0.9314018153834679,0.6376930430182225,7704
0.3348648523387574,0.9930561738077568,7705
0.41963703162362576,0.11837726566990359,7706
0.776126555436648,0.01854361024574136,7707
0.774605703137381,0.648888983250841,7708
0.8838174392372886,0.8879327928128503,7709
0.8159495950790279,0.03661319778334282,7710
0.9216327531612245,0.7120981506420837,7711
0.4877875506813254,0.17057662416268204,7712
0.7975533348604118,0.2274986154544104,7713
0.24010525657490445,0.19392130551333786,7714
0.12406958170991178,0.32747618998521855,7715
0.6978425888988894,0.8825293884256658,7716
0.3760331204080787,0.5688970264370559,7717
0.21528009998539666,0.13160688642827834,7718
0.7265128710956773,0.5435447358549601,7719
0.9294893595510746,0.612300859086723,7720
0.18674530701568104,0.25787291610249463,7721
0.8222910754715709,0.5798555614836282,7722
0.7819864670500476,0.2065138301063565,7723
0.7739828170450892,0.1238352892584954,7724
0.38556017939889675,0.7178599264723629,7725
0.24486977916064234,0.018129716585649214,7726
0.5364991497952539,0.7283265485826221,7727
0.8464427199677408,0.020744950018403263,7728
0.7016888097231555,0.0876452766042004,7729
0.5070477631181814,0.014139965553867095,7730
0.5963500604853051,0.2722502598660217,7731
0.9593973781989322,0.8588205170976945,7732
0.009910234923133476,0.7638564002559348,7733
0.43927798943598384,0.3039772910477875,7734
0.49968691968500245,0.9638932491407181,7735
0.21402345701469594,0.4961575990586209,7736
0.11595800541015111,0.6043804049410585,7737
0.21892886703295622,0.5325613527101984,7738
0.3012313601569453,0.43371314264881344,7740
0.3703946208975717,0.5372846069682957,7741
0.5536000769275627,0.08105057186100528,7742
0.7611684482413995,0.06961278464216891,7743
0.920138617021809,0.254821873309082,7744
0.25363003681789,0.9906721597767839,7745
0.11847815239787629,0.890322028898101,7746
0.86465241475162,0.48575789984994755,7747
0.34188004065375854,0.6262568970041522,7748
0.19460285469478789,0.17518702465231584,7749
0.9550830276369898,0.2906137162902305,7750
0.8476304511207196,0.10616088691677639,7751
0.35693047962691804,0.2981735307919299,7752
0.8533459237191042,0.197854152795511,7753
0.7639096805383695,0.6657842415966119,7754
0.6583239621434022,0.416107097933303,7755
0.3434748299210748,0.41057233087322087,7756
0.055929601795848716,0.9346953994834238,7757
0.057528096899922,0.16807962809538557,7758
0.7294672511852899,0.23829633297875408,7759
0.025809308186553914,0.9403472681504947,7760
0.41142875822315506,0.08065678124100195,7761
0.39863442733016585,0.6721647756535837,7762
0.9172606041755328,0.6604950538074599,7763
0.8309540269700404,0.05748658234378101,7765
0.318889023653946,0.4819644867646108,7767
0.8447090317551658,0.3318557775304841,7768
0.4162316974108484,0.9268521079523522,7770
0.6158101175353392,0.20695223869332646,7772
0.3595172562140394,0.23192615703510133,7773
0.41854174784804443,0.30021020322872416,7774
0.6155779466206802,0.8970692664910526,7775
0.05236566605285742,0.12779078076409145,7776
0.23702116296005205,0.6444104127373582,7777
0.2093117001093745,0.8681303090718784,7778
0.7948486812950974,0.8504385499021214,7779
0.8725500459127415,0.2246768407833608,7780
0.22834153976350846,0.8703280169454208,7781
0.38450023954760837,0.2783532836223508,7782
0.5429473876447671,0.9807630792641516,7783
0.8170251288930598,0.6346537626126322,7784
0.4551499294929381,0.5837597652852002,7787
0.7768613006733921,0.2377168292905616,7788
0.05742257747320645,0.5472960308443848,7789
0.5348473033219378,0.508459449448405,7790
0.3369919870725686,0.5667305005435433,7791
0.3780281541873577,0.278767890720628,7792
0.7445592122152843,0.15507062357674328,7793
0.5192505166173639,0.9831952343342124,7794
0.11191601483817759,0.8814898283409033,7796
0.36530702624097877,0.8411465801113122,7797
0.9064652789613269,0.9599536176699495,7798
0.051063940991502355,0.7217072351050513,7799
0.5974257933899723,0.17194226145070923,7800
0.983995747274096,0.13832090679194076,7801
0.4259338404525508,0.1495725096267596,7803
0.3504023648118535,0.7777863439765742,7804
0.5342293651009695,0.5219040425240498,7806
0.17550224010872284,0.0007706560632366743,7807
0.8173236925736167,0.49936420563726325,7809
0.7309578828049909,0.29501674425759783,7810
0.7352935780699855,0.35447486398055106,7811
0.11638626865311452,0.36758414728448274,7812
0.6563520259811483,0.17891076376636827,7813
0.18529029956644072,0.6070244413868109,7814
0.9724935384203169,0.8909597664345104,7815
0.29025277248086734,0.7375122295498002,7816
0.2995360307386039,0.7182194434525727,7817
0.5527254337076202,0.09252240897268482,7818
0.9196095620595126,0.884628059638502,7819
0.8613554297458069,0.6874579778010995,7820
0.2913457902940155,0.34382308995590993,7821
0.23908542228913554,0.5190776916442671,7822
0.985690489760909,0.776026026112825,7823
0.9068745654147922,0.9769520060511147,7824
0.6469408873072992,0.9931448140056255,7825
0.6549481322695178,0.5094261115820756,7826
0.10807357746598811,0.9927984267646717,7827
0.9585650954251931,0.3992120581157975,7828
0.23933148692026507,0.2112806749836469,7830
0.4919984321418637,0.4178727670919109,7831
0.6295441381214072,0.6985209918150834,7832
0.18797042100797712,0.3113326715043394,7833
0.13061322665713782,0.333396701218327,7834
0.8078367225679073,0.261183188860048,7835
0.0668351553971408,0.605157062027472,7836
0.8226208795133346,0.8108529868141372,7837
0.609600439687427,0.7363596979507894,7838
0.8934283316756789,0.7485724651392441,7839
0.7729285965555279,0.3354845849819915,7840
0.3505101977103049,0.9959601720559641,7841
0.07307456417896552,0.5153965767583584,7842
0.34991773294335904,0.7184056648080818,7843
0.7588497868256356,0.8469505252830544,7844
0.1586353202694747,0.7871987194097777,7847
0.10602108044549008,0.4596892772230714,7848
0.8727969443783894,0.8294857698086274,7849
0.5179978957492715,0.3135287917599979,7850
0.4634463982827791,0.29852459314320035,7851
0.03747632665557843,0.6580194995903496,7852
0.7991162510807363,0.24678881507846306,7853
0.9146000935759402,0.46678053479545345,7854
0.722770121180247,0.5923559526503274,7855
0.6010395974875143,0.7425650746985709,7856
0.9807896570421667,0.5034650038498636,7857
0.800412081412533,0.13096681353453776,7858
0.7613685333744187,0.11060168532880543,7859
0.6690071531177263,0.5905668824034648,7860
0.7709144942318937,0.9021530140172531,7861
0.7762726605398892,0.18782287835060207,7862
0.49913677105377297,0.6076841026052746,7863
0.15734326765362672,0.08818598501468766,7864
0.1623749796260716,0.27026727680185103,7866
0.32424345983720926,0.5205731330524258,7867
0.47532729765728643,0.11313542141396993,7868
0.3337160959706078,0.08636503499829096,7869
0.6646131448724814,0.884456931048928,7871
0.4820256988752555,0.7214895738033374,7872
0.11264350204850238,0.9656957586898951,7874
0.8906070655584982,0.6085253984106637,7875
0.4448447619237458,0.7394638084812383,7876
0.44532740344178945,0.6998168963863456,7877
0.03504180815113911,0.34573751349519977,7878
0.6656906390633565,0.41246419622075103,7879
0.18757313423070754,0.7337460298875508,7880
0.5237293632300749,0.24451218448170808,7881
0.5270119038845171,0.3875588263596258,7882
0.4945347800609091,0.4094149007197482,7883
0.5312593324222549,0.3340604142985517,7884
0.8778289271070536,0.5465610095628052,7885
0.7273766973662816,0.746426522307649,7886
0.6417648886625571,0.8567715293489552,7887
0.1253411882159835,0.6941903836926141,7888
0.4993591856135854,0.8830721871972398,7890
0.23589783570554035,0.7267688504699179,7891
0.8907755637842412,0.29910115071507515,7892
0.30560114837440544,0.7043634108331489,7893
0.5517452633467581,0.7800604361242328,7894
0.1353491171489677,0.7222498084595027,7895
0.9072035311413974,0.3701458699449628,7896
0.6272227679024608,0.4005401031670476,7897
0.5612125272695555,0.27803959956800717,7898
0.35285851852960237,0.936849537190227,7899
0.42625415380778686,0.02001898258144985,7900
0.5748916043373893,0.43078661949410835,7902
0.13052807233430608,0.5285846872706673,7903
0.6188227885156757,0.7273198481047898,7905
0.18682155932823707,0.4096798884496283,7907
0.9333830235156574,0.7321335985526101,7908
0.28803072569154686,0.8599211143070918,7909
0.8540419106200777,0.22973686495221546,7911
0.25817592188015315,0.8712811994440217,7912
0.4792662700782765,0.16127188689766392,7915
0.4288782357884161,0.07811150631087171,7916
0.22285644307116803,0.30379970716358307,7917
0.8433378533187356,0.2731991026116287,7918
0.8772601045371767,0.7858034884043986,7919
0.5690539334617887,0.9409036724581997,7921
0.17897969837804173,0.15717330206130964,7922
0.6471533576449369,0.8226319734282506,7923
0.25145297401588074,0.2729350982372081,7924
0.780927510367434,0.5176135579560911,7925
0.7090597464902503,0.18529757608778819,7928
0.6456944430724171,0.5696240152889636,7930
0.9320936320193752,0.3454305122626177,7931
0.737714965494115,0.431612030806903,7932
0.6548635371265804,0.3361121277853316,7933
0.06957530242510956,0.2795515658544173,7934
0.9002990840779507,0.3074620408527873,7935
0.8821783241731286,0.22213334787467753,7936
0.8460023824074001,0.6302514851792124,7937
0.7087716503405324,0.8696818364445975,7938
0.35315092304472184,0.8221661819681264,7939
0.3813307828100796,0.2816939173792986,7940
0.5938848870424306,0.9964500113821446,7941
0.6245146656121386,0.024266175191140382,7943
0.27732957129331304,0.257484330064253,7944
0.7372803901972829,0.9379147112608873,7945
0.18382085841734097,0.7455153914152916,7946
0.8911147069040202,0.22308944463031977,7947
0.995774420362506,0.859224537871991,7948
0.08230181051257801,0.09817046279233044,7949
0.5801231603512327,0.08659887425520252,7950
0.9616575020978303,0.243961075351539,7951
0.3310837856061848,0.7338621797904713,7952
0.7458419647172669,0.04427141220448694,7953
0.5611074727251404,0.8201167217636443,7954
0.6327423947024081,0.7208999305516586,7955
0.2463381968205568,0.5622787618441965,7956
0.8607515984420968,0.9239785255689801,7958
0.2945296204689858,0.9592222827721844,7959
0.4786742224229873,0.9636182838160213,7960
0.25563410427818234,0.8621431751899202,7961
0.08121525071200175,0.2160584060414097,7962
0.9670072971660327,0.8069886933820442,7964
0.15492200423693714,0.5181834706453512,7965
0.19986981047406227,0.7983886890237571,7966
0.5554755013149378,0.5355740152228402,7967
0.20448754228920063,0.771004700559409,7968
0.9304002724712432,0.03726591974107207,7969
0.8432966337941739,0.00020110681432738975,7970
0.1624623991635039,0.8221529453620339,7971
0.9795395274593389,0.14217578756514104,7972
0.10087594432360247,0.5940854622065064,7973
0.6700314553709883,0.7979110220197111,7974
0.8765872137110657,0.01746026067764095,7975
0.048098159864025214,0.26853959882404177,7976
0.018824110829037233,0.9945205016796422,7978
0.300589255220333,0.1943108432823838,7979
0.2836455107557918,0.49900925289338893,7980
0.6594342615169129,0.6637065094581908,7981
0.0826293282368864,0.3127981057501864,7982
0.5835452989978025,0.5942997784010711,7983
0.874574287189875,0.6468978013976179,7985
0.21523340236602928,0.40386522229882127,7986
0.8684390270393277,0.6071845142787534,7987
0.30556764689744353,0.6300535634388964,7988
0.5753182146864221,0.07703844415567085,7989
0.21267167767673034,0.15601609813887163,7990
0.4567581726672948,0.018189104528062217,7991
0.18743298044070544,0.2809254219232249,7992
0.23807297234275349,0.23950043776523577,7993
0.6821828967925939,0.6390865988571677,7994
0.036655045991947466,0.3777731856454869,7995
0.7315483066286594,0.4263571766631288,7996
0.17796992485001906,0.008031826134350162,7997
0.5705094549351787,0.5509603934298161,7998
0.871268588812734,0.12364796190431537,7999
0.8759853822498652,0.013888869065505904,8000
0.5870294998366304,0.6746894475307924,8001
0.34301436724776024,0.5619806611018305,8002
0.6636657401169082,0.2536401553346215,8003
0.09734229867297872,0.9990408106616844,8004
0.43241559247590633,0.36289819189057293,8005
0.414724797156236,0.9569432958167076,8006
0.18715407077990887,0.49303310570804604,8007
0.018803910966356363,0.09613762695018213,8008
0.49162310561425393,0.8479103075249834,8009
0.0679125160121663,0.7433656718185291,8010
0.45105614098727975,0.23895802711192737,8011
0.5041416271129155,0.6186170917207093,8012
0.09166700916182169,0.7131851618250038,8013
0.7186810074250437,0.11987405423233521,8014
0.9209960077589534,0.46666345661127606,8015
0.024026086558227244,0.5556564977127889,8016
0.8012072096587206,0.315849971709523,8017
0.9926234454183092,0.40759307031365355,8018
0.38048612691505723,0.6408443198222038,8019
0.7463101225652703,0.17897329036162524,8020
0.7407252405480192,0.29882563900492953,8021
0.42623956465023305,0.031066448774401567,8022
0.7679786743557072,0.8654768248368888,8023
0.45782935963061855,0.5803753669974268,8024
0.8644134369783512,0.3605867066306244,8025
0.34682219149668836,0.793172936529154,8027
0.66129029358563,0.43587183867509804,8028
0.642120208367339,0.6140343797629957,8029
0.5405891962551375,0.9766138689848942,8030
0.3701217157780037,0.5705959069072176,8031
0.845678070326652,0.5343004912774081,8032
0.9664355237831417,0.9480995585339019,8033
0.07109181732959102,0.7778886905782567,8034
0.5941040555711885,0.39273569617587334,8035
0.37649971436701535,0.46987892598392533,8036
0.6860663492588015,0.9354177975804342,8037
0.5264852862816042,0.5405151213098668,8038
0.629331391842295,0.56713723473165,8040
0.9641782207412859,0.7414035188149842,8041
0.28476183599481397,0.011591927076922803,8043
0.5242379295947738,0.07416561229368612,8044
0.7074139658029304,0.4097089753142721,8045
0.25952784140879526,0.39395508370887655,8046
0.1293416019997855,0.22983303060051874,8050
0.7249314036389589,0.16100668048687528,8051
0.7259361070736673,0.09800280488778934,8052
0.5632795695148851,0.10403451242889183,8053
0.18481908201579633,0.4930945686910788,8055
0.04360735288230966,0.9043498770054934,8056
0.5617802432031349,0.9289083593446589,8057
0.5379111183676684,0.9992779949666626,8058
0.8711716913931168,0.19688973052463454,8059
0.6730641621446934,0.98799827097379,8060
0.68546419549868,0.10212734638173293,8062
0.2288940755743326,0.2187015426227661,8063
0.048633577963760555,0.37387653634490814,8064
0.747679342546088,0.8580170433727278,8065
0.9597972702602912,0.8983479635570303,8066
0.5734406326625652,0.44382409581462723,8067
0.20844064290135322,0.6682473956259712,8068
0.008282565602016012,0.6693724833716567,8069
0.8265594194004635,0.2757756102512391,8070
0.6482304243437208,0.9024089961178192,8071
0.7662937475872346,0.5274985182741693,8072
0.9684165329201705,0.4884130103636988,8073
0.9016778871880596,0.7495036734291953,8074
0.18238638360637027,0.03081847405517124,8075
0.40725612607432704,0.4220804719694906,8076
0.7605922903656891,0.9896918913252041,8077
0.08893505728200268,0.9988697257953402,8078
0.055782028691703456,0.47953694099861766,8079
0.43449917526579807,0.19519618391276472,8080
0.9866484343215703,0.042356701867982904,8081
0.65204650344608,0.3883353300129403,8082
0.5185788353658165,0.7263548674976644,8083
0.8084566108828001,0.045995470172105146,8084
0.37134070382875384,0.11319944743912203,8085
0.894502403247329,0.5139856262216942,8086
0.5253984116922522,0.6315979209736645,8087
0.8365823988014234,0.6556380730954599,8088
0.5087740784510587,0.2782982808770307,8089
0.8546329310470547,0.9804223404219912,8090
0.8473191599234473,0.6429572684514792,8091
0.8354243511646476,0.4082227412335694,8092
0.11706939943330197,0.5823446772352551,8093
0.24577251399247868,0.08247693897752717,8094
0.7314519999310239,0.7085057028011789,8095
0.5197036804886694,0.3139757376719826,8096
0.7592327787094946,0.2932860961984778,8097
0.6790536735606855,0.19549819677174785,8098
0.3791615109894191,0.6468790940684988,8099
0.2529469550779554,0.6170487154587971,8100
0.27823264132261927,0.5876574813209396,8101
0.8653504282284377,0.4656165278913903,8103
0.8058540417361832,0.964215092861405,8104
0.6929135455541464,0.9839909433720565,8105
0.6785755411993907,0.4061949634147294,8106
0.7056665442913743,0.07198276139864501,8107
0.7179806789216846,0.8052458550142881,8108
0.09650068993995553,0.19952899600875784,8109
0.06326442339978589,0.3215455370703676,8110
0.21001338269554948,0.20446382622839576,8111
0.46752244992164305,0.273768916338228,8112
0.8490127936640997,0.13205142650547286,8113
0.17234743739960257,0.5269514925730294,8114
0.970900182315511,0.12726710954542175,8115
0.409167782335223,0.010168789758777663,8116
0.37995816658772086,0.6789979551285754,8117
0.5410351189493793,0.4952712868852487,8118
0.9036790403728138,0.8486616070515794,8119
0.11802856362116321,0.16206061793335902,8120
0.4261495590037938,0.33564675408974654,8121
0.9473247662734385,0.6348014392264022,8122
0.5134933370160605,0.0780803988376646,8123
0.9924373129815264,0.6578751623726418,8124
0.5307558390535211,0.13172985371913626,8126
0.890476538446583,0.6043585480504402,8127
0.3169870759183171,0.7722265201275876,8128
0.6467596708321829,0.07881297956450184,8129
0.6789134031447438,0.31829201915601213,8131
0.4947532214157301,0.6070072628876253,8134
0.7367075850075097,0.09099540750803337,8135
0.29477361730601404,0.10707740913895913,8136
0.6558895653544824,0.2773179546385892,8137
0.285414256540902,0.9374558629651328,8138
0.5373950288340086,0.02299008023103344,8139
0.011650158557265478,0.6686683915157536,8140
0.7948706972026316,0.6242850113502173,8141
0.10856111786654477,0.7415685727334097,8142
0.04255496442651252,0.2845823328652085,8143
0.3173034493626441,0.3942545520139985,8144
0.9244293330135696,0.12504473632199298,8145
0.7540626722911087,0.49191684977442884,8146
0.20407308057931417,0.11567002541844451,8147
0.9549983907717856,0.15467474203537257,8148
0.852439099419281,0.6018327892895292,8149
0.7008643168685188,0.7025677367549437,8150
0.6692145396971084,0.49045318637875956,8152
0.8340491726442958,0.729899076364869,8153
0.07061932382680902,0.9539327149662264,8155
0.18088724931960132,0.10784329720462638,8156
0.8003754740419239,0.40431046564650386,8157
0.2719519747707,0.2890963631560187,8158
0.4418561212499219,0.8251363018937095,8159
0.654778035711018,0.4037057734374131,8160
0.9172526993569438,0.9618823421095744,8161
0.322972129470272,0.14859724195147206,8162
0.7562520169191186,0.42230729820243684,8163
0.4620176608826181,0.9921006829185626,8164
0.5564052600489103,0.32993106801215866,8165
0.26210797384810713,0.269188706125023,8166
0.7482840423409681,0.19745612587341965,8167
0.9296682016097372,0.7264103161471104,8168
0.044545554864615644,0.11726943712230498,8169
0.9129075506888894,0.6716940334838836,8170
0.8701495323840863,0.030835765236790547,8171
0.07738030777961002,0.19821668428755468,8172
0.3444295009290397,0.27680499709672324,8173
0.1755095735326201,0.14909197232543647,8174
0.0679364627422161,0.20543502411345582,8175
0.9817141248195246,0.7620649995773395,8176
0.4462704574530886,0.45583077071457956,8177
0.034129323158423874,0.4357426923502521,8178
0.5560087898294938,0.757698381136538,8179
0.5296896966250785,0.27666579866872654,8180
0.13168968427843908,0.335168873682933,8181
0.2951267975481435,0.518997057407547,8182
0.7128824103442358,0.14372782919108074,8183
0.1295734802447306,0.17194468183245903,8185
0.05157464689019342,0.2803321125173204,8186
0.11484263301910858,0.9557264082862297,8187
0.8993180999212802,0.4635757546412841,8188
0.8839937196225948,0.7485643428145312,8189
0.03977553629482855,0.33110234052261744,8190
0.6621956152016724,0.8631695603156702,8191
0.6013717620042385,0.370777649476251,8192
0.7954768487251276,0.6403861945896298,8193
0.5489519889930853,0.5233166801724478,8194
0.28972433323212265,0.576882760789513,8195
0.8197217977598664,0.8948830124555663,8197
0.8949044753049505,0.7508311855829094,8198
0.030512597591365376,0.3302010440515223,8199
0.6509919378777175,0.23958945676982057,8200
0.6284223568290842,0.7441536772885964,8201
0.8392159439137205,0.614075494860246,8202
0.05945099059111436,0.3606215072681904,8203
0.3151588936148505,0.25700479660736464,8205
0.5040434714432241,0.6416961542436187,8206
0.13879655207843566,0.9630171573976942,8207
0.9288952827841107,0.49662667187202025,8208
0.16962661779097632,0.733205974441634,8209
0.6206044546569957,0.4055524995929567,8210
0.35291460929242735,0.4410347657619562,8212
0.22069756943724061,0.8293649524251412,8213
0.5538189509197974,0.37042488771536275,8214
0.7106324859275301,0.9498029818181409,8215
0.05684579219475372,0.31227186750542835,8216
0.9792990727785434,0.4537033597835277,8217
0.5910934780207459,0.704529248015671,8218
0.639922855935454,0.7627972605308397,8219
0.5048223499897134,0.5111998750170077,8221
0.8224438072839942,0.006161628363312355,8222
0.0926733204256045,0.9275796551232651,8223
0.23862738307645837,0.4843837195957038,8225
0.41819381687135215,0.34039283831860556,8226
0.5568537292494521,0.7547032274410047,8227
0.6220911488110853,0.5820013071366374,8228
0.9460471458454698,0.2290887664457134,8229
0.6310947959895474,0.6559879817725726,8230
0.9126418171437671,0.7038168885307349,8232
0.6524470753251544,0.6015331837427131,8233
0.6244557212155647,0.057243401758512835,8234
0.7970458240290679,0.49935110070560373,8235
0.597784197901603,0.7620820752432642,8237
0.6983371569218801,0.43081018255604875,8238
0.6582726834747505,0.0028258885444447657,8239
0.9221513664131031,0.5899891998250347,8240
0.8729328325409624,0.4516454447299255,8241
0.08791282493822161,0.23896311569409368,8242
0.766133997417275,0.6300443358989039,8243
0.9264304603031751,0.391372474299859,8244
0.25159033523874297,0.28618164056977635,8246
0.47540066679431814,0.993470387674984,8247
0.6301096808220368,0.8836186974233978,8248
0.568287126910544,0.6815948221735607,8249
0.6603405277675684,0.29216343314634385,8250
0.9550157973628499,0.8492428485491014,8251
0.6884671023853424,0.060933383138297326,8252
0.15386200589505616,0.5015665247059731,8253
0.6449262514296198,0.011425135045402657,8255
0.27221276486854706,0.6755531723981983,8256
0.08439203387719818,0.2646833490951319,8257
0.29953241893057203,0.6828822046370486,8258
0.4611454223665957,0.16572298971558752,8259
0.547894099376455,0.8814256415876285,8260
0.7112346344763,0.033136763610858266,8261
0.8911055060416824,0.5562733233092828,8262
0.3117124622248655,0.42317239140732044,8264
0.6874322271193295,0.27283008506705875,8265
0.5075536049076023,0.17557552873683768,8266
0.37156320810621,0.15707869126594953,8267
0.7197510355547555,0.7232935387578905,8268
0.47337476078824625,0.44917279068458416,8269
0.4478124440943234,0.15812111120492411,8270
0.15982810544495607,0.4019809209301807,8271
0.08907776896495756,0.4707358330636985,8272
0.5729728279745334,0.27870311996528196,8273
0.729241939367863,0.797811248603726,8274
0.698169527718213,0.33072042176149996,8275
0.6552958879998354,0.5887695383313387,8276
0.1783083323509388,0.2656135224223729,8277
0.6995182398805572,0.0924443183929472,8278
0.22836378162599136,0.18023224751497358,8279
0.6394873785519268,0.9387657401451364,8280
0.3310389309500893,0.7209154726927178,8281
0.5325529213823202,0.287525857402945,8282
0.23567865369866647,0.5524361852579689,8283
0.17486371007355783,0.8207645810386002,8284
0.4823550864270346,0.10918312762947513,8285
0.5160365812708896,0.8438465665982867,8286
0.508552265511035,0.7727824768430684,8287
0.9233887808364656,0.8694146977119764,8288
0.7380724062711855,0.7537746942576504,8289
0.8286478752648937,0.39160558704035364,8290
0.3472869721436249,0.9968397765570469,8291
0.6035136077493501,0.10551125478047607,8292
0.05282088958114417,0.5240030012208771,8293
0.5010241275431694,0.9382836387789749,8294
0.04468006578310657,0.27200566378140956,8295
0.05506028344062719,0.9242861532883261,8296
0.8376448357798614,0.13196251440571571,8297
0.7750259618144921,0.2970690315457579,8298
0.3403789696126299,0.37318048588946906,8299
0.9547606634507902,0.9856223380497383,8300
0.28212071413538586,0.5326053091347661,8302
0.950528884545019,0.010822430299398778,8305
0.23794655720862656,0.8347922284321575,8307
0.2338329927188113,0.7876317039521987,8308
0.6352849925153531,0.9937308284196686,8309
0.8916124192088832,0.4545839441124364,8311
0.8207800349909616,0.043659093573685914,8312
0.5633189958562467,0.49640658575551055,8313
0.817985873462046,0.4656238148283691,8314
0.6650901154851117,0.616936216402069,8315
0.3522535055464573,0.7304031519938403,8316
0.8206652511713083,0.3348409773234422,8317
0.9835840730138499,0.7466190112019089,8318
0.30787699194115425,0.770210931350187,8319
0.794902462634079,0.7757145832315955,8320
0.5609154717272812,0.9838000319094193,8322
0.1315393831740569,0.15866300704128344,8323
0.33004086977879266,0.49304031441774065,8325
0.41436373811316973,0.8515957755266351,8326
0.7943586894785747,0.8857107463069517,8327
0.6195110024794891,0.5091039800071295,8328
0.01656533782224745,0.4254806837534013,8329
0.37605982987328124,0.6930226164823524,8331
0.6006793661554751,0.6582317932669594,8332
0.1882758025147434,0.5994613022601281,8334
0.6809507630691098,0.95968834148318,8335
0.5520324947964329,0.1737567500656867,8336
0.4687582422786922,0.5644406180075817,8337
0.6678281803380612,0.7290531393119749,8338
0.11534578728648959,0.7033531611275794,8339
0.5662314533480445,0.4433975588003156,8340
0.946671552855856,0.4855211039717099,8341
0.11648035830922132,0.17885115694997,8342
0.7421452312826947,0.33437145193528117,8343
0.6507685586606192,0.9945193176737748,8344
0.16153574733409115,0.7935561396547285,8347
0.09487508605356543,0.05896167224192039,8348
0.2330350322602759,0.6714820229863335,8350
0.9625288791579419,0.3126090138857024,8352
0.5317097711666776,0.7509643647915182,8353
0.7825148743118577,0.5796066805124908,8354
0.9263526680833242,0.16197574097624068,8355
0.2432456583566167,0.38525125530826954,8356
0.9783731203687491,0.8335170866789263,8357
0.8231136646739882,0.8662473583902924,8358
0.6258644280097497,0.7795094087724848,8359
0.06568470757400713,0.9050976567008808,8360
0.2917805766471804,0.7591177284311508,8361
0.5391833986812312,0.45137873236494586,8362
0.5346168707916144,0.5737432430425091,8364
0.2866324087387523,0.3325921678230942,8365
0.40570664681856483,0.5546443071017108,8366
0.4440543226318684,0.7490821699468517,8367
0.9827112943731832,0.6785714381542444,8369
0.43453206505919595,0.3458969783216449,8370
0.3955548241334069,0.7320663919345631,8371
0.8527486122476695,0.1068783377959659,8372
0.8987901403491022,0.0073180179858962635,8373
0.4752148666089483,0.9531564571697404,8374
0.9911573703367627,0.8027991349216391,8376
0.6610370765184015,0.2639718586746175,8377
0.0833949726527099,0.26724879097408716,8379
0.8285287270238529,0.20956041275471737,8380
0.11477396783999272,0.9455066719698768,8381
0.4624587549018192,0.9079865051531433,8382
0.5037221498423345,0.042180101587213636,8383
0.6376157101087523,0.765667529775089,8384
0.502142412181497,0.0555305081835169,8386
0.09656594457039036,0.061367895744574574,8387
0.45243410424066577,0.88992486109044,8388
0.5008639040969268,0.3368532426737816,8389
0.4920574180576549,0.6092717714308582,8390
0.33731247455796043,0.3174484050173304,8391
0.3078829606520045,0.025490324944196452,8393
0.3809557881061668,0.03274295164433383,8394
0.48249693140770666,0.4932061073503311,8395
0.7245168675899799,0.11568127418900886,8397
0.2977759144022787,0.39347308605079256,8398
0.04186720059480764,0.15923109714659422,8402
0.5117989585372122,0.7735453887770178,8403
0.5440180330217484,0.13469657932454737,8404
0.19950949979611832,0.4618540466641765,8405
0.9227808269862394,0.11556424388153785,8406
0.46630239397553674,0.5191804545023313,8407
0.16523538618068812,0.9545687589257115,8409
0.6653272544332753,0.046144917044321665,8410
0.7446370851920188,0.6605669340159062,8411
0.9035231713503405,0.6440546603409032,8412
0.19471907692911805,0.7549460479224976,8413
0.21768286889767696,0.1837461888519485,8414
0.6076689555418373,0.2979486629033494,8415
0.16756598277094048,0.08902924463676032,8416
0.40604869094341256,0.8638474993621925,8418
0.5763172222081216,0.6316626992912455,8419
0.05523109388143266,0.3656449766226848,8420
0.1602371354542621,0.9047056329432535,8421
0.7881216841314733,0.48408805427924073,8422
0.604914099259697,0.5003553424511255,8423
0.6426895016005839,0.8234091434537242,8424
0.6596071638933912,0.06652277545099206,8426
0.21066110737624488,0.3091513244781493,8428
0.6518060705828809,0.307548981432904,8429
0.9949449493634595,0.1607437699474552,8430
0.5131043029737549,0.11683880022469662,8431
0.3357877446602022,0.10469084984455068,8432
0.34985386906690685,0.3916511421068646,8433
0.3760936296891033,0.45421210274300083,8434
0.3265861894075812,0.8472712927523439,8435
0.3510105923317971,0.9548859706018904,8436
0.04339907066232962,0.3945837229917386,8437
0.9744135006727884,0.4941240807531422,8438
0.38816962202819716,0.6818830617699785,8439
0.43496015564328017,0.03136553813957954,8440
0.912475685828418,0.49842327140669873,8441
0.8277215736018195,0.6433454566127786,8442
0.32707206413876033,0.1787137935405667,8444
0.962372981344236,0.8070722791773232,8446
0.4726735590905804,0.15525525052915046,8447
0.4972092170780861,0.9559709686364943,8448
0.3863774755379993,0.5716530009153442,8449
0.5612636067792275,0.2637278346024723,8450
0.6580373654080072,0.5157017310278822,8451
0.5212902607214558,0.0076520599981876325,8452
0.9889308639177624,0.8466082437159799,8453
0.27134782164403637,0.7834427261675628,8454
0.8931283137666741,0.4602336692016038,8455
0.3712599769637078,0.9489076222914075,8456
0.1501469437668046,0.17871765349982416,8457
0.7499322910223886,0.2673689219191868,8458
0.1042652511252512,0.42110074208160686,8459
0.56710626829605,0.6322468084152694,8460
0.21227878569784986,0.7639994921947432,8461
0.1171011924072648,0.4401144830991405,8462
0.08045810624179572,0.8747313791675491,8464
0.5128061796068237,0.12723877467428135,8465
0.7332355475492515,0.8172143525097078,8466
0.6538913592016495,0.6694695959003089,8467
0.050360615229130934,0.6523156927965307,8468
0.5002664553225266,0.516497312327852,8469
0.5292506612750951,0.3654611796059303,8470
0.4196601765648148,0.3864275570015743,8471
0.4963345387570197,0.3137771359184929,8472
0.36423879035178297,0.6690764079700268,8473
0.7261293683450196,0.8271197681635803,8474
0.3886313167543469,0.7660404093783728,8475
0.5895277203281325,0.10405374017320013,8476
0.7737703407606965,0.10340067946354214,8477
0.6265263491508369,0.9387840869680341,8479
0.6754550061374855,0.4830621148985056,8480
0.7050675178861163,0.22423080927608152,8481
0.5258884765205237,0.1550928547078867,8482
0.6429589902221391,0.5719310390045508,8483
0.5523375976567522,0.5907791356586077,8484
0.10389541569399041,0.36383927925549275,8485
0.6594572271479436,0.8246094428530385,8486
0.4087288244455777,0.39569189691331974,8487
0.3346614176345849,0.7036742441717485,8488
0.615650505490078,0.7864995379384304,8489
0.298990321668936,0.4498974630352406,8490
0.995982165468313,0.10922135528009658,8492
0.9722779950127312,0.19931668306894568,8493
0.008493811669068596,0.47833935041426334,8494
0.8067097768511493,0.37170682386633824,8495
0.2436740891981679,0.17532843232298545,8497
0.842004612889896,0.7794398198191272,8499
0.0898130704736394,0.2572152698080049,8500
0.22542865368062737,0.4911585425050482,8502
0.9315314566770431,0.3625063314833413,8503
0.9712280116447347,0.6639277777377963,8504
0.18912511533850673,0.8404475887427605,8505
0.7421298438863763,0.46492433032471225,8506
0.5765215338120616,0.09028605817050583,8507
0.705187575766646,0.3544552424313525,8508
0.7033734234281886,0.1364500834406357,8509
0.7902659230214162,0.738667875640715,8511
0.8904504998868848,0.8791955138092187,8512
0.8271720839544237,0.437955958334068,8513
0.25179383733846017,0.6231360980649906,8514
0.5266986136367093,0.5109126945433643,8515
0.060418891305437206,0.8458504160431928,8516
0.14543609670466517,0.01989466048309918,8517
0.42382173627396025,0.9750202677388945,8518
0.1016136534154477,0.4601528753650538,8520
0.9082621874145538,0.7151029575253501,8521
0.04541729137149264,0.27177337492691334,8522
0.2075309218167125,0.7112399549698608,8523
0.5209716930574453,0.6404968868721373,8524
0.7714130409054386,0.29776888377248223,8525
0.15233662316898855,0.732741691937371,8526
0.0920393706591327,0.11155264856192604,8527
0.4245735544182049,0.6934421152612809,8528
0.11376393565639642,0.23613117879187617,8529
0.10004157520390211,0.3188726598767003,8530
0.662613012703948,0.7804375104950433,8531
0.9125127859810298,0.23077989919029174,8532
0.1647503970414972,0.7857295335657662,8533
0.37984635908386977,0.9513279561811623,8535
0.53373699488832,0.549338957439666,8536
0.1326480097819538,0.33412220192920694,8537
0.7826037224349113,0.8401537427406383,8538
0.25932800174368653,0.16629145957070834,8539
0.35207447200340325,0.45923682447640723,8540
0.8184822935676439,0.7006473735580838,8541
0.8148427971558521,0.5043431444735323,8542
0.041124012398293996,0.3661959370742043,8543
0.48030804175726705,0.04630107379971238,8544
0.0006652287972135351,0.9473499139768478,8545
0.6787291741320218,0.09528653239880625,8546
0.057583131624981854,0.10929456958595996,8547
0.4827158922259279,0.925548164401874,8548
0.02189867575726867,0.2209464814547364,8549
0.854991019430267,0.3870705295100064,8550
0.0580261850772702,0.5271962323420518,8551
0.7672901535624822,0.5594006458705185,8552
0.8245981465228222,0.22182570730908757,8554
0.5190334467283556,0.5052085415718249,8555
0.8441112979203623,0.11946109713899244,8556
0.7155020803159916,0.7709723581635127,8557
0.6196149269108284,0.4715810039042635,8558
0.05173451858544276,0.9923700514007268,8559
0.9023764315281402,0.4735981660780445,8560
0.5274441551372615,0.6092475563565313,8561
0.21375873722603145,0.11491223206909462,8562
0.7204462713913816,0.10087362512801856,8563
0.4235217516590276,0.04407811218519819,8564
0.8783425462582882,0.8902280678071739,8565
0.2340092726916635,0.12405748736812716,8566
0.29122450397220423,0.5043067289284625,8567
0.672189529721371,0.781683605524057,8568
0.5358504114826896,0.08923596130746447,8569
0.5231091256108996,0.24957484424962062,8570
0.7390217747087174,0.7918434270243442,8571
0.509972866471962,0.46125322988840545,8572
0.8248709930182476,0.36702883006088693,8573
0.3574789298369726,0.08026867591690279,8574
0.8944947523593135,0.11245178546241819,8575
0.4452792296453387,0.6156218932669852,8576
0.3967698784656052,0.40316559365642635,8577
0.13083677746859357,0.06547615174733601,8579
0.9771989182160136,0.7101100587797485,8580
0.8548306671281914,0.6697658807291045,8581
0.3040054207124786,0.187949311393947,8582
0.22696696956119977,0.6511938482891263,8584
0.8201045019734197,0.035602826845583246,8585
0.41912829108519944,0.5808739399036926,8587
0.21868256804178732,0.910750464112868,8588
0.3015195440934787,0.2820543177656586,8590
0.14440186530598953,0.7454151307149686,8591
0.5251200300579215,0.9287467906033612,8592
0.3298450023396019,0.12123508600729838,8593
0.47628488442584627,0.8156265765230095,8594
0.721466258705793,0.7827381586323835,8596
0.3145833794835734,0.6765023987506468,8597
0.4666552177773712,0.3730217178448497,8598
0.6571793327343091,0.8101394940177054,8599
0.11439606729827634,0.5918717800352841,8600
0.7818443918837972,0.832389084714201,8601
0.25493129506749723,0.10586021330405881,8602
0.2569556681381361,0.7347804035558082,8603
0.8779176208800863,0.4734524394332552,8604
0.18964610705427454,0.17844618574013593,8605
0.40638562026557823,0.38729745307734587,8606
0.23753990443874096,0.998244439174685,8607
0.0718185214335495,0.9132108581131804,8608
0.5191791728630428,0.028816564676350298,8609
0.21005599355402504,0.2928283940753519,8610
0.7697653759868396,0.8873673955950413,8611
0.28745218871464817,0.0457312949667702,8613
0.6728308694673737,0.047995900643654665,8615
0.41761429918803017,0.7083978230573456,8616
0.9002696005384754,0.5811426744800618,8617
0.5151398556889051,0.9627715110694067,8618
0.28748613045888716,0.33095328475925767,8619
0.9127344660219738,0.6613419378917835,8620
0.5234713824461537,0.6624945831472591,8621
0.38731989193985916,0.29185000102947567,8622
0.8103196347327773,0.2942267296658342,8623
0.9726511616826026,0.7450725022717973,8624
0.8685304799096137,0.47606569806391386,8625
0.900154758765967,0.8265062135442196,8626
0.0439763039597828,0.08468780211188054,8627
0.5612665050703244,0.1265420765913372,8628
0.7361822438463842,0.015935569079312262,8629
0.3144990921138304,0.6874762563518151,8630
0.25024752160579655,0.18249369002303406,8631
0.5313205722863997,0.7014199360962864,8632
0.8027076855619539,0.7093701269995628,8633
0.2113838908050818,0.3554954573442519,8634
0.6064871387575573,0.15176664390342176,8635
0.6462884318660045,0.40833257742682627,8636
0.9682501639743633,0.5276069654853329,8637
0.892247383320602,0.972437826763601,8638
0.11520778433536849,0.7997897171631588,8639
0.7234932999032465,0.11601897196336364,8640
0.7150207543798192,0.5825442063578141,8641
0.5045206576593437,0.7442954121265797,8642
0.8689238419304507,0.7218666301552374,8643
0.5262602202664518,0.7023737657579028,8644
0.8720177379838404,0.33279522784153126,8645
0.6115053454391374,0.41287566932552955,8646
0.8159431525671078,0.8903591662535574,8648
0.33775726582265897,0.6337643523761688,8649
0.17229449945714903,0.5219152373098448,8650
0.4877880964520306,0.27755883998723896,8651
0.9911773687052335,0.9240539887051047,8652
0.7962107833260031,0.12811379621610564,8653
0.9768616478459524,0.0647475261006688,8654
0.6797376389968768,0.6825632256976646,8657
0.9635205091678618,0.12276782946068887,8658
0.18765308411438297,0.6344596486893261,8659
0.9179094786879889,0.6130888040711404,8660
0.6490416276872523,0.29643704783954283,8661
0.27580738204838884,0.9153283166418248,8662
0.1513030759752615,0.21154675391946254,8663
0.4455179427591016,0.2526761621392528,8665
0.39080670264333395,0.6840896687329697,8666
0.85373439096757,0.8602019659036049,8667
0.8455927307349734,0.26505550675986256,8668
0.2553108494857408,0.036811518428617296,8669
0.7527591611718565,0.3763221588476233,8670
0.8764573512160974,0.19449284383730425,8671
0.9061642756759215,0.8517079131310588,8672
0.3406863185224497,0.617029768329099,8673
0.8217828561442008,0.7832364295971153,8674
0.9216084329581462,0.5590278248646411,8675
0.9819567592457193,0.9510518904027767,8676
0.8470073640442426,0.7326324656597567,8677
0.5556109311994079,0.9139885126029268,8678
0.16336950134648276,0.43633533612279785,8679
0.30571050965754176,0.4397411188302618,8680
0.039875410026562474,0.7489266710226259,8681
0.15199833678375096,0.10125070515952228,8682
0.9422170212459182,0.6751095216253803,8683
0.7512606661632749,0.11487770018429744,8685
0.28634071731860133,0.08706001889270276,8686
0.39648991069104167,0.9426026602305508,8687
0.06347983407113933,0.8044521067865544,8688
0.5152011626826698,0.18638941551529864,8689
0.6727502797521152,0.7973269385616056,8690
0.2658390984495618,0.37172894424534975,8691
0.06797307208478376,0.23412177444717464,8692
0.9578986474964416,0.140931880989552,8693
0.9831746461216162,0.06391613979544886,8694
0.10259555340039661,0.4436377292582593,8695
0.8070115985962742,0.9756467763039879,8696
0.7855029310277117,0.6292176661568423,8697
0.3123620295782982,0.6795350313860045,8698
0.335966467434062,0.8263162053194072,8699
0.08025212246933666,0.2304472586620373,8700
0.6269502890532042,0.26095587738172954,8701
0.3707044727397789,0.9567863660592781,8702
0.6723222996222198,0.8749798596459842,8703
0.7563004194483657,0.4456973582991416,8704
0.3286293871285991,0.9535270718886361,8705
0.8857073619585258,0.7013997509058468,8706
0.09759998831625372,0.8264074165201223,8707
0.6285416966609357,0.8469547534492399,8708
0.19270637132353974,0.9280619393258309,8709
0.1655240039330207,0.6726800794303482,8710
0.7128496275159482,0.9988775920724535,8711
0.699763270950758,0.719535823276885,8712
0.827335751734989,0.31930009009333893,8713
0.7493269237571919,0.08047078608795899,8715
0.560353538311756,0.33555465511222304,8716
0.08209065894542134,0.825472463879125,8717
0.5559979140676506,0.754156590668572,8718
0.8601220284888094,0.26150880536046495,8719
0.21016913985327879,0.3855406500084195,8720
0.5690658981161264,0.7255776621551923,8721
0.5765981714927317,0.8466391590950799,8722
0.8667937938659012,0.11596641080599945,8723
0.8410916852790261,0.8321137527268412,8724
0.12374271856808294,0.7721421446273621,8725
0.22357708834836942,0.3343977572968696,8726
0.9580658311683979,0.882631853395234,8727
0.8216338249513573,0.9668345774393408,8728
0.18203952655785627,0.3807612809974764,8729
0.8171913342996715,0.6235792089415539,8730
0.7753709220456879,0.6021377622465902,8731
0.590417940581654,0.0315587248787792,8732
0.2639808450041762,0.5016216512989898,8733
0.16006657037300098,0.041983304655233034,8734
0.06936118313415673,0.45602764249176586,8735
0.4732050898299197,0.8279116873850013,8736
0.43997053790186413,0.4494777850998666,8738
0.15412689409614444,0.5608225916812221,8740
0.6470019693907438,0.5173559711635178,8741
0.5315847219919192,0.5079165685375513,8742
0.360688840761089,0.8095352632067775,8744
0.3076004288661117,0.8622625745307012,8745
0.0775179858465338,0.08504882498068467,8746
0.7326564989135212,0.5991504939801744,8747
0.25527195613842446,0.01745511715824899,8748
0.29714228023273737,0.6235983341863779,8749
0.9322232231240721,0.460954803731919,8750
0.1525470576060799,0.6456218525932922,8751
0.28924734304228517,0.16085752509271778,8752
0.8994949382581318,0.7608121894027758,8753
0.12750473695221076,0.6871625625161626,8754
0.21381108786008673,0.20268580487889087,8755
0.7333417047757987,0.5793417721786636,8756
0.7662252525225294,0.40144495978242956,8757
0.7553168990021785,0.965677081713887,8758
0.395247562966364,0.5673952392658419,8759
0.37402541681255497,0.12457186869680748,8760
0.5462421176975262,0.44078827325641745,8761
0.9660196205800515,0.03641734902925342,8762
0.5793568732347657,0.3379540775800304,8763
0.8376833306489152,0.6025699513020649,8764
0.13472820577932865,0.038432418615442776,8765
0.9739312706055916,0.17374452557590825,8767
0.8004511841513883,0.39069097812540554,8768
0.4084072088710803,0.8008925476663641,8769
0.953401624400558,0.2337247864999642,8770
0.39462272968008205,0.10356989300416208,8771
0.32148159238316876,0.09684823929453157,8772
0.550305252523661,0.36649081150332663,8773
0.4202314112538592,0.21752304763445385,8774
0.6173463433545382,0.937537914764006,8775
0.2507593468116148,0.0618157310374956,8776
0.07067367797888979,0.24087999188071685,8777
0.7297833097039401,0.2231249999929541,8778
0.7092347603406135,0.005287753742714507,8779
0.041747675846174226,0.12155001279314159,8780
0.9420524382086757,0.6048330991391849,8781
0.7786397443054122,0.6694048197634774,8782
0.6502037947597398,0.5950569663118814,8783
0.4083554320214007,0.29147721631829404,8784
0.2731228113285157,0.6843074966148476,8785
0.7413781285615634,0.20844037921430447,8786
0.09415565228901046,0.6241470737459556,8788
0.32781936220643737,0.12494346419431912,8789
0.7281590468692772,0.3575722241892527,8790
0.4466885591191414,0.7258699193414723,8791
0.3283763317483228,0.34774223928744463,8792
0.6384867781071731,0.29498504660371916,8793
0.2710223755696637,0.2602714216605635,8794
0.4179149027785035,0.0004773755880863595,8795
0.9184201295897146,0.975174615702524,8796
0.902264225066811,0.4241359267119422,8797
0.16172117213863646,0.7962146082666897,8798
0.375152601251617,0.5483419967833468,8799
0.7030546347092284,0.6801106865741398,8800
0.4371906120732202,0.6800639432600905,8801
0.6234328807676494,0.6211557171714153,8802
0.5636954969144299,0.9766653576512815,8803
0.6272738837246102,0.9151936430260508,8804
0.524511758716366,0.17338047347028496,8805
0.4892715943068703,0.2648080951951708,8806
0.822061917255409,0.5922233631189308,8807
0.39447396882258434,0.18665148155553557,8808
0.19546568900681616,0.20222598353485588,8809
0.5719044351901137,0.8376151485395215,8810
0.9658264134938939,0.8885111291814869,8811
0.6760278313811194,0.39610592836752834,8812
0.3047499047728719,0.033723258619132945,8813
0.06425184284768237,0.427081918148696,8814
0.025440668701268043,0.9659544099064871,8815
0.1613526356528635,0.22307357277521978,8816
0.8545275107588779,0.4634717398635514,8817
0.9216988546344593,0.6970542468370658,8818
0.2033472403789005,0.06825795117325295,8819
0.5646930769141935,0.9819997434232784,8820
0.7987957216979055,0.986120472903266,8821
0.5270371804759498,0.15653270017305476,8822
0.569206373637016,0.9719009296679383,8823
0.8055353206546388,0.25848722680187297,8824
0.9619374409455447,0.8187377081100508,8825
0.9923073383417628,0.4462418262918788,8826
0.04084998188972111,0.9687080559536279,8827
0.3708165635380912,0.3447126232474965,8828
0.4334363062526908,0.5004015732773902,8829
0.507604273372859,0.67981812704158,8830
0.3495557195501272,0.8557970731455117,8831
0.8945089801873816,0.4047612807565779,8832
0.1549626239268922,0.35640234490442135,8833
0.6618634178759595,0.6765702607129269,8834
0.8002658071813802,0.47121780765349597,8836
0.28583997065401345,0.5966987465248719,8837
0.24801822333674173,0.5829124996266234,8838
0.3425329002919657,0.7858289282975014,8840
0.5179869996785175,0.12307983017939372,8843
0.8962422216339411,0.7373651721782688,8845
0.9584295336945451,0.7917985873311844,8846
0.16542599598928298,0.7516585391066938,8847
0.7143870377190886,0.4618623486023399,8848
0.6365721751867569,0.0388184444555818,8849
0.8336594423002536,0.6836227471231417,8850
0.23769764963322026,0.25900877435242897,8852
0.881405796880246,0.5861937793621363,8853
0.010048672895906496,0.540165386651798,8854
0.4462067327116962,0.9393583809445423,8855
0.7205329388970428,0.1505722318441175,8856
0.2699265383520527,0.6533715928902067,8857
0.4231988984328169,0.4072774608568369,8858
0.7616792208199492,0.07111340812466393,8859
0.6324974596717339,0.01403778955919932,8860
0.7179356196749483,0.19963513129343224,8861
0.7796233542026905,0.47667853232233004,8862
0.28628262323661346,0.02666933063640109,8863
0.31110388179764725,0.6942772997281844,8864
0.7474819382957262,0.9620389395760843,8865
0.6141904180110768,0.03840773190916835,8866
0.1986229939435339,0.8011057296582789,8868
0.7711864818533154,0.9688022480805717,8869
0.641150915981009,0.8980521041815279,8870
0.8293821119712028,0.04642452937341812,8871
0.9128215572634917,0.23126399009373955,8872
0.9133297062634264,0.13870408348786767,8873
0.5564471241209841,0.35666137082368643,8874
0.9072698121461189,0.018831995759307274,8875
0.6957822135205483,0.5207237911261495,8876
0.7409239616876653,0.5823929027606153,8877
0.16154586023338358,0.48204193519576355,8878
0.37693670202416196,0.622350187604339,8879
0.32728974598351124,0.8611002875240579,8880
0.9459127706091007,0.7294376579171661,8881
0.579275161993949,0.9509731994449623,8882
0.6211513688531586,0.6467632157600979,8883
0.07966365316565782,0.30284501184949386,8884
0.16885543078862975,0.8063303574366023,8886
0.8739510051160152,0.7355812564074463,8887
0.5083084386906651,0.3034764905651839,8889
0.49799845224906125,0.5913051747277328,8891
0.42636353301900964,0.7019107018833104,8892
0.006831935430756997,0.8936275119816061,8893
0.757854018020962,0.8758289643329364,8894
0.23458634031188008,0.6565942041661417,8895
0.09730825402417831,0.9179357548117862,8896
0.6246569426685442,0.2199143040203243,8897
0.29845737995621235,0.6365864467254678,8898
0.7290186386765204,0.3580954955295903,8899
0.38053626574090726,0.5455529688878905,8900
0.003632474576682365,0.0312950120475014,8901
0.2674281658579295,0.06036602596239338,8902
0.4236799703123624,0.11536581340014684,8903
0.4181426710082413,0.35833250843879094,8904
0.9373259909856484,0.001742208216395369,8905
0.8332305349770702,0.7168177258796221,8906
0.6354424291508716,0.856850778280355,8907
0.6809687060459483,0.157430834936088,8909
0.7977518466301537,0.24566729058736914,8910
0.7017366508084497,0.07539041212212483,8911
0.9338460733052241,0.33057389447335916,8912
0.054590903226604315,0.5976151817238102,8913
0.06544798678776476,0.6705857790806757,8914
0.5065904220403008,0.130562202991941,8915
0.3276764347411376,0.4703934746488889,8916
0.9094747091987385,0.8128552646009125,8917
0.1468681850305501,0.18883772311015734,8918
0.25030715086576816,0.5994403675532172,8919
0.7778722093348305,0.06629892701919382,8920
0.6252191443421082,0.526256562799952,8921
0.4959076443273859,0.8620186058732389,8922
0.7258951275136666,0.7342999574892994,8923
0.03804936825038785,0.15017641639604595,8924
0.3835178971102897,0.31086965004903944,8925
0.7935503503237341,0.24373226063902953,8926
0.03635689215317672,0.6760102891675713,8927
0.6247630724643229,0.03629947643667264,8928
0.938247398878484,0.9387665517095847,8929
0.5501685937526767,0.8476278373549343,8930
0.1457657488438966,0.0557944871006516,8931
0.6661465337150779,0.11591762439128717,8932
0.2726387628515414,0.838909911002636,8933
0.4564896922730518,0.8066350025770764,8934
0.19380527639826328,0.24246264735391387,8935
0.5195655919097335,0.1350094392331147,8936
0.840222470750271,0.5306379602094735,8937
0.08856981093179639,0.6403579655806525,8938
0.9116480852514557,0.5877123884468247,8939
0.5310628201936641,0.6774228838139592,8940
0.8677201622626454,0.801198234257413,8941
0.9178645997327238,0.6419502387620138,8942
0.6490966040215203,0.6742526770331206,8943
0.09762941627392485,0.09581253704376202,8944
0.929431838065686,0.8231316389741338,8945
0.7785206236436113,0.6453172214299794,8946
0.8863613889620772,0.7377735493278939,8948
0.8406043184357379,0.9799238200009539,8949
0.8690346457606143,0.3931105174375399,8950
0.4754913107126675,0.9675841467661802,8952
0.5888923329411702,0.8010380872297328,8953
0.11991669152360329,0.7189055511966632,8954
0.7703715229286391,0.09554350393117672,8956
0.6672936709536486,0.23312178510082027,8957
0.2758061022366497,0.3068442505166348,8958
0.3941400585377034,0.12941222383211337,8959
0.3752149709681978,0.05937073544594862,8960
0.7383045955991644,0.7377103913287848,8961
0.7831820532249033,0.7287938994875063,8962
0.6867722072913656,0.8171707275261006,8963
0.873133421388626,0.7203324850829276,8964
0.32438549018776086,0.5047687040074955,8965
0.9891188978414893,0.9568429371331564,8966
0.46142296317806053,0.9704135110946337,8967
0.2741754742143314,0.08937006429807481,8968
0.9682721616887512,0.1439421803243639,8969
0.7994911945623161,0.42211424511943674,8970
0.7658839421674186,0.06894639105799183,8971
0.538934757118656,0.7574952933396528,8972
0.8830743044151708,0.5789867575213717,8974
0.016595679096492733,0.7214888902400582,8976
0.741158596827392,0.30915837411509106,8977
0.7005314116400009,0.5041413720207956,8978
0.49379929358954056,0.5613698743899506,8980
0.67275430070571,0.7556036013771614,8981
0.733274001463393,0.3366664584279089,8982
0.8801286248208849,0.32116876877689793,8983
0.4422286197030836,0.4737720388137143,8984
0.7673165370546615,0.728436252213473,8985
0.3968416785179667,0.33073669334536127,8986
0.8086935485568539,0.14940616785789906,8987
0.8225001904544741,0.6032335640247015,8988
0.1220303353191532,0.4070100106903968,8989
0.550527674119609,0.011272834881462801,8990
0.846753379137204,0.8442053980702363,8991
0.3903757371283272,0.14711689787164817,8994
0.2034337703001068,0.8809202981352287,8995
0.8272853827967303,0.38858532861393247,8996
0.26247410617504296,0.7237678262408854,8997
0.05231332988216997,0.7712534446596797,8998
0.3265353468587531,0.626900083453166,8999
0.6132903123943578,0.5690149513607168,9000
0.9305284694129924,0.011047420264603036,9001
0.24825282111601066,0.8229977995351799,9003
0.39383764487404127,0.3013824040289219,9005
0.47844530974714317,0.8416850564027729,9006
0.8905784146685214,0.9199058130387934,9007
0.05322416710757982,0.43844086943922445,9008
0.05951573500475704,0.8826845693476464,9009
0.7364224033217424,0.7791018486040553,9010
0.7310434946794766,0.10312907882571765,9011
0.9574891582226313,0.8689419093277201,9012
0.578115721539767,0.341844813680126,9013
0.5135293843345324,0.2505167856253697,9014
0.7883602660002289,0.2201284806157855,9016
0.40922826183341643,0.49580631485299875,9017
0.7028980126873281,0.2043822706779802,9018
0.3115568415112069,0.49232369223696615,9019
0.349246468862342,0.5158081583957707,9020
0.5222385996719479,0.33607904967994195,9021
0.1843963614668318,0.14810965741235005,9023
0.5399533923410998,0.9316295804826614,9024
0.024689039114828226,0.7706700051395728,9025
0.9685827450094584,0.9967876157177358,9026
0.3865713322780421,0.06321120062265528,9027
0.5485511233016497,0.3180127307912294,9028
0.7091111038718981,0.7523527491035864,9029
0.4141123765237045,0.964320451534428,9030
0.8535704870708062,0.39550448111110437,9031
0.8917535876313487,0.6290722615712682,9032
0.8662248875983397,0.18829966167965595,9033
0.14354764100712092,0.02280254577291474,9035
0.2601440763098797,0.3955487587883114,9036
0.20250422692869852,0.07182991389610738,9037
0.9048462521717583,0.8626584423974932,9038
0.9634704109284652,0.933647512973692,9039
0.3934716476224055,0.1729251470259272,9040
0.7775385144998871,0.7621747931484015,9041
0.7226518715611056,0.370527740167482,9042
0.3653404197343373,0.8134361623403698,9043
0.1694023757582781,0.9262638584224889,9044
0.29967212454729064,0.7670564458968857,9045
0.45519034538526826,0.1683931549987019,9046
0.5845664162732492,0.546024628782031,9047
0.21141203805592668,0.40343203611043355,9048
0.44181964017816544,0.10232465699089954,9049
0.6803795496981236,0.3374891842617397,9050
0.1169122202433408,0.7432702342617139,9051
0.8068403280396061,0.6122180435257875,9052
0.38455524708841926,0.8556904599996034,9053
0.668046533285803,0.42379485120896065,9054
0.29452951664165794,0.41508188879875463,9055
0.17223765255184698,0.08224451261708543,9056
0.6419747902316973,0.4469041412342635,9057
0.6789286112574645,0.39568801004851184,9058
0.4835152297508081,0.7321239732540754,9060
0.42986670666716176,0.6848610335415675,9061
0.5608725835675771,0.1967700692116422,9062
0.7674586403886885,0.5535706563966426,9063
0.314422459384348,0.2593941718420346,9064
0.7843375951543953,0.8891058648345489,9065
0.3411345519123984,0.02645903297560781,9066
0.16846478393600017,0.9032397487277564,9067
0.7401520284405141,0.9233970200593087,9068
0.1666016855167769,0.40786869501324974,9069
0.3186258636071623,0.00796426033345643,9070
0.6733100624350503,0.509000062837953,9071
0.7905509410027165,0.24071612555398036,9072
0.3203571306694625,0.8817571850812894,9073
0.2782751256067867,0.6194278986919782,9074
0.9003917571022135,0.46414178409507134,9075
0.9537999790782882,0.3963114906691104,9076
0.490095536416594,0.5267637308283735,9077
0.1381191302414534,0.969000958358667,9078
0.3048891294237668,0.5306316274972082,9080
0.951039742851963,0.10421130680665214,9081
0.6954342738258656,0.1965225991312194,9083
0.8335277105423353,0.2350027017722638,9084
0.37639155060742613,0.21953987327482272,9085
0.4024656205143904,0.8260723537985505,9086
0.012937648710165783,0.7571755655117166,9087
0.9894600811769357,0.3377650676371431,9088
0.7192359701792769,0.28501464623182804,9089
0.6028182429915071,0.6582166041390084,9090
0.9450237470568442,0.3726887836806717,9091
0.1543608663940822,0.24965373691062065,9092
0.31083918791516607,0.5183523584341874,9093
0.9710946650117822,0.36883657726611185,9094
0.948476180962322,0.6144031253767466,9095
0.10644693130011318,0.5466626383983179,9096
0.8078747416047606,0.6178682092712916,9098
0.8397059650121559,0.36826316213708454,9099
0.45918065596181123,0.7436395892785644,9100
0.8138038899225231,0.42404142747656404,9101
0.6208755658519931,0.0002663317912181551,9102
0.5624435023444955,0.18385628439738333,9103
0.3905919110653171,0.030364938661148422,9105
0.16479384026573152,0.08224155123097987,9106
0.08681045741712823,0.8367469691674994,9107
0.3835537541596732,0.6541022194815684,9108
0.225970760551079,0.48018158902073516,9109
0.9685000006107192,0.7012160474183601,9110
0.9818449019546093,0.8601116463899462,9111
0.7335454206302473,0.7304240866392644,9112
0.2578634153091339,0.563357396237501,9113
0.6167221851663875,0.8375742952772868,9114
0.2844805015186431,0.6682136019995419,9116
0.12791496345765518,0.6583573526757653,9117
0.47236081128280094,0.4112781037526433,9118
0.9462831336790084,0.04133063630242739,9119
0.9124653039548143,0.4064335310268792,9120
0.3147674222907616,0.42656701341931713,9121
0.030722677166527435,0.6120468574183843,9123
0.9417789431316401,0.3662860557153824,9124
0.11737760841420797,0.5675602823732165,9125
0.9273743350277459,0.10722116875088927,9126
0.23000775831937226,0.3271848756884833,9127
0.9085377738927555,0.9722714576356111,9128
0.1995342272369578,0.749619387511135,9129
0.967712985635864,0.5999659738842573,9131
0.4694787224482684,0.010135206185822199,9132
0.6569499300557029,0.8895593812238726,9133
0.20146645091961268,0.8019375011456619,9134
0.597415522471731,0.9044568941959491,9135
0.19046766577572571,0.9801232344565065,9137
0.9990570933243875,0.08186891895056947,9138
0.7822459653153708,0.1393683719189518,9139
0.3654912737479945,0.22568483065515055,9140
0.0006496246294891428,0.15897898643709651,9142
0.5352006526145268,0.3351210034857147,9143
0.6217936640369532,0.8033748040421377,9144
0.28585604636028183,0.8925071048759091,9145
0.01894751952705165,0.3209313636619199,9146
0.035200744782537874,0.6743909224192574,9147
0.611398481884487,0.0758257875329934,9148
0.49753675999582914,0.18096863619691594,9149
0.3111421828903783,0.45001110282845436,9150
0.3274537568615147,0.19860501978495493,9151
0.12423310700636137,0.20341874793227188,9152
0.5309242072200375,0.5572545298662326,9153
0.5527060979402199,0.392313598510473,9154
0.42358897342524104,0.9207001002315366,9155
0.301411276495439,0.4886724880505673,9156
0.754001985377131,0.5886325407787014,9158
0.8105694484916347,0.19224585255291637,9159
0.7140697165922574,0.5335920794118705,9160
0.19385142149229573,0.9563761785529287,9161
0.7197209308375785,0.17787011103345463,9162
0.630892552486862,0.12004381310420498,9163
0.18365931967277438,0.028020644759652047,9164
0.6479087996228381,0.9968614123116751,9165
0.9789344286132035,0.7136336159680382,9166
0.42971954985330685,0.5061527293324404,9167
0.4835158039442703,0.04690526101450776,9168
0.7064249006280502,0.6921964194101065,9170
0.4174155421158685,0.17997637472730277,9171
0.4348996162719432,0.44153978288791573,9172
0.3807773460732369,0.9185658147936542,9173
0.9426105958604398,0.48051754637780475,9174
0.671939845432313,0.1961665475806097,9175
0.5794019766873568,0.3465306126684441,9177
0.9764852367624999,0.896885204764228,9179
0.6684926501926272,0.6094135137463899,9180
0.31189480327272545,0.5189981441251954,9181
0.8105162557424832,0.7876221902402553,9182
0.4148919957238856,0.909301209699546,9183
0.7570022285340527,0.46742561440943053,9184
0.3934360079413355,0.29733144215639806,9185
0.5486930919648079,0.27708248243151745,9186
0.09683451035633261,0.2761115734443961,9187
0.34461911394369005,0.24815585882398472,9188
0.9650424909384464,0.4126720052382632,9189
0.7222693343749167,0.6770929838779611,9190
0.37465840487944524,0.4800411843537995,9191
0.8597205006814498,0.9194030934639933,9192
0.09118763047357892,0.7679072040556013,9194
0.7720678938318019,0.23793221688602118,9195
0.18255136773604086,0.7615109997293624,9196
0.04807245764538992,0.5445484825173589,9197
0.11620408280530181,0.8296439827129332,9198
0.7742037009005048,0.9822786539394345,9199
0.7616522154996266,0.18277602111612523,9201
0.07573658768686986,0.7299503583381197,9202
0.8156565732602513,0.6449023436623323,9203
0.21079633051779156,0.0822064644088435,9206
0.04186049978016271,0.38107606179977516,9207
0.4596892889527432,0.07803148059771492,9208
0.08215013274108396,0.9455189857916417,9209
0.938080469973375,0.7191151617131083,9210
0.7833746838754848,0.8222974097100151,9211
0.35279335225331143,0.870949549708551,9212
0.2593649623036116,0.7408521838776306,9213
0.9809104870672968,0.049406497241657465,9214
0.5656255899193962,0.37362850624417454,9215
0.8160567779741315,0.5601045906944212,9216
0.06973889593195659,0.4242000251439232,9217
0.5446445383997804,0.1314814508708757,9218
0.9373792885904401,0.38041657440481114,9220
0.5443516668034519,0.5226692055437785,9221
0.09256171948273373,0.712254262194256,9222
0.3354509861258086,0.2703499451701076,9223
0.576070556889705,0.04848193086952868,9224
0.010065796890605827,0.032179133721127906,9225
0.667701313863655,0.8683826279189046,9227
0.5129280377534469,0.04530160920531601,9228
0.6774135493900258,0.6737218052298913,9229
0.5763422222485789,0.7835594785485045,9230
0.12109205146690882,0.2051731506483836,9231
0.5871143832419451,0.3200711933821163,9232
0.7168128208557627,0.1391780827732816,9233
0.18124673358779209,0.40419776527929374,9234
0.5358169908467775,0.1549035566616539,9235
0.11264634255300598,0.37985126066445785,9236
0.25039181104918906,0.21916316223933274,9237
0.48745441614811524,0.29966641787741244,9238
0.664052293139135,0.624508961848907,9239
0.11011455464854047,0.4456889168956386,9240
0.7463888381092523,0.6180953677235677,9241
0.7905081119093562,0.9501524368336968,9243
0.7181558184955873,0.40924739787240316,9244
0.20079056256306937,0.18980175033971824,9245
0.21355396738901755,0.4639319733159437,9246
0.5173049891720714,0.3247883216776223,9247
0.7173327482681765,0.6784707238162391,9248
0.3966452082997397,0.8349113187856702,9250
0.8854422976166911,0.9876957115969861,9251
0.1933555259434443,0.15456712236950965,9252
0.05758936648989088,0.8376288852348841,9253
0.27887110277572746,0.20552711344756225,9254
0.302401756856714,0.8610214065136362,9255
0.521811561912413,0.025034819342657277,9256
0.7224024704549775,0.9773171079799718,9257
0.949676286915788,0.08088758680146668,9258
0.8590347518117945,0.36447021759447373,9259
0.4474839778947809,0.7362879081382523,9260
0.7245126085382716,0.5618099793639395,9261
0.9909410777049771,0.5488288139420908,9262
0.7796224415327496,0.26994436976377345,9263
0.4650828138042149,0.9972543441012207,9264
0.25177828588542683,0.29929145068988205,9266
0.4488218834326315,0.957674763889568,9267
0.147939866201522,0.9209374613365383,9269
0.30451209387045053,0.5270266114488498,9270
0.28206888279220466,0.4628281673638057,9271
0.15565827302591462,0.18901351569752434,9272
0.6062927075182709,0.03990868954595295,9273
0.5610591979735474,0.5963662164335645,9275
0.7432322045783882,0.47341195060853836,9276
0.40623318223053595,0.6727197747308055,9277
0.7443026337021053,0.34662659050740885,9279
0.7183793900225859,0.9430771213453516,9280
0.2669258148496081,0.49947591616297027,9281
0.11662819983103512,0.8028215716613711,9283
0.1717008164091458,0.7761582539387868,9284
0.5205377370739631,0.8306093942933467,9285
0.2599765226503017,0.5026233267348631,9286
0.5158189182076424,0.4234893318552593,9287
0.24845648831254363,0.9899315583208591,9288
0.32821930145528244,0.7354999115950539,9289
0.819669919622259,0.8333519978414643,9290
0.28700838071179213,0.2915193047670044,9291
0.17312142587497337,0.010126668162943941,9292
0.8398827483639035,0.8501543993548094,9293
0.28137375961739886,0.6987634518698705,9294
0.16178481864927607,0.2779354255193963,9295
0.4513600668419817,0.9814703513324748,9296
0.7394422213667925,0.060068470979709465,9297
0.8421261949153586,0.9390113595920268,9299
0.5948843706035543,0.16905552580075844,9300
0.4303843748218128,0.7161804786115653,9301
0.3890498822309052,0.04748159994658907,9302
0.05947938737359393,0.08876817082221478,9303
0.6567269039768264,0.8357965929866,9304
0.5470222530967958,0.28095315331948034,9305
0.892555361078041,0.2441218475767183,9306
0.41159744146688515,0.2593649739041137,9307
0.24000680828199172,0.9895559165377311,9308
0.2417570384395913,0.6658693420464104,9309
0.6146624333645284,0.7571954263767853,9310
0.8386311790425633,0.8911577364057447,9311
0.4627920614898393,0.7966774332931943,9312
0.21921073701488136,0.8131245913395926,9313
0.7577972665774279,0.01873975786494353,9314
0.6840302299209153,0.29616829193677163,9315
0.8203216709033218,0.1898051224091225,9316
0.2404306378707497,0.34289251872789905,9317
0.8205018382470861,0.1499596727128042,9318
0.6232916355101503,0.8599928599402936,9319
0.7737661623860568,0.6184930213669747,9320
0.9803122548315159,0.5644626060388682,9321
0.2765711258902893,0.49020001232934585,9322
0.7068405237794188,0.7443036386217503,9324
0.17055460511570186,0.5234702632476238,9325
0.64269100327576,0.14910415555615852,9326
0.500428555409503,0.28709305152677267,9327
0.21326430362951887,0.5471710382173135,9328
0.8953785575122829,0.7251922306781584,9329
0.16639145770962493,0.7971076478639378,9330
0.30376987362343877,0.3829523207717592,9331
0.663406421709311,0.8569252598736044,9332
0.6991759615751817,0.08968995049425088,9333
0.9661825437054054,0.4676640673880935,9334
0.14992727249337345,0.7447885403067451,9335
0.007851248158018964,0.2790634383316516,9336
0.1622186216936301,0.5008294509769023,9337
0.9926132426581358,0.7858586881460068,9338
0.4348587010929794,0.6971793782321708,9340
0.11129106921032406,0.789702948958373,9341
0.4387163166813942,0.8522865199783224,9343
0.3261297323292095,0.8688170034451409,9344
0.04279910787565799,0.6480614843856656,9345
0.9307431367627199,0.8953295848076764,9347
0.5216459691016491,0.5534562097279422,9348
0.7203945080473889,0.11310249655303728,9349
0.2683936986884683,0.8267466737096623,9350
0.9349440630758036,0.35918873826936926,9351
0.796621191364252,0.6453002921621184,9352
0.3057680920141217,0.06114404291833109,9353
0.9298838558394954,0.6738482559239255,9354
0.6768394812611547,0.4294576048442983,9355
0.8361985965907366,0.5719852228532032,9356
0.2664104994827734,0.1406108191331199,9357
0.36138136606921123,0.1217144678936295,9358
0.6886856564751334,0.11187130606745621,9359
0.8174741646139145,0.21683439198471322,9360
0.39221994687403583,0.6700567530833386,9361
0.5432041544592195,0.241015323245661,9362
0.9931384912891573,0.10704563433674819,9363
0.22370526999138318,0.07970908659977716,9364
0.7830381123602003,0.5608824436933968,9365
0.5742827953121189,0.22250051611331834,9366
0.2705347541417915,0.6961631885515398,9368
0.13563682875113348,0.1625308202814184,9369
0.8718512429900221,0.267051745106506,9370
7.454488292091277e-06,0.9749946381779907,9371
0.6995258457333376,0.20351383175976356,9372
0.5886133615775049,0.38224303107552116,9373
0.428748311802124,0.9071269294701824,9374
0.10252780169892983,0.3791494456630349,9375
0.898080111135419,0.22941385334851216,9376
0.9897071579471438,0.3562569660632351,9378
0.8073191666497953,0.6934965957281182,9379
0.10379983339875531,0.41672775336944,9380
0.4410259202733111,0.2839616703715744,9381
0.14486779252044357,0.8974620006532789,9382
0.6411435696610269,0.1701357347787219,9383
0.46776324705861616,0.6777655078264373,9384
0.648641794955867,0.3753321627316124,9385
0.2834042405911239,0.08206680422651369,9386
0.7815672248920419,0.6167572301590694,9387
0.7549464151484047,0.8554139383191831,9388
0.11918575678133414,0.9197830572893492,9390
0.6218412092834489,0.8598178127435608,9391
0.337496983033702,0.24422676731171855,9392
0.7164910874274795,0.9482878541440332,9394
0.46657701988032185,0.7517422945790945,9395
0.24921583837161865,0.39342044414581345,9396
0.3044301579334133,0.4332096339602678,9397
0.8754842480954605,0.14063485532173603,9399
0.41227775226167096,0.47923396680790775,9400
0.6065721835301362,0.2406338603718633,9401
0.415689983678327,0.6492409148063056,9402
0.9829395320314616,0.5049887955982658,9403
0.09528515878761423,0.9194598660761031,9404
0.04798180816117392,0.5635350339650943,9405
0.12035446422119944,0.5755553845198116,9406
0.11997530727361738,0.19878236444664477,9407
0.8216554650433162,0.4585190106747391,9408
0.10828345971497733,0.11083814816220894,9409
0.3521212801977358,0.8342213835414442,9411
0.05423667461752402,0.9311374832197404,9412
0.9365319609401737,0.8053244239234308,9413
0.9836459493169606,0.9142624601930827,9415
0.31319686837619876,0.9427827763834628,9416
0.0838418816004034,0.025691514015294126,9418
0.1634789921736638,0.551285574942842,9419
0.13511256378252745,0.9832888193520893,9420
0.7989059345118572,0.28113505710594355,9421
0.8849586904166659,0.8363573368891261,9422
0.9768301135902252,0.05446159051299926,9424
0.46184623580909756,0.8618225118655523,9425
0.12127972669711262,0.23393963297598108,9426
0.5369771594997991,0.5836354188186694,9427
0.7098132947285187,0.7253461595612238,9428
0.23579020159572095,0.31457585749002215,9429
0.9465099828890159,0.5564657469869643,9430
0.026173684241526773,0.20069276112665713,9431
0.04329014435264367,0.015573258709814297,9432
0.5875991424468773,0.38343163674140035,9433
0.3029469784888491,0.7926294869092464,9434
0.21912812459213804,0.840522131793397,9435
0.520418621785497,0.1150976911825835,9436
0.7899169625985196,0.3689870722015566,9437
0.5365923107842235,0.6337891204460109,9438
0.10409791208020469,0.5531994095244952,9439
0.9667214560813879,0.23549816687883784,9440
0.5186063666369315,0.5352308004529817,9441
0.18272075587283543,0.8245126750688966,9442
0.0394737193626723,0.3646824985009055,9443
0.8434601472310428,0.6357446458641743,9444
0.34073859093070735,0.66219853285801,9446
0.09250521228757114,0.3776650873754044,9447
0.6755153833930754,0.2663301362395638,9449
0.40705869760753366,0.5314264745430768,9450
0.8636662321588434,0.030937474178952096,9451
0.13860493874077318,0.7196196984619769,9452
0.5726326536432036,0.7002610325396056,9453
0.8288743427948652,0.06540167678014264,9454
0.9839254994941863,0.6007174528133127,9455
0.1861070415292304,0.8344387739471142,9457
0.7015888607919496,0.329215610766183,9458
0.9182316722405947,0.11365812322709712,9459
0.47766539269962893,0.4136501146949403,9460
0.4944594335898481,0.39512436255304284,9461
0.24501554001431847,0.4887669013030973,9462
0.5056459892143105,0.458895170410779,9463
0.7962011669681649,0.3796413142316798,9464
0.10567073733251608,0.5615343073623645,9465
0.05686145780519236,0.6152419537270288,9466
0.4399774051627269,0.21626635274965267,9467
0.584605028242667,0.10727169353946608,9468
0.8380555372450064,0.28895057470016583,9469
0.7883765920179328,0.6267146808837057,9470
0.22723581465808484,0.29511418859598326,9471
0.39029478791745953,0.19341151348007501,9472
0.5759316307461518,0.19090064751479197,9473
0.31791185779542774,0.35154047616965334,9474
0.9146706637894699,0.9279965778090823,9475
0.6282238428277012,0.8174736454023436,9476
0.5116622802745643,0.20454260227105925,9477
0.3766725124719985,0.8778087536912837,9478
0.1895995937562105,0.824992628120797,9480
0.668168601108331,0.13649562228502765,9481
0.792947621056005,0.5965492127596286,9482
0.15966466401675306,0.9596497167078589,9483
0.4054456407345375,0.3466619957650071,9484
0.8345784520867877,0.7347727942740657,9485
0.20948695172890253,0.5133526691783655,9486
0.042547697553334984,0.6310290840765403,9487
0.9885836571522083,0.026455554890768562,9488
0.6022430941577183,0.1853536618139202,9489
0.8804152462375344,0.6033987634202242,9490
0.7588689349192387,0.2609972215376778,9491
0.44374697029425114,0.7926352488052988,9492
0.02229690312142818,0.36356015787487717,9493
0.4250098887029994,0.09806530217067333,9494
0.12068066416483714,0.6815885765501865,9495
0.7151895799689422,0.07224273834029771,9496
0.4485936901702934,0.13289287375887604,9497
0.41880064103464554,0.29237756864994,9498
0.2523538756078052,0.9887660513170388,9500
0.9748592446452184,0.9864524249537381,9501
0.2730246606642225,0.056310190091878765,9502
0.1784969801954609,0.8762541914961081,9503
0.028817826320610362,0.9410261394133873,9504
0.35431198683533793,0.5392604571066009,9505
0.5908126634178551,0.41619614027392715,9506
0.3151489956882667,0.1887674880293706,9507
0.5052466668028882,0.94195657922354,9509
0.46602370337179244,0.2510746566412234,9510
0.9998509081540352,0.6576690278001827,9511
0.9707004015684818,0.16532098700119946,9513
0.2241246222535349,0.49096662856093753,9514
0.7498339890183537,0.39625415951513376,9516
0.6112865104422133,0.1502228409752684,9517
0.9541413365826118,0.11842651345333155,9518
0.09422148710444789,0.39765963844770635,9519
0.04169589093591575,0.7209226243860085,9520
0.777585902769336,0.9952299484987686,9522
0.6406452564827413,0.8582631872560605,9523
0.7271611480599074,0.06496740975771464,9524
0.8074739138482055,0.25788423725023035,9525
0.9984868648441119,0.5217613575006179,9526
0.9542564377096069,0.26073182447006593,9527
0.9169810389152566,0.3447343041544405,9528
0.2912401437530422,0.8936014002876348,9529
0.45188297936197575,0.18148857811190922,9530
0.3075728299035111,0.5294339774393816,9531
0.33390604029154813,0.3271676906267299,9532
0.5029958535021098,0.7626686579424493,9533
0.5746352137122749,0.9143520508270704,9534
0.8468905823218328,0.026370199791918902,9535
0.4329564033065396,0.03720587682089194,9536
0.1279519752171142,0.38964443332901755,9537
0.0700615957004781,0.49312791874517203,9538
0.12575683341179156,0.7612134451996948,9539
0.42823295025430097,0.6387007261728925,9541
0.4423064431651287,0.6517042929589659,9542
0.801978335613871,0.7147649688498718,9543
0.4159340167209101,0.22020243090809588,9544
0.5857128574223317,0.30525799095444783,9545
0.4118083588542809,0.24697077564302383,9546
0.40594168757734517,0.28313372270807846,9547
0.7161793266908081,0.48006980300179536,9548
0.5416288677538926,0.06722755340503273,9549
0.3125510031788078,0.34166630526290676,9550
0.7558589825574527,0.8377582981161146,9551
0.8284103479016485,0.2833878214238926,9552
0.33317028086492106,0.7445420065575207,9553
0.97662475388019,0.8393452900447951,9555
0.28130146225678565,0.34561628712731907,9556
0.24562104141594554,0.25068842778484035,9557
0.22553149412488227,0.42167834062245735,9559
0.3553911671476726,0.33013487805881414,9561
0.29731341959036983,0.03592945193952368,9562
0.5153354625142683,0.01608432328835485,9564
0.076765921245746,0.5156821776718689,9565
0.6520630244140964,0.7637366155981465,9566
0.6748660481152929,0.39370886837855035,9567
0.44475610205725524,0.5041534334345849,9568
0.6708009728212992,0.2818428226038896,9569
0.8572292483334909,0.9324979447018272,9570
0.3252371682836287,0.5876851440335739,9571
0.0618406039425885,0.09887852346655479,9572
0.602481526154299,0.49530522359425455,9573
0.40670156926864875,0.13193279891854937,9574
0.09785844534518107,0.9646130472499173,9575
0.3294600866599774,0.13254400370042485,9576
0.06603975979935928,0.5254160646372229,9577
0.7362905323494328,0.17741615481625927,9578
0.9548678631876852,0.5183616746584491,9579
0.32554388922931055,0.383865370142632,9580
0.24351504110845557,0.9847130485783113,9581
0.11491224611904294,0.8410160792269826,9582
0.12918050451478025,0.8956600525717461,9583
0.5517109942530526,0.13303644634085132,9584
0.7695140241575079,0.7717191967122735,9585
0.40177256376752113,0.04633131257793921,9586
0.43356570767769054,0.19114867153817938,9587
0.19571708106212937,0.2993025259873733,9588
0.9288726179510565,0.3304543837160143,9591
0.21035382972222183,0.4477348075378277,9592
0.039980802519103964,0.3028988514369747,9593
0.8379271345936313,0.9184967322471277,9594
0.9768288486324487,0.6007238809740533,9596
0.49889084699823427,0.9751427156726432,9597
0.7734966687015152,0.22389913762104452,9598
0.28917117612117815,0.7543294843406694,9599
0.4955946937335465,0.5700255599347036,9600
0.02706699925811007,0.5391746274631543,9601
0.09923997940808094,0.7186781127063179,9602
0.7615860815846018,0.04587401019901727,9603
0.5411679930445243,0.3670202769804193,9605
0.9676090709146625,0.40998221498102017,9606
0.224114516862578,0.5597629775189125,9607
0.7213809544524912,0.8559548235837963,9609
0.6532725470860092,0.948197248807264,9610
0.56018476045988,0.7420075160840663,9612
0.8621247117501851,0.2587788486687457,9613
0.37141721419935825,0.033328506723630635,9614
0.7791030875171175,0.4355829092447586,9615
0.933952903015742,0.6345698339658866,9617
0.22182733558696743,0.6081091067477365,9618
0.1578320583344498,0.018063366655135082,9619
0.4899039891025446,0.2205724689539872,9620
0.9608980583773771,0.026904449205866876,9621
0.847515636198119,0.2112159853343889,9622
0.46665230915346045,0.546466594483638,9623
0.15367954600824485,0.9470701093540169,9624
0.045898614889567146,0.42463363926295083,9625
0.44222276612469125,0.23954764025451813,9626
0.7184252704371054,0.677663400059603,9627
0.3860136334256308,0.03743786386978598,9628
0.520385159922027,0.6063068056789649,9629
0.5963153316881783,0.8166038858240399,9630
0.9904545935359654,0.15406309709524357,9631
0.6147839871555322,0.6064543758911107,9632
0.08710189080706487,0.21789109255357675,9633
0.29192272593851043,0.4393541830272716,9634
0.12917193036187347,0.13819302926250487,9635
0.07725757028597935,0.22140186059171607,9636
0.1739929631474545,0.8489655168235755,9637
0.8373073669355379,0.9171036527642168,9638
0.345824667281454,0.3073272609543761,9639
0.4569844893450795,0.2965745477190458,9640
0.7944590619586268,0.8582329119455013,9641
0.5598493539435573,0.9103469873579643,9642
0.4434681301844293,0.09396525369652509,9643
0.006844538971999881,0.6998492294759054,9644
0.08400164391499154,0.6199468131379844,9645
0.02334331952251234,0.4312195207973648,9646
0.016019039914398348,0.2729699529403823,9647
0.941983333165968,0.29685305647563054,9648
0.7304208574297528,0.4596865829861171,9649
0.16166008832098588,0.49204382634815547,9650
0.09962204916072337,0.31249217936138796,9651
0.8578558798343104,0.2805539454220717,9652
0.08732035296618867,0.3303095149501868,9653
0.30114175776859875,0.14284763570688963,9654
0.5853238351783526,0.5445086606506279,9656
0.10489687547503368,0.604237886094991,9657
0.7426779928247588,0.05946193613655637,9658
0.5001616224067954,0.7603550839025878,9659
0.3571443097652085,0.9840332018455106,9660
0.6487874286507054,0.5251859684858609,9661
0.04948919857207823,0.505659753671455,9663
0.871357765500122,0.3688482102848354,9664
0.08747584269893816,0.09854418832347056,9665
0.6003733464753851,0.1979555688970981,9666
0.6047168801716497,0.3936786096961904,9667
0.9525296895729217,0.9715158230213525,9669
0.965786079555692,0.9356817936715414,9670
0.06868998960859185,0.09253015422908095,9671
0.38672882172963585,0.5648931619185124,9673
0.009889009845477581,0.1831253773061604,9674
0.9609559511954662,0.6893192113234972,9675
0.4904286034148144,0.5811929992029794,9676
0.2038090197316137,0.7282284008579735,9678
0.14834145891245065,0.13686587110909054,9679
0.44781420991283516,0.8414524910317086,9680
0.7829407868800464,0.3009963672296999,9681
0.5209968301543898,0.8579895735424342,9683
0.2983396506124887,0.42849981624616107,9684
0.45789830989532976,0.9394654284119264,9685
0.37288148927005416,0.3700137593566315,9686
0.7340517171844833,0.35751279273070535,9687
0.11250159454989406,0.20949728464318673,9688
0.11697641017094929,0.370869806717139,9689
0.20164781636291995,0.5225284127992962,9690
0.7852675195331177,0.6845312831048801,9691
0.8536110796724551,0.7212759286595901,9692
0.7170365450930393,0.4846655468566001,9693
0.15505338287895087,0.9080706135481958,9694
0.7959310500915846,0.5731025840128016,9695
0.37260128356277045,0.18145911949759674,9696
0.9193274540315867,0.9262961848587831,9697
0.22159971893468577,0.46588014819020773,9698
0.8348014697586593,0.5171937580924633,9699
0.7536413496656501,0.9151348167757982,9702
0.9643623317714135,0.8259049730828821,9703
0.3403922088779753,0.9639133586508846,9704
0.39711089130673627,0.7938890120642881,9705
0.7181216993570825,0.6741306404448347,9706
0.5162752373668191,0.793938182233192,9707
0.9609221310541542,0.8239439824042586,9709
0.9832827319149636,0.6785821062733177,9710
0.07365108741037563,0.015890078633469695,9711
0.8968190045229355,0.4608188770048012,9712
0.041650851929896704,0.3744818793466428,9713
0.05437780208082177,0.7748511087208385,9714
0.07100526785090289,0.8095420976944352,9715
0.8519768812567904,0.15782669848953734,9716
0.7067615196529397,0.56080796083182,9717
0.7607865692845968,0.24833503226719844,9718
0.6765974937728005,0.9901786697474033,9719
0.07011498837409635,0.7000945644368285,9720
0.5181331852419595,0.2837563284913809,9721
0.9546287025234693,0.8832281143219723,9722
0.2981227186581449,0.7621966503938017,9723
0.030527899285015092,0.744036119593353,9724
0.15622697521821893,0.36453716042376183,9725
0.008584644155054555,0.5130210419168932,9726
0.1751833576397771,0.25289395506090495,9727
0.23895712702779304,0.3585459147924911,9728
0.3501233762095729,0.5056177249693475,9729
0.14980788518413524,0.7490136933353336,9731
0.7768778051711401,0.7566698964462053,9732
0.321837293726253,0.8807780528224014,9734
0.13143464856956177,0.7880610858527086,9735
0.505992519557227,0.884906862040691,9736
0.754297787895505,0.6666503997350313,9737
0.7449007204483488,0.48701900692796685,9738
0.15706715883879596,0.3434781599477966,9739
0.07543751142229704,0.9666505812665073,9740
0.3666965839120423,0.6433023463762433,9741
0.9050799247892279,0.4358517949096453,9742
0.40298186535818614,0.22773369821559886,9743
0.25160901018334203,0.8018382467207626,9744
0.3331818203508279,0.5004654646573817,9745
0.9213147005051349,0.17921525032694652,9746
0.6029433114075985,0.3577403132949585,9747
0.6831821457697557,0.1276409012718076,9748
0.5670476932640047,0.2813693247210771,9750
0.666664234060383,0.8999093420387277,9752
0.2595230369677043,0.4931594938481959,9753
0.8125501932204948,0.9517959745586502,9754
0.19885884747438487,0.6472697970812704,9755
0.05124188523944595,0.8754939425951566,9756
0.03644046886850172,0.19778893694539845,9757
0.33324717798052395,0.6366558000512272,9758
0.9045113142996728,0.1595732700847743,9759
0.6075648938775775,0.7635459770844351,9760
0.7566536473019522,0.8380991439495745,9761
0.20607293094808476,0.09782755560480683,9762
0.31499781039758834,0.581779123020647,9763
0.9950213472290326,0.5009311431044051,9764
0.8639402128947242,0.8343806539838058,9765
0.24512544902743316,0.902809617965321,9766
0.9491084056626906,0.5842975236604829,9767
0.9315137456255034,0.01733665403311513,9768
0.8055243452178229,0.4141413697610853,9769
0.374946334186286,0.9602028472010241,9770
0.9503045839106422,0.03822981774717116,9771
0.32573785710342995,0.7544512483807794,9772
0.6572496061381179,0.24850560981285252,9773
0.600665851524475,0.5034856489431526,9774
0.3673807104551595,0.6742750416137209,9775
0.8447785199919818,0.40389599315032587,9776
0.7238832399715728,0.8468687068303774,9777
0.3440829601059314,0.07006866404682455,9778
0.16078992182784224,0.12146098330098554,9779
0.3844368834666906,0.851962336320861,9780
0.13709865873822802,0.09683754855309867,9781
0.821521834919133,0.33159522876879866,9782
0.691927274004562,0.2307479541677333,9783
0.465309322101747,0.3509563485429773,9784
0.9335143532576599,0.11651327046469362,9786
0.46974652012826645,0.233450314725686,9787
0.28160516827527604,0.9616782356304334,9788
0.03167421551843297,0.7640320767619114,9789
0.44787218678073415,0.12028418465122559,9790
0.6693330750195233,0.9460334662775022,9791
0.9990974909424121,0.5445230678845351,9792
0.6503203628521155,0.7823977026169734,9793
0.7144708208413216,0.5942754310645143,9794
0.30218266294637675,0.14295555601819132,9796
0.03377328434931026,0.8997083971478084,9797
0.47731499681980616,0.9155270533930537,9798
0.368095072494808,0.26559853099506847,9799
0.42668345066828683,0.22815184850654158,9800
0.2669711400362279,0.3263518564977005,9801
0.14263268719661815,0.515390903217917,9802
0.6573198806933869,0.6838630512043801,9803
0.3749352223255652,0.8099353892222261,9804
0.9687398426501787,0.6789937154647778,9805
0.9955456658134222,0.9653189553182832,9806
0.06207682182096119,0.2944315520214834,9807
0.27137342051614033,0.029707664645567178,9808
0.6287934691501206,0.8842651516262057,9809
0.8033071496965558,0.6264295612469211,9810
0.7154939659207782,0.431543135051205,9811
0.2563778097347129,0.6127597517687672,9812
0.7451967488514651,0.5480670531265879,9815
0.021137685111823235,0.653109167016875,9816
0.03061428609899519,0.5708744197344094,9819
0.8722855278049002,0.7451238080866134,9820
0.4080277778796578,0.842675104856568,9821
0.8206145550492527,0.24490675413549368,9822
0.30035071302152216,0.5556976965699424,9823
0.028599054030198245,0.4001204884868266,9824
0.30426733840150744,0.7642122308403919,9825
0.6610989207324911,0.9054263950993566,9826
0.1289044277668876,0.6433736190570296,9827
0.6925246865497804,0.8988676998760925,9828
0.4625866028345724,0.93567242929133,9829
0.3957897228203715,0.8569598220403797,9830
0.9269031581933614,0.5612301869986261,9831
0.00669036271106771,0.30420476245976524,9833
0.8757316810516584,0.4968666951865366,9834
0.2967070134557367,0.4246473081682086,9835
0.1590667339152092,0.578997929008308,9836
0.799619105470098,0.15329231668078902,9837
0.6058799161014227,0.6585892015872173,9838
0.8632085714589395,0.29967880101988886,9839
0.37989962297139257,0.6827453366218816,9840
0.04493989925408226,0.08328742507847453,9841
0.14242326241226033,0.7561938565232533,9842
0.34089610494819234,0.710270187927374,9843
0.6457427836953792,0.02994699304009374,9844
0.35946286105003056,0.4730807240927072,9845
0.6029503686711998,0.5943220089523445,9846
0.30077237169703075,0.9497517354398194,9847
0.6453624175459208,0.4478120440776815,9848
0.09291440870360945,0.10014954708180113,9849
0.4685846302527983,0.7298107157624875,9850
0.6308704899607708,0.16384077925198504,9851
0.13836917841505803,0.5126469212792008,9852
0.2605700124600052,0.8972551100093852,9854
0.2423773650055704,0.3972647331011874,9855
0.4436273324581266,0.5808819165690978,9856
0.6769696935169514,0.07940453364531241,9857
0.47196034792107944,0.6423577195128171,9858
0.9295286417352495,0.5120305958086173,9859
0.18123872350302783,0.9618661780327048,9860
0.9714425625528372,0.32242331481777,9861
0.5833898724192383,0.25913252331018866,9862
0.7420031859493734,0.2792457478492233,9864
0.9632533800369152,0.2739839307309392,9865
0.5017876126024777,0.8815691119327167,9866
0.11576124374628682,0.6144615890318622,9867
0.37258935349374667,0.10409422278633518,9868
0.15744898007037,0.004445302047042188,9869
0.5213046835575867,0.6960837782024107,9870
0.7110792724369808,0.9671077320012097,9872
0.3898260633277313,0.9169280883063076,9874
0.9938588309789759,0.5593388492076822,9875
0.3103120302528082,0.539916839851627,9876
0.050516789826900554,0.25804454966380364,9877
0.22128857538680147,0.47491472131286105,9878
0.22056579602821313,0.4250074561472432,9879
0.14028104317848644,0.6307953298569963,9880
0.08482675082528945,0.9410751138955806,9881
0.8046365867446412,0.5338101152038546,9882
0.04676865297771693,0.7746022545375614,9883
0.9790602243998486,0.8700289541436876,9884
0.9502857796042656,0.35055685915884427,9885
0.7599029068712944,0.45166289451496433,9886
0.8901461217165867,0.8981221503590274,9887
0.41048135239486017,0.6716550582245346,9888
0.4525967734456531,0.08943302114302742,9889
0.10605025400217127,0.5497809290836723,9890
0.7928734274278801,0.8377998705211928,9891
0.6879795745944586,0.5579432743238787,9893
0.6434489657319203,0.787105355363452,9894
0.22211557262988313,0.5525776823909525,9895
0.11642170584052947,0.3149421782174091,9896
0.5897086539469832,0.9952280278001405,9897
0.2522069504981267,0.14334446758692232,9898
0.24597888826285863,0.7970399392810099,9901
0.6087336966005322,0.7161524437132714,9902
0.9013747475328652,0.2613205284718505,9903
0.5973780069745495,0.011729636017450806,9904
0.139478134825598,0.6530551727723727,9905
0.08092224644936585,0.3140088121578798,9906
0.37579214032140185,0.4676070753632108,9907
0.4423500144701712,0.43553940210707076,9908
0.2906411344487657,0.012049889600439623,9909
0.47200751300121513,0.5910869909383275,9910
0.7489984923459623,0.7453976988104728,9911
0.4295892208608324,0.7012483841958151,9912
0.7707688932764791,0.8462569155250359,9913
0.028681661229708832,0.38734407787194025,9914
0.7004734767835831,0.3638564504817833,9917
0.9244494213331013,0.11969964736168881,9918
0.6239448001587111,0.128068533095562,9919
0.3999289411754817,0.6448689799701801,9920
0.9598048696352396,0.830962744327359,9921
0.567437640140248,0.8608822701722542,9923
0.035341350996730636,0.01055678740994126,9924
0.6814718562449621,0.5029464505535415,9925
0.15606288566610804,0.6371659471880802,9929
0.8976879851297046,0.030315371065547714,9930
0.6311316463408543,0.6097289473975441,9931
0.3281189259177192,0.17116666538901304,9932
0.6473907895296106,0.8545486698340278,9933
0.05104340958504294,0.04307744807476599,9934
0.39829298417519066,0.2968667876895563,9935
0.785520153483307,0.8045380654542668,9936
0.19041243939553365,0.09006701066700817,9937
0.5188662107490747,0.8080364089378859,9938
0.4881604193636079,0.5215135415048061,9939
0.9204788375393906,0.5051447184103303,9940
0.0582229924831178,0.3214643699373303,9941
0.5610588362289786,0.2478772519531901,9942
0.26814801493062945,0.2973127159352439,9943
0.35130678717046027,0.08719324708998732,9944
0.031124534724015995,0.10719223444034998,9945
0.4959141160442565,0.5161984239759648,9947
0.22282263295322424,0.42896337306559784,9949
0.015307275717895252,0.9123747185198963,9950
0.36511784452083684,0.708599442580398,9951
0.5266182992280435,0.2161633104363927,9952
0.8918945525624989,0.9456673216264203,9953
0.5687080667340872,0.14142948898773322,9954
0.9502721404615943,0.35713750108272035,9955
0.3520752633086386,0.7623674997931486,9956
0.19297394804530643,0.849399455416121,9957
0.3484418566647254,0.8129996171246155,9958
0.29473168868629285,0.9174917970791803,9959
0.7858264341798383,0.7685307314851383,9960
0.8994010154163246,0.8872043356623546,9961
0.2730885594723387,0.5731104283162128,9962
0.0727910584478424,0.13346040279335103,9963
0.687011548423935,0.030620032334574554,9964
0.025791508412333353,0.682034482505298,9965
0.4395039129711158,0.8743026806442923,9966
0.11813317589303152,0.4178820867020079,9967
0.20660589517283134,0.883106179406628,9968
0.2581579398705708,0.5946501072043783,9970
0.9298221540159131,0.13096376096411155,9972
0.051128376807159426,0.03938721560054681,9973
0.636586919344553,0.15932695942352204,9974
0.5951050388061898,0.22458860868691644,9975
0.4077574244591329,0.9868396404619497,9976
0.015721155869024672,0.43701663564182325,9977
0.35142853562990806,0.3618238240273629,9978
0.5768919315682196,0.521226542803158,9979
0.9140389094040546,0.5944320386171622,9980
0.2470124202993591,0.19225516996441294,9981
0.6775276843450374,0.46723110659025935,9982
0.9564898509143239,0.5143278972740521,9983
0.20642328216479722,0.34876035897031477,9984
0.5017290434052217,0.3186437135982333,9985
0.6104219333186335,0.4916175847033375,9986
0.5979831933002112,0.7124124878360655,9987
0.1752706855726136,0.3655980413722928,9988
0.33020003080563964,0.5142525500792401,9989
0.5570427566190397,0.3835769513767966,9990
0.3025661534972237,0.8567175858990607,9991
0.3126570484159902,0.7415800652474075,9992
0.6837119462098425,0.7843422484520177,9993
0.038554507754318346,0.8635879957602302,9994
0.851933223612305,0.31551788400008585,9996
0.5281431624278602,0.03886319604094246,9997
0.3516730899500168,0.6056646955973217,9998
0.382785989193262,0.5591019376989649,9999
0.3747398710591312,0.005594554005737495,10000
0.6418734945841705,0.6803069247933105,10001
0.4039796340156123,0.7176788497717829,10002
0.7876105578802606,0.974944379191712,10003
0.5975519339187666,0.21721670732304954,10004
0.4478948978961744,0.15218960544233862,10005
0.21444701472059602,0.2147960802530623,10006
0.337071453759481,0.5141283547012165,10007
0.3399647210312017,0.23910281459240412,10008
0.9101302964642446,0.5997952567467151,10009
0.19007375116603942,0.6913762656830291,10010
0.9151868834232516,0.23622205302880517,10011
0.7190193356677744,0.3359658127896533,10012
0.06536473920908747,0.9380480443153932,10014
0.615019547235517,0.495435785377246,10015
0.044230712284148876,0.6923233064785828,10016
0.08741974192479196,0.24288258157058118,10017
0.46744907499284427,0.15947600393535077,10018
0.5007593807571801,0.7878584821362213,10019
0.7171392836980391,0.9712301941660458,10020
0.6674356864802514,0.5644075840508066,10021
0.43427883493585995,0.8671661294751983,10022
0.30839488016375016,0.23287944655455162,10023
0.1370836458907,0.5648636560920005,10024
0.8691266380244268,0.6603233580817054,10025
0.3766715431355604,0.4570312883809081,10027
0.6634069386840015,0.037208884853221935,10029
0.5874034842340603,0.7472250863886146,10031
0.5509870001469775,0.4692599179548762,10032
0.4160056880107086,0.0016013928949843992,10033
0.573424373956162,0.5101926686389041,10036
0.4796643037332432,0.13187398452816868,10037
0.9286544971243863,0.7536413291874797,10038
0.3338380195430941,0.18575452785203983,10039
0.7651144409628563,0.6309882279785803,10040
0.6737795922849187,0.3946888317632614,10041
0.40834162223966297,0.3693872179455172,10042
0.22608210282767527,0.012184819415628323,10043
0.4879366154581659,0.7979968173925338,10044
0.7360334619107768,0.1211310249755223,10045
0.18515627689551561,0.0959612271331639,10046
0.43979239196688824,0.4011822522997278,10047
0.7703715723886193,0.9491639888723913,10048
0.4735790817689641,0.16321141120476035,10049
0.40920070658680496,0.7535868350164759,10050
0.5606024518478934,0.018947996886641616,10051
0.24264750670058144,0.9944899043563873,10052
0.8940429968779979,0.47810540956025094,10054
0.22486465479425133,0.6121366179148824,10055
0.5383003682988624,0.6742386780791508,10057
0.24151385045544094,0.8185004170837564,10058
0.042540444784278875,0.336280358866043,10062
0.17506005374541245,0.46433373990460036,10063
0.93866145949149,0.07728193313048826,10064
0.7702829413721669,0.03869807980266027,10065
0.7363306331673993,0.6136305648757155,10066
0.2815785811121454,0.28297018388728234,10067
0.11586139914132576,0.7112897093935443,10068
0.8210429036655442,0.22390369227619178,10069
0.5867735136687072,0.6886097742611523,10071
0.006110001299589052,0.46558529185793596,10072
0.9886859667208331,0.8265538472377145,10073
0.387602870640154,0.9565844577469,10074
0.03156817613189855,0.9019884988305579,10075
0.096835818134543,0.06980142156570313,10076
0.1327441657491535,0.8341751899265382,10077
0.6714096967279726,0.9316475513970551,10078
0.7146216659208584,0.37123437706835927,10080
0.9058713759714397,0.7084384373944353,10081
0.7729345076260511,0.8791125650515441,10082
0.36490825522728954,0.3630705861453124,10083
0.5951076953980227,0.4106239180134056,10084
0.04489321102104282,0.9732150819460119,10085
0.5576154532794102,0.00723260434987083,10086
0.35710181445631517,0.7459707964817138,10087
0.5118266162527159,0.7048441071897832,10088
0.7029574468105998,0.2350357809383492,10089
0.49963308247284466,0.13660504347250502,10090
0.6171074574040778,0.7860579474146038,10091
0.809116392271986,0.8445014273716458,10092
0.7540303783611623,0.09023226492931014,10093
0.6008685784578772,0.3981767520772954,10094
0.20478632379778638,0.3446740912750108,10095
0.6904883725568004,0.974498212446645,10097
0.6286260878166775,0.7012026821806533,10098
0.05603589629297279,0.15927773072800033,10099
0.4495104740936523,0.7256889485601719,10100
0.39632775988118474,0.29993639399187755,10101
0.09414450833297194,0.04733215853855777,10102
0.6817348848911885,0.05156450435792448,10103
0.08011182124143201,0.9671677475624535,10104
0.1709413412786841,0.03236699092332518,10105
0.29634894024879566,0.6309998685715653,10106
0.1327579488294668,0.9564115039179311,10107
0.5831216875483725,0.3364204476941618,10108
0.8425942564348331,0.6221940113797644,10109
0.0359763363124419,0.8773313265186479,10110
0.8988515113599199,0.47496704728562644,10111
0.233927755902673,0.4229728733692306,10112
0.7351987065089212,0.8586931554281423,10113
0.9585288064589715,0.01093855964728685,10114
0.7542652842611244,0.30406863860416156,10115
0.11388678481212611,0.5280231932172749,10116
0.4424052492959307,0.26203976962442166,10117
0.24647540263975298,0.16834990329182897,10118
0.3418302574484887,0.780917110968346,10119
0.6733749624832123,0.6963436369556688,10120
0.524706216133492,0.3968153719801042,10121
0.9511497380455404,0.8142523841158446,10122
0.9811799462736458,0.7383357470019966,10123
0.9660181109902143,0.11202137100952214,10124
0.3031062999418085,0.08058033388646557,10125
0.46613542901735394,0.1466382338900709,10126
0.809407777975232,0.7416449902155577,10127
0.22464189139883495,0.431578648343389,10128
0.19410819914495547,0.6250640339746388,10129
0.9455081148800758,0.5905658228713918,10131
0.03504381382422439,0.737328826677003,10134
0.04110009302194173,0.6943629702197467,10135
0.4047656564993911,0.9235199334042954,10136
0.7414278398363141,0.5107846427590909,10137
0.8085637567812741,0.6072317894154337,10138
0.03823253528078652,0.5305884608673882,10139
0.8124452684558214,0.06608287720386241,10140
0.8501418009020896,0.8789640338653989,10141
0.1420637024466651,0.039984241583647884,10142
0.008439049076454541,0.7291813702688006,10143
0.39435255252595236,0.5096692880557889,10144
0.6441497266413089,0.3963384696361931,10145
0.35459052748829056,0.22774533793794427,10146
0.3096504903502564,0.23046741720993613,10147
0.42198280942082067,0.30738651585513155,10148
0.8237933620279339,0.29436090247523017,10149
0.925413686665209,0.09170184899909661,10150
0.7026312284534229,0.5512866972673717,10151
0.38460339800946197,0.4948837811681023,10152
0.9568688931174124,0.3704802879446836,10153
0.8906289229945323,0.637271299414494,10154
0.9331668686223604,0.8676268610938002,10155
0.21529866858969515,0.6965222390573662,10156
0.0557161064646704,0.9550155680410035,10158
0.33531247457973046,0.3063568752677438,10159
0.9754579133191683,0.153864032977987,10160
0.6140582259747291,0.5062441523815384,10161
0.2403411571390589,0.8912165491135747,10162
0.7456780951650669,0.6985209012835919,10163
0.31449244232164253,0.03488052713520118,10164
0.760163872790917,0.9030216795431047,10165
0.4813672658036313,0.07621524632375354,10166
0.8681881756586344,0.02478675770848915,10167
0.09687305725068707,0.3124914205056054,10168
0.5890733233795995,0.3209713558062992,10169
0.055522106933195814,0.4354628151237392,10170
0.9388168757694442,0.6521986938249162,10171
0.2515785508906665,0.0699961661598022,10172
0.924842509764299,0.5952103453716695,10173
0.9131937306323905,0.4123973244585176,10174
0.8763332386222139,0.21502772458450825,10175
0.652681973047617,0.864646844512417,10176
0.17435610340675034,0.7668026040965799,10177
0.1871712422855134,0.8923105286835334,10178
0.4568223679337696,0.7120999253864678,10179
0.8839682753676393,0.539407658872491,10180
0.33591043959918254,0.4895664413237989,10181
0.16724168539717577,0.3684677089877263,10182
0.9352700127796101,0.7234760910009645,10183
0.1278958322298852,0.5427244501228465,10184
0.8773017109547647,0.5357354505072002,10185
0.4243861605273197,0.47630166639875726,10186
0.708061567298277,0.18242103841846313,10187
0.003984601344990124,0.26264799822339235,10188
0.12049963123037422,0.636342985197046,10189
0.8489222933391807,0.32998093339073353,10190
0.19821533844877526,0.2718063346405297,10191
0.2197976169402155,0.91433463641707,10192
0.7404471092873091,0.8443492779610755,10194
0.0758100935878645,0.7481856224581237,10195
0.7970949594781064,0.9670237535286316,10196
0.6152849083456648,0.9855075472332911,10199
0.3361786767777304,0.2527141064387456,10200
0.8606291658238132,0.09459901788957115,10201
0.13411446791082793,0.45260206413776505,10203
0.3294929932644822,0.9837957656957713,10204
0.6694793336857916,0.40558228655480644,10205
0.9266841252057099,0.4579808769277329,10206
0.1643675429650897,0.07502987211283019,10207
0.08094589131843277,0.3794351973564185,10209
0.09785465026135753,0.04407038712868927,10210
0.7068519097813915,0.7174734784033953,10211
0.8705195758706312,0.18493780136135085,10212
0.693904636417593,0.12622689519656882,10213
0.4675436607240179,0.35444688758832354,10214
0.3861912974781636,0.36654013598610835,10216
0.9941404554163494,0.24577982572549217,10217
0.7651706454193019,0.9700393766365918,10218
0.5569234462898865,0.1785732167082933,10219
0.8612652938372358,0.6785236786635707,10220
0.8542655838546549,0.10853536686031429,10221
0.17265681365571894,0.3411028892484721,10222
0.07160957576800886,0.35482906581229245,10223
0.9846679325434625,0.6223659495773691,10224
0.2911849970557666,0.03778718971473438,10225
0.6577972106436774,0.8744228701146466,10226
0.842570893028931,0.5328864110025482,10227
0.5726715885467409,0.8059145171864996,10229
0.4132880536130662,0.710698096774463,10230
0.17208311822532685,0.17096105624073288,10231
0.14811346381336843,0.6123964420874447,10232
0.7540534570118081,0.13229192854090188,10234
0.1771614953691758,0.4414847098448016,10235
0.9899304567091892,0.04967035077164039,10236
0.9344504843595429,0.4629320777192195,10237
0.12394332392025031,0.48965504240304214,10238
0.6177779686071009,0.6728510903653419,10239
0.4648095828784188,0.9240837181754988,10241
0.49003725970019263,0.04206775267517571,10242
0.5063247560945962,0.3954831160943111,10243
0.5824770051122017,0.1907417587258139,10244
0.9449306713281499,0.596688582397084,10245
0.314447799731431,0.7979358995152088,10246
0.4283031833629287,0.9672453426921254,10247
0.9766880672621582,0.36626910327363216,10248
0.31325798684785233,0.5027353010112509,10249
0.5968361977585552,0.20285224242875155,10250
0.5555439495034904,0.651800684298372,10251
0.917858942217946,0.2830964935965341,10252
0.4915772836947364,0.4958277246514091,10253
0.47153086542208367,0.9546120246463332,10254
0.043665164161418635,0.10055169656384566,10255
0.13358419363353902,0.570729497512842,10256
0.8113881151844172,0.9546013925398865,10257
0.19666743681059318,0.5239758673109394,10259
0.2449229685852683,0.1874452876142857,10260
0.3169403191263307,0.3928496915981803,10261
0.8205899098868118,0.8163447071738417,10262
0.23353537733177376,0.21756548851347524,10263
0.07214243366736017,0.4141450615498875,10264
0.42103197361835554,0.15838337077072662,10265
0.8112346414277015,0.09815125640815525,10266
0.9140695585998064,0.5799113408100555,10267
0.8816560037499461,0.7081833285738193,10268
0.2822991980465134,0.8143955894095085,10270
0.5704051276292682,0.5311602570326628,10271
0.9199375309856461,0.6117860450760468,10272
0.5550805739790762,0.976220113288882,10273
0.5992898288357157,0.6018398151314602,10274
0.03248256484547962,0.8883509281606495,10276
0.028543485839616967,0.30114257980387094,10277
0.1647896193245606,0.2201506468858444,10279
0.16768183447334584,0.8584270820867806,10280
0.37356561990716464,0.3102585364596291,10281
0.08405977187085001,0.36497394385631865,10282
0.506077486008579,0.7383777834498655,10283
0.09820975695684997,0.8998966066481794,10284
0.21136456945951865,0.2397908183962798,10286
0.8054423646923302,0.958426785192937,10287
0.3750418888246845,0.6019205536869606,10288
0.1069677455054352,0.8696540464359201,10289
0.7620699614275758,0.09900083932302695,10290
0.668265812047218,0.988758332993663,10291
0.4813409741236364,0.6932209490303176,10292
0.2580926926016395,0.9130013097419424,10293
0.4869690846729814,0.6663805584010638,10294
0.7459308071653582,0.30335959933309964,10295
0.24042594493314462,0.6805403254743577,10296
0.7654970173267597,0.7353388626923135,10297
0.6318572762066896,0.5808722962865288,10299
0.9207623102071306,0.8120049836586042,10300
0.4093342075591818,0.6755923826362621,10301
0.6521624786226898,0.09982330308647702,10302
0.7221638195098843,0.3298828501165636,10303
0.47820664634462384,0.16072487826209714,10304
0.7431740479581731,0.19571206194900825,10305
0.6901387379103593,0.45244784727224685,10306
0.35080871160174565,0.4453744033654372,10307
0.5995788044482291,0.2383887886612842,10308
0.9965190361311091,0.8361879547260198,10309
0.9505621170257585,0.04914905373463829,10310
0.5740092111017241,0.6029753668937187,10311
0.7716512310557864,0.45503573918441853,10312
0.32835918239691864,0.5710180997787537,10313
0.7474308533055264,0.264108068174699,10314
0.430701551728232,0.5198557732950834,10315
0.41152464300172786,0.4155651533879553,10316
0.8599050290128956,0.3627847396707049,10317
0.8122196658185808,0.7285887614080176,10318
0.5003209616209915,0.8688867636519171,10319
0.8963529834321614,0.21986897191934163,10320
0.7809227876690372,0.14908444454552328,10321
0.23519200848168653,0.4117217456904634,10322
0.29081035590910365,0.6525358387801391,10323
0.255887402052694,0.6537065347022032,10324
0.8492935547176095,0.28042596408911513,10325
0.7715090176156056,0.6768538160669011,10326
0.6552730775683859,0.12773857799222477,10327
0.5685344699157076,0.9919438988857742,10328
0.9482478217144443,0.4064638815942051,10329
0.4383623359119925,0.18632425206077485,10330
0.9900852792086242,0.9616566729948606,10331
0.8920222183123584,0.5081830788763897,10332
0.4171587414620749,0.2130429039143863,10333
0.6923734597806134,0.9125557099331547,10335
0.4577427354525574,0.0009317845614960074,10336
0.23964201603439061,0.6925120412914682,10337
0.5716355859678596,0.41900222761282924,10338
0.06833486788585141,0.07886664194962001,10339
0.40375282657823386,0.4685240286816382,10340
0.35234573320694806,0.28254066291959323,10341
0.07427017956484827,0.6184379954653644,10342
0.6077032196136206,0.3411328182249467,10343
0.8867678782838514,0.13118444362365445,10344
0.00036208141996918464,0.8425762813325546,10345
0.5105021271812906,0.9314409419737515,10346
0.6082368036566433,0.9162372927278774,10347
0.14053008594369987,0.12779390558771098,10348
0.01620896863629806,0.2242111956464652,10349
0.09774799880601515,0.40805835073141516,10350
0.8527478437384519,0.38079996516904935,10351
0.04068368243723308,0.4907821044984225,10352
0.10760847655204997,0.2130142345614685,10353
0.9359285864357855,0.8894179339540638,10354
0.27076290480108,0.35332078377576126,10355
0.07076480031426624,0.5625851775395745,10356
0.6386902783489415,0.8317629437990588,10358
0.12812046732075877,0.5903829187790689,10359
0.10023242773871066,0.48589097141127624,10360
0.7892410135636884,0.15877610189573443,10361
0.6828651765398784,0.34011615561756203,10362
0.9782802007400342,0.30087916469391107,10363
0.5748898131433592,0.4745562065200978,10366
0.3774416874370168,0.8053336113967273,10367
0.9111827918005612,0.8733071178810268,10368
0.26355624884215967,0.12493962077337817,10369
0.3376567537318529,0.23416224819447207,10370
0.9561174321577304,0.8784934399527707,10371
0.31711814217121936,0.4029435922425838,10372
0.43508709895592457,0.6796601696831315,10373
0.2999580491044266,0.012434774032217488,10374
0.21533277737678647,0.722064559975458,10375
0.7418103573835165,0.4461060413602774,10376
0.8592472049852167,0.208284507494937,10377
0.42242638984803926,0.0693103878093243,10378
0.934667291338392,0.25594924761547955,10379
0.971405861906711,0.27856741305072674,10380
0.9897795082155416,0.5424900915600083,10381
0.19064089647466698,0.7228984845242592,10382
0.05511570265297072,0.28164125804972706,10383
0.8316966755910334,0.038003382832094146,10384
0.9617698204386631,0.5637474588516058,10385
0.6745154371216889,0.30634175219038184,10386
0.2293506522351766,0.3317500927167515,10387
0.060656743227186505,0.7971095439440784,10388
0.005524436439842018,0.6845099802971185,10390
0.14096961659148233,0.31511684974535126,10391
0.07194297400893668,0.31469456892406156,10393
0.7420312557029297,0.5789060966159375,10394
0.6131098825863411,0.8099941215253516,10395
0.06610792310955615,0.6119832871584179,10398
0.6787416548231197,0.6680197393082645,10399
0.452200108027873,0.05946688128643396,10400
0.6510141803342543,0.08790214765703552,10401
0.6017431389789694,0.1300040811045008,10402
0.5458268184045324,0.1570045419723597,10403
0.6825162127113935,0.9114758654823905,10405
0.7779429140600613,0.21930713122533196,10406
0.9135511643857382,0.3739128859153169,10407
0.5706477234752168,0.2752356144690099,10408
0.9795530664808133,0.42120447525833715,10409
0.9671496837960307,0.022478231666081983,10410
0.0847262735367228,0.3065718676408057,10411
0.40122413982661376,0.5132058362970927,10412
0.5759679101930112,0.693649257541192,10414
0.1124172198248723,0.14900887563493892,10415
0.521029017194165,0.721395865458562,10416
0.9358522091540801,0.5759492382841022,10417
0.13749101036836864,0.5509774424961899,10418
0.31290557049035517,0.36428679311443324,10419
0.8627275845928178,0.34332233385777944,10420
0.5718768565166069,0.7223811560778558,10421
0.6042256610908628,0.9115299373902935,10422
0.7481280465356428,0.9522264373315986,10423
0.8991280327566251,0.23988391483492477,10424
0.11222880335851093,0.3972533161731552,10426
0.7195558031611217,0.1370234374739815,10427
0.07359178784778353,0.7799593565866054,10428
0.1384099642727188,0.3418585749247758,10429
0.7542342522130129,0.3792451977526934,10430
0.5337398540791333,0.21211382098230414,10431
0.6829016781146103,0.9129587766419839,10432
0.6676381836059706,0.6046142173586524,10433
0.15435145142764362,0.03182495642533856,10434
0.7379899298919408,0.28894218990842724,10435
0.277706222540017,0.5839970492371469,10436
0.5336904408735409,0.11275097363518594,10437
0.1842672903697119,0.2061912834737485,10438
0.6408981089635261,0.399559639857222,10439
0.3123729359812002,0.8303431551258889,10440
0.15640258124816941,0.22099632956876436,10441
0.49921020000612726,0.5025326972817322,10442
0.6009911421482383,0.44505364654911694,10443
0.06596839247072794,0.8993772593552481,10444
0.566532513036503,0.8936545366426862,10445
0.2563684090055379,0.1976677506133454,10447
0.15315978466314062,0.7165192610515605,10448
0.8286444173543449,0.6875048957442721,10449
0.23892935326403997,0.12729062495082033,10450
0.4803037836051528,0.12253485105019701,10451
0.7884469440920332,0.7014912469417488,10452
0.9631414956595279,0.327070368265186,10453
0.5933115684100849,0.816918045071013,10454
0.33452232364960954,0.11133618572559079,10455
0.07629785039760184,0.8588792224709582,10456
0.2569236669916609,0.5546196759694293,10457
0.035199667403771784,0.03264072625583858,10458
0.2256399074996276,0.3387593126286528,10459
0.46301808013756585,0.8616852797270887,10460
0.9740448571746885,0.076939251434056,10461
0.49556308762742074,0.9165308562650221,10463
0.627991682713664,0.9364223453999593,10464
0.5001981587313157,0.9021509198919339,10465
0.8990825015977901,0.3082337671972304,10466
0.7195081510314112,0.10608922674034316,10467
0.3464855945384223,0.9537914518349551,10468
0.0011428040733559852,0.8193628710003473,10469
0.9608432717234278,0.1642046313759825,10470
0.5332699920782501,0.603557136759939,10471
0.18168638340255028,0.2844588241021895,10472
0.4885569598656655,0.5968387775152802,10473
0.6473289442819293,0.7865580314366113,10474
0.2973723899307056,0.13923894269306436,10475
0.9475723009838559,0.31654127496606577,10476
0.15626632921111383,0.8085692154538007,10477
0.2552949282404946,0.540812880047321,10478
0.5968248281784394,0.5648971782074544,10479
0.5154785491879764,0.9763037128077091,10480
0.25759373261337215,0.9491189195761814,10482
0.04979788527214357,0.5267459696810373,10483
0.9126643349339186,0.41429578308419834,10484
0.26651752183160726,0.7483036333575362,10485
0.4580815526053097,0.2370798117158739,10487
0.4681835807374193,0.17431843362338595,10488
0.8214829139946223,0.7580000111256785,10489
0.46665656834294955,0.8502443782601775,10490
0.9526239509186764,0.33991721130688524,10491
0.7474223000834019,0.08607585047049271,10492
0.47610745226890727,0.6690655356556435,10493
0.7847863714117119,0.7176777801473501,10494
0.9847266408225831,0.030115777415139933,10495
0.7946315654726213,0.7180696528406416,10496
0.8147461238523608,0.7764411690569928,10497
0.3671417564369528,0.3595191848484727,10498
0.5121579726167103,0.9528985674345394,10499
0.6519311963710339,0.6306798848317244,10500
0.7706892762745636,0.23974113937919672,10502
0.703832092627601,0.0740798603091366,10503
0.35207186013650626,0.0014319682485537388,10504
0.28732837279779555,0.7801261409399408,10505
0.16281879238753572,0.47788836167635385,10506
0.5901122846415323,0.6163947183027476,10507
0.8847371577134705,0.20339278806724226,10508
0.2502223341351947,0.749989415077231,10509
0.8458253004529802,0.6352362759740896,10510
0.7509468006197595,0.997702758839574,10511
0.19158344571142072,0.05888151991110979,10512
0.06776357062409943,0.9503866256347813,10513
0.5994092006425109,0.04955230470712357,10514
0.792793103988788,0.560149504843041,10515
0.39518829678988243,0.387178940718928,10516
0.9476967469817438,0.03786146244534583,10517
0.472127041553534,0.752548068638505,10518
0.5371442679117838,0.9048417160376605,10519
0.9066272593248724,0.5697456206741678,10520
0.1749298417693188,0.46972692578881126,10521
0.2936583843902073,0.7443304278514086,10522
0.14756079640330755,0.3724268290744951,10523
0.9399963691600245,0.2573428805954634,10526
0.012644487899329926,0.21550238008216283,10527
0.19241576541601613,0.35036462689636083,10528
0.08317595526028976,0.021430225962322136,10529
0.11770652544921889,0.1937725176179491,10530
0.5050252361871729,0.47346420410995915,10531
0.35118632446837583,0.6041189694217426,10532
0.7039420715773878,0.6171482211607272,10533
0.12047374627333152,0.24063425782880765,10534
0.7064102719183313,0.22900057828883535,10535
0.7821795846590957,0.16379061285975782,10536
0.61975542308263,0.9920109169505942,10537
0.4137864799756579,0.24474032239608468,10538
0.4581185943174769,0.2834132017353135,10539
0.7726810930552477,0.817733065745356,10540
0.7986234967413529,0.3481811763930217,10542
0.12087318030077399,0.7493330621485493,10543
0.17518149955567996,0.28253978801381796,10544
0.3193883853328463,0.6564158230484988,10545
0.0775907770285158,0.9695245222298624,10546
0.31631846865875923,0.05807042600495538,10547
0.9875969502343006,0.7153859376664291,10548
0.5539865384967556,0.9995952453474312,10550
0.7156005145485137,0.6916437099099868,10551
0.8587334210452171,0.9679901180128326,10552
0.026909582629951134,0.37905024882507465,10553
0.6377153785196616,0.06875553852612415,10554
0.23382319520046324,0.22186066438514984,10555
0.13814873035523134,0.8717277670691923,10556
0.8612954833078165,0.7705215332018728,10557
0.43878676444676434,0.05715802696401451,10558
0.7670368311437317,0.6807024689910155,10559
0.541085331102931,0.7481266585105076,10560
0.5240211690025426,0.23864666029532378,10561
0.41270731292136753,0.5104251840282749,10562
0.5806733138008023,0.36565500170506526,10563
0.40852259075983166,0.47648866548999314,10565
0.9070833343708917,0.6582320197278752,10566
0.677996369722517,0.3948015223787734,10567
0.39909470718413775,0.8209918935436786,10568
0.17042000130645985,0.051719919569311545,10569
0.036169619727358104,0.1037763695834033,10570
0.8748711786734663,0.42668369119641547,10571
0.8086187130703213,0.5563426257994547,10572
0.5054023509857329,0.9170015934902983,10573
0.6122185659815275,0.4308149024883784,10574
0.9746802600510378,0.9077665136535523,10576
0.34733007960157314,0.9510242948178282,10577
0.8345651931411444,0.6337556133038649,10579
0.2176820403778985,0.4842508957123193,10580
0.5684827743621597,0.6535995069982505,10582
0.7247178265670245,0.761057644180801,10583
0.25029769305244187,0.49383490472341385,10585
0.7182129827609632,0.13597210674887517,10586
0.548834642744441,0.9358217606859469,10587
0.3100364321252945,0.9035878551362231,10588
0.7601928766777831,0.12972836975579793,10590
0.49933084105031067,0.24598081758669155,10592
0.15025435819817057,0.20171287165689145,10593
0.04594847654547429,0.769182084334242,10594
0.8651134041876098,0.03682431761878391,10595
0.2189249088377797,0.23752229968369454,10596
0.4955572433616279,0.720565552147999,10597
0.1529764331880561,0.9587162041632509,10598
0.7076862553819161,0.9541879854989083,10599
0.0435961832681796,0.8307021473424656,10600
0.30202037542741433,0.19169078372415427,10601
0.865865831023798,0.7126767259708088,10602
0.2398863174716377,0.28742484281897296,10603
0.2410971635589223,0.781540155738665,10604
0.3276620750243707,0.6098372985161576,10605
0.642051496478096,0.7308607659364895,10606
0.3433558086425932,0.4929521638170534,10607
0.6255845516205378,0.11792702746848416,10608
0.2516880085092702,0.4020711227618502,10609
0.38777395704020223,0.32749030624936726,10610
0.09102302786486427,0.9067106468305262,10612
0.20837876036039293,0.1278593580656836,10613
0.938008571658922,0.015386191983265629,10614
0.6809137192396023,0.09585356180248883,10615
0.4069966244041249,0.31187469705311777,10616
0.4620337302491696,0.42694826400283203,10617
0.02835448682945141,0.026139908997440342,10620
0.027154607562225763,0.6061844896378217,10622
0.9281638271451988,0.26741638435338266,10623
0.24011153090692605,0.3089889603288728,10624
0.2333321469232723,0.0946599105127578,10626
0.4002271127198268,0.926148435309213,10627
0.6771274193935959,0.9093109762621471,10628
0.49171293889540946,0.9657928541819998,10629
0.5098264278236765,0.6680951103735291,10630
0.2566861796579103,0.3588103428411876,10631
0.6811108850569351,0.12113452374342482,10632
0.05517655179683334,0.10267105955416211,10633
0.40992762524618864,0.25528798457391966,10634
0.20604048130055141,0.9500218676596243,10638
0.057083940291014934,0.08452255627862537,10639
0.4985251018566105,0.23064933442279978,10640
0.804349605211859,0.5755248908263146,10641
0.4943615896315505,0.6727088696807745,10642
0.15057886722328084,0.38896840789873655,10643
0.9319116454867868,0.26846350792938234,10644
0.6024798392759657,0.3440196937517338,10646
0.2782470635084622,0.4659866744666441,10647
0.5668067210552195,0.5236924754685671,10648
0.8023324201630372,0.9039896211300694,10649
0.8772628479797171,0.01929817666478617,10650
0.8127818026755906,0.4991271036885151,10651
0.34552684492952546,0.9342829483745161,10652
0.5163650313247483,0.8386967479246663,10654
0.5710088983337438,0.1239907317925164,10655
0.9940259441701239,0.3976893351726466,10656
0.6154175692595033,0.014687953277950583,10659
0.05715455555681237,0.0035758769085689757,10660
0.7777695112072184,0.7631154208879676,10661
0.7744399725411187,0.6232934106103515,10662
0.7589432485805744,0.5360790977691057,10663
0.922418061105886,0.17044299737587154,10664
0.592643682424637,0.9717958410428428,10665
0.19970546309976955,0.25339757741883717,10666
0.2291560891711869,0.8525271304080757,10667
0.2090412653269056,0.019560655547437578,10668
0.454375628094417,0.1625986173661832,10669
0.8833799040062053,0.9597342205502474,10670
0.756391719679872,0.08396883527949739,10671
0.4506259524438003,0.40026274311646426,10672
0.05941309695340835,0.5760138243131766,10673
0.7401841178921885,0.3198801677444252,10674
0.9559120900503403,0.8467599005233937,10675
0.9766409321207866,0.5098612659195725,10676
0.8260172301867015,0.8378407477354444,10677
0.1502541221479864,0.9445443958369323,10679
0.8018759527368627,0.6307597260083846,10680
0.009799715515668495,0.16502624198422244,10681
0.6547985850178434,0.5543968371501784,10682
0.31740702299426626,0.6805610473004997,10683
0.36449479108322846,0.7271315562505956,10684
0.7484574311602059,0.10415506402036645,10685
0.1503989106883058,0.674146854952454,10686
0.5609123864790606,0.6533859482793897,10687
0.752884950057869,0.9044548100123223,10688
0.08648148799360511,0.11839585361850091,10689
0.8843186537325595,0.5662943761431302,10690
0.8985488895335925,0.3972425730724558,10691
0.24540785352573724,0.9311464466497421,10692
0.5499764238136179,0.5998478639737279,10693
0.303245722748543,0.09651066937140318,10695
0.0415803261024712,0.948534706088309,10696
0.7165715792017345,0.15803405145911031,10697
0.8567299954039004,0.23135883660492684,10698
0.1802086882176902,0.8580842933608744,10699
0.045143618127979845,0.5084040643385221,10700
0.2669677113249471,0.5930459779583613,10701
0.7356644951656481,0.11233620953919166,10702
0.5660534843640459,0.6783653953841425,10703
0.4366776778250686,0.05935330488948265,10704
0.9718830630978355,0.5160059089373734,10705
0.23312123179638233,0.8134685380935102,10706
0.1833335118521654,0.3178808378757607,10707
0.1052111129667509,0.2334512328301489,10708
0.8744252748602344,0.6109772319459784,10710
0.016606574951883002,0.577658191176729,10711
0.225470525807152,0.44288623651605197,10712
0.6194196843117653,0.30850491741296526,10713
0.4863165629511278,0.5403803459934124,10714
0.13024351336639772,0.8221755131121957,10715
0.437499962324173,0.129090877842007,10716
0.0676783941026684,0.011818114139360736,10717
0.5086272742056145,0.5627654376139839,10718
0.6713777034369722,0.6739626202640401,10719
0.8265714519510787,0.3413611153276983,10720
0.9326044120789978,0.40268773728870433,10722
0.1744762775035288,0.7367925789696508,10723
0.7938230271740375,0.41485111581658296,10724
0.44272512281505283,0.5455496531254839,10725
0.13496851938152232,0.6205579706929133,10726
0.5421733456470933,0.12975713271099554,10727
0.7485814606074754,0.3179259257253543,10728
0.8795604505165263,0.8945158093200615,10729
0.49013325585956136,0.45652477739514774,10730
0.54148307836983,0.6912136234699411,10731
0.8274743252706435,0.16126307637865223,10732
0.44084903110398244,0.992207051354058,10733
0.8218410455281947,0.7656953596419831,10734
0.08174178236623164,0.5776819364017333,10735
0.5575122352656386,0.9902123373682999,10736
0.982464146517003,0.0715331804350049,10737
0.16933247712350774,0.4391908540114762,10738
0.5483524507405304,0.4065279830556707,10739
0.694253488355556,0.7205045079357156,10740
0.5795269208947101,0.5791294148241103,10741
0.4475698751563636,0.36174669097413803,10742
0.30566420264480876,0.4947013199395276,10743
0.5156759168703257,0.46037248807428754,10744
0.4453677014522138,0.6556135946543282,10745
0.5364182326832678,0.900657819561101,10746
0.08805956664764503,0.17347242251983597,10747
0.8324791758656124,0.6621205219522663,10748
0.5763688236912542,0.791685242265608,10749
0.7215342539507094,0.6275327546748434,10750
0.6537428239127514,0.634875938969271,10751
0.6548193791869542,0.5806218077540751,10752
0.002056356190911157,0.8390769075516721,10753
0.27834641027509277,0.08559151270513765,10754
0.5312043054460155,0.11989808528648149,10755
0.2318884645512982,0.898668294152307,10756
0.6722645436739337,0.8408795420110623,10757
0.8994432538609968,0.6710790796515259,10758
0.18024655871581807,0.5449186941185638,10759
0.7511914344634271,0.42728654568097324,10760
0.8726242188912482,0.41855689189684653,10761
0.8752235180556119,0.06720365590090449,10762
0.98801533614022,0.5434436057486439,10763
0.45229411393065566,0.3159581094506281,10764
0.5961997871685966,0.04502196631323874,10765
0.5103180832546794,0.06539444184961207,10766
0.5428235225046716,0.15218183765955828,10768
0.042757415420194955,0.5420653831576905,10769
0.4558982109773413,0.2863176717256338,10770
0.10320911331810345,0.4127713663334788,10771
0.7067103614716596,0.8881368526667035,10772
0.8240346794188701,0.9823709057505566,10773
0.5972994458126238,0.5227098096026156,10774
0.5335219908813232,0.5415415797253379,10775
0.6937839900626684,0.5380496014657261,10776
0.20026226244340062,0.8967398068545264,10780
0.6399482871940649,0.6800305494880328,10781
0.5105778653510431,0.8576000808287318,10782
0.7795018106777504,0.5405156904710082,10783
0.7539714437542292,0.13240827956299583,10784
0.7727013064650783,0.40908258864381697,10785
0.9016383429954392,0.1688550448395465,10786
0.8833612622889976,0.7288715293281834,10787
0.4092080217096855,0.4546440929920248,10788
0.5355230315201879,0.01947011893544459,10789
0.13850320637178648,0.7765524736169399,10790
0.25034072168358934,0.35661419222538215,10791
0.38410967107581906,0.9284137700408581,10792
0.49360265049662255,0.5156504493838179,10793
0.13982236063392817,0.8593007331168623,10794
0.27879144875698025,0.46969950689604034,10795
0.2361191936430861,0.9582693093538344,10796
0.34649308534772016,0.43498607030274494,10797
0.528012692418464,0.6307010975929438,10798
0.15294378692378752,0.15927384299966785,10800
0.08096063733099257,0.3243950352385929,10801
0.5046973365916539,0.8429144546125463,10802
0.7737677263332974,0.7457136489533668,10803
0.4953555285114525,0.03082750489737973,10804
0.21479436797942453,0.015572012271943048,10805
0.35562453393899407,0.6793161854648315,10806
0.9474183245613141,0.2973183993321544,10807
0.5681396387377603,0.7066796374066316,10808
0.38370213950905374,0.4819569788763428,10809
0.9971952386279098,0.40188936082083504,10810
0.09762117139730209,0.41903154909593743,10811
0.10135102021698983,0.6358189187093028,10812
0.3476274489116792,0.21893990908847083,10813
0.01909831261458006,0.405495154031998,10814
0.5638921854922071,0.9034426182497649,10815
0.09675640646951766,0.5498190813090815,10818
0.6118047721066658,0.7586165325012423,10819
0.7047637251564436,0.23130306709882742,10820
0.2793648264701434,0.7436517288575799,10821
0.16296030718552723,0.09164000010822015,10822
0.9282556237941573,0.7672957399082936,10823
0.23897327647661093,0.758794480830375,10825
0.4670860487131926,0.09927499701069586,10826
0.5365992862384893,0.9730397007214776,10827
0.920979983857857,0.276595846526863,10828
0.3581179029438526,0.7736899672231947,10829
0.3230908062682788,0.08053144645544341,10830
0.5602036132659317,0.8166012313247738,10831
0.579286546982958,0.5021658737732438,10832
0.966216169493618,0.21095818789785004,10833
0.6076936418321159,0.9217589295417723,10834
0.8986830912345577,0.749034673422309,10835
0.9846955202122535,0.34252447454675616,10836
0.24962419762665378,0.5542391193995487,10837
0.11046356911414346,0.3696229995978929,10838
0.37287492649427323,0.9889246416671436,10839
0.7756965269098144,0.1711286632860025,10840
0.6191958847142695,0.1617956582672816,10842
0.2250951968583511,0.5826776229470914,10843
0.5012030237667627,0.2537473685774072,10844
0.1688537087535028,0.40181798848561423,10845
0.5187666741581696,0.12200151896195965,10846
0.30753667505930915,0.7228707039764636,10847
0.8255481764629143,0.04417937197678978,10848
0.21452169169833335,0.04798035728558425,10849
0.7015286382583003,0.05470188526623154,10850
0.5197714712374821,0.9512760213027512,10851
0.2796096668564422,0.8793028252112953,10852
0.23247695915575317,0.5003583884405441,10854
0.8022704610273962,0.5083458405779244,10856
0.7069207190286835,0.054054915200840714,10857
0.4739132060671526,0.5131521746038323,10859
0.6954355209207603,0.15728756671818522,10860
0.5365691898553796,0.46937108126637295,10861
0.05542968677936355,0.20947297711550206,10862
0.1436474775836899,0.026053113416845797,10863
0.9902200556709161,0.28398718827484815,10864
0.7083718153864638,0.0689811249414285,10865
0.3917601378862787,0.9526654524788146,10866
0.3473887098133036,0.4458172975053082,10867
0.10947961890883429,0.748288838956544,10868
0.5458094578189902,0.21546122867096185,10869
0.0585349837288508,0.7155548334187811,10870
0.6617174649162465,0.4939416284361767,10871
0.36038268170392274,0.24777493996565936,10872
0.9693005652669174,0.12887801174201075,10873
0.2239221607231665,0.8710762000477362,10874
0.8878784287822761,0.24426772276814213,10875
0.4294113388326679,0.7885273301498428,10876
0.7210048002652306,0.5536780319528074,10877
0.17326294443286983,0.7352770215659914,10879
0.6763190360744151,0.7272081191594177,10880
0.7390995521073639,0.41530986746902077,10881
0.4252319239970441,0.44367686293144537,10882
0.9995292120596126,0.10201230293549213,10883
0.39347618499208104,0.37949046038505896,10884
0.8514686872605776,0.9933933774534068,10885
0.9293333064430251,0.250747160913515,10886
0.4676246614648,0.3715747451121899,10887
0.43063843593375417,0.23194476644006978,10888
0.599753596441373,0.9720420432587318,10889
0.5187697049249659,0.42843713450610255,10891
0.835186739113557,0.9329197597420339,10892
0.9007607887985467,0.5541196761948722,10893
0.13157714167028223,0.4046494827344592,10894
0.8176102878864585,0.13025948496745365,10895
0.38203819693407803,0.7915776745862517,10896
0.8334666443973354,0.3397185530245176,10897
0.6592575541484816,0.3440137834087258,10898
0.5177399469336236,0.44965587152770825,10899
0.02436201524617576,0.5993864571304914,10900
0.27142327832044333,0.6974012608610402,10901
0.4077227607500845,0.668605203738493,10902
0.029600309604649766,0.19201976996836445,10903
0.34604574860718496,0.058353819203551094,10905
0.07175743629318665,0.27886973709339047,10906
0.8148536762249804,0.10829617117149948,10907
0.059904368535774966,0.5854395471564791,10908
0.8273306150783432,0.08251094058573749,10909
0.5491657342943453,0.6319604125196024,10910
0.33530403790259244,0.3569315004883753,10911
0.7194653262879985,0.4008856427197395,10912
0.5554243089200392,0.18726571813223214,10913
0.1152545919356498,0.4329911434974515,10914
0.9351192419336203,0.8500149344009784,10915
0.10924724964415355,0.3391693324778454,10916
0.4514529355576067,0.16402610767921044,10917
0.9353812772314403,0.8328427761781554,10918
0.6187337686379227,0.8947088303587718,10919
0.3046156009105476,0.8229679883590545,10920
0.544411050890341,0.6155406772125405,10921
0.8151796560325842,0.96005921132688,10922
0.37981818866142103,0.8993564290897025,10923
0.44687459606446234,0.6568349068553495,10924
0.16958887900830422,0.968152925675581,10925
0.7209270598177421,0.035958187047228085,10926
0.4449743692660968,0.4315537696124392,10927
0.538614686092007,0.6827546689495668,10928
0.4437262440842583,0.5174838512618363,10929
0.35629579531190725,0.031351227532842474,10930
0.13131556295311642,0.3913752407263761,10931
0.2383365895208226,0.195512808334668,10932
0.7615604454455338,0.7877380122120101,10933
0.5291610908961144,0.14359774863220054,10935
0.07141702379872861,0.3767538269072874,10936
0.797627131889561,0.40458594527833136,10937
0.11483063130113424,0.7100219502595717,10938
0.12534152164222645,0.4034327031989231,10939
0.21718452260313803,0.23102509470893162,10940
0.251549450363298,0.012933309895918121,10941
0.14121937265086493,0.13118158430449878,10942
0.25146218387056096,0.41335428023738086,10943
0.9151517790342742,0.6451111256352446,10944
0.28134739945075327,0.7995792907039219,10945
0.3925886683702915,0.9000368842759908,10946
0.6258981775664662,0.7038401098638982,10947
0.6451151529500095,0.04889463866252686,10948
0.24530347693606036,0.7822466598231798,10949
0.9000752170718258,0.31947017737344807,10950
0.012980687713943118,0.5456120565775112,10951
0.5040276631295517,0.4703401787687884,10952
0.8136829228639292,0.12514256620053232,10953
0.09117826873039903,0.16220628140783566,10954
0.8383498087921075,0.153524757267255,10955
0.9149715679428021,0.012298513897787688,10956
0.36982711083688724,0.8917379367765648,10957
0.22018308684752108,0.9641709335138681,10958
0.3502546191621144,0.8977414155305546,10959
0.06944500583960866,0.304617496517242,10960
0.7819255915018615,0.5863484480906601,10961
0.03179306395031167,0.4803486764254915,10963
0.79555526606577,0.6758657594056274,10964
0.14338634920856164,0.4342532310168068,10965
0.9226955949750675,0.22021717314155076,10966
0.1631997374268751,0.9678501527892817,10968
0.4345823112252484,0.595605018570299,10969
0.5628535007893293,0.9707776967548171,10970
0.9288271786816934,0.08894572976519177,10972
0.41264005282950034,0.57437865647867,10973
0.7501978041131849,0.9782640698707029,10974
0.060044496228924826,0.3594820823486906,10975
0.9068669002548714,0.5115385312495125,10976
0.694223566972476,0.45235958330338455,10977
0.40112309636459575,0.9500537740712867,10978
0.12775225316157224,0.933230607042439,10979
0.4521057029472729,0.4010101941770431,10980
0.00644938914484483,0.4452663452642134,10981
0.9840273105716448,0.247134490077341,10983
0.09493589228763255,0.9761696683657581,10984
0.7342377095255975,0.5377173647779947,10986
0.243666099118511,0.8430433083187842,10987
0.6011568544766824,0.8837553924990118,10988
0.9532038370355809,0.79865839715359,10989
0.45450736999591235,0.5764119613661184,10990
0.12037202589049978,0.3593263120963216,10991
0.9714865500970813,0.6382986837060393,10992
0.09525489497544581,0.7745577685489269,10993
0.4044620284815912,0.5871337175043703,10994
0.6440228143828739,0.14031014748774295,10995
0.46612840904612163,0.7293658179205543,10997
0.3650927371763649,0.37031575750095347,10999
0.26663223638808575,0.043316258153821785,11001
0.8969047731986329,0.20476088413286342,11002
0.5589329845104831,0.14746087055297752,11003
0.9201328805042719,0.7860886061496415,11004
0.7540553587623237,0.2678675874020686,11005
0.9045706791266764,0.3637116803550402,11006
0.47767166587980314,0.5071075489782211,11007
0.27859223240100583,0.07307488795327355,11009
0.5786523011509673,0.4860111493566994,11010
0.9552521590879298,0.7949324082501524,11011
0.9623385143367796,0.7055818709631929,11012
0.5323164849142256,0.6962910045318779,11013
0.4611366077682697,0.15711250519149877,11014
0.5171136421337934,0.30552313136904796,11015
0.3015138112006499,0.7497509613638997,11016
0.49010000208378846,0.45476410165054604,11017
0.19810032637024289,0.5715648493836278,11018
0.4804844134092723,0.5304758875119819,11019
0.15595910919610534,0.6571862358999127,11020
0.8335456559851531,0.7493560936705453,11021
0.08378901823287588,0.6322551485749496,11022
0.6293841926189121,0.08810044981466603,11023
0.36381349477989156,0.5456846364705102,11024
0.38218076333782225,0.17001225197417136,11025
0.9955562166222324,0.736243672590822,11026
0.49526352331675727,0.5749713564915395,11027
0.341230015203807,0.47224774832373984,11028
0.6384982889964141,0.7829188001740082,11029
0.9528577865668765,0.3349845664311357,11030
0.5130685608512651,0.06394200057869937,11031
0.19087774226422782,0.8043444929502802,11032
0.44684793895561525,0.08712958784263525,11033
0.5123355293664683,0.6608736455503778,11034
0.2646074959125201,0.361227769783384,11035
0.6393189512251619,0.3032826019520246,11036
0.9573732976542797,0.20600642528222624,11037
0.37694786405249703,0.46179432693850064,11039
0.44614589330232346,0.5783809190676567,11040
0.8743854383876034,0.48230991054322636,11041
0.2547540051517315,0.8826855614069133,11042
0.058986072446060134,0.6717916827503251,11043
0.23457701785878593,0.05668869527783704,11044
0.47562099390923207,0.6209238328452229,11045
0.12212536453406553,0.7415018885698977,11046
0.7602938561488137,0.9555657818527493,11047
0.5859620960462671,0.7352787554569404,11048
0.8681707074903308,0.381881844128939,11049
0.5963622005993666,0.5680967332341407,11050
0.527611841817263,0.9051348529287436,11051
0.09288589189187912,0.8948517163933501,11052
0.7430145228995977,0.5434365029878954,11053
0.613019736205059,0.8221875964173764,11054
0.9964301732217664,0.39327662020943976,11055
0.32478947827545945,0.44821579605646145,11056
0.7848634250238883,0.5422475661796066,11057
0.2035239456671467,0.3207740797156494,11058
0.09831911114245095,0.06535548852808426,11059
0.6173794745137245,0.9123239981127464,11061
0.9791007445635712,0.35704778996268693,11062
0.7464572164516708,0.876735884831781,11063
0.7778913450963014,0.5443020425233606,11064
0.5804196413805492,0.19611087057561793,11065
0.7501247492967182,0.3947311820200454,11066
0.2948897782068203,0.303027652377607,11067
0.3894450316513567,0.14252712737593276,11068
0.20282513678017966,0.8577896833071608,11069
0.11754566257880061,0.35757603019486806,11070
0.589049482862595,0.5655974104681264,11071
0.7445872476182905,0.8407963754591423,11072
0.35191468221775213,0.3231354215680763,11073
0.9755422781540797,0.39054492447970646,11074
0.7591188891285332,0.2747421317957336,11075
0.14432009212860153,0.04528358074602046,11076
0.6957488844788653,0.5422679289119612,11077
0.5593837525160572,0.8653370784661524,11079
0.5351965444986567,0.8126008450911821,11080
0.2872779776703721,0.6932073301148479,11081
0.23463167791343809,0.9491819671723151,11082
0.4555076866499812,0.5634621002148931,11083
0.6681119450279026,0.47718268424873567,11084
0.35594392150688225,0.2054070342418497,11085
0.3133320426332009,0.06786209980883906,11086
0.02708957545757884,0.5770911034826857,11089
0.5082038578427567,0.8843813483273382,11090
0.9597018644526152,0.012744793204938154,11091
0.39410326377068783,0.4461839524722411,11092
0.01377104156424569,0.4320896458704737,11093
0.8483624301465291,0.6974651392081248,11094
0.06800673445698391,0.8862761513588449,11095
0.523938931668569,0.5077010209049555,11096
0.9907998881452635,0.29907978080344844,11097
0.3436392944104264,0.0008179974146889091,11098
0.6605003071031996,0.9188923718465964,11099
0.7313649364444821,0.6310176410065119,11100
0.09701318219162902,0.5147003865985493,11101
0.6095346552861964,0.9222840051941935,11102
0.8185071612163803,0.7719498461657255,11105
0.677579756261007,0.6875993847123129,11106
0.9687153250084314,0.7395008348801244,11107
0.29554107373527705,0.0396495466891027,11108
0.7995891034636781,0.3066336006664869,11109
0.8444395917382572,0.4671293806196978,11110
0.9417692380209498,0.4483544435133774,11111
0.8309471662605129,0.6739482725914338,11112
0.5764423322165139,0.8564951839536358,11113
0.03341280197649399,0.4260029183231193,11114
0.4911697176501221,0.1819613004952545,11115
0.5038286470153195,0.5413537172483002,11116
0.887408862474058,0.737055846188383,11117
0.30038495166699475,0.5468767571188743,11118
0.6695049288275187,0.8950965521237586,11119
0.5791390046870731,0.3021543247045039,11120
0.9672969321696786,0.7551301801060029,11121
0.060672504071163535,0.6083867011422779,11122
0.38374070301350516,0.022293770771044663,11123
0.28656216484309616,0.39744766939233145,11124
0.23868550111648157,0.20544882910742457,11125
0.8547431640185261,0.7801573856745111,11126
0.8058104659669548,0.3931782430293609,11127
0.2430196298292212,0.3369123271324449,11128
0.6065552756424633,0.8185462576725769,11129
0.4095002788027565,0.3435030636601112,11130
0.5633093175004463,0.2915861089578754,11132
0.6233628653973087,0.4552383137797398,11133
0.6740091220359328,0.08850959582741325,11134
0.9936362867174645,0.25999357255134237,11135
0.9986920898233996,0.3837292835950993,11136
0.261267377410205,0.9805716794873949,11137
0.033724838506166144,0.2908484783349041,11138
0.8064452936579656,0.11754548077333049,11139
0.424634748361009,0.6524045096456235,11140
0.1361404038490216,0.9365998168732467,11141
0.2233424686475366,0.8814280232146627,11142
0.09329806161195975,0.7105723589618462,11143
0.5855406853960597,0.7850483545768873,11144
0.5738466619955033,0.2940265854901646,11145
0.1402398090243122,0.9846441486361472,11146
0.3647561239713094,0.46867927397031883,11147
0.7198091708977362,0.08888472870690112,11148
0.7183545600031859,0.559168048645871,11149
0.524586545136258,0.7994353117749307,11150
0.6098442051830703,0.5188995545754007,11152
0.28247400090238695,0.4199825620633224,11155
0.7912827561262744,0.3806006623355267,11156
0.6239050784094764,0.4535029852842649,11157
0.47406111194667,0.7009467821007375,11158
0.0007163047198218697,0.8302717340828443,11159
0.215237366194454,0.40345750084464826,11160
0.3210596207302663,0.12264713325094889,11161
0.9811756521185432,0.5428775928135233,11162
0.4230551791825726,0.2763179984665787,11163
0.264037861098536,0.4639573285169465,11164
0.7763662139028666,0.5588437418904564,11165
0.34984407358334746,0.8107336910057478,11166
0.8595403223796173,0.9522196030803307,11167
0.2511073378211356,0.35495564797131374,11168
0.7053697487880398,0.8284811609841007,11169
0.5269824834941904,0.8478681601238772,11170
0.10626577337912202,0.30282616930127737,11171
0.5795647663383596,0.4178125944815362,11172
0.11122468307342936,0.19471330078125282,11173
0.05297182987587756,0.35976644692282067,11174
0.5392126338379487,0.06524067049997517,11175
0.13334199562587545,0.3718960220228916,11177
0.7084017525355879,0.07335838755733526,11178
0.6012746306695339,0.3744769892131934,11179
0.4091458654808675,0.6635257707829534,11180
0.4812033118407383,0.5897488747209209,11181
0.8344214803733981,0.20830189053579107,11182
0.1561620753510301,0.9801681117971829,11183
0.3907024804354077,0.0705546641421213,11185
0.2306376647531465,0.8020299022780559,11186
0.11546070304088585,0.5301367248569744,11187
0.27805356004614656,0.15976902921172187,11188
0.7661973005495698,0.9527385785774277,11189
0.35226331942854283,0.1625479164454643,11190
0.7900609009170271,0.9640838622738159,11192
0.7951483738029457,0.7404304890884522,11193
0.23006732570310606,0.01475023024564015,11194
0.16994967903389424,0.3699832113851532,11195
0.5748326255375642,0.19928886386539868,11196
0.5282446949578938,0.8209519362453241,11198
0.6145940425208768,0.7362765725120968,11199
0.08815872994507068,0.524766092785911,11201
0.6509966383583595,0.8531078194416526,11202
0.42548584553698066,0.35608819730778185,11203
0.615138751844857,0.047141878378637925,11204
0.7724872239174927,0.16039638140133483,11205
0.49582200328343784,0.844188893626229,11206
0.4675393000277749,0.878364703781493,11207
0.4653978986151197,0.13010958761187363,11208
0.8593878243977059,0.3684458438322047,11210
0.24049801948192473,0.15696542643166433,11211
0.7583407775318028,0.9612041940207895,11212
0.9815033647647178,0.9838186023226709,11213
0.6836564744258768,0.8428068144788555,11214
0.7387765673607147,0.901240988279558,11215
0.9447722621833367,0.689787474044777,11216
0.7294318622174716,0.34333325065186626,11217
0.7704997149560123,0.12986937344520266,11218
0.7845770978141837,0.7893455787581838,11219
0.949091006329408,0.12022653206495437,11220
0.9335475442417469,0.48076089345984885,11221
0.6710210310809381,0.6710298065328554,11222
0.4966135694883067,0.2572556968240757,11223
0.6659047302646932,0.383345653953014,11224
0.6109360470951367,0.9429654033990396,11225
0.9955578163649277,0.780751343729992,11227
0.3901159286442041,0.08850186646014535,11228
0.015358269510539202,0.5947086696629725,11229
0.9950510834506417,0.010418394557944799,11230
0.5195559107946038,0.7661979866920138,11231
0.04322749987960073,0.015954094138924013,11233
0.2419608452947951,0.9653147707149351,11234
0.20119999226277596,0.993462800888396,11235
0.48453459354097506,0.3573219063070985,11237
0.9890648977444477,0.5451534409697786,11238
0.5961240488539876,0.22824590801513878,11240
0.818925512999605,0.7196897136176257,11241
0.6564879820172507,0.33155559909849597,11243
0.07651951937112822,0.38787442851917175,11244
0.94060704271576,0.6074965072046578,11245
0.6719457376056485,0.49021815910778455,11246
0.1278102394870958,0.2974269955028045,11247
0.7710824621675848,0.2081911290597086,11248
0.219730033510684,0.18464770055083646,11249
0.28368737787981213,0.29057285344764705,11250
0.30410093539455174,0.7357470117685431,11252
0.5257238141571,0.8895780106567025,11253
0.4790329649567603,0.8844792297057444,11254
0.35275085569991227,0.44550751949378353,11255
0.3667011991333098,0.6551841620826324,11256
0.4192122403200239,0.837857398207258,11257
0.9662615665049678,0.16380371598683197,11259
0.9851114466823553,0.8073208713530425,11260
0.6401495368915937,0.27598285665988853,11261
0.6715707839032439,0.9599640674630333,11262
0.5801476683585464,0.4649419728738221,11263
0.7414898739507145,0.3849052722233707,11264
0.6855002918530433,0.4590448794258598,11266
0.6037901333764593,0.7569894760403988,11267
0.5581056497311145,0.23017612799838283,11268
0.6401525234033245,0.5138255993898488,11269
0.6130324217702965,0.0058217922206866835,11270
0.7170346704034631,0.5696079358316236,11273
0.4176568771345829,0.03696899744885418,11274
0.6780252749499793,0.6864386639919848,11275
0.28504018700974154,0.32061256302491015,11276
0.24659195496815434,0.39342429765703424,11278
0.4089862450871231,0.4642826656002329,11279
0.8519842260410939,0.8892039277767972,11280
0.7932944607310755,0.583781840622003,11281
0.8705739917682725,0.39172678269764893,11282
0.07027265832970042,0.7650986684031018,11283
0.4293072549999126,0.38205301139632,11284
0.6041141618752405,0.47044639037395675,11285
0.6061892551898779,0.32727466572889685,11286
0.27016576695780103,0.12303490593879007,11287
0.99759713941926,0.05895228951781395,11288
0.45119426499889814,0.07228828612502569,11289
0.5360646192453273,0.1635919722288245,11290
0.34127545046997576,0.3044549735709693,11291
0.514053856894305,0.23820220491126398,11292
0.2607336017025893,0.10276829876872695,11293
0.08604415340908089,0.907564036879535,11294
0.2172974896930151,0.360519968513734,11295
0.3651352651481764,0.5495327408354743,11296
0.54853025399366,0.22140937835320695,11298
0.8766003961797354,0.4475351850493219,11299
0.003672962992973483,0.32871794595661386,11300
0.47366336113272123,0.4261419878395347,11301
0.33798397489152765,0.8434241737977419,11302
0.2788265215758985,0.8069922015918248,11303
0.8840178312693183,0.34073867734629637,11304
0.44982841531542317,0.5964228684083199,11305
0.5367427782319012,0.3393451339834004,11306
0.23124808103494054,0.18220831076874677,11307
0.14400665257314205,0.6889189432337082,11308
0.47631093792715595,0.5562423541186902,11310
0.3493706377867615,0.2378054242515073,11311
0.26648349735914567,0.7665915652432649,11313
0.6862118669976782,0.08258416466902407,11314
0.4535368797437439,0.02345712545025891,11315
0.13772473253699846,0.0651028130608845,11316
0.1057295723660987,0.621325428474988,11317
0.046308628165468435,0.2648053900768397,11318
0.016665211685977788,0.9744752407007804,11319
0.00278150631035623,0.058037625321718855,11320
0.5258136232156504,0.01578646644899606,11321
0.009592505369293236,0.5324357059709,11322
0.6321749230765676,0.868691366696866,11323
0.7966575530867582,0.6910686943244515,11324
0.3753953301307107,0.6236188591500786,11325
0.15993212180321958,0.43273514216059217,11327
0.5226612178863814,0.6607702195672485,11328
0.8874545430568386,0.3447555379204956,11329
0.5057213844985529,0.9792805425558475,11330
0.6912639523773461,0.2986711506963411,11331
0.7134556284056581,0.8539473801938441,11332
0.833252766052491,0.30012154270593905,11333
0.238379186551268,0.29928001266816306,11334
0.2355904074159446,0.3132764349491549,11336
0.6191784705023596,0.1602335830573528,11337
0.025714253616843097,0.8067117003634543,11338
0.07647890223128762,0.427234761239086,11339
0.6577591378707044,0.7345491036242413,11340
0.9256371616909548,0.7574961217704206,11341
0.6362008275721572,0.8559108833973327,11342
0.40803639299282424,0.7917229844657844,11343
0.5623281794406643,0.6472039231409471,11344
0.5700246842598777,0.14942413442888147,11345
0.3934274279926173,0.5124406221348203,11346
0.4489878573375029,0.18542688761725756,11347
0.3380680425263902,0.36733522760196413,11348
0.4609141209182991,0.24353364886765316,11350
0.6655516621418139,0.05647057119897192,11351
0.8871773362922776,0.4129155607982261,11352
0.09443010651378148,0.5267352818163197,11353
0.5612881568889836,0.11229293356850678,11354
0.9855907892708679,0.5754631784962212,11355
0.8097396139295272,0.7001575279602771,11356
0.47725301372707174,0.07126769888077455,11357
0.012666083026563357,0.5155274900785713,11358
0.11679306489936037,0.7366936605642791,11359
0.5811561525193255,0.021388605410830985,11360
0.4055437056324743,0.6634002266480333,11362
0.821925656951085,0.03137678313808456,11363
0.6750608574596577,0.06664911433194298,11364
0.1089564035493572,0.02099306956410163,11365
0.19342816099245497,0.6176759614520232,11366
0.338653833420535,0.17621025736968066,11368
0.9881607429421058,0.25697185128813804,11369
0.904601953308933,0.024395496268164396,11370
0.6484701502463486,0.5353329893224256,11371
0.795418304583136,0.0014665186517802686,11372
0.29075631418380576,0.938370252779364,11373
0.4941875517449399,0.7170066818908402,11374
0.5580191863229357,0.7892073510088872,11375
0.4968926770338381,0.5898339597247602,11376
0.21600266984190308,0.3995803850954588,11377
0.5423248729713638,0.6730459280224278,11380
0.5779179517448433,0.6651525783583202,11381
0.2514056731286266,0.8064532602589005,11382
0.9592330567114324,0.4528749165736904,11383
0.7970038676098197,0.12817467042774233,11384
0.021203302895564602,0.7167877353320183,11385
0.7173403695171228,0.3163957347778731,11386
0.7433160770267923,0.24876856836492933,11387
0.3452322967835121,0.3352604131913065,11388
0.06327867738273296,0.009336514899947357,11389
0.7076143505275218,0.21525937957382435,11390
0.8663984491273207,0.8482725473831773,11391
0.2092426891537117,0.36291970791558015,11393
0.47405603272358887,0.5057297306440895,11394
0.5754826315500383,0.5875267495114095,11395
0.5650159593310707,0.26215783504335377,11396
0.40253452533785994,0.3178005677573913,11397
0.16203131775122526,0.5442947051308402,11398
0.10563691346759885,0.522419257715348,11399
0.6073239392957375,0.8824981906410899,11400
0.22090367880131967,0.6915802323443662,11401
0.5116441777167855,0.14985602119732988,11402
0.2865928769624595,0.6171724583664059,11403
0.9531237377501044,0.0973935983941202,11404
0.28747193486452893,0.5893261247076083,11405
0.06983116448877447,0.10032173676035061,11406
0.11174641072834679,0.9544113937519442,11407
0.5611357066733011,0.5622642618494043,11409
0.7308446308487241,0.8935939476135469,11410
0.4669059779459689,0.8521637096615893,11411
0.11485863672607843,0.09162911473995361,11412
0.2347042481850109,0.43413227120704134,11413
0.6808879035908815,0.18587780031036516,11414
0.5266799240153341,0.6208247779643852,11415
0.03084766198557065,0.5057475571381539,11416
0.6488911834287228,0.7366596876557596,11419
0.7825480306319692,0.6989540059237739,11420
0.8698787785477423,0.34159559456755806,11421
0.30529488929587745,0.4413213736292241,11422
0.3719958362788095,0.3386409066231172,11423
0.6498812566901373,0.7898710254578184,11424
0.5469179686255232,0.7553678810879607,11425
0.9913350580812554,0.9663115633706428,11426
0.13438465570066405,0.5580575935470974,11427
0.3804944786779728,0.48153669859702386,11428
0.9126009113448055,0.10821402724313933,11429
0.23899856182545642,0.6143937902413285,11430
0.10586117500321723,0.9048023500286072,11431
0.23629739818985163,0.25644702984982737,11432
0.5944939433829947,0.4867058857018064,11433
0.29727303951849415,0.705987657716614,11434
0.7157058547053672,0.13931866322640796,11435
0.7318110295720154,0.658267897137714,11436
0.046055157930093515,0.8218180323516434,11437
0.539829895863987,0.42025003950514883,11438
0.8853529933051678,0.8469952670948395,11439
0.75380958240993,0.9704202266000449,11440
0.26402920843016364,0.18289624997114984,11441
0.4289435308126385,0.005457597240128065,11442
0.3170414921439222,0.37491343846986114,11443
0.193113557066376,0.9200173368655292,11444
0.9747516733557713,0.16681223663663014,11445
0.9009862838271127,0.1892261808202278,11446
0.36500371769373985,0.855339503343937,11447
0.30149421187699943,0.9071798332147325,11448
0.6083530944602413,0.18456282026908577,11449
0.9540207984066577,0.658783974865883,11450
0.39470418834496435,0.5388192630103495,11451
0.8151203070115831,0.5499404072090707,11452
0.06395791533200368,0.8101092602019236,11453
0.6672401005555834,0.11844203690216282,11454
0.862919564250696,0.36983408510781324,11455
0.6317799312423135,0.41099556637434964,11456
0.3858237563739094,0.37472540413164646,11457
0.2525764797027573,6.447337911996698e-05,11458
0.24923586418367816,0.11196553245390828,11459
0.8892081176240026,0.22595070185883703,11460
0.6656378768730534,0.7669231457991094,11461
0.4189071741573295,0.20685601917669028,11463
0.40669966195096796,0.9675960656713704,11464
0.596069834724624,0.36879062830885,11465
0.701879434613384,0.3597632889173763,11467
0.49953836415468655,0.5671902273060518,11468
0.6491136254685295,0.8596413525272187,11469
0.8098784897128083,0.48195720277770515,11470
0.3042354107676156,0.21017640719409247,11471
0.9556892466161083,0.2839072111996874,11472
0.35281754354806727,0.9443011891642733,11473
0.06714957885735551,0.35570282215078064,11474
0.4863251365490543,0.22186614028453477,11476
0.6939126957245032,0.2532042361030471,11478
0.024741774169923514,0.16855077547468955,11481
0.004994301267309265,0.01747642132128857,11482
0.3847449908736733,0.011892035006668356,11483
0.6305072723510229,0.978090763923806,11484
0.33241563484050063,0.8933113095768686,11485
0.809918852599906,0.1015391908876695,11486
0.2157500623153613,0.43059602813673914,11487
0.3715428310379778,0.3787888892583847,11488
0.0038973635514332194,0.9826185147086187,11489
0.5223182519468277,0.7494636991461258,11490
0.211573605623399,0.5637184407277172,11491
0.5090902650956131,0.6254450671581482,11493
0.6903909758662227,0.8159977581534066,11494
0.3077091138469381,0.3735842382422677,11495
0.08921744996790026,0.5279996621252652,11496
0.9887885204254994,0.3358376111569331,11497
0.9182989547323438,0.0836696705749791,11498
0.4795175812687029,0.812046360495345,11499
0.5938712156519718,0.1974028580771452,11500
0.7481157107834023,0.010486217008082388,11502
0.6061582985666965,0.9775374841977513,11504
0.008094478766292545,0.074926024168951,11505
0.3027038623867595,0.21578410102715606,11507
0.7526904431439558,0.8851979994602708,11508
0.6901268539258847,0.7294640663812371,11509
0.6055279292777062,0.5239845278717267,11510
0.1983960384152068,0.018653783768805665,11511
0.2883927006456184,0.11316327298860407,11512
0.7067171460011088,0.49906940547673617,11514
0.8488286117434305,0.7466883350181658,11516
0.460547435240805,0.24413943029034235,11517
0.33238219926799717,0.9618658072432281,11518
0.7194065328035286,0.015012475177922258,11519
0.39393818968703653,0.40240284820943784,11520
0.9676266613118785,0.7267875513960163,11521
0.05576363231015602,0.2429056367674428,11522
0.9353051150507765,0.4455113716816467,11523
0.18672959087022267,0.969994271293582,11524
0.03735710449074425,0.5240347375021472,11525
0.7395165111828866,0.683985096701699,11526
0.15512592918931467,0.004449910172226734,11527
0.26575477783673584,0.6395354236912704,11528
0.7729896753842272,0.42224201335884115,11529
0.2167403860245839,0.0694723842919509,11530
0.3852493623881663,0.57191220677987,11531
0.06630176921264919,0.05622714188512867,11532
0.19902158244178558,0.20085160310718686,11533
0.4015843321102346,0.9685458097713935,11534
0.2555034576227123,0.882636514611221,11535
0.9374913593985471,0.06278618691345705,11536
0.14170630064489909,0.8806600984943763,11537
0.15361808377475916,0.7256794815935744,11538
0.526149820236961,0.9621625463965338,11539
0.6813866582591395,0.415587313718372,11540
0.03543838909285901,0.5266805656352221,11541
0.7021376373715983,0.8682311589965522,11542
0.48766235823933823,0.0821150165203004,11543
0.7118406063815294,0.3703676686360087,11544
0.027998332937300696,0.3235492167757791,11545
0.31204296703036116,0.900631858776134,11546
0.32783672462394786,0.8259179828866186,11547
0.1115641633895389,0.44308276020373116,11548
0.2581546950896073,0.37257902383021557,11549
0.6607120203289243,0.07600277094672403,11550
0.3882067668438246,0.8493258018776157,11551
0.9620714759948098,0.04907789520904959,11552
0.5549014969938115,0.6383811072425044,11553
0.7966605421597078,0.24411476439311774,11554
0.297125915758527,0.12440118959592561,11555
0.981581286207608,0.09006038370175817,11556
0.8791805077270403,0.025509073124090564,11557
0.06698612826250039,0.6542362372869287,11558
0.3570678174257521,0.7159087020582097,11559
0.5320043230370176,0.05238068425381692,11560
0.289902950911907,0.7698906077772548,11561
0.7302589978702956,0.14037246671674275,11562
0.20121303479571795,0.175465146598913,11563
0.9676557084168713,0.34390638132009765,11564
0.6318907025587396,0.6361442959766574,11565
0.6218000787908962,0.9868842065325362,11567
0.31756205887792677,0.9219002846373097,11569
0.3200335970169875,0.019657135004429116,11570
0.9494314335612251,0.8801651261575164,11571
0.1508243850577441,0.07312007725948544,11572
0.5387649329604451,0.27003716122722876,11573
0.23076569281568327,0.22233456418961506,11574
0.20169208507293834,0.7511657124172224,11575
0.7993950839174496,0.4039517269357069,11576
0.6160612342335686,0.5962893865002667,11577
0.8717806575871317,0.6536721899205741,11578
0.4643813999519233,0.3547707290210189,11579
0.4665196014973074,0.13192782127484748,11580
0.9158437650802892,0.7827097896844907,11583
0.2469633518279254,0.5285516813788811,11584
0.15571829575313334,0.614639137256351,11585
0.6168845167916994,0.4666793255834578,11587
0.5487143739879392,0.4777349564969099,11588
0.5613814345319282,0.6304496538685491,11589
0.9771272387111463,0.6855120425827052,11591
0.13745810949873283,0.06214801187863883,11593
0.9414021675948611,0.019717552144297712,11594
0.2667370156452663,0.42184234724717795,11595
0.08381479540178605,0.6908575135712569,11597
0.44765477707578294,0.7442232929846626,11598
0.805824685203035,0.03191736100319709,11599
0.5580128484399794,0.8065405819481287,11600
0.4294326911112981,0.8055676142858441,11601
0.8527040551517961,0.42016543943504137,11602
0.35409061471459846,0.14360436914405883,11603
0.7447907969650875,0.3391319060858784,11604
0.7102716249125087,0.16305068229376762,11605
0.14069601235395335,0.7902192326719173,11606
0.33978439493518153,0.09452278036628492,11607
0.9908475209201992,0.603124766571912,11608
0.7823084943776301,0.16244311982238768,11609
0.46748231379124405,0.5234180106504598,11610
0.8642714129816976,0.8381589243706802,11611
0.3785578133241816,0.6173843058828424,11612
0.28906315115429637,0.6367856943309487,11613
0.6771198881092351,0.41846611781480547,11614
0.7218766065607547,0.7269244489254568,11615
0.26020283176858305,0.8385695586507789,11616
0.13094848227120837,0.8885733443044485,11617
0.5605799002876404,0.0946110063102279,11618
0.7930473505378479,0.5616338801199898,11619
0.9696457993571033,0.6141937106405742,11620
0.4702413751772754,0.07116315143010332,11621
0.9413346425774922,0.15365490272126014,11622
0.8446243627875147,0.829038523268341,11623
0.28808912825163413,0.9630013851649891,11624
0.9851774894179378,0.3305907845135009,11625
0.9105446771832802,0.5346978371771595,11626
0.7724734134922692,0.8535920491561122,11628
0.08123861152864975,0.6487019125881188,11629
0.027472466751763513,0.3759222351758519,11630
0.9578121432585176,0.1808043834697568,11631
0.26888444347560747,0.17003947443832024,11632
0.5484688922257627,0.8852816601777538,11633
0.12064786335041755,0.00035562923519838474,11634
0.674006640974516,0.4705643867127556,11635
0.9357573575790872,0.6754942313757321,11636
0.03415525672720232,0.11639629215537972,11637
0.1298582334410554,0.7003355941489109,11638
0.44715250404019924,0.07080636857543254,11640
0.5658270636523977,0.5892059307648043,11641
0.07831259464850382,0.47637689048982923,11642
0.4156973864618908,0.2991629510749422,11643
0.47730700404831516,0.7101026114678953,11644
0.8001811733965991,0.4104825822964979,11645
0.7533795665302777,0.5049650268170961,11646
0.03299761403390533,0.42542087154224617,11647
0.708918123383379,0.7378835782383635,11648
0.25224227035254654,0.5226496394402216,11649
0.0629914555561053,0.8839141356569854,11650
0.17419560568308257,0.307472103169952,11651
0.49552865117888156,0.9196026998476337,11652
0.563056488817961,0.3579061128342793,11653
0.6615029052843714,0.9374930456799095,11654
0.9720588244553864,0.6240285940673256,11656
0.6806488507147742,0.5286427060666942,11657
0.6439563346488434,0.018746035313462417,11658
0.5209693159155722,0.43201161996342896,11659
0.3436011447196028,0.2804653090193028,11660
0.36007022563868485,0.7206777404827442,11661
0.4438352935847498,0.5068985438206391,11663
0.8452851697556066,0.5485410045434506,11664
0.30875779853261964,0.36819331936493416,11665
0.07130760294147154,0.9666785035358785,11666
0.0824881764733515,0.6954005580057372,11668
0.05899669450456335,0.9803157210449283,11669
0.2179178758997472,0.7443304482488559,11670
0.45115536372090614,0.2527191376381671,11671
0.2508390802110183,0.46700119046728283,11672
0.4052588041191433,0.6531019125218488,11673
0.14187288048608004,0.2165442629975589,11674
0.14369700278541864,0.7991314198695143,11675
0.6766439670813116,0.20914605522845864,11676
0.19903427852214994,0.3673807420576839,11677
0.4820879788073056,0.17555132410678265,11679
0.6484245206759359,0.10346904771918897,11680
0.9038707101367086,0.6670885238831933,11681
0.012220447458611616,0.4549030762285209,11683
0.926013650160256,0.4862708041090259,11684
0.19074933433290042,0.5097374205079922,11685
0.1608706303795855,0.6878142727856299,11686
0.00804597471338786,0.24483144097125964,11687
0.3307326522000197,0.10326486030283155,11690
0.21720730050925996,0.1687068652335887,11691
0.2020050912371023,0.8175333262567669,11692
0.1232614275125542,0.6868689409715041,11693
0.18257527042393573,0.050848755125040945,11694
0.28602046322335817,0.8188073303590517,11695
0.9304964952683409,0.8401471015928041,11697
0.32923219376540924,0.20150327856979733,11698
0.26599123529606516,0.5280162354575599,11699
0.9205255793724065,0.14262783630295106,11701
0.4897398152169862,0.1965315696616643,11702
0.7974606701141288,0.22945307583010677,11703
0.5611064048172224,0.6281923157458343,11704
0.09973795755653625,0.6372522053262194,11705
0.14782485907305665,0.5612427571746357,11706
0.2630467749668265,0.4230269746753438,11708
0.8790235226727563,0.09176835287256646,11709
0.362315100069574,0.5273994515310129,11711
0.8059930932474528,0.05334723150914533,11712
0.693260745143143,0.236149598964292,11713
0.6476491124967532,0.9795285272109084,11714
0.3552024799930946,0.8762393015235939,11715
0.29942389007999526,0.8510656846974461,11716
0.8890280724242433,0.09918154364943854,11717
0.38811891273230836,0.8469446544166441,11718
0.8806547697680394,0.5007779790161736,11720
0.5918665754239932,0.3620521306690767,11721
0.07325233642766449,0.3916520526402332,11722
0.4638187661956523,0.1743159645784771,11723
0.2768254613672122,0.721198967851611,11724
0.1340542816924961,0.26023120122743415,11725
0.933466544060834,0.1585970616859842,11728
0.6530039444887396,0.12820303507242936,11729
0.9158918913881612,0.675174801544248,11730
0.672396751244356,0.8083802311270459,11731
0.15114502030725052,0.33250396354315914,11732
0.3616019504868788,0.7688859227656166,11733
0.8035999496936559,0.1934864993872778,11734
0.5734049152469249,0.17598245334205054,11735
0.8901433435029749,0.5141254617854231,11736
0.690336847799961,0.3503742137374629,11737
0.4530518947328086,0.1546599547512425,11738
0.02237201659371646,0.21092376202914775,11739
0.23451960135296868,0.9635691848345495,11740
0.9086428823367576,0.050311892322127405,11741
0.9182237255537329,0.8454666622543624,11742
0.10045178471469085,0.6761288770022141,11743
0.7702953595226335,0.7623479616153505,11744
0.14502112860410743,0.4336778877346986,11745
0.3750967340290784,0.8637758613415804,11746
0.23845463607177486,0.20342532060384022,11747
0.5685294682347881,0.86993180647783,11748
0.03288347849738038,0.8145724336782616,11749
0.5347090898701126,0.029380695615923713,11751
0.9620034606663708,0.5714248020471292,11752
0.9298960635425565,0.16556142212117697,11753
0.2679113205469996,0.3378774331378094,11754
0.3468016335775227,0.7180883276902537,11755
0.2989487040864226,0.20383503070663367,11756
0.13942511564246463,0.5011284892543678,11757
0.03032660964043532,0.854884511926469,11758
0.44065232778341823,0.7892743864104997,11759
0.043430907983495026,0.7868845336979817,11760
0.8385789812367284,0.4528117759335182,11761
0.0002961714032644336,0.4706718531562919,11762
0.3002742076061673,0.6639796121613487,11763
0.9944142621039008,0.7726711738041219,11764
0.31876814935649234,0.9764950138421966,11765
0.17194414948280823,0.5742033389797001,11766
0.5675840880961321,0.8188666289670509,11769
0.10769953252005504,0.5516155940811445,11770
0.8744949545137091,0.25160250473264956,11771
0.7082643270949419,0.22622918029915673,11772
0.902373897627603,0.7904855093186316,11773
0.9110059404980739,0.8196079485884593,11774
0.3839036956184154,0.8574133249143153,11775
0.9537914837104817,0.6097574566231033,11776
0.9348419099284779,0.5680211257830868,11777
0.6764257063577113,0.7779004510003037,11778
0.5358724604471737,0.5262563564909783,11779
0.6568753445405936,0.21329863083415224,11780
0.5734625728855574,0.40789828696025465,11781
0.4346352369765816,0.46683628027085744,11782
0.7324078196231902,0.16440470850946376,11783
0.23315018055250458,0.7728048424153167,11784
0.6940197470218062,0.1614450942787331,11785
0.6254352323045549,0.98829360140021,11786
0.19950192249928378,0.4766917130554591,11787
0.2942674070239242,0.8101914332566417,11788
0.573414676564187,0.7643185451402873,11789
0.6302761187245307,0.14191526947999478,11790
0.5851497142541098,0.04386460920066637,11791
0.4580885219254285,0.9451268268849516,11792
0.9022809286443004,0.04296070934219631,11793
0.16435119369463347,0.9737371819339288,11794
0.8886555562320618,0.6821853316731236,11795
0.3440433583386254,0.6722436760712901,11796
0.7701500820645286,0.559954057058315,11797
0.4247854849637709,0.4947545286903898,11798
0.727787387902708,0.16945970807901523,11799
0.9823735046252159,0.4640315937250057,11800
0.15253483718332306,0.42552611677616003,11801
0.6128837445724769,0.7607861900447865,11802
0.7570658933904469,0.03564323314081996,11803
0.6894071368999044,0.038529473661312874,11805
0.29674217353391186,0.8736677716865838,11806
0.7407401681090974,0.4453154420805897,11807
0.9791672599482686,0.4152514668250209,11808
0.08866755856430375,0.7306442477775523,11809
0.3171823069802189,0.18712168021373898,11810
0.8935705940246934,0.44353183863618806,11811
0.8684811654146178,0.2921236577766618,11812
0.8503453205836077,0.8837417459129625,11813
0.5008135527572469,0.488929218321413,11814
0.6648320759560195,0.5783777389229597,11815
0.12914775820750912,0.7496019561382777,11816
0.004612029103701842,0.9046875099882904,11817
0.868150549904907,0.23153825748799417,11818
0.5231008754502551,0.42183194587426864,11819
0.036019773607457006,0.4136211280173955,11820
0.2075894293523869,0.09172396953631812,11821
0.8894891001712634,0.15238098773748365,11822
0.631131085055651,0.7545913197586864,11823
0.16463983262720694,0.19265782765963446,11824
0.10710731438689947,0.980348157675817,11825
0.9768398007914283,0.8532680441254689,11826
0.0931994035110647,0.21596091664707529,11827
0.9252799485663669,0.6893022795734067,11828
0.1077744643176205,0.8989160230213802,11829
0.48217887046811425,0.3455149261156455,11830
0.5983496855310817,0.27713891803463686,11831
0.7554922056508958,0.834673926830217,11832
0.24131485790893947,0.43661628664491225,11834
0.3561595439675517,0.8706377394215128,11836
0.3132940453420696,0.9716527818584351,11837
0.781116375490417,0.37855032012362333,11838
0.937560970841181,0.12165761014542376,11839
0.811886400324852,0.796880816313015,11840
0.06856438051567881,0.943735973501985,11841
0.07565032039000119,0.6925495773137497,11843
0.420270350800372,0.3320906181442167,11844
0.17041090374868617,0.348841583053458,11846
0.7890236062114195,0.8733690332699292,11847
0.9083796424626702,0.2751245208913764,11848
0.3551044803803709,0.989081617156316,11849
0.8275128021458134,0.9339885333028217,11850
0.7297643572199783,0.20075705788154108,11851
0.054257543924642326,0.8737652897870776,11852
0.09886274344201007,0.7367599376639661,11853
0.4524551558920117,0.9316245518688433,11854
0.8091324600465051,0.3079151295719533,11855
0.3527740047178033,0.0478559366913357,11856
0.11336877324682593,0.6990466906075007,11857
0.9822153634947733,0.17183527027212064,11859
0.9157392221779663,0.6255752543108251,11860
0.9335302024108121,0.9993091728739956,11861
0.1246473779749665,0.7414839032728504,11862
0.90109487138023,0.19661996564083717,11863
0.3767643548896936,0.29400838843380883,11864
0.823139988515215,0.9466357854585565,11865
0.39806080021004964,0.024394528211098,11866
0.21652394959667753,0.6484337699031206,11867
0.6854873051705566,0.5765397259060868,11869
0.13827104338014629,0.2822151654564996,11870
0.3346474737706915,0.6625678430208616,11871
0.37462208830770727,0.5397109835173584,11872
0.6109195495321182,0.612008148933219,11874
0.02346484932903259,0.8220563319538953,11875
0.9180086865523145,0.7807619475151932,11876
0.04110236816056978,0.9993162818953567,11877
0.3101269402921749,0.7838700129421412,11878
0.3038106058819895,0.2911158538593899,11879
0.8454599485319484,0.340472134897005,11881
0.28624493704816123,0.48557430561693427,11883
0.24347707750442515,0.4505851242785097,11884
0.04310432308165224,0.13689943088026635,11885
0.5322385654388774,0.21023529060430668,11886
0.9101628159042899,0.49306837161956385,11887
0.1558888107036872,0.9496994013977801,11888
0.4752093506767463,0.28966749600935826,11889
0.5404768545227667,0.7353930766759408,11890
0.6593036290688009,0.9445416521317472,11891
0.16629724524703637,0.8987225286710003,11892
0.28894982753389153,0.3479520119746041,11893
0.8679432615042739,0.831627723743177,11894
0.7895628450648045,0.20653240872153367,11895
0.2992255043691614,0.5846132641174524,11896
0.9358947116817449,0.514399344213348,11897
0.9647905837462373,0.9960467240950404,11898
0.9811025139533993,0.8406780827456325,11899
0.585784125191529,0.9367676385304914,11900
0.15424271230075015,0.17173874398001054,11901
0.119139386263858,0.656236291367881,11902
0.8239409003236636,0.13790449140439665,11903
0.5665001728175786,0.8787267772691397,11904
0.939057728476512,0.2525483952600779,11905
0.7739208964426387,0.8998812714384522,11907
0.09732316229500648,0.7403659840336019,11908
0.3955138179641873,0.6019388058148009,11909
0.6787766408624902,0.7688636888790247,11910
0.5806529629728107,0.32764643867398335,11911
0.6868664347768128,0.6330121990532382,11912
0.49546983286498025,0.7716572497355061,11913
0.8516025036056689,0.029389007841800874,11914
0.23878101283359743,0.589820179254425,11915
0.7766311179213551,0.5917242387191967,11916
0.05155444406421772,0.03660418233857521,11917
0.6519973267706348,0.7202497955497347,11918
0.689977819540124,0.3818229049798728,11919
0.7686507761219797,0.1369459777861054,11920
0.13835895782354057,0.7179841947302471,11921
0.05073644449692982,0.19792559072814697,11922
0.5504478815372923,0.4924952090991235,11923
0.7366689141909327,0.35953882560218386,11924
0.11764355113468083,0.09306112020923574,11925
0.1911128246661843,0.45269671550226076,11926
0.9505729180859452,0.13732503301448684,11927
0.34520808698270045,0.3494851000890592,11928
0.2103936221268261,0.4727316861475186,11929
0.452525149046077,0.17637164292728602,11931
0.34635442654604587,0.6365694228282671,11932
0.32631774471633046,0.04132786508476949,11933
0.30856903499994925,0.9457846629889172,11934
0.5856334587274004,0.5434689755025025,11935
0.4730586372842682,0.9089983174858899,11936
0.6874945167562495,0.8172310557934683,11937
0.4470854794297694,0.37035637892369366,11938
0.08004618662978369,0.8511455290530238,11939
0.10556280609605473,0.6622691315403803,11940
0.6104749259312414,0.6904625902413161,11941
0.9372652536112813,0.5073235149192091,11942
0.5832309128569904,0.8024591525379922,11943
0.15086597892374265,0.36764019823261174,11944
0.6358589701911012,0.2101960826563093,11945
0.2270794998146769,0.5953121026779741,11946
0.19607849217393625,0.1965631812286287,11947
0.08379845680933529,0.9665642533291875,11948
0.8156713485148002,0.0722839423902345,11949
0.5074836945530106,0.9403032005069616,11950
0.6694304100257872,0.022627154804591543,11951
0.4376969094189882,0.4303716287536916,11952
0.2215668228902289,0.8467238270137945,11953
0.6757664177749726,0.8690370419757718,11954
0.4057443584190966,0.9166995716782588,11955
0.8241249514312434,0.048218430960690783,11956
0.2690842662408245,0.24500966104146027,11957
0.9926663135338001,0.5927324804495638,11959
0.6106512305988256,0.5150642791382961,11960
0.7728254252217317,0.8311833791392381,11961
0.2701395952841794,0.12197847914962223,11962
0.6241404225288385,0.3860608913592426,11964
0.3426378314091576,0.4273136830958887,11965
0.5583424942967931,0.5885249565260738,11966
0.6155884534486628,0.09308901888819643,11968
0.42840503803595853,0.41849635917894157,11970
0.30144916314418224,0.6457692282785699,11971
0.6982657627451538,0.6897918309810478,11972
0.1986564625612829,0.706038570991674,11973
0.31459662693131174,0.7696096778550641,11974
0.9400719862493003,0.1381715565345749,11975
0.28383249540364563,7.658416187883432e-07,11976
0.11459110912937609,0.8429869039266024,11977
0.19946576593481014,0.9833741571477019,11978
0.55498842480824,0.36351259733862296,11979
0.0903178886658047,0.9338678176221826,11980
0.5219825020892664,0.9435091960811023,11981
0.8547820429411295,0.5306063992603697,11982
0.4081545579534245,0.9919718488769149,11983
0.30557211553497754,0.8869618498518043,11984
0.17693963805328095,0.6134339366370457,11985
0.2896658339900515,0.842667101362198,11987
0.3484752295042268,0.5772236360744342,11988
0.10659031396940255,0.7025805958905282,11989
0.7953770217452839,0.17937473947761484,11990
0.3552419994161181,0.8306293097130507,11991
0.5644181021017536,0.4523790817150165,11992
0.8782994873321146,0.21395309184542988,11993
0.6892218379176618,0.005263706570426296,11994
0.43784922476258814,0.5466372948619757,11995
0.09833498601303337,0.1387640124999121,11996
0.5081259992099165,0.4715342186329605,11997
0.9456322068960709,0.01170576126639633,11998
0.1296706054279041,0.09765482254681057,11999
0.16970734431838652,0.7770329720440602,12000
0.17715757505996332,0.4692825093345425,12001
0.6028701179306528,0.4234599486810926,12002
0.33342429111222494,0.9970879766980042,12003
0.49708406415292583,0.5920844748133375,12004
0.1173420200725872,0.5127171772881711,12005
0.7230464267847777,0.7057489180821943,12006
0.9951468689018116,0.4212373272181362,12007
0.37495156289495235,0.7554474405459881,12008
0.7974989887139301,0.9647417763485886,12009
0.017867550759626205,0.8022490922295488,12010
0.5837038495825303,0.9476152443152864,12011
0.23057160671761778,0.5387818392432947,12012
0.9452927722353323,0.757959596879447,12013
0.5202291295684776,0.693130439992654,12014
0.8219457893151336,0.25204074656142017,12015
0.5216961510929675,0.1857949722803175,12018
0.14173345659063308,0.6425574193366798,12019
0.3953084124186982,0.4155831183263905,12020
0.10351246271510639,0.8068485347354817,12021
0.35564123899232125,0.7855823108399692,12022
0.37060364193079665,0.9459190980538096,12024
0.6600640888411237,0.7864180191216148,12025
0.7654220135734138,0.6547885751212383,12026
0.9993299816755316,0.35794935924919236,12027
0.570637031771455,0.26603057526979523,12028
0.5690639375638019,0.48302661089196297,12029
0.6007127140290085,0.07485634977379285,12030
0.6056349645350838,0.18735719446476284,12031
0.5988180071304795,0.6018584961800165,12032
0.7596633969726919,0.6379279324994047,12033
0.9551190358810253,0.034587958349678205,12034
0.14047712778057353,0.7710505028570201,12035
0.6909841183159717,0.5374837170903523,12036
0.4247961562646756,0.19337329780052404,12037
0.973813806605018,0.8319047865972661,12038
0.3874870219281079,0.08922176602151799,12039
0.5810842614040787,0.45582189897048964,12040
0.8603857129330812,0.7874196553530436,12042
0.36317424032725065,0.3432895731861988,12043
0.930304343212859,0.5931685281898887,12044
0.6429448578277519,0.26909659142248554,12045
0.956561083590236,0.2851533693267094,12046
0.24527536420544915,0.15553823415714274,12047
0.8574265611581778,0.5069343720178429,12048
0.8858331769937854,0.9001937917995005,12049
0.2733075383875798,0.5877139335344684,12050
0.4179874461724089,0.20475961659095676,12051
0.7530146808535837,0.005604994578867317,12052
0.9682699008590798,0.06921464403587785,12053
0.29721094824315264,0.04991564986740116,12054
0.7067572990070583,0.2514109370360281,12055
0.2561822721628968,0.7539379280551083,12056
0.9660724984434044,0.9730633455496637,12057
0.818748753566798,0.5524295213953027,12058
0.8293307649539762,0.6933755171645074,12059
0.6215237231207902,0.387185486505747,12060
0.3956433658189532,0.6309424940993112,12061
0.48488378898042905,0.9009696824242657,12062
0.5448950647964691,0.6181018412716823,12063
0.23923920473235138,0.953559114938534,12064
0.30287295001070536,0.9241075497138327,12065
0.5504942673275545,0.39662708629609467,12067
0.8964549835537683,0.7877591162903673,12068
0.9393624823769869,0.18523475592705885,12069
0.8617833870237719,0.5118293106297425,12070
0.20187362952507737,0.04841331669071569,12072
0.6716177025674356,0.29926030176745333,12073
0.15936736960308728,0.055458331691267904,12074
0.503342289987292,0.5942231374249328,12075
0.5079100938247373,0.879233668950656,12076
0.9330135832382984,0.8138548031489875,12077
0.7351663549672329,0.9108952670354334,12079
0.12989316634416515,0.6382527846065873,12080
0.13774345223014928,0.2621008879499178,12081
0.00012752401896909404,0.07945799168786827,12082
0.911391392144487,0.7724978137271776,12083
0.7199112893230997,0.5109710788694464,12084
0.11225851640161855,0.900320742030302,12085
0.7173195531266396,0.8811094689642393,12086
0.9841751718429576,0.6134212108960545,12087
0.13191447870055473,0.23011286537955156,12088
0.35818786540393954,0.28105086411011104,12089
0.46727512637194013,0.2640881948306514,12090
0.8412234780421579,0.7234349810655637,12091
0.4341717106546388,0.14689728145450542,12092
0.7483260746809467,0.6109437637871568,12093
0.9927634252136772,0.8486807329162903,12094
0.48668262323523614,0.23336856978585463,12096
0.7602512892219484,0.25269305130178454,12098
0.17461927492745477,0.11957253846315652,12099
0.6926599060821637,0.24324054827431185,12100
0.7602382657988909,0.6287623750018397,12101
0.40624271187497185,0.40816653820951965,12102
0.22889457328644747,0.6893557147155515,12103
0.5451373979475592,0.04604679129617095,12105
0.7090366299324479,0.5245613449963074,12106
0.605776662767434,0.47353673631836624,12107
0.7109527639533328,0.28463699996882896,12108
0.3171051607157147,0.963739786215816,12109
0.055601676099763964,0.5818127902015975,12110
0.26159420330699246,0.4309683496793151,12111
0.8558539813410146,0.20836317976845342,12112
0.46529198980412667,0.9606275601033182,12113
0.4935697341977132,0.23164634348115143,12115
0.7716098510883161,0.8735408980584524,12116
0.6086105918304973,0.5458603997105476,12118
0.21679140990022194,0.4898156837519524,12119
0.319248656587541,0.6293314997738076,12120
0.01660588642637173,0.8998367891961025,12121
0.3453128006335383,0.029189017305254583,12122
0.09001355513370146,0.27303751406957744,12123
0.9120943024743728,0.011158030209764469,12124
0.9253235365232783,0.563621310289048,12125
0.8571543788104498,0.6570501336927899,12126
0.41882061746480725,0.2598406760527191,12127
0.9516603424406731,0.7832820810632898,12128
0.9710485280385638,0.526200211409944,12129
0.9558160661161109,0.023957584322443548,12132
0.4175396957932086,0.7933286750404096,12133
0.17769864151542503,0.3751304206212226,12134
0.823018759408669,0.09358341033087425,12135
0.18724260596914055,0.4962741102331505,12136
0.8933124618933868,0.07714502973433912,12137
0.16672791484005378,0.14613115195120863,12138
0.7040670215005493,0.5391163627059223,12139
0.9119307442013674,0.5951299175622056,12140
0.7293159398556945,0.6250986649111322,12141
0.7908204926395117,0.7545164124678956,12142
0.7692950016324639,0.6851494730999551,12143
0.15648124754227144,0.9652391918935048,12144
0.7631080980273997,0.4677337649673641,12145
0.4338607215210051,0.9313497772827347,12146
0.6502609914014317,0.5925097601676325,12147
0.3178097931705419,0.9979812155046067,12148
0.23226697037160515,0.38563707540393855,12149
0.46141839508509075,0.11675841742650639,12151
0.14842392450576591,0.40689627134450124,12152
0.8252954533047488,0.9597422280226348,12153
0.2098242234556188,0.4421219524012746,12154
0.7162508476146252,0.6552661458975403,12155
0.10967482900379255,0.9564885879852679,12156
0.4975784683884793,0.04294318067405123,12157
0.9112326748310093,0.9626177419107835,12158
0.49819214382984256,0.7565546192720906,12159
0.9741299582622726,0.9033178870670016,12160
0.7955515132796683,0.5891597374602727,12161
0.46820068765002554,0.016441686470310635,12162
0.17732863927683906,0.672819863771676,12165
0.5195515689014228,0.23057601580162357,12166
0.7906597476335376,0.3630143768160462,12167
0.7667374579058006,0.5322875043183933,12168
0.38781819907622517,0.14649940900118497,12170
0.37284328711806114,0.5701484739152662,12172
0.7303516205720927,0.7654224053170329,12173
0.005310372342203551,0.7285508440166848,12174
0.2517944952726012,0.8047316249801323,12175
0.48873408670124674,0.6225750766116531,12176
0.6588297984881957,0.6408080291589254,12177
0.16985651837505733,0.29849304659434117,12178
0.9043421825246029,0.6391474023398652,12179
0.567378039607746,0.1721090788110815,12180
0.7358792417926757,0.2616684528834722,12181
0.5047801740368051,0.7426744640783652,12182
0.7205290688109306,0.9629780487827915,12183
0.6067867197750685,0.5843719706106871,12184
0.6132010827317584,0.5050461321471761,12185
0.11646832959377662,0.8538103456572906,12186
0.7822827347128507,0.08126959967482539,12187
0.867914872630296,0.28847565767936756,12188
0.794767137440318,0.8399027814943031,12189
0.8880609946679738,0.5403305897522602,12191
0.6952311987775912,0.846877480545971,12192
0.4436385358874514,0.8276120442630638,12193
0.6607952987932598,0.8058152921592052,12194
0.7102071671957444,0.8527184502621612,12195
0.7165885158494378,0.9088898542176979,12196
0.8960411687911516,0.12182437491406273,12197
0.6059852477841569,0.5072641812501116,12198
0.05378954775467992,0.11396454242147003,12199
0.026009174777100297,0.05569022276219737,12200
0.8243648722573985,0.6013797899153636,12201
0.7639434471033265,0.4510978528719555,12202
0.10623209650047405,0.5160420720146962,12203
0.7090337870070602,0.7459583114158894,12204
0.8262294654702891,0.09827163718353249,12206
0.31388530238331347,0.9472856966975461,12207
0.8355257752133324,0.7195216273958086,12208
0.8758008047152109,0.1384387172332282,12209
0.027664889566813677,0.0032621671666407392,12210
0.10961202393130542,0.31518524466645026,12212
0.49801228672165465,0.8396629535785426,12213
0.42485116265289147,0.4040062150094951,12214
0.8013248106292299,0.8825857528937162,12215
0.24293930421738819,0.9969049772348935,12216
0.3898374189152152,0.06262032841278298,12217
0.018265328083987842,0.5183527877979837,12220
0.43944864758041247,0.08234302865447585,12221
0.12625460223086937,0.5629344394831158,12222
0.8191534645306394,0.6964335513947049,12223
0.32110753452517304,0.8260035755514287,12224
0.5598001510904428,0.9093792814180816,12225
0.9390685299461681,0.13168102326667386,12226
0.4435819725663722,0.6880160946598962,12227
0.01793536279984842,0.13522699525230397,12228
0.7929102052424308,0.6584188448734954,12230
0.8924044676401149,0.8001343195816625,12231
0.501342595983537,0.8803500691452338,12232
0.9613788268561448,0.8708772395733788,12234
0.7196878929336583,0.680956235607806,12235
0.7277306952520197,0.7132469494116213,12236
0.7772421751725846,0.6742114369379807,12237
0.31510386456386374,0.5391856443158258,12239
0.025799124926499828,0.5079954488437862,12241
0.22433657707578458,0.35558930930587995,12242
0.8079470395736246,0.04525797894175554,12243
0.8811679541690065,0.36509891347851897,12244
0.2935243981177069,0.8638221571488088,12245
0.4183120951446547,0.757822390969027,12246
0.24994843940289013,0.03588498571259435,12247
0.4459491178787003,0.6359664560590852,12248
0.5903905649437453,0.9680598896521684,12249
0.41802255853037085,0.8864402353351641,12250
0.4366144733972933,0.4928978746380376,12251
0.37588526796527555,0.552734913975699,12252
0.5434247044891153,0.42889484910894937,12253
0.9145942491526835,0.5529786506560586,12254
0.2563593137386935,0.30843853643153163,12255
0.6837247876965586,0.6588265041851507,12256
0.1625929908722621,0.8734861975203124,12257
0.7254399570956737,0.07220578792766974,12258
0.13048973656920548,0.29391979900928566,12259
0.007539582752185581,0.7135170234140594,12260
0.42366930823269244,0.7100418788238302,12261
0.984816973629812,0.06966440289336273,12262
0.9844584783744336,0.5671006495442891,12263
0.6150972810124037,0.8040492036563054,12264
0.42524633263881884,0.19290666573488202,12265
0.3491288667173955,0.3624669013026586,12266
0.36757349455362387,0.49373786239661677,12267
0.5073712017738321,0.01786297177950702,12268
0.019918021359977778,0.043500753548129656,12269
0.253585506846135,0.07741953903651766,12270
0.710307737577617,0.8306185912898288,12271
0.12154958937151106,0.1385527090557339,12272
0.06113972578163129,0.592497465470665,12273
0.18452226206385947,0.1654814288835451,12274
0.7205772652784371,0.0019853728684917638,12275
0.9085547004134178,0.9105280783855487,12276
0.6764051479473814,0.6796787840645884,12277
0.12850012710813064,0.08649441891927823,12278
0.13288009820721436,0.5100535131175733,12279
0.8569376985264264,0.14385093786484737,12280
0.5430192974636346,0.953583440686556,12281
0.787169037364523,0.36170577334186327,12284
0.8518045462395696,0.13686690759603026,12285
0.2576932059131788,0.021370170477310824,12286
0.6456222071279898,0.21173387890638817,12287
0.5913542750004317,0.35682038650499504,12288
0.15271608120293378,0.5936131478898253,12289
0.423354339598748,0.5881081985539817,12290
0.7634995747090647,0.9671998222429546,12291
0.5849820526236457,0.8876916371319626,12292
0.6214908586474676,0.5892545164367525,12294
0.8079225725629832,0.3088413155495845,12295
0.714185255341231,0.785479243737159,12296
0.714941742721011,0.6541462842496693,12297
0.9183497767365684,0.6450637727578954,12298
0.3049591146543996,0.48783639930171097,12299
0.689604733528272,0.5393630542152874,12300
0.5279753658880485,0.6241481353928723,12301
0.10531335242115625,0.6855337807768133,12302
0.7957206596924635,0.09671024226304892,12303
0.8361843050611536,0.2779879205439214,12304
0.3202185370728782,0.44245586786005453,12305
0.1224628288545927,0.1434907864959435,12306
0.7978850197555996,0.6487172171464679,12307
0.9695548419547729,0.2298968250918777,12308
0.2734812401441492,0.9617085372533767,12309
0.14333193376883846,0.3334956646011725,12310
0.5198705143988539,0.001778734890566236,12311
0.7078840607334297,0.8586257162314962,12312
0.3419930989439329,0.1452057340066324,12315
0.04038398975160484,0.28040666064778086,12316
0.2786214495464322,0.58820786636359,12317
0.24991384530569016,0.43839752499232587,12318
0.056925531027764986,0.7463996739815162,12319
0.7624554460151107,0.24140884934115692,12320
0.6187384879454026,0.007097335982129693,12321
0.03806679378868005,0.1688303913851008,12323
0.8958175886864167,0.6324826188489986,12324
0.16544017852978066,0.7096208066812655,12326
0.35770697604457435,0.34103100648432005,12327
0.5443821182028117,0.6630806447763853,12328
0.2746177246818189,0.4400229014997835,12329
0.7439646343603101,0.9885288419331675,12330
0.3766473264888378,0.6085460500170025,12331
0.4645653998016992,0.6742086346665769,12332
0.1349389940889375,0.30019356681939535,12333
0.5096112246895781,0.6280481104501809,12334
0.45444746440348116,0.3329728885251576,12335
0.20246764709013054,0.3119974809525723,12336
0.6031122209538371,0.6259852203522519,12337
0.19746210041163514,0.22818613203886395,12338
0.39503904441997295,0.5920922409690534,12339
0.8217117521935796,0.6519140060164232,12340
0.9010374596077537,0.3516115065218225,12341
0.3645519669600845,0.6781631549570943,12342
0.6213569138874174,0.08330699306846401,12343
0.5356320412634555,0.9609450198721697,12344
0.29364026513716646,0.5547998504104599,12345
0.026565267916821123,0.14238932514626856,12346
0.03005036463610322,0.8721032246346102,12347
0.4235718567608706,0.07210523816067893,12348
0.8319035176722167,0.9358202319432173,12349
0.062133094680157375,0.5718089824673739,12350
0.4028992904401154,0.3971001753441774,12351
0.6947800158411894,0.47263587295693377,12352
0.17682795033106524,0.42172992420161926,12353
0.5586119359686974,0.19118071039987905,12354
0.37863640102395546,0.1942107217226734,12355
0.6118916858454875,0.6677793384938113,12356
0.18481270406590278,0.8736189260669964,12357
0.650293009059335,0.05970840339120731,12358
0.22427393517508443,0.5425033681264646,12359
0.13403123118910565,0.9487650384563364,12360
0.8311917135272673,0.8054938222536211,12361
0.39852616564701715,0.27680296117290093,12362
0.2657530503727292,0.970789912193694,12363
0.14335398455812387,0.9791648971687302,12364
0.9452811357054568,0.6486443536077947,12365
0.8141373826720548,0.9940239279351138,12366
0.0026699930335379873,0.6393631035292793,12367
0.5806830298370564,0.3216545170674575,12368
0.6762258076597476,0.3354628153353063,12369
0.5905426576778857,0.9654692489959442,12370
0.8736820891920093,0.51847743992183,12371
0.5168336823535754,0.3121242008198345,12372
0.5529272289030811,0.9829930026533727,12373
0.714421143788724,0.9623480235624924,12375
0.6401571144213204,0.4270047305942588,12376
0.15734600957118317,0.6433685187840814,12377
0.36284029459575384,0.04396998961449239,12378
0.5217829922103179,0.05859769339277365,12379
0.9327510728566683,0.19229846591298771,12380
0.19642396624188652,0.5379130657574163,12381
0.034096756416999274,0.2898074794102343,12382
0.6535834439684224,0.4582137242762826,12383
0.616067554600455,0.550056410344353,12384
0.8796034994318824,0.5648286267137482,12385
0.6580656980981182,0.07470759700514262,12386
0.33507341983674666,0.9001365821145701,12387
0.4605492113178702,0.43077199464365035,12388
0.21870361324361132,0.4218769245088848,12389
0.18914508459907908,0.37897550577706685,12390
0.6768509916598476,0.8101411981579887,12391
0.4042565277055977,0.9498125039676328,12392
0.7851853388037914,0.20009397674742047,12393
0.7578743768088416,0.7083884316853576,12394
0.16242309876737016,0.8260551510490316,12395
0.19593301244461825,0.5836363836800093,12396
0.2238489164388262,0.24552266073054874,12397
0.9396601659856402,0.17539322667919732,12398
0.42216464725650893,0.11083016769546716,12399
0.12977644987227688,0.5991767262543417,12400
0.5211697170345164,0.7101975633738675,12401
0.6978029466535799,0.4073443324954916,12402
0.6976383892927832,0.3042390036501601,12403
0.2623259838898192,0.1548445387116969,12404
0.12894757123250888,0.2018461269690549,12405
0.8351977570068592,0.021275287743810378,12406
0.39913103126790006,0.2783400176814139,12407
0.8022206313847292,0.7125137652671538,12410
0.1436732022127547,0.3276887631488816,12411
0.08382687845269354,0.1550512799072158,12412
0.3606028279231944,0.07654942883825899,12413
0.8907606467579574,0.31606888250210763,12414
0.9677782631597205,0.6131021493304367,12417
0.38490080203359556,0.8985755812452401,12418
0.5480306544532283,0.09105953589833471,12419
0.6432158960210632,0.7993305960209228,12420
0.30855289030643973,0.18614363060978312,12421
0.2276683572527446,0.38529533503477587,12422
0.8208287921746578,0.08993344684994353,12423
0.5036669612207404,0.8045391697297934,12424
0.020072142090806655,0.7399681329524206,12425
0.16370889801272615,0.5024110988137941,12426
0.07968331527761452,0.36532617283622837,12427
0.07058436801158352,0.19287213385687152,12428
0.05205645197247921,0.9385085156818124,12429
0.07356160961372138,0.8630152114798505,12430
0.9539533625511225,0.055379458686404925,12431
0.3429817537969867,0.0349079329092431,12432
0.3356613194961173,0.3815784568702255,12433
0.20809083230239622,0.6917318718761258,12435
0.5481495941354179,0.1014911016219181,12436
0.9979960312291658,0.6878151357005973,12437
0.20615663435855958,0.947435959352978,12438
0.3848970458089608,0.2164854148496027,12439
0.08675232060342686,0.5198819562626512,12440
0.03153081649987599,0.5416654286292768,12441
0.5867466846043706,0.6052361925732244,12442
0.15813310759026078,0.7493419207204614,12443
0.22067858448344702,0.5329676640055027,12444
0.885307174803542,0.01862618415299455,12445
0.6148396850749418,0.20900513392356057,12446
0.08004585301496892,0.30963724009042026,12447
0.09070855784389731,0.6138781438802906,12448
0.7489944998496151,0.20055512067252101,12449
0.1205459455082285,0.2096339237817767,12450
0.6643044022628423,0.5956820947338227,12451
0.2652393850771946,0.5490179049491586,12452
0.16741258411760906,0.9055809744253058,12453
0.6447751195649042,0.7179843133947851,12454
0.9402515547677759,0.6449469855449459,12455
0.7142017653685603,0.588704931606674,12456
0.49436504221170574,0.569753997887802,12457
0.6082566370389324,0.056136866178889244,12458
0.7055792339724555,0.5990387963309343,12459
0.3068358800142966,0.1363050227642364,12460
0.4100108589704271,0.043440645732331085,12462
0.39985893030395303,0.07797457896623572,12465
0.7365761851890507,0.8153766489891855,12466
0.778331335544446,0.9862284046429253,12468
0.4404926768137798,0.8226032113656083,12469
0.007430678051232875,0.6793980207989656,12470
0.25861213108957326,0.18054279931778205,12471
0.9450852606362334,0.6551629397933272,12472
0.6113987612073225,0.19028898316207488,12473
0.919825628412089,0.4901146423449324,12476
0.21805704922227065,0.4997707116252843,12477
0.6207327405775125,0.05833389364567465,12478
0.4124107054562418,0.8902869224914183,12479
0.44619272905269625,0.19298951900400985,12480
0.17192614950634388,0.49603685474849046,12481
0.002151544885279355,0.6276549111799816,12482
0.015841511251933338,0.6650825792119555,12483
0.32596207446526426,0.7858741271498688,12484
0.8215736122354883,0.8545467608415074,12485
0.40211526118661456,0.8760075519876109,12486
0.017163047085261396,0.7423714942715192,12487
0.08848594189279235,0.6891458058586188,12488
0.2584995229940251,0.8685826507364985,12489
0.4346291959214743,0.6738099497577179,12490
0.048302224136393956,0.7259573358071142,12491
0.9341055170792236,0.507517496399459,12492
0.061824823883278035,0.3263555400548278,12493
0.985278107737704,0.9505284416638855,12494
0.4303787071143462,0.1355968553151753,12495
0.8220290548007202,0.6872099928426035,12496
0.8500987996896253,0.2815390431269247,12497
0.15522770740642344,0.6850576140031595,12498
0.6830340421004673,0.8637329187219646,12499
0.9591956796277322,0.2143253586676146,12500
0.7541593097612339,0.5588272434981271,12501
0.5688089945189996,0.36165768757408656,12502
0.9671407807025106,0.2746237650592043,12503
0.6191470971803495,0.504983820570983,12504
0.9147029635107679,0.9559680066452885,12505
0.5996710272841145,0.14500528196121754,12506
0.548407164657523,0.5692142941017578,12507
0.8450146520481221,0.07813700945681035,12508
0.5174811290255326,0.31933711086276806,12509
0.026785697457370028,0.032623454909775584,12510
0.26219945622511476,0.2670784417766432,12511
0.34962140223858307,0.5589965241301914,12512
0.39535666025466876,0.19569409327825016,12513
0.8168157992389843,0.8781238153139237,12514
0.6683322955197444,0.8436008439364457,12515
0.24927897107006802,0.3721087732509988,12516
0.5733603076826326,0.5862436988249806,12517
0.6859253514029423,0.5141527674251355,12518
0.9896990788552993,0.9288850287804308,12519
0.5220960859890617,0.7253583843501821,12520
0.21320335871246832,0.40305559117588696,12521
0.7697162308977462,0.050725915490579476,12522
0.4853801510580227,0.3200625533970656,12523
0.8470293211039941,0.3908101944006789,12524
0.12716575341279712,0.415684244486593,12525
0.5673101336300358,0.15477465613392882,12526
0.3946216337732157,0.3581977342560746,12527
0.4394226883061396,0.9717761903127885,12529
0.5631209179990134,0.5838734388756905,12530
0.25591726541912396,0.21594163242152575,12531
0.6496332380466925,0.6523139267334388,12532
0.21625513700133558,0.9997347606334436,12534
0.9018868388422027,0.7759152446286016,12535
0.2200622127483286,0.2967415186826001,12536
0.181230833100673,0.22276732012175082,12537
0.49063284308125044,0.38361565744186066,12538
0.3113736567522969,0.2649339540140877,12539
0.7475035018505092,0.17602052592542727,12540
0.6768148989944763,0.4655552342248297,12541
0.7654475585134317,0.3795643011217289,12542
0.5419654669234967,0.965808168901155,12543
0.9815533057355685,0.6556125527095994,12544
0.28109541362629475,0.9076613970629319,12545
0.6366275551546974,0.48470296268082,12547
0.7831477123835074,0.9123676756592421,12548
0.39286385675969604,0.9121618075257016,12549
0.5256907653616895,0.9197634660898126,12550
0.21877325400087022,0.5403035326326495,12551
0.46208668841988776,0.36637785719244986,12552
0.38143032017365375,0.19733755917274387,12553
0.7731449311859547,0.28828079258981654,12554
0.7320054863693997,0.912236353330927,12555
0.3861066642036808,0.9759098589113695,12556
0.5632002639047883,0.2149665113906909,12557
0.40171540074224577,0.9080966691858613,12558
0.580524880660365,0.13985296678122539,12559
0.6078756219445558,0.22135897778032998,12560
0.05259450226567597,0.5220284843771874,12561
0.8916572403949314,0.6912194820811325,12562
0.6512191819737324,0.35272368420313294,12563
0.3882735012786491,0.431661389760006,12564
0.1910316520773715,0.8109953597408772,12565
0.16431004719628595,0.17185265647265047,12566
0.13085744633090224,0.23298712976394165,12567
0.6910794451683805,0.39226060883891367,12568
0.7279333212519971,0.47404387734260667,12569
0.6680061268513546,0.4971276680929706,12570
0.0028620445462053112,0.6961425317214054,12571
0.29621926061896,0.24246436985922515,12573
0.5121874305055237,0.9334002557350988,12574
0.9425501757838053,0.5650271737537013,12575
0.3083956971341931,0.09411149811672082,12576
0.9690461887194117,0.5692919067908648,12577
0.9383801269467434,0.15456855780338286,12578
0.5555236012965298,0.30456109538073173,12581
0.5607468427332417,0.4890620955319367,12582
0.8472633698618508,0.90982906552525,12584
0.07028124555422399,0.6617088702512423,12585
0.3798009707768635,0.1517204145059835,12586
0.05266423468512982,0.12068341577498976,12587
0.3779320778017228,0.07399267648481522,12588
0.6029198753901854,0.35388456285661407,12589
0.5796021741582482,0.5375968007657472,12590
0.9097029567523574,0.9131086727265826,12591
0.2758930100456476,0.6139978777380584,12592
0.3782143179521782,0.07274634146433323,12593
0.21368772028300598,0.41105940823129006,12594
0.6995842928152182,0.3822991265081165,12595
0.4682930764941087,0.2104928244604869,12596
0.7671674750878619,0.34772658446211124,12597
0.3956947502752296,0.7525492835112346,12598
0.05772858308420015,0.7583499558126144,12599
0.6875376875808036,0.3804026618904943,12600
0.5572789673684662,0.9497521338139344,12601
0.3709317706566473,0.8535640615450338,12602
0.5975884434353207,0.24492595490673374,12603
0.17350066206254755,0.5223382481861756,12604
0.9389554409917142,0.038843269448556095,12605
0.05995965131034886,0.048116771352728405,12606
0.04593193503053983,0.8262841485519006,12608
0.3301088835972723,0.4180563420527733,12609
0.1578194480780749,0.5047563252264916,12610
0.01000163920091024,0.7008300194910553,12611
0.9841980842967852,0.9538384588714798,12612
0.9798474362394534,0.7440063345262287,12613
0.22299161831953795,0.35912237715485895,12614
0.59108843512255,0.33818951938293396,12615
0.6642644926965252,0.2082442807625594,12616
0.673035055182828,0.39864895329692884,12617
0.45879299574277466,0.6895630242001353,12618
0.1013288402208532,0.1785499878247344,12619
0.8945369915007656,0.5493284933228222,12620
0.6805943693321133,0.9707928458919098,12621
0.5101149978599018,0.6145816727532768,12622
0.15863617824465326,0.8268460558326316,12623
0.1353817932296738,0.1646112808508785,12625
0.5987367476593247,0.5399746974396086,12626
0.694663230686467,0.49668708340847123,12628
0.9223250682619444,0.3794816137659812,12629
0.6391818042817657,0.3938709718011699,12630
0.2207634834695701,0.5254354542662796,12631
0.34563641445726956,0.12911883845558259,12632
0.7977508093936835,0.9096326257044192,12633
0.325323520251275,0.34441089460929486,12634
0.8907673399199629,0.9099932501830649,12635
0.32164001410040055,0.49274823761674047,12636
0.04284744492586645,0.35782015361752495,12637
0.6932121874556979,0.3048710270779589,12638
0.6747166433227307,0.9252711341864108,12639
0.4112321575692256,0.6898640454496429,12640
0.3817091012978624,0.6447490741313697,12641
0.07928376074365551,0.3232536706907644,12642
0.3519839475849119,0.616454509199676,12643
0.9869076346601107,0.9866789998244623,12644
0.6581942658441847,0.845278657534103,12645
0.5842290849588093,0.6256280998397953,12646
0.5531199190526649,0.31184731750186034,12647
0.24844529762332124,0.9996193516279546,12648
0.5366827788432343,0.2878183645113458,12649
0.3481244880085964,0.3348292809747181,12650
0.9511486231838325,0.46168407045324,12651
0.892246058567373,0.516705905115408,12652
0.8975213041870679,0.9864537252418036,12653
0.843344796543184,0.6150711069091896,12655
0.7737458539842182,0.06871882504035431,12658
0.32045418753060484,0.1318785342364065,12659
0.402688180832971,0.5972848775755812,12660
0.5163640286818216,0.18533773198564396,12661
0.13288374177004814,0.7484563844938876,12662
0.7739915323361483,0.7445766560694572,12663
0.07421586838133576,0.3301372265885907,12665
0.4213075806528632,0.8306544321580511,12666
0.20084752989464683,0.8564884631509592,12668
0.74933930146011,0.1151998032942324,12669
0.026222720247779052,0.5010519767325239,12670
0.08344451647207951,0.6618845040512783,12671
0.3340929793146379,0.7559533549004372,12672
0.2301679879135723,0.7801246682372657,12673
0.47996559347245993,0.978342108940974,12674
0.49868132058080206,0.9407923147862396,12675
0.4314470209184774,0.020680236148162834,12676
0.16168139178033636,0.526669506708975,12677
0.6968404422728596,0.6516436263913075,12679
0.41929588102874615,0.5668732236428522,12680
0.45692790315040155,0.8140957264445796,12682
0.07909754924139245,0.05215753687303015,12683
0.6461747678948622,0.21164361453452307,12684
0.20040588588569075,0.6211793842555262,12685
0.32384743161106466,0.2155361199272825,12686
0.5658191483573968,0.6043882645151422,12687
0.3169975082714739,0.4220928968251082,12688
0.7954453631123828,0.649241411530955,12690
0.7645136862745934,0.13031976295038894,12691
0.7126445589003533,0.005472408735579859,12693
0.1836358429827184,0.9817045007335143,12694
0.30176313902632035,0.6923194783909373,12695
0.5248393072622819,0.4923238743874464,12696
0.48042286374385,0.9749428710140512,12697
0.09687500508844504,0.7041323137640139,12699
0.3269058935297273,0.0029667791515598507,12700
0.49198310807738066,0.8281037116217976,12701
0.12237928067819648,0.13273880519572834,12702
0.6514580376070834,0.17635308532636362,12703
0.7790992809936758,0.814127227930433,12704
0.2152440979381668,0.39131060320479705,12705
0.7238243103228506,0.6100912269088937,12706
0.2533404518489556,0.6957140452787826,12707
0.2220237728536224,0.1001777374687095,12709
0.9669905959385195,0.17469696954575076,12710
0.3992487926370023,0.09030379970128699,12711
0.6801442574285416,0.14162613979734962,12712
0.4193734381567733,0.02407898263647046,12713
0.9348537327089078,0.3473720990921825,12714
0.9110632262475598,0.5757928438103932,12715
0.28404900654984344,0.05231172933311379,12717
0.5425381435498695,0.2761001964414682,12718
0.563595639762214,0.6178425996122098,12719
0.7077875068266287,0.06058877692375075,12720
0.9836073469418889,0.6171827685683605,12721
0.9617066721951155,0.48318947995293526,12722
0.20775840120799027,0.24389595543402132,12723
0.9378068585080549,0.26841877164390426,12725
0.28927860903894087,0.8471784295200986,12727
0.9731168480642246,0.016577482295272672,12728
0.23629882434277982,0.3045903870126825,12729
0.16573497479251809,0.7379455763667419,12730
0.33229060392438226,0.9883451064752989,12731
0.161303358893231,0.15912322102688314,12732
0.4076213551821173,0.7710588604694358,12733
0.4880998964883746,0.7339869451812939,12734
0.25057749499167425,0.3228947360189375,12735
0.16404088675198558,0.6036789643109483,12736
0.041046482156263275,0.6294977967714953,12737
0.03931781720370797,0.34014577310947325,12738
0.4896773688226307,0.983131691843576,12739
0.9163766831938506,0.48505021991847275,12740
0.7316862430894813,0.13259317005829296,12741
0.19148001776745815,0.6990105960509282,12742
0.9689465194276544,0.6047145373785373,12743
0.054682385711398385,0.8973302296462471,12744
0.5670218259840937,0.9516315724420288,12745
0.6098594761140489,0.010070552294228707,12746
0.5937995192540753,0.17296783762121493,12747
0.04985161796525117,0.6401497708501401,12748
0.36768707676293155,0.026696729174723433,12749
0.8176557588167972,0.475826983380659,12750
0.9368345435789752,0.9116104006730911,12751
0.8744137957434985,0.4247901177112985,12752
0.09504039374499307,0.3889660693800304,12753
0.6839272033956973,0.24848148405148274,12754
0.38303705557877055,0.9687913051834494,12756
0.8090543575412131,0.9475060192493935,12757
0.013699707060101263,0.025288154019649567,12758
0.9645026179615155,0.47974237219617055,12759
0.8022052858405258,0.11939184659283841,12760
0.5361513725469274,0.2448282417124843,12762
0.5472233394558631,0.20907359553057392,12763
0.18211821486948998,0.6118304916140258,12765
0.20477470473510684,0.9861850243958085,12766
0.30248775501530034,0.19679284103602024,12767
0.644978159614638,0.9388112122268402,12769
0.2716853425569502,0.6019356391582796,12770
0.5439522664319196,0.741178796719757,12771
0.7451476433023709,0.9272360454707157,12772
0.9910461893941893,0.4286542718657831,12773
0.7166180837839821,0.43271631128567456,12774
0.31962550432633174,0.16324077396715286,12775
0.47907910265483966,0.6533341763562781,12777
0.23476308972025672,0.2894535859257801,12778
0.31517865019513636,0.6695176472745037,12779
0.5312122001333163,0.5764763545737428,12780
0.5731770599168834,0.06255893783340172,12781
0.9083868183644567,0.993265382654862,12782
0.7574102180187027,0.4895307250264369,12783
0.11346534498532623,0.29325744582978386,12784
0.41262026649354544,0.8166945396341663,12785
0.3433661360103112,0.6678294019603558,12786
0.14579109948255597,0.9164830028048786,12787
0.24263778778076228,0.46162524276684047,12788
0.8189070091401529,0.3163993729225034,12789
0.15081864309367998,0.09991340850879116,12790
0.6443212654988946,0.15711314642544638,12791
0.08621141445166958,0.701029357338042,12792
0.5404364398998976,0.20700874300051497,12794
0.047547149299340896,0.7405184684385652,12795
0.7422580797581823,0.06206757735026058,12796
0.3719830505261402,0.6166566835498387,12797
0.3042543056368413,0.16442787548995685,12798
0.7207397358691514,0.5470829237422766,12799
0.791912438801157,0.4371618285664668,12800
0.971905294807489,0.5371972896747694,12801
0.7056569955043809,0.11382718152502835,12803
0.9949155155968191,0.7050752478980301,12804
0.9245797389871804,0.7387096439550023,12805
0.3118929015777874,0.6761192837969486,12806
0.9140301797333203,0.788705872240138,12807
0.20239218917847124,0.6528790259706321,12808
0.8425910487009717,0.5072735264346654,12809
0.06901996564882096,0.43773785023172584,12810
0.36333607505013643,0.041344264715644785,12811
0.6642429918617868,0.14188330012083217,12812
0.4028187201293977,0.7193479008201482,12813
0.7424862932529457,0.14359642449406107,12814
0.02607896520113151,0.8918565246998743,12815
0.289697646943067,0.31142054322870105,12816
0.6744506742878824,0.8527087716463704,12817
0.45533479315087066,0.46121656003790745,12818
0.13549465907870895,0.7097804449975849,12819
0.8953128667358425,0.23142771569784792,12820
0.4098156024304477,0.46372382178833116,12823
0.8723841351343299,0.28679146926743837,12825
0.794705250676941,0.2057906294576165,12827
0.969118126448587,0.35914008623012283,12828
0.9049207144060498,0.87204854412981,12829
0.04307610250102056,0.2931794250330254,12830
0.6581329632937533,0.9042482128427091,12831
0.34838169404110564,0.33113013042097084,12832
0.1510734941407914,0.5153818616898506,12833
0.6752750856863827,0.12278970309194281,12834
0.8487427308502027,0.4469114713804153,12835
0.1187198985473008,0.733191554366325,12836
0.8838742540978428,0.8747609355620276,12838
0.8027931007210406,0.6039332823684568,12839
0.5643155048072503,0.2742181490424862,12840
0.9231850865200965,0.5412786998381008,12841
0.004261020904271939,0.025938455425080775,12842
0.1541000860532794,0.2583719258531708,12843
0.7399656158568614,0.32775822720808945,12844
0.4553133322972954,0.9344158988397065,12845
0.6196871785496484,0.5574612270169248,12846
0.7534060786000055,0.10409699983332277,12848
0.408345610095745,0.06092177920043107,12850
0.09101441309477909,0.8282449587958566,12851
0.48109751997138084,0.17773635672477883,12853
0.13940777381990832,0.5737165887665164,12854
0.09467543780461496,0.23271018923696674,12855
0.908159602569463,0.7634379389559716,12856
0.7082467287597671,0.44987011071124183,12857
0.013104010112978681,0.7938244061212767,12858
0.06218612470840168,0.9837520294091608,12859
0.6283187020085003,0.10740161755941502,12860
0.9227303837560408,0.4319902313797118,12861
0.8992100939693188,0.8025390409858678,12864
0.6125752277053808,0.6009343844780769,12865
0.47075396755676013,0.6718103360173749,12866
0.3067323502779483,0.03037207251088314,12867
0.5170505498041217,0.2047914118966938,12868
0.18267843831023678,0.8816340734923864,12869
0.5566974434505193,0.8708945243417978,12870
0.6649133857288958,0.2574581766798847,12871
0.6167230729374096,0.5650502501753634,12872
0.6927459318240169,0.704147218499712,12873
0.6787103023898352,0.03450358177098878,12874
0.4247696482565998,0.24802081678632648,12875
0.20348558321027999,0.8864819119867765,12876
0.6970674139084153,0.1778590856915343,12877
0.03308066601762161,0.9887013699758704,12878
0.245736535032978,0.6826189981304978,12879
0.10807622096189473,0.18864363442289123,12880
0.40273008584625747,0.4826447814010145,12881
0.8356350970666457,0.2922967299485888,12882
0.43427895568008745,0.5427397753205057,12883
0.49981834981625406,0.9017286862243266,12884
0.4183131378411964,0.3749884705814014,12885
0.2371132542477694,0.6205842324285319,12886
0.1628636612763631,0.5476773116686675,12887
0.6304483569335467,0.7895085549830624,12888
0.22885621771086806,0.5359913793226075,12889
0.4414226915242777,0.9553121882119869,12890
0.46643620328606616,0.28276649489919903,12891
0.7124828195929351,0.10684577638792614,12892
0.32288115332722633,0.3665517565591354,12893
0.188898252743952,0.3465658657745474,12894
0.2732939576183686,0.6521896059579121,12895
0.34836716935662126,0.5594372153938215,12896
0.13003290470117823,0.8026555132923319,12897
0.9465671268926423,0.7202593766174266,12898
0.27773462503715507,0.43449747959988927,12900
0.6229977770353419,0.4714074930543072,12901
0.3826813160591974,0.27046578134146537,12902
0.019634564192277715,0.6604964173339026,12903
0.8531933833040805,0.4968053655085448,12904
0.029360010663760705,0.07683911456388148,12906
0.37213873865454705,0.8174036065342303,12908
0.9234181744985654,0.6888080173492779,12909
0.13419741435679922,0.3421878830713623,12910
0.9750521563918728,0.9715173092572473,12911
0.029600377577695736,0.9348719997711558,12912
0.6767318868857141,0.4810327580638081,12913
0.935352417490248,0.8110940538157287,12914
0.011613026199576382,0.4395598799978352,12915
0.5096478718839916,0.4028889850269636,12916
0.08065279611831278,0.8315528457097537,12917
0.7286631800036198,0.05696261492242205,12918
0.32913889366504046,0.9288410893881681,12919
0.6659737927025553,0.5903280925575466,12920
0.36221800021339556,0.22053929154823515,12922
0.69912777844698,0.8609362865720385,12923
0.6162525250552316,0.5689762087821225,12924
0.4504349351016488,0.6514025202172176,12926
0.9878170365042032,0.6983644386831256,12927
0.6705630161269164,0.11935825218817331,12928
0.07695202216919295,0.34557011153246586,12929
0.4535540757162989,0.6820117557638431,12930
0.4688365153125871,0.1753132967225708,12931
0.11957822393002715,0.40144604185371024,12932
0.0755368351535799,0.02498476782851733,12933
0.961645181470708,0.1671774076794773,12934
0.4384204911564027,0.7249389474636417,12935
0.5366749491986499,0.6823655789822687,12936
0.2641135666024067,0.9127180682850456,12937
0.3203645179470187,0.3017773378820824,12938
0.2085655641578289,0.7564488147932713,12939
0.5005471395771177,0.18360458262550083,12940
0.028054740893408092,0.1684205375606036,12941
0.995221741637082,0.9981770921884604,12942
0.7850466476945495,0.548289083200907,12943
0.947316727801714,0.9248072025577844,12944
0.14000424100317066,0.7978261355327253,12945
0.22049378279682974,0.45096247803513434,12946
0.9796300956592663,0.7784928093099792,12947
0.6716270120547114,0.6634590696793451,12948
0.47380527325487065,0.08634799678762539,12949
0.01186015524403028,0.721777177160866,12950
0.7917622770790248,0.6084621929599474,12953
0.7021796458719888,0.7129245652376001,12955
0.42464084376206723,0.3556504105001713,12956
0.5904360176400061,0.49615550046540347,12957
0.6695849479628465,0.22750852791123888,12958
0.1432258340772602,0.8554591724280604,12959
0.5394444493951809,0.11840751182075393,12960
0.38985212570669103,0.503912336388416,12961
0.43402573219905505,0.7378181589981508,12962
0.4130207840398741,0.6658931515221765,12963
0.660113650520719,0.13955307768535508,12964
0.5100198556296038,0.5251935270655435,12965
0.3798540737069669,0.9595011186361476,12966
0.5219111206207157,0.21518741952531806,12967
0.06500547863539119,0.22368530203988346,12968
0.3667101641375584,0.9283236842481295,12969
0.35168876204881827,0.2736888767537399,12970
0.7085458424690387,0.24566401283931483,12971
0.40152202303479356,0.1850989284492638,12972
0.28679410255795734,0.6199194198647178,12973
0.9074357078328471,0.09667037054686489,12974
0.9943215595907848,0.9706736432222626,12975
0.8904057222385874,0.5524166313871637,12976
0.7743073534126248,0.9049571798834921,12977
0.7000201598363093,0.6349011465502853,12978
0.7680166182847729,0.9255226194531847,12979
0.7612876925397302,0.39179892081747913,12980
0.060504168402702674,0.08373080665194765,12982
0.5296031947752593,0.777157149171296,12983
0.3213722351219017,0.7949501822365338,12984
0.3022702379638542,0.5317281144571074,12985
0.9138658605910365,0.7028440329666702,12986
0.7176510992177249,0.5998863590139247,12987
0.6072736525832004,0.7810656795217016,12988
0.058205214601981914,0.7054406088115227,12989
0.33659869633792594,0.3159938170085155,12990
0.9509940938036582,0.05084062076707463,12991
0.5490522983309674,0.06213321677860362,12992
0.9616631392593561,0.6429050439694152,12993
0.19095912660462067,0.04512110232104127,12994
0.5328512150789553,0.42613187472812863,12995
0.03697837601404996,0.8994737908727488,12996
0.7535709694934708,0.454764368717524,12997
0.6862371092728137,0.14526265718272813,12998
0.6521685835570894,0.8792451617804077,12999
0.9190482044201529,0.15968286999282566,13000
0.8542560437150174,0.7209587332480386,13001
0.8744140912652583,0.4975399828998446,13002
0.730284328884178,0.1749328838996843,13003
0.06491782418486824,0.9264397950083073,13004
0.5492957791956319,0.6995190737380524,13005
0.0532374952920589,0.16285391320896425,13006
0.42177454385441315,0.5697986707223821,13007
0.11370230189396413,0.1940027043281951,13008
0.8813499161423836,0.8024636361290363,13009
0.5090405109198839,0.7674588267874798,13010
0.5332037129235048,0.13881279751113518,13011
0.1640080295974008,0.6162473764085453,13012
0.3874784304372406,0.27236888633363854,13013
0.262484141877234,0.2710831083157088,13014
0.8014160040315431,0.5192048263026303,13015
0.8073467158748744,0.4360676497105175,13016
0.9390128632114333,0.316889697838564,13017
0.4376849804048355,0.5734871925198051,13018
0.1093392953946859,0.34609652573789584,13019
0.9046614006599106,0.05949958959404911,13020
0.7015569324951361,0.0621241474747426,13021
0.2772292349804263,0.9755697687124223,13022
0.40981418469170383,0.22670889355930235,13023
0.10741935543111814,0.5415846851950175,13024
0.9909157668915951,0.7312025976328351,13025
0.3278750104211351,0.6418752936076215,13026
0.7482110912126534,0.19836371518027707,13027
0.5748341598554291,0.1098220786758477,13028
0.4375346147148861,0.7677830594524171,13029
0.33162568301189943,0.3461737469741275,13030
0.42556082040417487,0.11451962907522462,13031
0.9584500231564366,0.2400943887204089,13032
0.31246476999614625,0.507394499520831,13033
0.0794238881495758,0.5351959704436038,13034
0.7746592078574155,0.036965981894001465,13035
0.569314299623291,0.5378716303089068,13036
0.8864710220188065,0.032187178087325186,13038
0.37776349433150047,0.3294535795793442,13039
0.1252652845552784,0.23293324563842843,13040
0.8204831968125598,0.19518912379361775,13041
0.24826872765400043,0.27352706994540965,13042
0.21761245848325161,0.43462314349252307,13043
0.1981870679747344,0.7070572724250248,13044
0.9025878209478129,0.8642736971133698,13045
0.3575709323121503,0.3888953643890586,13046
0.4952065755070989,0.9217452474405115,13047
0.7981972322852273,0.7233120606465948,13048
0.8209420128678196,0.603271408139871,13049
0.5603623774102986,0.35387242430481036,13050
0.1871596824200863,0.2431921503215737,13052
0.7216779477873934,0.2473301256533793,13053
0.49985326416616627,0.7184106941322727,13054
0.7386520946145667,0.940544834749425,13055
0.27180336022099727,0.8810871793819439,13056
0.8375540106097007,0.8485278035101305,13057
0.8327152469036717,0.11423257124400876,13060
0.22349721571117986,0.9966594451508823,13061
0.597942118237366,0.25021513981641563,13062
0.3467162798157407,0.8444617074616206,13064
0.34194542112555804,0.5110194637490876,13065
0.3633529636024706,0.45146260881861255,13066
0.9243359618654583,0.5194189948807136,13067
0.8802698662709548,0.8478805133979113,13068
0.7726686007314861,0.2697016798090959,13069
0.9516157091200254,0.45908778191773936,13070
0.11916388369420317,0.0299700187640769,13071
0.7578323448511097,0.31374433096484844,13072
0.79878113056688,0.9659761170927695,13074
0.9235621088744354,0.7176964796991386,13075
0.31577304524544525,0.7137722012111286,13076
0.17890238337970343,0.7808281455681474,13078
0.18861214085742606,0.14900117715034022,13079
0.01774208295134705,0.9411792276746946,13081
0.6146979402589531,0.8215695477204412,13083
0.09639426770801374,0.4918968574653869,13084
0.5640258584179493,0.5652594962383487,13085
0.6961497566899274,0.5888654097823468,13087
0.5520222098834716,0.5468204917841901,13089
0.9512906539235694,0.8087441376860555,13090
0.12049185442618604,0.5327069733329431,13091
0.28604938755585674,0.38750693704583783,13092
0.1020517677853654,0.5167204388725551,13093
0.5573746830146451,0.341325864969358,13094
0.12157903249110191,0.14831514882363162,13095
0.1579734536423011,0.7603409897619217,13096
0.0430318782893494,0.3786106873952012,13097
0.47260788799279685,0.45849015759016776,13098
0.9197724073185106,0.5520455210489554,13099
0.523888305563973,0.2185659554206315,13100
0.8389471425258486,0.4799665801776871,13101
0.5280436366922368,0.30890982149579405,13102
0.6269565725168048,0.7147392693097215,13103
0.7086601935373099,0.02254716873035567,13104
0.7889342052537568,0.4961140888777512,13105
0.4691036814288204,0.3845921084500804,13106
0.9545292874704603,0.2812365112057623,13107
0.32066790873530104,0.06617017988188123,13108
0.15323211520451996,0.4557464306119361,13109
0.9497544429551447,0.5574398870982179,13110
0.27418913480736395,0.3653912573597532,13111
0.6252860546429002,0.7733329501203191,13112
0.619227390632111,0.8021219564212486,13113
0.793564931762776,0.26521304507628907,13114
0.3960895090050185,0.6249528361764821,13115
0.529400646841955,0.020105165826346916,13116
0.7265004835417992,0.5373504946449731,13117
0.8505909991615911,0.8823884975990939,13118
0.5460965136179302,0.2918210780982352,13119
0.04648029405765319,0.7484008923791992,13120
0.240408796003294,0.22465229914564255,13121
0.7748044568129174,0.4180600452072739,13122
0.5701589122553123,0.034977516862668256,13124
0.9174864852586821,0.052124693143219325,13125
0.19341363441615367,0.9774237532772029,13126
0.7592246644139337,0.032802332635830656,13127
0.003714596567482742,0.5139931801880506,13128
0.834844646760563,0.3047847380174833,13129
0.7324057555381127,0.5310821084704136,13130
0.8967808790130088,0.6335464246761243,13131
0.7927258812114137,0.7922860558046235,13132
0.66801215727331,0.4313471937466151,13133
0.08373879960576913,0.43868212320019107,13134
0.5467455425688152,0.3036282459254549,13135
0.6088070641102002,0.8108687648748579,13136
0.03934119345644038,0.65432006231998,13137
0.8485845669158161,0.6030264729831949,13139
0.0236560750524224,0.8866213387941639,13140
0.24214352100345815,0.7889385563667237,13141
0.32914612934271104,0.8427967689143776,13142
0.9520511891659461,0.9118431358766108,13143
0.06234117890429536,0.7588596576917707,13144
0.770038942687501,0.6924304227714008,13145
0.8919803128524072,0.27514829484959,13146
0.1440323339056534,0.4456049981153073,13147
0.682278457013674,0.9770450152613973,13148
0.051305644356245295,0.64224734381826,13149
0.5718274836006795,0.4080329492959389,13150
0.706516833587136,0.37036857463719886,13151
0.5647751463340829,0.5751072627145918,13152
0.007379644794816009,0.1027652540532642,13153
0.8434849550272362,0.39037971689529016,13154
0.9674729921976464,0.09158944865521468,13155
0.005213621907600663,0.1956836744968521,13156
0.6230796896392388,0.6365265284080444,13157
0.925781846157109,0.639032563107795,13158
0.4198110243247607,0.3977452075602095,13159
0.5605000386344485,0.5550496623739424,13160
0.47367956989726834,0.7791357887850973,13161
0.9468717902200986,0.4328087725238997,13162
0.7309339481089369,0.8630671525865544,13163
0.2643098974377084,0.4836640396455001,13164
0.5118490891084364,0.27123134302952856,13165
0.13942557060915794,0.8700643402647813,13166
0.628872900274132,0.004652414201442356,13168
0.2866650926771056,0.2633050447639457,13169
0.5693104172865171,0.6831607782955561,13170
0.23886398880651727,0.007554709783369473,13171
0.7499037098805865,0.7740659162555831,13172
0.14953742811615112,0.5846501450133327,13173
0.08187233152487527,0.9047412271595136,13174
0.6062516593205709,0.5239201600675372,13175
0.3296986908054358,0.09190457425930165,13176
0.6973200717450037,0.13461218487710047,13178
0.7867508293318042,0.5274717499244407,13179
0.007168939502420146,0.5307865470381623,13180
0.5476135516268319,0.7363071110344485,13181
0.827642863401187,0.09924806764765959,13182
0.3486976908076358,0.025713223247072703,13183
0.38590892256311515,0.14610137147467483,13184
0.6431593316831223,0.9474673267528674,13185
0.7149607518234964,0.40815069541906046,13186
0.18589638992556834,0.041086470704490896,13187
0.46606660919689924,0.25023627771162016,13188
0.6799501224881578,0.3867401729841581,13189
0.4530255206032511,0.5300668853894831,13190
0.02125011976037161,0.4262100174057507,13191
0.8428954938406366,0.8183576794338099,13192
0.3754830033544555,0.29848868180407373,13193
0.014544568080312459,0.9302368746783034,13194
0.7873098917784648,0.7634120251759838,13195
0.3454996105503403,0.5057200941019333,13196
0.9022033217900982,0.912204042908079,13200
0.7762720908295725,0.6160970982558072,13201
0.796957287382543,0.5645651715879404,13202
0.39748952723609465,0.614153201147391,13203
0.9771109020221924,0.708489206090474,13204
0.8496138082767221,0.03134963352625675,13207
0.2310149450908202,0.2900010317926316,13208
0.9292219736006805,0.15808500807420456,13209
0.4786932266804048,0.04559524959215111,13210
0.47841794235801016,0.3426487742203026,13211
0.23453211240707939,0.7359761789358252,13212
0.3171173099645782,0.6510317102384365,13214
0.5972896121083467,0.04462993340345878,13215
0.12031490859272664,0.5719809937392578,13216
0.8059742102911932,0.9303986391349128,13217
0.06803639281426632,0.9665946956247013,13218
0.18463845099747178,0.6745448368144383,13220
0.9437252121235532,0.8830188940631314,13221
0.35368999563015535,0.41189387543341893,13222
0.13057293785878477,0.2354833296849963,13223
0.3987900167825681,0.7934094267977616,13224
0.2550789731622217,0.49831258186953986,13225
0.6212759348353217,0.8538856023123932,13226
0.3292635216088692,0.37384010124530964,13227
0.6947996856442091,0.41070981006442353,13228
0.7468471841167618,0.21153001352936596,13229
0.7051455410467519,0.26646934407472334,13230
0.31392132136889195,0.32075375786589955,13231
0.11107199601589413,0.4699106175367288,13232
0.5118096948537334,0.8636910031427254,13233
0.6697453882598362,0.6188732437844782,13235
0.3344685093584858,0.5826418339692352,13236
0.971908233068199,0.4396519055894269,13237
0.9542990246190703,0.9657188354941267,13238
0.6900997467241132,0.8341281886178497,13239
0.8623355871925252,0.0768437185228753,13241
0.8319895734603932,0.26169110468505064,13242
0.9608422917728081,0.46441874978904185,13243
0.22901373291504368,0.6959695969170538,13244
0.014925394295696393,0.4958171408665616,13245
0.4949552058306437,0.9575463758361797,13246
0.6196610246624948,0.2587067267520804,13247
0.5667675892947389,0.16242024912823938,13248
0.6088511845713136,0.4581603032088233,13249
0.5007465494054743,0.2670805641073426,13250
0.04011641500389884,0.30601763475250066,13251
0.8206395556053306,0.6921533969535524,13252
0.24782693895883356,0.6390058859101799,13253
0.10508794923526732,0.27626404194180554,13254
0.008646055578177658,0.24560901710609861,13255
0.226481012306183,0.4246908901553532,13257
0.883050644224221,0.2895185457925905,13258
0.5725033512687449,0.8160327881023766,13259
0.2689272325171048,0.912365424940708,13260
0.42618821092264936,0.4370391856598499,13261
0.7801602393554204,0.7321341332182721,13262
0.3401071672819268,0.8251867563126475,13263
0.8268891753893467,0.5372924354081526,13264
0.927223369288737,0.7880602615234198,13265
0.6121451529100324,0.4756217644445315,13266
0.5231708898636671,0.21489394245896376,13267
0.906661735393,0.2542383142529956,13268
0.07218921674662349,0.9252078101393253,13269
0.6484121783098887,0.5879572155508035,13270
0.3929315219362033,0.3090811736771055,13271
0.15017954671791534,0.40728712269214373,13272
0.5124554166906067,0.9524053563012082,13273
0.6975478521927776,0.1860542158319589,13274
0.5123304699891862,0.35353611159751197,13277
0.5223552737331623,0.8744743766764456,13278
0.9284924989650374,0.9600974018447883,13281
0.43724532026203033,0.9266052622759516,13282
0.7162039574556114,0.056198466816782866,13283
0.5531233690684136,0.007871453540835294,13284
0.035109726952954334,0.04496787391465629,13285
0.47648353521120146,0.4574681147527274,13286
0.003965647828148899,0.716597285524769,13287
0.9828641990947496,0.23342641702843736,13288
0.33828299652507055,0.6860937484107424,13289
0.8200271556850622,0.18261084619637868,13290
0.3703000291760582,0.23484169968474977,13291
0.7812624180186725,0.10038300884788065,13292
0.8695109295864007,0.4575729264285111,13293
0.8245400947494202,0.9246658178903173,13294
0.7641246386211087,0.21081437911930745,13295
0.10106666332741554,0.4945650544282426,13296
0.3554351164026057,0.057723703135641236,13297
0.02675116884115658,0.5773989002185974,13298
0.5435414297610976,0.5657102384596427,13299
0.1675177370042008,0.18055095383386754,13300
0.9484594985768319,0.24969881929569182,13301
0.17168694891850111,0.8674269184731241,13302
0.7626407949839633,0.00798192097193573,13303
0.6110957947748593,0.8489756993122927,13305
0.17400922727341828,0.2592255407895784,13306
0.2091425566302607,0.16098451068020292,13307
0.8068459638003787,0.9267539037842435,13308
0.4285985149802757,0.11497800067308639,13309
0.14479708453427653,0.7897738600224324,13310
0.7635868964771707,0.7443762133347999,13311
0.7426288425161143,0.5839796784616501,13313
0.4128749524498523,0.8318189670202281,13314
0.43461459992199725,0.3624770621822465,13315
0.9526272357012927,0.35576424180359423,13316
0.6317443327742671,0.36779494043590544,13317
0.39641265034811723,0.07061422839044318,13318
0.9043848448500746,0.4140914555606754,13319
0.7677969794048053,0.44925673343830164,13320
0.43357814763790903,0.5635879097144951,13321
0.6017578205115713,0.3017676813432516,13322
0.5406965886409114,0.3525354591713509,13323
0.32829722860601496,0.8110794055271603,13324
0.8771481168856895,0.6123450954620865,13325
0.16158508285115492,0.6450144228363445,13326
0.5157465737979562,0.4573570446150541,13327
0.45217830465646125,0.11565689129886414,13328
0.9317423416929063,0.9024057271322854,13329
0.8757255971286587,0.2486709149720724,13330
0.4862575340724157,0.6995505912128948,13331
0.402321464317564,0.9622109675203434,13332
0.5260157821294675,0.8988887206780173,13333
0.08141867652634616,0.3465672133874318,13335
0.6554250119057098,0.05552835148152491,13336
0.16016286814885528,0.7119668096117788,13337
0.5794291561905184,0.7015004470960167,13338
0.075573513508151,0.6837245091126105,13339
0.21119697577407692,0.1571070480757374,13340
0.7748402270980546,0.8420703690983461,13341
0.5552909183422635,0.6439382292686925,13342
0.2455804140469543,0.686989588358905,13343
0.6151363850072389,0.546384364785343,13344
0.03743879996794852,0.05894182207204435,13345
0.8470619700110397,0.1142890330804538,13347
0.5466476758416838,0.14660924086189897,13348
0.13394300913208856,0.5892847794058599,13350
0.8033534220905544,0.6118243377782179,13351
0.04577462221182471,0.9445095244432103,13352
0.318067173498639,0.42938578398805627,13354
0.49114085680884356,0.09824296492626783,13356
0.16640535550803304,0.8833235631658389,13357
0.4198989209701379,0.20698703747580383,13358
0.7345278702421904,0.9328831058066916,13359
0.21424284040896058,0.9801464421722637,13360
0.3963010497630912,0.6278039811125284,13361
0.9068797586427206,0.651331137657711,13362
0.37829532193722104,0.3680279855755083,13363
0.3770966091114736,0.05445062283567881,13364
0.5776877229503533,0.5421427628538458,13365
0.970127333512066,0.5151859922105904,13367
0.9220908375119523,0.20213332107514093,13368
0.2797753605500143,0.1610072337669971,13369
0.4770443173400333,0.1608698879539383,13370
0.5521552839675217,0.455501489149003,13371
0.5277265547502572,0.31405418846916466,13373
0.33750210923555024,0.6701465700960583,13374
0.4487762040519322,0.26744324208376424,13375
0.9605275180111215,0.625523012117903,13376
0.4571574400479639,0.6999232180233284,13377
0.1607581944185722,0.6139267696646378,13378
0.3573827462844906,0.9528850189401209,13379
0.680213016581176,0.21707824773718576,13380
0.13973161126983635,0.9623770525951407,13381
0.04876103942109822,0.9036235227059543,13382
0.0910946549538656,0.5449962561046899,13383
0.1453965744111001,0.4004198789804114,13384
0.16099880802767486,0.13936706654662712,13385
0.7670479249278267,0.8077909189016597,13386
0.7783466413656523,0.8388325614832209,13387
0.016494664697512373,0.983557982217685,13390
0.002793115295417703,0.8306544166462986,13391
0.6761765876460503,0.6732721050304882,13392
0.1729260411096889,0.44940405593820165,13393
0.5685184711399182,0.2764466916456748,13394
0.53212905570705,0.6993366325744597,13398
0.533039012802583,0.3850513480161333,13399
0.8140031668428808,0.9837859621152663,13400
0.7441042328675677,0.15909666243438925,13402
0.026632371532936627,0.07519564676866786,13403
0.7150681011651076,0.6581136978883485,13404
0.8832686845712688,0.5881224033599545,13405
0.8517277414892946,0.8420394424875766,13406
0.8693909729377859,0.25149354833220694,13407
0.513933919921245,0.8272940504437782,13408
0.9967766512746781,0.6049238626788003,13409
0.9829434117947182,0.369603597543401,13411
0.07526717478329303,0.2502350680852181,13412
0.5897495647248243,0.7182958696741669,13413
0.1510322213212415,0.22660685392077695,13414
0.5242918235199432,0.9453996089314058,13415
0.49011457934272595,0.1394617085005424,13416
0.9506602050673435,0.08963853530349286,13417
0.4626639270420363,0.2782741656409228,13418
0.3870800702205608,0.828791079227842,13420
0.38164998974414543,0.46554135415053954,13421
0.3498658707559713,0.10847669577806973,13422
0.5796694783048104,0.8244283128379475,13424
0.6293399136959354,0.644483574948393,13425
0.9272730278471526,0.10095013295315525,13426
0.331450173474938,0.4812729072455233,13428
0.15957340450848478,0.0738814062205293,13429
0.5258774150006246,0.6989484576185881,13430
0.9931923833554459,0.14208610162987623,13431
0.5187553829567364,0.8011476078533786,13432
0.8810017838762773,0.5622907499723774,13433
0.053938832633029565,0.5771324454320282,13434
0.3053194835321431,0.9634088125577716,13435
0.20101337928772112,0.6363240089425638,13436
0.30902555327876147,0.5457833908210004,13437
0.9299970677311798,0.9575732540941357,13438
0.9743497999859754,0.5815924711764806,13439
0.9843436135019564,0.10717141816570452,13440
0.9717405720925143,0.6213933541083728,13441
0.3992381193134451,0.01862914074676769,13442
0.5882873403679932,0.6349950305468982,13444
0.06503369048128871,0.11227377180407616,13445
0.9883285339815686,0.8021260551834052,13446
0.6277660189646234,0.589017543252885,13448
0.3355661676807543,0.845996665636692,13449
0.2334889383196732,0.9395124856909842,13450
0.062366945013762165,0.7143197079053707,13451
0.3718892030741844,0.05912563118645153,13452
0.4245585798373219,0.36556648788709256,13453
0.9387797799964265,0.19987022972824486,13455
0.7589962669786462,0.19062735416277543,13456
0.4226693520666355,0.386757674125074,13457
0.5944621422990052,0.533525345960203,13458
0.929655855618221,0.36110562052277473,13459
0.9524237052859921,0.44165129665895597,13460
0.8255499778922666,0.8531245287013034,13461
0.6884254734214219,0.9195313623019036,13462
0.464882670092737,0.04965932745437296,13463
0.4209851017660482,0.4415868990722157,13464
0.31716779141409035,0.36666600283901507,13465
0.15281728765986846,0.5906806728535122,13466
0.94099538342876,0.6230131258553191,13467
0.22590835107420126,0.22879203068781406,13468
0.7202924324067592,0.03170864248108418,13469
0.3832781355719098,0.5404464391480591,13470
0.15809920173578595,0.0139475622841303,13471
0.5001554007836133,0.29252583551718736,13472
0.7693690411448277,0.03827851044929487,13473
0.06019871012756339,0.17260638636070313,13474
0.46384715148322253,0.6316735579758066,13475
0.458533272019523,0.8232297757646186,13477
0.4797499877210586,0.03712130145379078,13478
0.4930916158574502,0.6763216186918151,13479
0.2319714874260277,0.23552732521751618,13480
0.5087794433952301,0.14302985046321137,13481
0.2033680578512107,0.5674590150887786,13482
0.3046938469448016,0.45584856191210565,13483
0.9874912030558218,0.47041612530613863,13485
0.22329001177651486,0.27105768195101165,13486
0.16785287728690756,0.29876931324172495,13487
0.26351783265370055,0.21570312859599894,13488
0.4921214787555316,0.6327992008336205,13489
0.06825746812524558,0.1133482403000442,13490
0.7763676354798184,0.7296855052063194,13491
0.15831728884749285,0.8943537383158389,13492
0.24992894612107597,0.12187947735700266,13493
0.3231048143771723,0.7620719574267012,13494
0.16551940518808284,0.8674077651705127,13495
0.9442621784605106,0.005165111299790803,13496
0.853093148572039,0.8589857283284312,13497
0.5145257248684597,0.1039986764771188,13498
0.4929791734457595,0.48217212429523926,13499
0.8200862596220307,0.47348295993641776,13500
0.8804010368387886,0.6632796975600965,13501
0.38711371192639055,0.9641939111138758,13502
0.8033877879315859,0.516878148646061,13503
0.11214652660244373,0.5680046453199898,13504
0.5809055963906176,0.6171326901940126,13505
0.7360392289314682,0.9893161922186695,13506
0.5831520183768398,0.036879547409638946,13507
0.29980932541803484,0.21560668440774755,13508
0.7268015615391602,0.5840349967340289,13510
0.8613294345988463,0.9073813439589655,13511
0.9426525083032261,0.6502292516020719,13512
0.666699224897367,0.21039742889967694,13513
0.5301084537230383,0.2879848903425879,13514
0.47757863878492657,0.320904718771057,13515
0.8579586064698466,0.9360506739979628,13516
0.8040074348089968,0.6338097167054019,13517
0.18110232267612247,0.6209870159891229,13518
0.06316638745058634,0.4583437353695984,13519
0.02469179379501507,0.06496877505553589,13520
0.5386111766394361,0.23176983767797676,13521
0.22114076152630013,0.2294695731583446,13522
0.9436193416491577,0.00817233529633088,13523
0.8659901993626699,0.007594892437028045,13524
0.017418332430835126,0.7623714574814912,13525
0.450603828108995,0.8429319897287142,13526
0.4204075335979742,0.3497802732924181,13527
0.19846232666198216,0.12495182182309006,13529
0.5534126481624799,0.6334222257063915,13530
0.23422868034300115,0.7790913592851905,13531
0.3932982088356326,0.3116275577190648,13532
0.6979384930747455,0.7984716679981354,13535
0.5045561590820543,0.04322697598065528,13536
0.7946022534578523,0.057037019556822055,13537
0.20322072317978634,0.5601086711625486,13538
0.1849550667685832,0.2260230262249323,13539
0.49988289576283573,0.6652595934434001,13540
0.754688146121786,0.6593615336020193,13541
0.6337499618293095,0.9474101894878657,13542
0.2764251348344623,0.2386637854568583,13543
0.5790897785105787,0.4502552088307874,13544
0.5495748553863204,0.39087482052987144,13545
0.14824759860640135,0.3535442626013324,13546
0.6462516630548925,0.6218719704736548,13547
0.4264624085881755,0.4103814262617864,13549
0.9441367153465741,0.5895135439825102,13550
0.8228076878618535,0.4711962197281758,13551
0.8350484054854126,0.008889287643273791,13552
0.08017892906425761,0.7433188439168021,13554
0.5997417471564513,0.4209932472806892,13555
0.10284578004705658,0.4825020544766797,13556
0.3004284175342641,0.7500316941278324,13557
0.29903619773714774,0.5063696280191646,13558
0.3157410403680304,0.9502236545424855,13559
0.5208970426939341,0.11467095308620256,13560
0.7135179910879953,0.3404398497021447,13561
0.5479213384765715,0.1925176950177102,13562
0.6396500595450582,0.9428740153378882,13563
0.8240531721768728,0.028650996791665162,13566
0.5551326571440939,0.7721234240137096,13567
0.1497291803439348,0.849790505960929,13568
0.09926613763810088,0.6467288510050958,13569
0.03973681071204005,0.24102801977269483,13570
0.27431087603716264,0.3855710473255992,13572
0.3687448655310005,0.6322867275132954,13573
0.9096473904980615,0.7125489257217428,13574
0.3799996248289714,0.3122117440678184,13575
0.19713657562150455,0.10474632047382126,13576
0.3385960486129209,0.917023282513978,13578
0.0444223968243207,0.2722065865730785,13579
0.329083365207421,0.4589143127773466,13580
0.9391242877413264,0.7341290727599007,13581
0.95425631825473,0.010288340721191891,13582
0.8887285538809292,0.3487601104761332,13583
0.3393099150461496,0.2573878825278765,13585
0.08110383726377701,0.24589862099531334,13586
0.9401766619096835,0.9755500756316697,13587
0.5259435798715884,0.5526337399825532,13589
0.355394098864793,0.044872253169968346,13590
0.9351623223554014,0.1967938779617635,13591
0.31400410568835935,0.7176294123059386,13592
0.08006447850756215,0.1825565518700123,13594
0.023365748541989917,0.5658525958673565,13595
0.4438249986587748,0.28759090147512945,13596
0.9433910285607603,0.7292822654964196,13597
0.6261776748420305,0.5134365822635186,13598
0.9518695881567172,0.40829316712820574,13599
0.832219809609448,0.14939796028871677,13600
0.7608140068305866,0.7104081396857445,13601
0.4793352657368153,0.20254715231436893,13602
0.11837340791477524,0.7897452448455318,13603
0.02944945495462392,0.4041339751188582,13604
0.2891258936382881,0.4609940269444016,13605
0.23269178834257154,0.8785008008219839,13606
0.0036998267553451925,0.6345931694101149,13607
0.9484027782110176,0.37106892165206307,13608
0.24808101671420157,0.7046888130357849,13609
0.8714109418804578,0.9048875252489642,13610
0.9272485819407283,0.5756639029820441,13612
0.3823216177597706,0.1330825020479527,13613
0.940560725493676,0.06412922375514662,13614
0.47809452235036676,0.5038659473430291,13615
0.22157231083527373,0.7288370550994737,13616
0.14880271839591486,0.2948357007050132,13618
0.5667692429449366,0.40378328087444815,13619
0.5595966274005899,0.629807056924888,13620
0.39953293135294266,0.6716996971288505,13621
0.15057153699099401,0.3437649009944399,13622
0.39157054802631297,0.473378055033561,13623
0.06086420394947756,0.9130611974048295,13624
0.40600775576511383,0.6629647780294049,13625
0.890233603656604,0.044396354701955354,13627
0.8371053419771387,0.9060576685697068,13629
0.011011976833990356,0.0284353268194939,13630
0.9793856674278226,0.0773391040715029,13631
0.820807290701096,0.7508878872538041,13632
0.32315358923947335,0.7983945886089092,13634
0.033489213567510334,0.2663114247678926,13635
0.40922970984155005,0.38453088767552834,13636
0.8854972255954345,0.3973911333249557,13637
0.4051519174987259,0.5847362810355446,13638
0.9279696148176777,0.9573066454723355,13639
0.4418581785552279,0.49878001432399466,13640
0.5873730742187431,0.8515118656273483,13641
0.9422787825123271,0.034405247070885325,13642
0.404167241297016,0.24899884061618127,13643
0.9657233845516319,0.29250779890001144,13644
0.9064947262718721,0.1725187029738373,13645
0.708934508150016,0.941277935586276,13646
0.5672175462228736,0.2178813724488392,13647
0.45311550200818296,0.5836701582498811,13649
0.7158173108740532,0.6544084821314775,13650
0.0017165058144494871,0.7137356707478445,13651
0.7650724421618016,0.3610618175151328,13652
0.467331600118048,0.41608419778734806,13653
0.24987742161254756,0.3319667873160329,13654
0.7663081305170311,0.6241608209413622,13655
0.31352137556992943,0.8274154978003302,13656
0.5104919548657368,0.9413409567903486,13657
0.9129728305131324,0.368870854399322,13658
0.29196421301347775,0.23653085061295842,13660
0.43613887027441733,0.631920086078799,13661
0.30688969689063483,0.09758052447530385,13662
0.5095354319858564,0.48262975536023556,13663
0.8359914262682823,0.5145264713553728,13664
0.6674560365363764,0.11283062377776143,13665
0.06735377740378157,0.4338386468945544,13666
0.736734804362006,0.5802282292416001,13667
0.2633022425638688,0.9794706572804525,13668
0.6779561131620989,0.6570476229728592,13669
0.49970131785725325,0.01061031749483854,13670
0.4046660380111802,0.8874001562085577,13671
0.15821993058733885,0.7893808190395956,13672
0.07321882524849843,0.35125299512330066,13673
0.4816947361558912,0.7499987954085175,13674
0.9336368344153847,0.22845828851834293,13675
0.38435384519071547,0.2829977647858989,13677
0.09830805773440665,0.08106936568481338,13678
0.4477810667275677,0.6233670841198057,13679
0.31027974927037627,0.4878295218231513,13680
0.17927297908142392,0.9708985601866709,13681
0.488079722055352,0.5512029273186975,13682
0.5833292342589398,0.9393561842147633,13683
0.26151192657781186,0.984609961052488,13685
0.1174864676150279,0.29923169608972433,13686
0.2844595934439319,0.9771969244464621,13687
0.5839811701069499,0.48077368218141736,13688
0.9975608728220109,0.9484056337289615,13689
0.4580464961401727,0.7804206369428215,13690
0.7111805928686444,0.6720724822366304,13691
0.40417070057629123,0.18865071021773894,13692
0.748555889255536,0.27131241903427994,13693
0.7860137665989224,0.7586830603709073,13695
0.2927732605010921,0.11880225262524291,13696
0.4322482079077228,0.4373922912938403,13697
0.6886241109241862,0.14939548652600165,13698
0.5187588867570707,0.34515972513508,13699
0.5186701060682639,0.3288086603049035,13700
0.8193777583941914,0.17655253972153695,13701
0.6807961758129922,0.6170718659873429,13702
0.5592310457680365,0.12250683689593278,13704
0.3565314748597729,0.6335745097962505,13705
0.8088321331588584,0.6973608525581648,13706
0.6894672776654935,0.5500510490513764,13707
0.9980412966783073,0.5744457051170563,13708
0.2876204588004231,0.1728583122481422,13709
0.28714224852815073,0.25078978905400284,13710
0.5835756470725653,0.8386051444438687,13711
0.898012272633054,0.7521704548278096,13712
0.5859192023877802,0.8242234187568621,13713
0.944921144572162,0.018441245923395688,13714
0.10628627769329613,0.006068020570050514,13716
0.44077173224454447,0.211095642174151,13717
0.9013441913654138,0.20497463760484824,13718
0.7452140072156527,0.45031441760410507,13719
0.8186909003082736,0.14089461484091803,13720
0.6710238443065191,0.010099430181351732,13721
0.8798627159442562,0.10967489531568897,13722
0.7785106688033695,0.298656943772841,13723
0.8027999706710638,0.6440155180655437,13724
0.6446643743118466,0.7786138423043594,13725
0.9774240286293603,0.3076526573767925,13726
0.2252097696389267,0.6992379320168696,13728
0.10933465439355472,0.914057681467765,13729
0.21029240629091495,0.30882371160533084,13730
0.6274220300927079,0.5398775058572276,13731
0.05443740774800465,0.7956866979912002,13732
0.42675687943588037,0.5410528383094213,13733
0.2806572606679374,0.23760611737883075,13734
0.5341048937906631,0.3274533462684017,13735
0.9145879185470808,0.8571449931729545,13736
0.6989118995292449,0.36903519589749856,13737
0.9374243881739418,0.9644561583149128,13738
0.6850604974497964,0.5325857677741614,13740
0.7923410657883553,0.8539263837746238,13741
0.958533998167719,0.5966500131659838,13742
0.589868857581951,0.24620932792109973,13743
0.01255492941949421,0.14747851333989292,13744
0.9339841118801475,0.7524143500506194,13745
0.6126320435991646,0.9037406454484627,13746
0.6384141815728595,0.8739547410953558,13747
0.6449434592302167,0.2756567416010536,13748
0.9603278426815002,0.26767628853088454,13749
0.030218552556494083,0.9515893154400927,13750
0.8039017766168013,0.944123504361231,13751
0.3848785291317005,0.8814673100864266,13753
0.23258889421720197,0.2814508561314589,13754
0.9097119829984903,0.2765540313236614,13755
0.2073825016331814,0.46372395902394137,13756
0.08198195582453083,0.20457694346822575,13758
0.9087534074683711,0.30011434490123423,13759
0.8984712220322062,0.14394372285998203,13760
0.03522824500408828,0.03184311199906997,13761
0.6551611331708894,0.26336988731961586,13762
0.5583799545276995,0.12491210849570866,13764
0.6669287922112881,0.12086325041451529,13765
0.633583446542622,0.6104730284093152,13767
0.3261500500075649,0.8940557083706264,13768
0.1000681115452352,0.9141304476094916,13769
0.3594424663362673,0.717615897570634,13770
0.3807889948705353,0.9793838945545877,13771
0.7556394602290697,0.8249775037871664,13772
0.40072187267434856,0.5165949076725839,13774
0.7575685088300327,0.34656883550318707,13775
0.6978027212415029,0.40928981771890127,13776
0.44710751181195163,0.7868916704624342,13777
0.2813887427761411,0.45383663198867574,13779
0.5587170248878837,0.9849793891493269,13780
0.2275423020876901,0.6210297229260917,13781
0.612632058653618,0.4715695409677513,13782
0.2786060168114295,0.27025356000133494,13783
0.8815507971724563,0.3244942704729902,13784
0.44716111308884576,0.5119478722357961,13785
0.7891951109080461,0.1776677743350874,13786
0.9805929877537078,0.2884662570694442,13787
0.9029404047895421,0.28936949926708344,13789
0.6715772414198216,0.5650339078930368,13790
0.3542109621556473,0.18156249571629512,13791
0.33204393436735913,0.629655795140028,13792
0.8532597443259791,0.9791765279354255,13793
0.2507996851880885,0.9545391534025794,13795
0.6137047134887735,0.7678787067688841,13797
0.6972687980763991,0.22738138808700714,13798
0.8172979759656078,0.0861280134289456,13799
0.5700406523367167,0.9051623561415242,13800
0.8841499122446939,0.5241217613211258,13802
0.7997360644281228,0.4593181897418184,13803
0.35825013422784735,0.15612425107767947,13804
0.8144625414722658,0.5550829265418263,13805
0.20368435146927677,0.7288924257440976,13806
0.46563973025355065,0.7533887219315323,13807
0.040160971715902605,0.8338232519694483,13808
0.9661486287441337,0.9650831102515949,13809
0.8927993755495791,0.0027685312639935677,13810
0.25707915785630353,0.8867725679152305,13811
0.6445006940610449,0.15646275081360972,13812
0.8550262533173072,0.821983789790845,13813
0.6685896420552545,0.7753456399149536,13814
0.9030117454601934,0.701097844894805,13815
0.5484829936396575,0.11101353766708211,13816
0.9291305640991526,0.11144987324673294,13817
0.1123166718173142,0.03926921551600593,13818
0.8608371471046228,0.14096486014512521,13820
0.8683838877457531,0.6192919383924735,13821
0.7920871432472619,0.6851783285013627,13823
0.46667143166843017,0.9109239919190344,13824
0.6357525265589972,0.9323632698562713,13825
0.9778850756601254,0.16523836945100034,13826
0.17819197063570058,0.09022364562230423,13827
0.25906365231782047,0.6162998024318328,13828
0.8774692897428665,0.2585706819678336,13829
0.7763528434055728,0.1462483232136237,13830
0.42627408064227945,0.5857719121500663,13831
0.9290309603305016,0.7013234037687183,13832
0.830574145888807,0.930585565008926,13833
0.9171618122728331,0.8197872067597749,13834
0.45797488867907554,0.041041723456581636,13835
0.7927683528019792,0.5233422785865451,13836
0.9455545740685046,0.49126200287726796,13837
0.014883585166269975,0.3300857271855929,13838
0.8348468938167132,0.7283511205583787,13839
0.34248107914819637,0.7091476158600777,13840
0.9972809206516116,0.8796050549954797,13841
0.7550089682202417,0.5401532031844234,13842
0.14116657781721142,0.8809279341458308,13843
0.6014788871676023,0.750226848153242,13844
0.3265734715091124,0.1769581857459135,13845
0.2562083489001534,0.18484817683971633,13846
0.8678374244180421,0.2622228716794591,13847
0.07230241275181726,0.8115278760807725,13848
0.8809030168986044,0.809198682868033,13849
0.19922041537256507,0.7238203220788739,13850
0.22695859808065766,0.0891424561999673,13851
0.8182988215967,0.9094479746920635,13852
0.4427722122986686,0.29129644240936137,13853
0.9401176844007806,0.8658899493271656,13854
0.08499368674123953,0.15933400998067693,13855
0.3572201179021911,0.4367994985979452,13856
0.10608216779794533,0.5378564055026253,13857
0.4884232237082994,0.5159065408543622,13859
0.17706794298257744,0.9385531188835825,13860
0.11287301056244525,0.9196965225850614,13863
0.606371536463306,0.24391624033931214,13864
0.822623526839636,0.3745535557298545,13865
0.7801985916370836,0.22599468287595326,13866
0.2990156870717714,0.7514991917650817,13867
0.7094067961988183,0.6960094739256248,13868
0.4284153030177801,0.4665463223621872,13869
0.04870308167450654,0.9466095493544998,13870
0.8887096375818068,0.30835806261028353,13871
0.16004314039863543,0.9937213675329369,13872
0.6270574286988156,0.049430581519716466,13873
0.7550757724235381,0.580498280351938,13874
0.2627671486127736,0.6437903564458801,13875
0.2961348933287967,0.2567161562303628,13877
0.09149435465607758,0.4899100978840646,13878
0.4582254694752538,0.42254722644461684,13879
0.932008984649958,0.8808837890458743,13880
0.31806042997049055,0.511123746601468,13881
0.10833273686155387,0.9586882067990968,13882
0.8568099621320436,0.574846702921698,13883
0.8356361818840162,0.5761935033036658,13885
0.9223552673791114,0.7658644905299398,13886
0.6862058595519246,0.8312963876975838,13887
0.7806635454310188,0.6324568550974691,13888
0.8783942540061501,0.02338598473798137,13889
0.891109435560029,0.5222700455455955,13890
0.9774621659214393,0.667382670746433,13891
0.9580673172089945,0.9806267860039886,13892
0.2639629689056724,0.19956665808882168,13893
0.8848416930266898,0.2539976149670128,13894
0.08245393097443621,0.12860974599924158,13895
0.3095816374258469,0.12847382897124782,13896
0.34412828329786715,0.6618274733235459,13897
0.6933683763570582,0.09584991021689016,13898
0.6115693047627949,0.4160610339991837,13899
0.8112987269999418,0.6415982409315114,13900
0.7333374790099928,0.34007925327076327,13901
0.8488128710138954,0.2721057883497042,13902
0.9060339487228836,0.5096244956484582,13903
0.673363376429707,0.7147029120821377,13905
0.8647083943813892,0.8454707989660785,13906
0.8487397747178425,0.4043207798620764,13907
0.28407851103297377,0.7833788341682025,13908
0.3666758481587702,0.003758072002558399,13909
0.5097870279951088,0.5607365796877426,13910
0.2009836017310448,0.28092550882949696,13912
0.6999629116345264,0.6752207406672543,13913
0.762277832067127,0.5497290157001898,13914
0.9478785748119056,0.10164193559512125,13915
0.8359403894573855,0.6735575080226276,13916
0.19187065642666934,0.40571612139041147,13917
0.6993347334478124,0.07469706171077628,13918
0.41631963657132665,0.9509626526540651,13919
0.5448086227951574,0.25808684627737544,13920
0.2885578581650793,0.9988725996660499,13921
0.030152458089957146,0.17735146136746016,13922
0.6004277704432306,0.80455108589066,13925
0.3093217823477168,0.8540511892131571,13926
0.8986131193984167,0.6241389626291356,13927
0.8823183150547608,0.507219559270872,13929
0.10470836167849518,0.8259811544935016,13931
0.33806017293864143,0.3637556668940881,13932
0.24908951832383963,0.34742265853772947,13934
0.6177489472343426,0.45929012057927443,13935
0.899015191845708,0.3229109709129968,13936
0.43396763168458863,0.9386144239273707,13937
0.2048382885462221,0.48156248157673287,13938
0.8686245689704296,0.2662517119269333,13939
0.48032900220791874,0.4889041400983912,13940
0.760361639015016,0.6841845706208496,13941
0.6050821843854198,0.08148036421193217,13942
0.3775440201418082,0.8379571716427098,13943
0.7014536660506483,0.4599161919487075,13944
0.4302853041184054,0.04972615712384709,13945
0.2752603475909714,0.583317693070695,13946
0.28693490074241335,0.11405974772181493,13947
0.5524749899370315,0.054756600524928145,13948
0.25984543151532,0.7992898254891871,13949
0.1492564682308002,0.9544149018109878,13950
0.07568944518086795,0.014552497301086653,13951
0.14714308010289145,0.22338193897010272,13952
0.43843893364362074,0.5253934066621847,13953
0.32085397654365155,0.5878238298491436,13954
0.01881558424324914,0.6576054099410779,13955
0.07772363814369976,0.7917027384841983,13956
0.5701422968604568,0.30787797936097694,13957
0.6739570003905673,0.07665922268010106,13958
0.7189838594262267,0.4246603723679486,13959
0.09242474864468653,0.8025699507816356,13960
0.204706323663996,0.19111519985433534,13961
0.6901933613556795,0.5747596612680174,13962
0.8130499094100238,0.013479306829021098,13963
0.041478642521109554,0.8692847731154875,13965
0.6463833432788022,0.9349118031314563,13966
0.7013662869869906,0.278548348573062,13967
0.6597993948840387,0.6586135925898908,13968
0.2839177601963424,0.3771656706478872,13969
0.72854662936029,0.8515998963063999,13970
0.0016682974197903544,0.3750108215604827,13971
0.013172736753068626,0.11285300518734476,13972
0.2971938684575425,0.14134072447025448,13973
0.4953171189688894,0.24752676557728037,13974
0.09336107030089469,0.3252235478792771,13975
0.8739278896647003,0.908101852228646,13976
0.42326087405097024,0.6455195058792768,13979
0.2350796178940433,0.7058582504168949,13980
0.2731878283276695,0.807305104984659,13982
0.9041517439452471,0.24826435254994306,13983
0.8175057326627037,0.07329480090343665,13986
0.7968414740164619,0.10852288847448877,13987
0.34276495979781085,0.019682616984115997,13989
0.3092992929325592,0.1562887765040324,13990
0.4038433588101604,0.12046359037876819,13992
0.8056435631305918,0.7846225303383717,13993
0.6371959505459198,0.300420711150047,13994
0.16028108744936076,0.5506551009463924,13995
0.31313299940316275,0.3363337966612757,13996
0.4613860686188226,0.27124362058819873,13997
0.6326740381091032,0.23608591673759538,13999
0.5277614300271777,0.7921269592322477,14000
0.6890524173417142,0.7557132024869307,14001
0.4671871464660785,0.9605118919915195,14002
0.39538385275760535,0.7661292495073576,14004
0.4946132212738604,0.49806256870862364,14005
0.06508068503810538,0.6239984800625263,14006
0.06855378656721023,0.6753590607120041,14008
0.5829949119746634,0.05901128966526181,14009
0.4171945494106096,0.14076747786557997,14010
0.045587203117698705,0.12956216734407622,14011
0.546240327936116,0.520140957707417,14012
0.6643927041255835,0.4142051919386681,14013
0.6838687969849122,0.5536884873624046,14014
0.411746254933392,0.8913807798229144,14015
0.4948767317712217,0.8797606860685591,14016
0.37067343942464015,0.9779783014296782,14017
0.9214239410551718,0.3175094182572198,14018
0.5843982464802546,0.15375129686611855,14019
0.9769338214968989,0.27244269948416344,14020
0.17079243904874097,0.9463020979183534,14021
0.1572435582918461,0.07863447733313667,14022
0.05471215243485783,0.7035921326196203,14023
0.959074679567033,0.9468104441368435,14024
0.3586524560645399,0.12614033047156026,14025
0.8242940435993935,0.2067127761334786,14026
0.8226840433917223,0.6504836541736305,14027
0.76308461040935,0.2511646223011945,14028
0.7742509176144584,0.33119616328760737,14029
0.6190040202587983,0.4084015102395052,14030
0.7737751147957899,0.4043671743752728,14032
0.6477988604376616,0.62058931044193,14034
0.02677578463651087,0.4674709741398372,14035
0.5388441146655455,0.3749411603408188,14036
0.8796921575610134,0.22778567029304153,14037
0.9982630114962258,0.16863627431692663,14038
0.27591082485120744,0.7690657630954486,14039
0.8030182283031687,0.8043074734055204,14040
0.6151758202586762,0.6804441979664745,14041
0.7832666434147852,0.2284127037428566,14042
0.3560801487864319,0.8325854079501185,14044
0.1588044929290895,0.9481250382756562,14045
0.6666364317256933,0.0052849106152619285,14046
0.586095811747154,0.08084280629908813,14047
0.9333265501090671,0.2471563348028638,14048
0.18680996534678096,0.7690384486616689,14049
0.5723940745119335,0.006617162787925013,14050
0.042633191041635654,0.04257063736704347,14051
0.07333524836265592,0.03496557572096548,14052
0.5804689731979342,0.97912124412782,14053
0.26906916995368,0.9548138444127293,14054
0.9325320779038379,0.007422022167846265,14055
0.004668580643120257,0.8204167530022496,14056
0.00862007409490917,0.03255407307275915,14057
0.02612309871154672,0.1068445242184689,14059
0.13541380661526958,0.13665425712778367,14060
0.8353274162608262,0.1766539618822438,14061
0.7764181451962645,0.07160557288052782,14062
0.756136340111856,0.13628321718378522,14063
0.7880442670453276,0.16650373692408837,14064
0.8567723511082116,0.886720987533933,14066
0.3341718032452031,0.1771665920418911,14068
0.87204454638736,0.8697691283715261,14069
0.3944855709811633,0.39645012106150446,14070
0.7543007756411295,0.7689935840496525,14071
0.8693701037288313,0.28565688255210997,14072
0.8266216385419736,0.3546191230365734,14073
0.5398263633046644,0.6044620994586783,14074
0.959902208491322,0.5278497658285702,14075
0.727179833507881,0.19210714974708498,14076
0.6685225650685023,0.1308011003334857,14077
0.3533068253752778,0.9134080348343503,14078
0.3228470808825621,0.7375058055891728,14079
0.7611756199214148,0.04041077279157512,14080
0.9899500788697113,0.10207587886522484,14081
0.10485839936106822,0.6787951686126958,14082
0.8434940196399217,0.25087640135057687,14083
0.8193495152172444,0.5258675059237673,14084
0.308515439672163,0.4151538135013527,14085
0.0612005372800597,0.21964069288706178,14086
0.7087026533996241,0.48475635207758516,14088
0.4130340411903223,0.7480417681290669,14089
0.6885630663318318,0.5429933502283294,14090
0.039242345986856275,0.1078243513454038,14091
0.5291349760364673,0.8336912705720759,14092
0.4920019348493252,0.7281434189692411,14093
0.6031633979414169,0.46938701665883564,14094
0.23883153223068676,0.012813009154586719,14095
0.0144756017964347,0.6106250027655479,14096
0.9575354768895482,0.13740982983531358,14097
0.6740788837449143,0.7596272132678302,14099
0.6301713325315497,0.3758124586586561,14100
0.7449773682111301,0.9182732757637828,14101
0.4538571125105364,0.7221641475356798,14103
0.8786434707516408,0.741184426062992,14104
0.9076292421850145,0.12936932410315216,14105
0.324509835863261,0.02414890439516193,14106
0.533425835138809,0.34398055165065966,14107
0.9697404297673674,0.27109254200678856,14108
0.6504306061403696,0.7764381243421038,14109
0.8107131983482305,0.15973256753554554,14110
0.6040857420458065,0.8465237538307013,14111
0.9524463992253501,0.6270084975880691,14114
0.5951065313419425,0.8997947404641985,14115
0.027490365333173727,0.509594013261609,14116
0.8253044545381598,0.27845509592368867,14117
0.9329618616447183,0.6348915349216843,14118
0.02589434881824304,0.19971230544977558,14119
0.5904790467778683,0.1682962523129269,14120
0.8611401098507718,0.535271846889257,14121
0.87451334135668,0.5554268505467767,14122
0.7250465107496457,0.713105264420592,14123
0.6028764175475431,0.3737540699740932,14124
0.4628073185162861,0.7843469680820859,14125
0.5432486397822135,0.336719759868916,14126
0.8786898092335796,0.10615861118821501,14127
0.2602792481159052,0.862065390833232,14128
0.9229621823268481,0.8994651159952887,14129
0.8233732434838463,0.5816078661449169,14131
0.944238131537062,0.625662698518683,14132
0.8859383971887578,0.6197202151461082,14133
0.7862423799112087,0.8267814013310781,14134
0.09098474891722641,0.8238176863653234,14135
0.5346417424973493,0.3166888473379734,14136
0.9594187517049131,0.4070115768351865,14137
0.010570871196277754,0.5064091941076309,14138
0.5286212465753893,0.4266652471841539,14139
0.8964862474011387,0.2666453398780706,14140
0.25486817620095936,0.9167856060230837,14141
0.2503680360519981,0.15697478897008865,14142
0.7781928211730434,0.3730099720374298,14143
0.6572158472365818,0.9539839098987258,14145
0.11087540899772663,0.6883469805986584,14146
0.201613273723372,0.5977134569328804,14147
0.23542387210881677,0.14033741185125537,14148
0.03478842277068961,0.4518680880556485,14149
0.8394941941295354,0.29815877035012894,14150
0.4974016664320604,0.5660369777351169,14151
0.28520785297227347,0.5776287995580298,14153
0.5111808643355551,0.11682275524601249,14154
0.9470107601705399,0.3964131543124615,14155
0.7274040981184169,0.9255503330861601,14156
0.33963328472516197,0.45892554534278396,14157
0.11780352488740664,0.08274097986448314,14158
0.2801351281189516,0.6430903403168825,14159
0.21290792600528785,0.39410148421463775,14160
0.5355041777838362,0.19875537113971165,14161
0.3116839273120846,0.7810553522358701,14162
0.8129827189968409,0.14708825384615754,14163
0.8553787359072763,0.4114274008898454,14164
0.3759909725160574,0.21185027202233409,14165
0.06259926900699053,0.1852378377349838,14166
0.4130965567734275,0.9816453398255005,14167
0.8010966670259658,0.7915196549109754,14168
0.40267249941704075,0.9623027881043037,14169
0.7118396924714814,0.09394340935960621,14170
0.28405616328598904,0.05864053339428421,14171
0.46718462128276683,0.950517345159612,14172
0.605410218530377,0.3218519001290828,14173
0.7888642718920943,0.8113760542764742,14174
0.5889192323533271,0.5931768718987276,14175
0.947932722532481,0.3602291400391806,14176
0.34328367099849744,0.3966300687219443,14177
0.08794538994758072,0.0858712257225841,14178
0.41935851440122185,0.7717789541560384,14179
0.8519929762084788,0.6702679319288571,14180
0.5971860617525183,0.14214099665707158,14181
0.2274434695120524,0.6521336180061336,14182
0.08595567509643631,0.5754882853722901,14183
0.18462748412212426,0.30433784476977666,14184
0.2862047124457828,0.04193031000022329,14185
0.3745883598762655,0.1536016027572351,14186
0.7197198015208693,0.10720473989317825,14187
0.8161589581207694,0.4098663572242248,14188
0.31689193906323876,0.38734482129510217,14189
0.6556328554728696,0.1758629570521526,14190
0.10144415371734916,0.834684496542114,14191
0.9964456100423141,0.8830932089818141,14192
0.28550944655596733,0.1855870798835313,14193
0.25216747547456275,0.36644028515264426,14194
0.9245034009072162,0.7260567761478466,14195
0.8700181813176151,0.05573637417271704,14196
0.06394746097624882,0.18851537169073163,14197
0.8702665982086732,0.42980181087227676,14198
0.27238483255722545,0.1345167477948176,14201
0.16513725523493494,0.20383949216574215,14202
0.04934608673763352,0.17731318338284352,14203
0.47096826178320117,0.3075762200858646,14204
0.7225264405461118,0.19417525012882886,14206
0.6849499437516482,0.9600510781836348,14209
0.5069822973040762,0.3369540037984672,14211
0.7352003935856888,0.5158676121357791,14212
0.9471334072399495,0.8286411687382098,14213
0.5717523226571851,0.1708850511164709,14214
0.08761570701275101,0.2499530097601762,14215
0.585967851931653,0.350721903174977,14216
0.4545010490098452,0.31296654546985825,14217
0.19232402929442605,0.3120358124278556,14218
0.9245351180413576,0.28601879044955525,14219
0.3604034083987073,0.4275225983622083,14220
0.9524512461505624,0.5655776909905804,14221
0.15209362687744177,0.8953363008736432,14222
0.9594510520244515,0.20290141819298413,14223
0.9192750242249823,0.8792714513137732,14224
0.523624510566808,0.8305781171870934,14225
0.8177106304122662,0.7568137020374663,14226
0.20106162618792423,0.7974313300346737,14227
0.34903939419391505,0.9831140069799175,14229
0.15826806170891605,0.9522535725806988,14230
0.5957374914228443,0.7242817162040196,14231
0.015466663260093938,0.6849762212498235,14232
0.8511582605283494,0.4032315393536452,14233
0.578661005641612,0.8708062626379112,14235
0.8901488895663752,0.19305417693431193,14236
0.49259451964423717,0.6088495668809151,14238
0.01382983010279204,0.8203231590973894,14239
0.971523808285383,0.8930793217212509,14240
0.4354647155844461,0.70978814036165,14241
0.7455658057882161,0.663895720522481,14242
0.6563632921432321,0.7848154920173641,14244
0.6884038369323283,0.2372815953999693,14245
0.3196079910039751,0.1313670730275457,14246
0.951771237902485,0.402283006175561,14247
0.15487031606028634,0.36826219353257916,14248
0.9041642073205868,0.28878184615822344,14250
0.6210922034791828,0.054926250936939924,14251
0.4417184372756936,0.36521983085350185,14254
0.8061639819475357,0.20486981545939453,14255
0.2115547892133317,0.06853226755772701,14256
0.4546709722811678,0.597969118586826,14257
0.6943378811708855,0.6578402227711225,14258
0.5279872537840695,0.03418956962391284,14260
0.6018514635999632,0.6214845795946394,14261
0.18415370871325454,0.97462646601509,14262
0.934736738185569,0.5676162118966761,14263
0.5128617176170425,0.9348312584721297,14264
0.5124285050314333,0.7283397935581513,14265
0.22227418774994434,0.8050980562673279,14266
0.2179767170782586,0.8340323869815716,14267
0.6099430475750716,0.7103089585403317,14268
0.8878271837534671,0.10290481283246489,14269
0.7103601882665989,0.262388005127034,14270
0.24584986241212903,0.806514889922502,14272
0.32524960038138473,0.6336899498019493,14273
0.960176985002166,0.1584755729126478,14274
0.27111951968891956,0.6442538357205723,14275
0.45048419708984555,0.5273249713865379,14276
0.9794252251537247,0.5677723573539217,14277
0.4616076114947836,0.9876139645250008,14278
0.2528964014099503,0.4668818375212225,14279
0.867053364520959,0.6302249631982592,14280
0.5902952349882036,0.7487588053050888,14282
0.9414370824779977,0.15099452995948248,14283
0.8501526717155337,0.37583132001116226,14284
0.21493320054408294,0.06693967227841469,14285
0.7411315163968824,0.6682051699717438,14286
0.3379671994960177,0.597350233431422,14287
0.2891351538750524,0.998158588017652,14288
0.8291318453815238,0.6826716903704447,14290
0.39146248116064564,0.44960422485384144,14291
0.1434633900055894,0.38264057727483425,14292
0.737205324513075,0.6769043082206078,14293
0.40246229050940363,0.5649700237085402,14295
0.7239792327097775,0.6639002559962037,14296
0.5552126693213534,0.6309388843087176,14297
0.17052207007200815,0.40182116471809604,14299
0.45548290808290093,0.44892289757690496,14300
0.062020824213574355,0.7052075198953053,14301
0.7330225960928017,0.5336722239867825,14303
0.9656894682429157,0.19154596974131166,14304
0.4972751585609322,0.5388146648865019,14305
0.4679584338874281,0.831495486036301,14306
0.1657085614197894,0.7697461732140595,14307
0.8434821428173969,0.18273230416335462,14308
0.3074296470120288,0.2937618758146039,14309
0.7961397450784655,0.21456242102018352,14310
0.3525262394058586,0.3564852725451372,14311
0.6994237710009039,0.4334708654630607,14312
0.10212740996190639,0.6809557600013272,14313
0.07978337983530281,0.3370017756488205,14314
0.7517958274732202,0.7974133774213819,14315
0.724092809839543,0.050800414014779194,14316
0.8965609049911488,0.9966056408549142,14317
0.2676551183504454,0.17521558347737975,14318
0.9535677861937444,0.32399752110958346,14319
0.3176682362437212,0.5908281466740019,14320
0.0856040162490509,0.17634884584006438,14321
0.9006458156308881,0.6305987853501835,14322
0.9994696912897747,0.7200440767334896,14323
0.13580737464478798,0.5877969933601885,14324
0.9961678219653626,0.019773672146804477,14325
0.09341052843411368,0.9440282577204677,14326
0.741585918327651,0.472083591548207,14327
0.9681490250941376,0.2774435062885309,14329
0.3531342154995979,0.4395956282305151,14330
0.5766146742151003,0.9689394826760401,14331
0.14588095793261624,0.5548879795801285,14332
0.7137022046005584,0.8956900798538102,14333
0.4234557901725805,0.33669037152449544,14334
0.7507787372060915,0.6454531292040712,14335
0.30699683134057276,0.6363939289823063,14336
0.17275792432324866,0.20136465468621256,14337
0.746666777770525,0.2038812320726181,14338
0.5418311200252244,0.8754176648723707,14339
0.13043184174624722,0.15483731229104603,14340
0.4871613464204496,0.5330803572424601,14341
0.2618263024265278,0.5152338093933415,14342
0.17500019799238986,0.1410491816255659,14343
0.6688771496085171,0.39359447108771195,14344
0.8013224669883999,0.5479553248571185,14345
0.013852422171412027,0.863729972185561,14346
0.9726350332011469,0.1845589431984893,14348
0.6251168330341721,0.4307827417541197,14349
0.6904007882467328,0.7305039958645543,14350
0.8471887688204315,0.9275092086186106,14351
0.8185936207267401,0.24689324784246136,14352
0.41590212570828733,0.4639808443390997,14353
0.8619080170527872,0.6002070637301479,14354
0.6759330082668213,0.14118168880617332,14355
0.18794106009634637,0.08298468081208576,14356
0.8997969996542525,0.11245362849984308,14357
0.8508888109826079,0.8033532031921672,14358
0.9423999197825248,0.4605918015800835,14359
0.4058511804188635,0.6122280556917774,14360
0.9759242789496905,0.03606601071468363,14361
0.9501965802239445,0.8697248668469277,14362
0.4969754662649878,0.0824342391460936,14363
0.10008308334025429,0.0778751396636288,14364
0.4960060130808911,0.2999862928403585,14365
0.038553348249955266,0.5778541731155973,14366
0.6786444356597964,0.06398677513932127,14367
0.9830995770742298,0.6400403239454985,14368
0.7066643961765939,0.08655790906666605,14369
0.5460142558170655,0.13963699658173911,14370
0.9250825951128728,0.6585660013620127,14371
0.8409539606143608,0.29370302985345176,14372
0.9161806481074675,0.7657093314823634,14373
0.08549345270809239,0.8430519379979633,14374
0.7659043342791528,0.7080905107027577,14375
0.3407820813701935,0.2602264959667926,14376
0.47047994752489763,0.026523604618748697,14377
0.8457288359782169,0.18866051178575538,14378
0.25515567241745474,0.2585830764810161,14379
0.6514072628203627,0.05479806960919842,14380
0.9318556676764571,0.07007929609128971,14381
0.38790139113058775,0.42483369343531285,14383
0.12128889064939452,0.2984213366875633,14384
0.2664169797095187,0.7327317341944382,14385
0.2345273850527344,0.5709386471786078,14386
0.38878457324505455,0.18939064145894324,14387
0.9586412966268392,0.5976611969814319,14388
0.6974870405727011,0.2265564255138236,14389
0.3904711586194476,0.14858496836358193,14390
0.602297380825567,0.9241489559927133,14391
0.046205013310876564,0.15333269359919266,14392
0.5481562028442485,0.8333139166413759,14393
0.04188606337067946,0.47780924739680164,14394
0.6025188767319678,0.7557599632342351,14395
0.7055597623899763,0.2647744058376489,14397
0.36390642535826245,0.38681126040397995,14398
0.21701701893854974,0.8632755741703798,14399
0.07099914368928117,0.26257437858114574,14400
0.9324498079346479,0.0855923953574469,14401
0.3534012036022527,0.06390711620092226,14402
0.15251276670558478,0.6231182402708921,14403
0.8290594841503864,0.8135754655127279,14404
0.8289762218429083,0.363751824846395,14405
0.15960439874225518,0.23587804458544037,14407
0.9439611452042456,0.002503709824365319,14408
0.7736689193531118,0.9175898523371081,14409
0.6815356178689281,0.4119379957206598,14410
0.1329784451575986,0.7680197959583634,14411
0.8664914249573251,0.8750210841105301,14412
0.4870663426611125,0.035735369454997445,14413
0.8674649929353522,0.8512074565001672,14414
0.6062857406057656,0.4156460271563227,14415
0.6523251288210059,0.037882551860170754,14416
0.23822961040940427,0.043508874393806574,14417
0.2162892168776176,0.7286030156737159,14419
0.24483068796534102,0.3908329819675329,14420
0.4817971908188303,0.005985275514172161,14421
0.8932627700484314,0.5862898443154574,14422
0.09040147349098238,0.9373380901505536,14423
0.027870468968186346,0.7951580475399247,14424
0.7259029864978904,0.6138366551621037,14425
0.8021120310416798,0.7607511675476434,14426
0.1138794150405773,0.46823929422389277,14427
0.4377381379686167,0.4286849011868935,14428
0.6514417670098667,0.025707421227873506,14429
0.13992954572770655,0.44008154580326597,14430
0.29370343246727615,0.4772366120721282,14431
0.3558983249768525,0.13199606680298437,14432
0.10651218954254404,0.18862031068554186,14433
0.6152981903967487,0.4570478185301863,14434
0.8127548414640757,0.5695979884707294,14435
0.8026233031151724,0.31598274087147515,14436
0.9535157660335268,0.18680104622437943,14437
0.7767146864682835,0.5281391966385872,14439
0.3504600878134939,0.4746915951758012,14440
0.00050302157196358,0.8518875489410588,14441
0.6888549514898056,0.232869957694545,14442
0.34309843730993894,0.22857941168262497,14443
0.7719978390212908,0.48267496973658597,14444
0.24764216444606368,0.9572546495654304,14445
0.27398815285775346,0.5381201350320354,14446
0.6796424221557649,0.9660223762306483,14447
0.8452845541608525,0.4609473365771817,14448
0.39752710927449575,0.02810081843699297,14450
0.3161398666385281,0.05565090476927037,14451
0.2579972310259361,0.26597407317252386,14452
0.12890839495901874,0.35890114888366664,14453
0.870266276700302,0.18876579644324487,14454
0.707689134789286,0.4552260878570822,14455
0.449292032707551,0.9994511925228632,14456
0.9449600252238081,0.18938553611749964,14457
0.6668444004936135,0.048725169685451264,14458
0.7503689338032653,0.9980793833267405,14459
0.7208061381255825,0.959797632671576,14460
0.7590148908819501,0.5526902172467353,14461
0.33924330451332585,0.2653331492363229,14462
0.19636338284586607,0.8469280013311268,14464
0.5712396546775654,0.373178001427263,14465
0.55597951884065,0.5894026727906488,14466
0.7664215344828913,0.8679579644655391,14467
0.668342558234609,0.3841153440543269,14468
0.8472539631616578,0.14530875700272428,14469
0.08512415800308726,0.8025219665702402,14470
0.4998157095928888,0.0047296822781756065,14471
0.7117098749618062,0.8646074082249458,14472
0.3058279388365184,0.6901736529700463,14473
0.49183944171480076,0.8797023974382574,14474
0.23689283431991892,0.020884130721367966,14475
0.020866614340686374,0.3938251140702528,14476
0.7533618101207276,0.714798196207104,14477
0.7447132403749251,0.49535175614642457,14479
0.4547236794516001,0.6095323785571122,14480
0.8737659326090015,0.6848618990336035,14481
0.23114958047362555,0.035935751222471946,14482
0.10643978746529548,0.20204512880013237,14483
0.780088544940495,0.7275571483442685,14484
0.7851071260718945,0.8178245698635433,14485
0.6820167567646191,0.0867210643768328,14486
0.6190348247103924,0.16180090835414884,14487
0.774733107687528,0.2762729341634871,14488
0.025252760594099866,0.9989616986121487,14490
0.3344924006856711,0.0797289109917606,14491
0.0009217276360413695,0.16318827558798243,14492
0.6017909746444419,0.9726898046207161,14494
0.8913490557233984,0.30449173393027706,14495
0.6526579422549761,0.9889857827835659,14496
0.33933364924824017,0.7415835438956911,14497
0.5624573626787476,0.6429568748479635,14498
0.9104388621592111,0.979563429577575,14499
0.07418595785595605,0.2472780650803187,14500
0.3611712036592155,0.10157844525225512,14501
0.3024098035416558,0.6558792903364147,14502
0.6433883076741301,0.9969722269767228,14503
0.3646798022863067,0.6396741232822651,14504
0.8006581017777941,0.1865833841837944,14505
0.13760620112822908,0.6214135289202177,14506
0.6247806275762726,0.8980931624885445,14508
0.3880582387571223,0.11536342416727763,14510
0.47707897184204806,0.34229663911497765,14512
0.6063582566926428,0.060919944857007136,14513
0.7992232199741083,0.13229782826603853,14514
0.670077900428498,0.8088174024017855,14515
0.7262891799237474,0.27810383581680176,14516
0.4294226278432616,0.7698919725299002,14517
0.05331575395153665,0.3672861299836937,14518
0.790752205589658,0.1853827308153828,14519
0.8179365177004753,0.8751183089159748,14520
0.6279070894918575,0.9552436593363948,14521
0.45472254495258146,0.15075122994359647,14522
0.04765222477107789,0.6742046451066065,14523
0.371569063822757,0.469661492552907,14524
0.012533175257243845,0.007576364753193454,14525
0.9112313862206006,0.563234858956334,14526
0.007915008086690878,0.06234271549120751,14527
0.671755212873556,0.8439490896732864,14528
0.8882242114034142,0.21553989126708373,14529
0.30484838517501445,0.7285160882312778,14530
0.6730862368544149,0.9759111220342511,14531
0.6233819157364793,0.5302313442792435,14533
0.8761123160058468,0.9003118179898344,14534
0.8217377481310527,0.07690214381806793,14535
0.5236441981847657,0.00045022462798083307,14536
0.545313373288989,0.7797124014065465,14538
0.9981903869399933,0.7640181713683811,14539
0.13871950365655428,0.4206070691722483,14540
0.06473847234445262,0.6059478332456293,14541
0.8844831774260661,0.17799900287301296,14542
0.5160641288680519,0.345309447349339,14543
0.4800303198592325,0.96203157831778,14544
0.75958793712925,0.7525108221538653,14545
0.9628630474400448,0.12029189019839626,14546
0.03651498720092783,0.22296910407102843,14548
0.07320568062052313,0.9760091971801034,14549
0.20755188425327864,0.3695925593100572,14550
0.9792795947114357,0.35861377717626586,14552
0.3717399113053389,0.8975289562498585,14553
0.8171544355346388,0.9661231618843907,14554
0.2857522513957472,0.08299614343275274,14556
0.8854329486527023,0.26637255905319146,14557
0.49722833382167064,0.6729604750254075,14558
0.946937738983737,0.264738536903252,14560
0.020823452655649777,0.9659284676451023,14561
0.7153517695024877,0.6930281559089313,14562
0.7764654862138857,0.5844446482607151,14563
0.8083530557638182,0.05926286649382684,14564
0.5964560201966372,0.943341852837385,14565
0.5436423809364503,0.0950452037175028,14566
0.6238956048485382,0.22645852617593476,14567
0.2974845781594978,0.5250715946690758,14568
0.3069779115344947,0.6111190958694637,14569
0.8579691105036165,0.6224353513387648,14570
0.7761010465264288,0.8289495522074056,14572
0.22334605220797787,0.5317678716541806,14573
0.5764904063758176,0.28851907903256313,14574
0.8284913151723099,0.3371597034665249,14575
0.9446386826825695,0.9153857249295176,14576
0.10778063522756853,0.061351894294053966,14577
0.4964439048679531,0.3185333271575346,14578
0.8398482201703054,0.57565001461967,14579
0.35891305530409123,0.9328732984510074,14580
0.9557498602152271,0.2694732826961229,14581
0.4477152353139562,0.12013821159081339,14582
0.7070097326480733,0.7928548762955381,14583
0.9486671852220678,0.18891379455189983,14584
0.7026654436507054,0.9332218961242323,14585
0.8756165855948688,0.7602125107638149,14586
0.9912512785916343,0.02180190120582104,14587
0.4957367640874847,0.3259050184594535,14588
0.5979590563258838,0.2601935296033868,14589
0.002360541995255816,0.7521554309843128,14591
0.8147196804441369,0.08862439488344065,14592
0.5867937692674274,0.9907356973792872,14593
0.16130642199970036,0.20733749558610304,14595
0.7191698692678552,0.42676137344194665,14596
0.28508114749402513,0.15220947536906315,14597
0.18838325162056235,0.1366021788128441,14598
0.21484628399715622,0.3739885465446984,14599
0.6307223014716034,0.13268408999440007,14600
0.23023633544845812,0.5633809503552673,14601
0.31409363694911663,0.7108229742735507,14602
0.6465401520950691,0.09874047362375205,14603
0.05718630417853232,0.05385944140839405,14604
0.18811755058109758,0.9786762045447032,14605
0.9646868215089319,0.6857503745569511,14606
0.7561806445912727,0.565265026126349,14608
0.07452641343972866,0.7148450037803461,14609
0.17940159699846203,0.7698350778169245,14610
0.7137838029389001,0.21247129764529205,14611
0.7779593201040466,0.35689105697895784,14613
0.7386575057662017,0.046870850632879546,14614
0.6300265755085644,0.18134522992057456,14615
0.18861838216273863,0.2868109437144565,14616
0.21630446163529748,0.4216673470080421,14618
0.8973341781148378,0.4741217776749145,14619
0.8792294899996037,0.04915290359235758,14620
0.8749946265257486,0.9602014345173313,14621
0.4234962211546056,0.028318323548448543,14622
0.6781530668305634,0.8288314176859504,14623
0.11265643645052226,0.36679991839830384,14624
0.2765032925724006,0.08389781432905574,14625
0.4875332662387293,0.40483636342781104,14626
0.09189603099343979,0.04456504010357609,14627
0.6731839531700543,0.12388961018927691,14628
0.6649012682820068,0.2090452798368121,14629
0.46988814129053036,0.7825444768115583,14630
0.9156623405251507,0.9033488429497154,14632
0.7425896654559339,0.5096885869810629,14633
0.7368023325189462,0.8555420887391183,14634
0.23042211436230353,0.7541440970834982,14635
0.9231493906120954,0.20857550140687964,14637
0.006273890509879587,0.7842681776259972,14639
0.12594872684841374,0.19006935990487717,14640
0.46734501468048917,0.1218155119941704,14641
0.1380033740427975,0.5546350696145598,14642
0.5959205544774068,0.19411595453789376,14643
0.6432944108939821,0.6787048291701459,14644
0.8799599871325018,0.13810844487097773,14645
0.019773479242909064,0.5229878156296249,14646
0.3503784393340219,0.07625965193012241,14647
0.7730908861007932,0.9869120864801858,14648
0.6654136727675468,0.7657696785319129,14649
0.2835964120192961,0.8185087767119433,14650
0.28316162207155415,0.06567977025225513,14651
0.37277304733314887,0.0036936612538331914,14652
0.1848453706860913,0.9496054876821503,14653
0.6265180752396037,0.3804591174211639,14655
0.24559621019318467,0.808764447061686,14656
0.650451349687964,0.9682722393851272,14657
0.3767684232934645,0.010322031388011021,14658
0.10953509233649095,0.6498347082691149,14659
0.579371320104593,0.9286256350747195,14660
0.12002951670031103,0.20937911216519267,14661
0.8747997396442874,0.8811220680740032,14662
0.7408397034358337,0.5260443671609949,14663
0.8089988681388744,0.9633652514761543,14664
0.2967837833565313,0.6080420287557916,14665
0.4303382367137307,0.7639476137264108,14666
0.3390488026876317,0.5094566726303709,14667
0.1452072317840546,0.2521442382671625,14668
0.4836592437746098,0.7514996536184287,14669
0.38939329759471,0.48800687813931776,14670
0.6816125638025237,0.09814201544089174,14671
0.3426915974543574,0.8988479542729869,14672
0.3249230358402012,0.7565566125499651,14673
0.24928381754903162,0.10689149617221894,14674
0.5918716047956397,0.4404014778742006,14675
0.5822210829500146,0.9516103609790765,14676
0.47816215371752724,0.8457975308293634,14677
0.5816811539112674,0.7377626660474688,14678
0.5484263893611758,0.6190509413726833,14679
0.39109905376560705,0.38837043773727276,14680
0.5803993663300957,0.9025863359047915,14681
0.2973084234846416,0.855756645916725,14682
0.15036768885327123,0.42335038507216016,14683
0.3920685559683357,0.4824619700455095,14684
0.3613182855854362,0.35710128669724917,14685
0.42203799901214123,0.8078027896422011,14686
0.21344976006145677,0.9247510461901429,14687
0.608568847264632,0.8842534308466994,14688
0.9601426808972224,0.033700511027945246,14689
0.6022787309588952,0.09797123081107739,14690
0.4361588777795822,0.6158884550394654,14691
0.9176386992293749,0.2214015375301006,14692
0.5045270611701157,0.25093647959107057,14693
0.9378508202917253,0.8589403079201725,14694
0.034141875511628395,0.8050481944267545,14695
0.8956385859303139,0.5975130539676103,14696
0.12808673081817845,0.3961642692722833,14697
0.36438160652531537,0.05893892097691478,14698
0.12605060845439908,0.7534732754253045,14700
0.13367307672482742,0.07462540911233795,14701
0.7850457037685277,0.9531491330355033,14702
0.8778170641244434,0.8824162116778497,14703
0.6559290969535625,0.4561563930071053,14704
0.9285163692317984,0.6976407916326964,14705
0.2916915355472969,0.3806830973080787,14706
0.05594978479273838,0.18538812474505761,14707
0.09012084501418616,0.3818991269411628,14708
0.959381899760451,0.49824692557236727,14709
0.14169045684356807,0.3186407403470778,14710
0.7973389557097293,0.9861091151540058,14711
0.2627698467131385,0.3361027330980365,14712
0.2908621088192952,0.8671012564169848,14713
0.1903301747887155,0.6862067752239721,14714
0.155779304313428,0.5529036253645022,14715
0.36245091830347953,0.9936898327574996,14716
0.9401207784249079,0.6540667833169166,14717
0.5302839432002522,0.15048006997650343,14718
0.7150891239642002,0.6998162107873818,14719
0.4348320010028598,0.4587421959595809,14720
0.31989295858904565,0.09769168216802504,14721
0.3267281171489156,0.33876756704798705,14722
0.13727447687767247,0.11935891069607618,14723
0.7811313445442069,0.17611909592587172,14724
0.3983531164902777,0.019673621654234363,14725
0.6026773690062619,0.29592764571654695,14726
0.3048567921546257,0.15278177808702942,14727
0.8655696310286548,0.21003134945882296,14728
0.49915572075851067,0.5055290981559677,14729
0.7366970876823181,0.33593084305036414,14730
0.8453914439621734,0.3661701005564769,14731
0.14343638139931614,0.386891118076397,14732
0.6750780037778327,0.9563676450174081,14734
0.0007288964578215928,0.8630674015277114,14735
0.13220948069007132,0.2164057553196732,14736
0.7015776116859465,0.2797760084292984,14737
0.4093379660840333,0.31377959706848735,14739
0.035145928373979674,0.15762594057860235,14740
0.41409154578172336,0.8583469378129633,14741
0.6810882527190656,0.25671873464150097,14744
0.22880715736221557,0.3596317671742856,14745
0.5960611464092691,0.5574567373111896,14746
0.6819948879230576,0.6795971125852651,14748
0.3861444698973192,0.17448600569405226,14749
0.5545519718851772,0.3868535291620251,14750
0.09911352219421699,0.9651239919560165,14751
0.7278777217914804,0.4546709549411033,14752
0.3443175124622194,0.9312791873780317,14753
0.2491927722897065,0.6672058335032943,14755
0.9069969465348028,0.8929914787185443,14756
0.5180312022532337,0.2222448136798394,14757
0.844970181849149,0.05394904589775007,14758
0.5570877808017236,0.2358216081739406,14759
0.1287112699956965,0.07419088843235133,14760
0.375204354791549,0.23274205570900752,14761
0.52853581685295,0.09702191953285588,14762
0.647889923202749,0.4298240147506974,14763
0.5010505555845943,0.729207216547262,14764
0.04409848489431334,0.326124929343346,14766
0.08068116559403182,0.06168844523843009,14768
0.41395114743707684,0.8335390388456059,14769
0.21299896516975325,0.3462901197842675,14770
0.3180415647491721,0.4275815115740712,14771
0.11787086709944372,0.5625351903357538,14772
0.6256635239655243,0.40717558844406887,14773
0.20248171333084608,0.258064244731675,14774
0.7926089078667202,0.2075840192592887,14775
0.6258283086126244,0.727484137418115,14776
0.23887091989972997,0.1984383906754701,14777
0.44498723962637965,0.27843189133849366,14778
0.7680830065087776,0.34503689945737526,14780
0.535450005709511,0.7682142851598243,14781
0.7254331983575353,0.7586972889571859,14783
0.7527343927466948,0.08034933505182962,14784
0.6484999916876992,0.8810567380991232,14785
0.2304436676528523,0.8828968475630501,14786
0.9246640319121662,0.22189561467131946,14787
0.9013641853155496,0.6601523842860413,14788
0.6412418370645496,0.6352021823475198,14790
0.07727661190795287,0.5335551525168742,14791
0.003994800711485946,0.0007961185837189744,14792
0.0051893554186440705,0.08515623703010666,14793
0.7581998414453797,0.4896491627029367,14794
0.7816901078006451,0.014925370544801253,14796
0.09092456947406968,0.6304311390389983,14797
0.340021093414981,0.7959092398282747,14799
0.04766646343210057,0.9713125910386885,14800
0.7403636304000828,0.12220571287457516,14802
0.5356839114105276,0.07522014752486395,14803
0.5925320602988334,0.0484058765301878,14804
0.11475467003052087,0.20126324196619427,14805
0.4790822937055361,0.17728656910791252,14807
0.48775905425920785,0.7667172279742093,14808
0.7099141109127155,0.9739339664973368,14809
0.5765685644725985,0.44753339900207134,14811
0.47142647903551194,0.9258140104849811,14813
0.9599790246287616,0.07033302737474578,14814
0.880677972683319,0.8856435299518826,14815
0.5021555279668902,0.6535455858263276,14816
0.8009319694657137,0.27865314449339706,14817
0.06577062212237805,0.7834293016160377,14818
0.10199073621039179,0.6518351336685719,14819
0.6854770650009496,0.5765152244516097,14820
0.8193942185991806,0.8066169053825868,14821
0.7993660525830688,0.003227618564413226,14824
0.6413855558318862,0.13594832444319793,14825
0.4999624057792251,0.07965946459450124,14826
0.6019191777512958,0.9761023918798553,14827
0.25505278490952576,0.4019811710996394,14828
0.20922327215047343,0.9466668688831325,14829
0.9264601884897357,0.8925312002705348,14830
0.35908814862802463,0.2162312484757537,14831
0.2581484143596263,0.6560153946383125,14832
0.3163131852158826,0.04604406791742255,14833
0.16366289891377173,0.17620142659623106,14834
0.598883760790486,0.46485446714302503,14835
0.3070323708577053,0.750286256032624,14836
0.2170063332447254,0.8817548262404004,14837
0.047644884574676194,0.31950164022077854,14838
0.988167015656522,0.5039670090001531,14839
0.13291339813418301,0.1155509660731383,14840
0.4979849603102591,0.7283036460876324,14841
0.7389889064619565,0.7559355185329805,14842
0.13581115788395903,0.9063774356154107,14843
0.2924160657536893,0.291830342664144,14844
0.28529799134466605,0.31740203524807475,14846
0.7525140379732138,0.22929556981934063,14848
0.2432621562888434,0.6104169546644257,14849
0.14880599920358184,0.8108754087704698,14850
0.7250584760203529,0.9031020284683724,14851
0.043007492959960425,0.5901944067665359,14852
0.5089204262270279,0.19413793590024053,14853
0.07202329272956454,0.5440906507306915,14854
0.48711781676055954,0.6388798035268113,14855
0.8587122764559252,0.9123484155318716,14856
0.7636552516668533,0.45031942645421463,14858
0.06682659954866821,0.619354614726192,14859
0.8249804896115311,0.24608633306272487,14860
0.5997704039532442,0.2666988883970971,14861
0.4613480164277225,0.769061787007541,14862
0.21898997602264159,0.8500000944952196,14863
0.8110074332763922,0.22541136403948625,14864
0.9973856136052032,0.9555892140515312,14865
0.6358079263957571,0.5231296271058444,14866
0.8519461652321976,0.5202710208032796,14868
0.786421684003184,0.3184326257198633,14869
0.6454258712732281,0.4672545392218117,14870
0.82560666824576,0.11163205228452056,14871
0.3552547499049584,0.047936340899607854,14872
0.05557375870014547,0.8827565631260289,14873
0.8496600294227574,0.3143802649000573,14874
0.13201744014397288,0.9337347434801617,14875
0.7922548176168621,0.8573526419665429,14876
0.8940018241242745,0.9510883975167606,14877
0.7307023430487757,0.4127902361432696,14879
0.4724360746178756,0.275906108082312,14881
0.42613497469252193,0.9399876916121248,14882
0.47582347043082873,0.7658815317608,14883
0.8558285450640456,0.282216189715512,14885
0.6257507831423619,0.9657009520786355,14886
0.8216315195028203,0.638863401588169,14887
0.11220573815406687,0.46983536669173886,14888
0.9759957250587733,0.9633026701960191,14890
0.5437656922636912,0.4318112776864693,14891
0.26666447162038587,0.824784123266022,14892
0.09716729979429128,0.8436816153366825,14893
0.8075798564362707,0.47526865348237035,14894
0.5566606964615952,0.11610810319687936,14895
0.4035182145879376,0.382789635296654,14896
0.6816555555512713,0.6928386175784153,14897
0.16177203793358352,0.27629244921678864,14898
0.25442664752354405,0.10533987314358262,14899
0.03457762592325764,0.6918215722182942,14900
0.2761766020578236,0.9472422080758488,14901
0.4703663842805378,0.7051402232865315,14902
0.6656027122287677,0.9349441704299791,14904
0.7121813138056065,0.7106160737651834,14905
0.4938727927357558,0.8068050286218802,14906
0.09279208617452894,0.1423312389366338,14907
0.80725537165229,0.18543892710587373,14908
0.9413750687480629,0.3541838233695056,14909
0.32873829377182406,0.7685727875962243,14910
0.3278780050689323,0.13580836053798895,14911
0.8581108647828902,0.9887015880289963,14912
0.15576833183589534,0.8447287814305717,14913
0.9579371139531311,0.8208560328791138,14914
0.40651508673225345,0.9052345145018178,14915
0.5114839838393109,0.4809102586071159,14916
0.4784639264709172,0.3243829313024813,14917
0.8843260477231344,0.7878475887978512,14918
0.7813973397754334,0.144845394983509,14920
0.9608478761445803,0.12411122630934535,14921
0.09800054666181135,0.5849742177426629,14922
0.6415346433123564,0.5331535200574832,14923
0.9894452071864126,0.9117005285740287,14924
0.11462003702096568,0.46631343973857553,14925
0.3857747938162587,0.254970795802665,14926
0.7616749919242722,0.45741979819833545,14928
0.634769411276232,0.6545050562335043,14929
0.7293001823343267,0.9403703014774826,14930
0.3218771953775985,0.5207578944628775,14931
0.19979818557941054,0.744395681460278,14932
0.35166114681484983,0.5168813501134207,14933
0.35679201599133725,0.40093415473765637,14934
0.3760470796715274,0.6798553838322379,14935
0.14571281065521735,0.8145363450351021,14936
0.7845321912932085,0.53351213300467,14937
0.7021919114803388,0.07046662063113751,14938
0.2520103247111919,0.5445595741423255,14939
0.6018547949473708,0.48097255306700526,14940
0.9396917857098743,0.8897641276958113,14941
0.6614941512797773,0.619698574813726,14942
0.9581919496488861,0.0058700680592358445,14943
0.09489936472656457,0.13438905116668765,14944
0.438911945698067,0.6652168210088285,14945
0.06957415844433956,0.9102102967284175,14946
0.9988583040897537,0.6218884287188233,14947
0.14803032380213,0.9708969756387726,14948
0.14431241669768669,0.596737503605885,14949
0.42610385690154073,0.41050998145720674,14950
0.12362957712364087,0.07320648203615687,14951
0.7883268899144455,0.5826865330722515,14952
0.8381905960312613,0.6834248665595971,14953
0.5570601942005025,0.08180993077414145,14954
0.38809407843885557,0.963870351037648,14955
0.7839548315226257,0.11556830698142317,14956
0.5452304366222877,0.3112479505466762,14957
0.9127326102888733,0.22634728704535634,14958
0.6466117596795624,0.1632834812842785,14959
0.3116004626954587,0.8425280158873073,14960
0.03868183576850304,0.9217785392752188,14961
0.6905359373782782,0.27702694677015316,14962
0.4697091476032982,0.926351185219268,14963
0.4957183268818228,0.029726874222307242,14964
0.2273608126120038,0.9460808373322838,14965
0.06926296438404822,0.9452464102317122,14966
0.5117701368461358,0.516397289386923,14967
0.21312379420387872,0.2717838766530072,14968
0.8311347877150282,0.08300630688635724,14969
0.680466468968828,0.7068755642163377,14970
0.8444048837986153,0.9077662467921158,14971
0.8684297136875208,0.41940853871810646,14972
0.1592805088645285,0.7184248584537539,14973
0.21428201512591816,0.22225291002891923,14974
0.5768728352602591,0.9300055183384085,14975
0.23615900467013362,0.29307733418593473,14976
0.19251904211582016,0.9418790375499388,14977
0.8603628426145532,0.4541012713694066,14978
0.6652306242139598,0.623077316557479,14980
0.9971921332940257,0.11532357949681249,14981
0.6500024821748553,0.40932547098663064,14983
0.3947850856684476,0.5762947831072422,14984
0.949800721451993,0.9610132308518042,14985
0.012841277683853347,0.17420188304480066,14986
0.9078238569931693,0.3150806483684062,14987
0.658295516467953,0.2250037453648217,14988
0.9839783003386696,0.15721186300242673,14989
0.009056618422603191,0.52992090950156,14990
0.26979748187784625,0.5150863089907867,14991
0.19938099679789378,0.7908082960570045,14992
0.21747264019752388,0.5845803622944372,14993
0.2811160386827324,0.9744135450136866,14994
0.9425201896395364,0.16298701871719878,14996
0.9737647721581008,0.7529537606980148,14997
0.4146056200358441,0.2500676207587188,14998
0.38830972342796966,0.925302848157336,14999
0.3312953662507424,0.23703080375109642,15001
0.314382336012043,0.3006280048896811,15003
0.5245882849050709,0.8422536940338384,15004
0.6810191598709033,0.01747038344820484,15005
0.129249870918426,0.3392239914944075,15007
0.07437702357273313,0.18401312129368275,15008
0.80368419935695,0.04294581008812781,15009
0.35249937555201827,0.542053640341576,15010
0.0621177450787036,0.5119218698930614,15011
0.599385814663067,0.7259154015968874,15012
0.011254726419953065,0.26863901006585855,15013
0.6862712995226145,0.21864265736640442,15014
0.07525441109773934,0.7432469852433577,15015
0.07345586310000407,0.8663604043834774,15016
0.5522897623971792,0.9993137507015761,15017
0.730062383507657,0.9743795671783984,15018
0.7627204706144407,0.25999512536379144,15019
0.9213830169363298,0.9152554260302405,15020
0.0519926084276775,0.5418496539719495,15021
0.28097856602588933,0.9424402433107179,15022
0.920540974355815,0.6339153447699206,15023
0.24180277699948993,0.7409714430376446,15024
0.21160756069866693,0.06140247424451828,15026
0.8258571297663037,0.13895365837432816,15027
0.9226100865815059,0.445356335200773,15031
0.37792606999324496,0.670685929206961,15032
0.32904553160127725,0.6277877063735949,15033
0.1274147302366957,0.611524650479605,15034
0.7405553085330343,0.6209961115640362,15035
0.10799473424172412,0.6498478390838069,15036
0.4224218667687609,0.6665138423659948,15037
0.30379502646910683,0.3124172779246147,15038
0.008042482276023333,0.28917359987713254,15039
0.44364214108061417,0.06740993518708183,15040
0.6113243440883048,0.2914086943323947,15041
0.2621886564705639,0.9492299940260424,15042
0.24333805051138435,0.4249321343760446,15043
0.15624039729549544,0.9197083100903289,15044
0.7245367391509997,0.3822513060166012,15045
0.899615357386191,0.5848275741672551,15046
0.24650981204119438,0.11507918060204414,15047
0.2789059208731701,0.7541983645171266,15048
0.2247636154477185,0.8701683689257159,15049
0.2442284485383862,0.10378894299833918,15050
0.23581407121687958,0.6212597136404013,15051
0.7841521318933297,0.47639315603013044,15052
0.9263116234201628,0.04340870984972378,15053
0.05304977284855683,0.5385177673139944,15054
0.40531341886239614,0.4020933307798663,15055
0.052795266089976534,0.5854963977860295,15057
0.453105927584297,0.8669975141604028,15058
0.4055224041513589,0.4739681438704899,15059
0.9939678532614005,0.5518317027177002,15060
0.7175283353797339,0.9499089382082578,15061
0.4636694454128609,0.8352452458883365,15062
0.7708835625671748,0.9022035896790319,15063
0.3150824402800553,0.38832504575426474,15064
0.2744150652002768,0.2060555898647961,15065
0.8979786665968688,0.06277472008519258,15066
0.14711086226796743,0.7997387015137238,15067
0.8554122812698474,0.11633547388810461,15068
0.5513555954082902,0.6089978552179959,15069
0.5930888697702679,0.8953831078795476,15070
0.9200103450931842,0.4476363886960839,15071
0.5366686170564544,0.7893359017788268,15072
0.6824986576383437,0.31078670651521434,15073
0.541779133093172,0.8757669453714754,15074
0.029878333466106022,0.5119663007773634,15075
0.9151181673598873,0.5396314663139998,15076
0.5951782991231582,0.4807113208826672,15077
0.13892296761340495,0.9182340060145385,15078
0.08134421394111135,0.8708128347422744,15079
0.055955370808351446,0.5993637515457328,15080
0.5094991548680828,0.7502380472787924,15081
0.0008827687869639167,0.14505362717541948,15082
0.2959841319531392,0.9107577882928086,15083
0.3889738611703788,0.2339301616778353,15084
0.13332687317086145,0.11490898307666442,15085
0.15205521950724554,0.7827503356030424,15086
0.9182165080737554,0.03498489880807487,15087
0.23860009169750118,0.5974875354584874,15088
0.2740424773971455,0.06942816158544352,15089
0.47134756464861416,0.5691441967770192,15090
0.7046351476614127,0.21894388321125813,15091
0.37577973422631117,0.5633183986042808,15092
0.8707118299875818,0.2541148249821231,15093
0.9685672506011004,0.4446235721432975,15094
0.4129600960310539,0.6068542600995264,15095
0.8084268612799173,0.12704957045106502,15096
0.16006850710311138,0.3090906932420794,15097
0.7928440685282813,0.974677823797509,15098
0.5794060450199868,0.11943829995569333,15099
0.5940333712318564,0.6022035144208961,15100
0.09783654185936586,0.8881448363007639,15101
0.7111160800275157,0.4181993760523183,15102
0.6923272939875544,0.23296904442433308,15103
0.5405551643052778,0.12295506689263969,15104
0.4398200945359525,0.6158348157472728,15105
0.572478449587465,0.0831879739163599,15106
0.7452769420527371,0.778684615702286,15107
0.9577927592957856,0.11186537944412422,15108
0.5253197226903917,0.5605918319587968,15109
0.3421721237519685,0.7200232514263343,15110
0.5350665332348479,0.24295376594209483,15112
0.15515271566678024,0.8779739965142093,15113
0.7029777109604024,0.2248027111544212,15114
0.31884578970624333,0.7442679052454594,15115
0.47998305610035397,0.6853537516440177,15116
0.12326447632862647,0.8567410040954029,15117
0.28320129746452016,0.8380111686867519,15118
0.057836627483910164,0.9991005504812337,15119
0.5709790489839288,0.9665106309095466,15120
0.6388000612174023,0.7667102408222854,15121
0.7686440421526629,0.09974028360800113,15122
0.8111082676203984,0.09402007031652193,15123
0.07969552931951696,0.14047507512367985,15124
0.9626210707265248,0.19079965072662386,15125
0.8566713832350841,0.07970857998307113,15126
0.8303319576829723,0.9896888845800006,15127
0.8752276279218614,0.8762999675000863,15128
0.5291678156498735,0.431774885476768,15129
0.5847687289553002,0.5145603919596023,15130
0.3121480262450441,0.5904595831259457,15131
0.42182166857929815,0.49101739599357774,15132
0.4784163261814338,0.9052208509445987,15133
0.01231446269580283,0.783184405207496,15134
0.9788293224261203,0.3629389138461805,15135
0.10351353496036853,0.21025420638121273,15136
0.6572270949528566,0.08523917099965561,15137
0.6506449933073475,0.36788183989288503,15138
0.9298338894790292,0.830119321848007,15139
0.33207532117078464,0.23756712179777284,15141
0.7544895758999564,0.4270576894677086,15142
0.8816150805906473,0.559618528971164,15143
0.13286053983531254,0.6539955529576474,15144
0.17397352221050155,0.15595886751452293,15145
0.683860231386884,0.3079941332940813,15146
0.027482465946585766,0.9198825897549456,15147
0.5490485535998231,0.9411142821592301,15148
0.31001986982000196,0.4823433112302348,15149
0.5399940330596256,0.21161278979952836,15150
0.07246740889832248,0.5567445379947987,15151
0.2751723731713106,0.9771644931883792,15152
0.6430368674281239,0.09004382078419304,15153
0.31097385735378547,0.7691375592688539,15155
0.9564112099131996,0.15300035141088242,15156
0.6097971545381008,0.14507999310191366,15158
0.872115540571873,0.5370020667931547,15159
0.19575987059617084,0.6475072472642922,15160
0.7007346734757994,0.8657137732779757,15161
0.49135791090582936,0.3252628818551515,15165
0.5751233233007033,0.8389089400359172,15166
0.30019362761410784,0.6291815379220174,15167
0.4586107964951762,0.9123892195768601,15168
0.9046480908152886,0.45653401010860817,15169
0.061020683791578656,0.2943796843327098,15170
0.058186159144713034,0.7634459103630485,15171
0.46593294697703225,0.6636652004803952,15172
0.11055890657232659,0.6187655352954247,15173
0.45235876954522125,0.4111890199721755,15174
0.8040402791385166,0.2606956053989653,15175
0.6558970324171925,0.4953134031769263,15177
0.43711575608737707,0.6542563084236824,15178
0.7599689869376232,0.7629830155208052,15179
0.001978918964429588,0.4453068592713535,15180
0.6712538885755138,0.7031828067721191,15181
0.9455566865205746,0.48083309706604105,15182
0.6830166232142812,0.5302247899941914,15183
0.1432461269928792,0.7737854694358195,15184
0.7002416465536521,0.2236152012958219,15185
0.03195120045483746,0.8405054680285279,15186
0.1281791657601018,0.6137649013534512,15187
0.41665926497504824,0.6387209600845764,15188
0.4264543338534055,0.7356262905542019,15189
0.5549665093787558,0.8602237585135589,15191
0.5880493437033399,0.07604441107510085,15192
0.07582209137095675,0.7875767288432344,15193
0.24446512313434254,0.8388491682180749,15194
0.7018351410923428,0.16985790087238195,15195
0.7997037791116947,0.01010782623572637,15196
0.987783368376218,0.5849206782284457,15197
0.20492669797873742,0.416797679745035,15198
0.7803322186682442,0.1727613271875298,15199
0.21060084153406156,0.814227920543468,15200
0.14845888393767925,0.21229624515582213,15201
0.6178596324100403,0.9825841142804984,15202
0.441422157101408,0.9759460856062045,15203
0.5988905744350244,0.03279442812364863,15204
0.4691997074099509,0.3176074976738007,15205
0.4209017330074649,0.25073512352577587,15206
0.1717305262730635,0.24934290615993326,15207
0.5326607699561682,0.41709018232992334,15208
0.4694710714083705,0.8073377823115424,15209
0.7172553982818526,0.9616684597565998,15210
0.06868287606737322,0.1662801203452039,15211
0.04857583562414902,0.8933881608010363,15212
0.7397571678978058,0.6978227944717231,15213
0.6425251879324012,0.3834800363561356,15214
0.4003864559456056,0.419588065014337,15215
0.7066770728247459,0.9919186621603182,15216
0.09462858823153486,0.7943551464980906,15217
0.22641839400797326,0.15375410039341564,15218
0.40210159740231965,0.8651764519653437,15219
0.49389648093638316,0.2805039979899989,15220
0.5056470846911684,0.18945874328059964,15221
0.43715401368435736,0.706880603903584,15222
0.734069265302155,0.5941343277373835,15223
0.2378946877217527,0.35832525498836176,15224
0.14365097793635495,0.5555809242969096,15225
0.6062970386137444,0.4462624211211451,15226
0.5103635393978501,0.7940834956426018,15227
0.836249695389152,0.3608160893114901,15228
0.9884498957520079,0.4909919999705128,15229
0.3678477768801446,0.8944306284972595,15230
0.4278305754890458,0.6040077309314843,15231
0.34751036237763255,0.032357229973753565,15232
0.7503677234118084,0.5443922125995031,15233
0.04639807532826612,0.25716772179379976,15234
0.3163940601318952,0.385423596963554,15235
0.3963258378271911,0.9027984666730434,15236
0.20293266653141329,0.043027520618883486,15237
0.1473641372112663,0.6031988117422814,15238
0.5681307173038528,0.3765801014522382,15239
0.8471220456657078,0.3108074765087655,15240
0.4188186169503869,0.8337851406604458,15241
0.02682609063425634,0.732642424198182,15242
0.5054425030093465,0.015520985708423418,15243
0.6055325637995808,0.6959025782445935,15244
0.5524041297234044,0.9597053422412464,15245
0.6853744646262305,0.4927818331411765,15246
0.08100932854071274,0.48525397083976207,15247
0.7209468384851552,0.9878719350460069,15248
0.18524436315120996,0.7913665838482207,15249
0.2427005318809088,0.2329872175041705,15250
0.2810202779232851,0.9900448018195611,15251
0.9352477955253973,0.3343745834236197,15252
0.13135822137440767,0.7523278696792068,15253
0.14325494312706155,0.31155102809268054,15255
0.20043461995905976,0.06322214820166616,15256
0.03900941525479451,0.484607259043781,15257
0.16874630833286075,0.013280357757930461,15258
0.5210711388086446,0.7415282043103959,15259
0.27888597743722143,0.2420187816690198,15260
0.5533814433913505,0.8821431529277812,15262
0.9410273715634978,0.43046159417736907,15263
0.4832737365185048,0.1335561665608852,15264
0.0338590498300978,0.49025158632238464,15265
0.7471035459142118,0.7987387110563803,15266
0.751730784447926,0.06814349087131033,15267
0.23018382794124204,0.10463838856595609,15268
0.41076928590164596,0.600997389356146,15269
0.4259668728149666,0.2848071074820965,15270
0.4516397880416908,0.6886404832574183,15271
0.7799726188191423,0.7801019852147156,15272
0.9268756485696301,0.6044789981750442,15273
0.20452021090277384,0.2808920102623621,15274
0.3102168131620626,0.8676026513639848,15275
0.6140278232606129,0.7822803617279988,15277
0.6002133498297597,0.6036599222851059,15278
0.7069872631687558,0.1799212208555231,15279
0.40394379197789254,0.13311174488623412,15280
0.5630285132383988,0.0941303873347683,15281
0.09628326992137637,0.45917836241832355,15282
0.3699634401003068,0.6628104342959421,15283
0.515341638152975,0.5773997589707504,15284
0.7166727180169531,0.362128796149379,15285
0.3090463752877112,0.4853267567252152,15286
0.8413338986247146,0.9653598699406303,15287
0.7363287737068049,0.30809708358351107,15288
0.839778617101139,0.5643115705080519,15289
0.14532986955523453,0.05217858323305047,15290
0.1216250112872268,0.003988620203553839,15291
0.8650318199461212,0.9540568955612911,15292
0.5444025569958282,0.47768441824820695,15293
0.37162099060459397,0.40272277446452587,15294
0.9323559644423848,0.8490018449833474,15295
0.4080909938841544,0.6969122969552757,15296
0.021508787276735886,0.8654979943913451,15297
0.8320868020481496,0.8120482094370723,15298
0.23794571439135337,0.010483863956864847,15299
0.8160058841672895,0.45914063308003483,15302
0.12288524745368756,0.00024132109391383771,15303
0.43401829562081073,0.585897236290914,15304
0.173309428151734,0.9484115644183921,15305
0.7953691621384408,0.7937773888686134,15306
0.4510293058340372,0.8236885171494923,15307
0.8265828005996427,0.17226995491081232,15308
0.5045601859730471,0.10010181065054446,15309
0.728067224419424,0.6452401429256657,15310
0.4772144244586798,0.8817125754100771,15311
0.4243471796582994,0.9240085816542318,15312
0.43917830801102486,0.009837111709473989,15313
0.05072977107801757,0.7453545742299295,15315
0.005563315168843785,0.8446328813226079,15316
0.42571114970186263,0.3253770974998378,15317
0.9664970754785108,0.6718893105814762,15318
0.5077264629007613,0.3947495187754776,15319
0.7519431792113395,0.9782736940841708,15320
0.5692003579109723,0.20757960239843098,15321
0.4187593999431841,0.5081067615074624,15322
0.036396076899861574,0.5554335300207479,15324
0.7929921468802782,0.7330643848478579,15325
0.1257735166366346,0.47335719281028543,15326
0.6956442824949151,0.11152050859997542,15327
0.5219974605592884,0.6467762460701173,15328
0.25798868049145296,0.7773041333029045,15329
0.926021017211678,0.7800689814498939,15331
0.2437935337309799,0.40738054583180394,15332
0.38717461655319974,0.21991885491833285,15333
0.7785853989644729,0.721245469256165,15334
0.7231376127943413,0.9992668366588003,15335
0.4160217217233545,0.795651365903291,15336
0.6998127095916609,0.5272318494899766,15338
0.9020111746041491,0.21510809140295628,15339
0.1897929200974081,0.16394302825114848,15340
0.9793715608035013,0.4988900332588715,15341
0.37733750796173393,0.07392584527069335,15342
0.1903115390903316,0.8677505807078584,15343
0.4482546506711754,0.23175904598530428,15344
0.6523344232601641,0.5895050821903808,15345
0.39642629308724475,0.0961826031284656,15346
0.15173501721422378,0.7907936652695664,15347
0.0935243235520582,0.9277984224460241,15348
0.6087987292637302,0.31287419512853054,15349
0.1933638274393631,0.7150313270627127,15350
0.5335899281321639,0.357098758699252,15352
0.9126525753832171,0.3981382649099994,15353
0.650731721257697,0.8623123254773624,15354
0.42344435263610414,0.20575514635297087,15355
0.8628098149458643,0.6781725388815806,15356
0.8888246212242633,0.8040835357221126,15357
0.22952190445041099,0.35363403600905974,15358
0.27210683859373175,0.5926850394904686,15359
0.007712562323477279,0.38658892445163073,15360
0.19818464827548143,0.1964364294826887,15361
0.4945229006041495,0.21590264699471806,15362
0.7353242792367388,0.7741888587400195,15363
0.48721372645856753,0.2617977812004525,15364
0.09901129578239654,0.5698397492100252,15365
0.23579112701696958,0.13715663774156506,15366
0.7741363926429066,0.5051628938469266,15367
0.4724898773317321,0.6576777131479403,15368
0.19060778104463139,0.6175262900949567,15369
0.7251281703029256,0.06719292949199795,15370
0.7385103392832817,0.1681303853090802,15371
0.285173196381139,0.7913269040889969,15372
0.8996926896587203,0.7005951901965056,15373
0.10708121300344364,0.4639394569935976,15374
0.886406451612893,0.2616211397798007,15375
0.058177624686634344,0.0626629054945933,15376
0.8842414421116517,0.6781120365748824,15377
0.7904530260115422,0.6375973684380352,15378
0.012815259437158999,0.09993963134395811,15379
0.66680565234817,0.6879901662584553,15380
0.7865852466973993,0.004901040194751349,15382
0.5581369505724019,0.6626213938262269,15383
0.42979509841260866,0.9215388989546239,15384
0.23960717269178944,0.48436501294108436,15385
0.7841306287353943,0.3224506832577061,15386
0.21961577538725952,0.19966387164103871,15387
0.6072465338767423,0.9380067177709225,15388
0.9376204226674228,0.6947897240314579,15390
0.7631118109663503,0.9683219610193543,15392
0.8572631450770124,0.3876019390955402,15393
0.7809393253352338,0.054406017610330704,15396
0.41972543363442605,0.876571253536001,15397
0.7585245220651466,0.10922798376681586,15398
0.0011434050019561992,0.8890488189808277,15399
0.33282544674822856,0.11063474618812574,15400
0.646887562493581,0.8238497819425346,15401
0.4445375617307624,0.9628206634367843,15402
0.21749096133031265,0.33309920532271653,15403
0.20434299241735154,0.7472143949199884,15404
0.12701940504588793,0.4534622742405462,15405
0.7143030251331861,0.6593680709259278,15406
0.882953716027908,0.9427165407661933,15407
0.8536703554125253,0.6428581973291199,15408
0.8824267544381047,0.3957186970398062,15409
0.3342193233283818,0.7044558416363321,15410
0.9146452631454733,0.06816022839497193,15411
0.22659433960679232,0.5033443177827205,15412
0.07310550616739486,0.1105339872436012,15413
0.7861705372963292,0.18763293779884005,15415
0.43531105986757856,0.5414371166626714,15416
0.8810262816404905,0.7922707116364515,15417
0.9161819576592203,0.7698745687139984,15418
0.589675521383854,0.5392827975472436,15419
0.24843265506679724,0.7565809586558909,15420
0.6837003922613181,0.8684858668278895,15421
0.2436132367840792,0.7652427726811833,15422
0.20354569679304113,0.5799185348243856,15423
0.10760775323965033,0.24729252579967964,15424
0.7240294452029105,0.9786870423436145,15425
0.28491668649543667,0.657461462401178,15426
0.8640664968885035,0.8920624846452502,15427
0.5111434960331445,0.6887956961772319,15428
0.43265131921954114,0.428588371102658,15429
0.01898443547011608,0.3291645634698237,15430
0.173481718981086,0.053397072784979294,15431
0.6760445256360593,0.34291557197274025,15432
0.38150133902718586,0.5892287279873274,15433
0.01831887755892514,0.7335068431869342,15434
0.05204376273994482,0.5786129291253688,15435
0.8477620817043373,0.3783708455534458,15436
0.4762788087690084,0.6105048756570304,15438
0.14773986814915785,0.41600817819936897,15439
0.6282630827067743,0.957859508212701,15440
0.2757376508068696,0.887034125868971,15441
0.8564737887173797,0.660171532459956,15442
0.9590030481983917,0.8417967698135163,15443
0.1033201695473347,0.8771855270206543,15444
0.5269141679120571,0.6572713339980182,15445
0.5958770853903514,0.8462977293365389,15446
0.7121206697181434,0.7087076090690718,15447
0.06180517834739896,0.27959927120233796,15448
0.13026089006166153,0.002854996999260284,15449
0.186265153457859,0.5414965229381506,15450
0.8028456309349321,0.4698277232723155,15451
0.5029712563951714,0.23015101963403173,15452
0.9349402261752421,0.4662507681115471,15453
0.6676571451983032,0.8752058892695738,15454
0.5524147322003119,0.5409234627002075,15455
0.6774254934398457,0.052228853345185566,15456
0.9891391371606568,0.975791715974712,15457
0.5429375834420045,0.9863557387961809,15458
0.38068964394177085,0.18223147154104546,15459
0.20787664267597528,0.5754808551073209,15460
0.2787282525204504,0.7681726516933073,15461
0.48979232049160515,0.5657448146927883,15463
0.14810995051523868,0.32639124430744115,15464
0.8459898910880016,0.38189254795463345,15465
0.631485524715032,0.20484198241323814,15467
0.9052587053291231,0.6659805444211526,15469
0.304269815901689,0.29423957322700045,15470
0.7478397841568375,0.8278350985090456,15472
0.3183454575475204,0.23549251667688442,15473
0.42787212770860183,0.20931488402318899,15474
0.874870815078537,0.7831552789745098,15475
0.7065016492900476,0.2577375073063185,15476
0.011823459498463085,0.49240868719441044,15478
0.920034398851508,0.6599240610437601,15479
0.4466869449574069,0.9604373711051507,15480
0.546773012415873,0.4413225467491194,15481
0.022391929321336046,0.9619955192000164,15482
0.3786686221967249,0.33269654784610536,15483
0.7841018913363108,0.4902084887656365,15484
0.691616607093871,0.482567677191465,15485
0.6753716750110786,0.7817364143353112,15486
0.16892588737258363,0.33703198268519974,15487
0.36827161371825745,0.6192533560030119,15488
0.7734003699215506,0.15891195705048955,15490
0.4114529265969453,0.29469561797074395,15491
0.38308098331239393,0.09576035552436613,15493
0.983522403494785,0.03713012989993658,15494
0.9582891942432435,0.06881777803758404,15495
0.8659890778525333,0.3457724856469283,15496
0.9001331792462194,0.06729951816681623,15497
0.15360667130150574,0.1274294991502053,15498
0.3327212138367972,0.7610835846687124,15499
0.2799910841615144,0.014900242337032799,15500
0.6215302875612173,0.5231341571054042,15501
0.773311987338695,0.18834592212852386,15504
0.9757012254475407,0.5167571018679055,15505
0.6475462594345527,0.5901665307492571,15506
0.8597566333942138,0.6943753825137121,15507
0.017388206597623745,0.47820219121165775,15508
0.44966706930492395,0.40056999935127957,15510
0.540843036453805,0.7950286729182799,15511
0.3405604190581244,0.7489468302900044,15512
0.6547465861522745,0.45453353942303865,15513
0.9435029648911494,0.17017426451395845,15514
0.4877488921465627,0.3846844801050988,15515
0.502717645498333,0.09867951093200644,15516
0.4201677683068562,0.9647393512795928,15517
0.779511714203202,0.20581734744168922,15518
0.21800918941158576,0.9787609212387917,15519
0.8070210233468771,0.8205680711690143,15520
0.014732630503705546,0.43904539638037443,15521
0.3037152307747697,0.6357508143217766,15523
0.05159119406180157,0.6526572763770552,15524
0.9958879804919571,0.5765305367523499,15525
0.8947808197450927,0.5548170318863042,15526
0.6395190244409521,0.8009186071516056,15527
0.3168169755711031,0.8606700471960232,15529
0.4145045318616104,0.309288864406734,15530
0.32325805022327103,0.2318449299419969,15531
0.8689805665762762,0.5318549370517963,15532
0.2292551283653177,0.8280492151639653,15533
0.1361365229682313,0.5608494459132706,15534
0.1956992884160128,0.368611343339338,15535
0.02714106862312593,0.4654059814214785,15536
0.5734974065770102,0.9233945277268513,15537
0.06032962245205886,0.5739113815367151,15538
0.027886063885482315,0.563483423065639,15539
0.036397388585570845,0.4815698529743001,15540
0.1640547041683379,0.7226563343148369,15541
0.08571237947983268,0.4285192414587745,15542
0.5982901079201942,0.6993958935413239,15543
0.556488952869175,0.6409121460645012,15546
0.4735728078422218,0.19078307100767355,15547
0.1595181013367537,0.23759195580503323,15549
0.8159687027751653,0.3622053956398893,15550
0.3514805193427908,0.8489373238449284,15551
0.18043461838287866,0.06525091914267733,15552
0.22267754295201136,0.7409531152827914,15553
0.5672891288190239,0.39098623383375,15554
0.7667242336294134,0.3179358899390512,15555
0.24704574187480965,0.9121924850538407,15556
0.42207329105396785,0.4129295194461925,15557
0.9401619263854899,0.2738794820301994,15558
0.4726171888221651,0.9306099829916332,15559
0.9260046540877074,0.09283061890325939,15560
0.12179767961881816,0.7775378448489828,15561
0.2617816536745008,0.3840605684565397,15562
0.34282754898729595,0.657896730306225,15563
0.4372395552149193,0.46042072671147294,15564
0.8550639667294248,0.4216889337609927,15565
0.025259580916292546,0.17292215891951712,15566
0.6244958539614679,0.24290767079706255,15567
0.1380277296902933,0.12856676876066153,15568
0.9628283030976383,0.5685539004573521,15569
0.7642664948810161,0.24736459015303713,15570
0.45466777402975267,0.2715382697443134,15571
0.41235066773001217,0.18774510831888125,15572
0.28322074522867247,0.07099061920850303,15573
0.20971412147351254,0.1670196324462575,15574
0.3829956531852817,0.8684243238807781,15575
0.19735567871959858,0.9050239370308544,15576
0.2077958104157086,0.29333797239476944,15577
0.3350301240750154,0.9644057066535979,15578
0.4832145532994705,0.2925475035554568,15580
0.32732021402754885,0.7728569319826397,15581
0.24437822738836812,0.6688884980739825,15582
0.1092487767850786,0.8264878203453618,15583
0.650544352561109,0.6082942876441445,15584
0.2288635732314902,0.5472059804043308,15585
0.3110257330898831,0.3790260463594719,15587
0.1425394795127921,0.6849602744208639,15588
0.9360926587762313,0.1664441604790714,15589
0.9026312227692985,0.4517293108992384,15590
0.4289073597234697,0.68979601249205,15591
0.2713619282657107,0.9486563755062447,15592
0.6729708768578719,0.9411141057193297,15593
0.2141076298785991,0.8486382446773599,15594
0.2808412990941691,0.43625218004344557,15595
0.7289629828184928,0.5987237847748937,15596
0.2169455155406439,0.14591538557701034,15597
0.6372789529833804,0.5233574819241874,15599
0.7137540454133531,0.9265343897609483,15600
0.9681285033227609,0.4768206821838308,15601
0.8194246701397931,0.7886811062645817,15602
0.9541269380159783,0.7662293082116656,15603
0.6366331536454916,0.3069081660670898,15604
0.119792374585593,0.8300762688566063,15605
0.10277916701739143,0.5058864802742071,15607
0.5562694144281717,0.1235301911344876,15608
0.9961659714840357,0.5516010781668215,15610
0.4351656422083555,0.929491357782214,15611
0.6239312548643929,0.2625290082240569,15612
0.6707291607336068,0.3562441352170026,15613
0.2995736489314711,0.07851678027225206,15615
0.8358784982370266,0.6542029189661811,15616
0.3442867435191105,0.8992954949422227,15617
0.5615109887066728,0.6027454720874258,15618
0.5623260112578414,0.11198101818654449,15620
0.29780329569520947,0.741835649069612,15621
0.7902705483474015,0.7387184274605779,15622
0.6227278966952234,0.27195671191894233,15624
0.6419866234435192,0.507099057417964,15625
0.7636525616363798,0.6979678297999635,15626
0.3153219478647892,0.49693200715610164,15627
0.1799260539976575,0.1490711714202141,15628
0.7930272122522067,0.4130808471595041,15629
0.8992954471400416,0.7609078910030413,15630
0.8034675968144623,0.5127769003503506,15631
0.896272444815262,0.4135487750979352,15632
0.8988567423777764,0.1531035454187214,15633
0.5266317586732905,0.9715756212338534,15634
0.5778175757829253,0.09582195305170627,15635
0.8942437087882188,0.9149586404288322,15636
0.8358583308523494,0.3451602063913777,15637
0.9429089726637092,0.8875838780896876,15638
0.8946843691219881,0.5463850408919215,15639
0.20817263073289127,0.6130246347341373,15640
0.847749830827877,0.710438601041079,15641
0.24402114216541104,0.3922694164046857,15642
0.4258933894868492,0.986906548096565,15643
0.3779088998366762,0.906361191627222,15645
0.5178453442352162,0.2384127774615793,15646
0.8416273816507427,0.31848349241857266,15647
0.15596948480245543,0.5863615454085754,15648
0.13541806937082546,0.5744494035896587,15649
0.060522228768248754,0.8280717344377938,15650
0.6282728798012288,0.7140133754617506,15651
0.9293406369056727,0.6953387209143801,15652
0.28001560474544807,0.4165035187244298,15653
0.6567499356792461,0.6714938915976658,15654
0.4761030111907484,0.3340557389822497,15655
0.6419031351948876,0.6912438359163562,15656
0.6542225998058662,0.20708634221193112,15657
0.7633372594667244,0.9546408476461264,15658
0.06637636696507698,0.8988274346171922,15659
0.5439928168780224,0.6217973755918229,15661
0.425049668106273,0.12467084770453507,15663
0.4624839251490248,0.8994234242582546,15664
0.974841323951911,0.07217660241480894,15667
0.5527778340632569,0.42597075721662303,15668
0.8547321274939018,0.4224268647733913,15669
0.584718148685089,0.0894692604959405,15670
0.059358202263133264,0.37836771964559257,15671
0.011664797371789493,0.32663206769397357,15672
0.25725908031029954,0.6012063904599448,15673
0.22380129216090716,0.9886300639674259,15674
0.6396522145729611,0.8711818680639123,15675
0.07638584956847283,0.9374643672301729,15676
0.8296569986998734,0.030791063204858915,15677
0.9081090985621362,0.7549175398615415,15678
0.545581971307075,0.31117812051010374,15679
0.6443334065163655,0.4803493710273491,15680
0.7995327317616445,0.13766505804209228,15681
0.07935041114583063,0.06924884588523794,15682
0.7802239680385095,0.15602263149650508,15683
0.6961195323984812,0.15111562371581133,15684
0.9028571549804899,0.20960763324517695,15685
0.8749328111567084,0.7574097526066504,15686
0.9780221839986422,0.31990798735075254,15687
0.7375310499797125,0.32124715676902693,15688
0.2432840488358281,0.620996835835495,15691
0.2564254205398431,0.7191309301248568,15694
0.5311453914216636,0.8484639206684921,15695
0.35496904696246545,0.04139451569777264,15697
0.6231281743578861,0.9362040879039506,15698
0.51143828676005,0.0187180979403051,15699
0.4297467858771673,0.825662938145014,15700
0.3825053649322121,0.8045906434416976,15701
0.7845251615672991,0.13522473738027074,15702
0.3038951681774149,0.5165971370279572,15703
0.9577010180028934,0.006876049545423535,15704
0.07878650408317522,0.9118942464526002,15705
0.4485241602958717,0.7380081928197332,15706
0.9371865712468863,0.8465110457589492,15707
0.07690110310099774,0.12368074518518091,15708
0.049034884670819734,0.6762936126715252,15709
0.29504644771024713,0.646423110813903,15711
0.42512198631256626,0.46295904572331736,15712
0.5414054867383162,0.71523853863559,15714
0.9878311944203059,0.4416007947233296,15715
0.4337462711286615,0.4042415396077025,15717
0.7497589519348572,0.3907871382956589,15718
0.07307000343333536,0.3374514824468594,15719
0.9724542805247804,0.5815876798478782,15720
0.40800592932323343,0.07061012680110734,15721
0.6484393595501553,0.7964141108094303,15722
0.31374663634492084,0.010704354546438255,15723
0.43551407976712975,0.9694898163528153,15724
0.5415685416945489,0.11693101414047646,15725
0.05298425022194808,0.8856879703913166,15726
0.24013317449796756,0.16965782190606749,15727
0.08902108882487958,0.26806996423849094,15728
0.8755454565990661,0.39085767984675956,15729
0.07936101468610823,0.11134806468635627,15730
0.12833812778484466,0.25858119666116475,15731
0.6602255012941631,0.10235546592220779,15732
0.2832105628620235,0.11056776456414463,15733
0.7415033575724742,0.653059884428782,15735
0.6047863593984472,0.01002211811946141,15736
0.3043442996942526,0.06195627899244782,15737
0.1304674445555557,0.6723048248940838,15738
0.6979570961490115,0.5740488799039726,15739
0.9591000221580593,0.29398113170854656,15740
0.30196158930421824,0.7067854116873793,15741
0.3491455301314945,0.04961848806856972,15742
0.046793217518483754,0.1379864930933501,15743
0.6025859242792377,0.21258902437103477,15744
0.8899191321954152,0.6855456725414446,15745
0.848439881712927,0.6110410185838797,15746
0.958523145625162,0.7490856059301587,15748
0.9328904638819047,0.28303541248195807,15749
0.3304565511525064,0.5965542958581501,15750
0.8113039279784615,0.7642574844388048,15751
0.23504439321412807,0.029320563112774978,15752
0.8720373222858246,0.6902603200328693,15753
0.05426975567309489,0.8928092814923302,15754
0.6741804676645186,0.9664293650226972,15755
0.5341242229560165,0.5022174511257099,15760
0.6881501023552258,0.9104089112312304,15761
0.6268565246787874,0.6718764858629864,15762
0.3144571125371096,0.46772215638542014,15763
0.44317131508079255,0.3852285962770722,15764
0.936190471143081,0.9762990083695734,15766
0.11948587545453448,0.17214250514367302,15767
0.334113414394819,0.6347226795723043,15768
0.19047898150222065,0.8636663467574397,15769
0.9802930622850318,0.04663827222325867,15770
0.6221315280883738,0.5494197160581163,15771
0.008731222768816993,0.7100077512737016,15772
0.8590805125731616,0.959557212505791,15773
0.5892060433595171,0.33630835185565555,15774
0.9364122519044099,0.49525316684162746,15776
0.4121375604624118,0.2651325969130567,15777
0.4512665777792172,0.2143265568669369,15778
0.19503282432591684,0.8767962343905649,15779
0.8786893891225914,0.35385853779004006,15780
0.3225123770367049,0.2218527320857191,15781
0.8623014511933532,0.2981856700756321,15782
0.40155974307929143,0.17643178409037963,15783
0.858733993064714,0.20728088668318845,15784
0.5406586051327984,0.5397484956086378,15785
0.004279601704148095,0.9599088308255154,15786
0.40826045193059224,0.9591690061242832,15787
0.8860623238464538,0.44086086660431323,15788
0.05085995941165744,0.28596798746825913,15789
0.4434504298968741,0.483604097249265,15790
0.42930321294631557,0.6839175510493255,15791
0.7007849732208723,0.2627100470575332,15792
0.4310899071131753,0.3431538222660766,15793
0.18061545281829916,0.39061506254999034,15795
0.524932514570466,0.10788248048082327,15796
0.27668648878317526,0.10837987311233077,15797
0.9381580615740657,0.14656448773540465,15798
0.6176038020209571,0.46163284793205694,15800
0.7181572433610874,0.5513521616504942,15801
0.20712000837583622,0.15085864104442703,15802
0.47381588611695347,0.14034479316115112,15803
0.21073345762090057,0.12138462133686434,15804
0.4193291220075298,0.8880473495403994,15805
0.7351793973972283,0.4024730910247356,15806
0.5940936260130781,0.7793142142663531,15807
0.3079647530666805,0.7924722422159639,15808
0.4799836926366232,0.41483333384496257,15810
0.20274016364248526,0.03679452569410557,15811
0.979698779990522,0.5960659602068038,15812
0.10380032951722462,0.7548561595630963,15813
0.9900917483711049,0.47336809317246387,15814
0.230466627456814,0.35362733952657155,15815
0.995005750995055,0.7537401661217293,15816
0.37001699304188596,0.9327262127026382,15817
0.8425819629376639,0.9539480095059099,15818
0.0321532935691381,0.8837499952395862,15819
0.5919847976376084,0.15787905425332815,15820
0.2721557598833354,0.3536408026590776,15821
0.8423288875460796,0.07017069311068069,15822
0.5687478300239212,0.4098096138500408,15823
0.2171187428895861,0.7902183370541362,15824
0.021664709328557352,0.6580925893474278,15825
0.7291877396799166,0.19260380237577246,15826
0.9128869952935482,0.1455160635284466,15827
0.761852612010584,0.2226802945441918,15828
0.8399069371064857,0.0823126352964414,15829
0.6905117088504839,0.6941336727485327,15831
0.5064679606390288,0.18264102511738767,15832
0.425546562410702,0.9727076769273951,15833
0.3351434189763215,0.04254885694601096,15834
0.5331183898689402,0.8021257240891694,15835
0.8917473643546802,0.5200461211624196,15836
0.6271729083150377,0.15588346264006725,15837
0.5056008304368241,0.5917407133983105,15838
0.7717063242676988,0.38434559733546925,15839
0.6506373109398851,0.35370821398017016,15840
0.8738184375550729,0.731483761880906,15841
0.730533016282652,0.9351396713677752,15843
0.612210173191466,0.43359124513188385,15844
0.20402342401484097,0.8083171676148673,15845
0.23079888318682906,0.9239554396664524,15846
0.44036813833652444,0.9096041468529944,15847
0.7054663838720336,0.9758096844181262,15848
0.051089092142148185,0.3022891300690237,15850
0.48586802954392094,0.5092160498622019,15851
0.3903344127984596,0.4633520801543898,15852
0.2805563768625523,0.19625722657034106,15853
0.6207526912727359,0.17325294805489033,15854
0.31077597436520954,0.7025076723964133,15855
0.637986522801161,0.7131306664014003,15856
0.05254567490079076,0.22411888556936166,15857
0.690576563086928,0.5115078249674017,15858
0.2387588273569835,0.35554988377316377,15859
0.8795431465085505,0.41280408757179454,15860
0.2575913860572767,0.5979811979921822,15861
0.8035338765382736,0.23568415800568443,15862
0.1149427783876843,0.5663934630399432,15863
0.9349280558258641,0.6381744713502552,15866
0.813684624669229,0.6629016498029572,15867
0.3255152499264675,0.6591089028910481,15868
0.9232273971215906,0.888296584360723,15871
0.0422815175806559,0.6586066228484668,15872
0.1092284499825088,0.6409768337675721,15873
0.6865028586382669,0.7305480810029611,15874
0.3505665188309256,0.3981158422052403,15876
0.9506792447792727,0.8108537033884798,15878
0.5064138028012276,0.10175260635785288,15879
0.41532329006893476,0.5405736808144416,15880
0.93826663795816,0.03141913868846136,15881
0.5730586265461917,0.2320821337885246,15882
0.578192833927297,0.32196134121438735,15883
0.9540111949416369,0.33083196753216415,15884
0.8192577058699942,0.6701875050321199,15885
0.6146021434396781,0.16003186452294638,15887
0.4255601571370825,0.7396822417983342,15888
0.9235165682496828,0.8632384286561926,15889
0.23365075049713258,0.5708778945169363,15890
0.03641095271574679,0.8903676407185342,15891
0.07801892429470225,0.8597242448456918,15892
0.20738886300786252,0.9903800121462941,15893
0.014549366361983118,0.3444281502134654,15894
0.04983635301800238,0.16949956992182458,15895
0.9520732265201527,0.5911984314451241,15896
0.10178425034617844,0.9045598027130922,15898
0.2602381066883981,0.6558867328240953,15899
0.7240660326348242,0.3388813480807108,15900
0.8149115948050134,0.7513407237932879,15901
0.09119249776236282,0.5473768668504704,15902
0.12659633507141632,0.8479128400145294,15903
0.6609502447992937,0.004076345297419515,15904
0.39615405768131773,0.06479285286233594,15905
0.8792826394438157,0.03353646274425415,15906
0.8930044660455503,0.11963623233491416,15907
0.7253018811842122,0.6622530616095735,15909
0.8304704171443271,0.42213052722846645,15910
0.9559304817935029,0.7245037373613386,15911
0.27781705807546464,0.9882387922082962,15912
0.9829863359528902,0.44298445227906835,15914
0.9205552256509044,0.10657889393871844,15915
0.00440627611010036,0.6040743828723659,15916
0.8808486756143633,0.09071882436987644,15917
0.5481261645210999,0.350339502212239,15918
0.24079169994760818,0.7783518493469105,15919
0.4470736142787316,0.6234647397531143,15920
0.26351311360161245,0.6284045014330927,15921
0.3303890032165956,0.7197779668586873,15923
0.8817324590548759,0.10229274301820179,15924
0.2449283264938905,0.2652776819552153,15926
0.6231640667806954,0.7554504632547904,15927
0.21638589475684133,0.06178951659157994,15928
0.6690871590239001,0.31800858990505865,15929
0.11733267543389758,0.03238834789515399,15930
0.22437820649104445,0.940024999770431,15931
0.46254143526393154,0.8422238272080571,15932
0.31812351393485117,0.3846267547192763,15933
0.49824232810729285,0.6819236805241349,15934
0.7693642410036655,0.3914405901743694,15935
0.5021402123231758,0.07605047867537484,15936
0.20403047592091483,0.0013754828961786147,15937
0.43261250017420405,0.2959454608917351,15938
0.4982178944491181,0.3633402230060093,15939
0.9294378198201342,0.2741410786510575,15941
0.5403306063980859,0.6204271751227618,15942
0.9691043040433528,0.5286965348547941,15943
0.4921365852332831,0.08014640450840438,15944
0.3175545797063226,0.049046788101412386,15945
0.16284307727418723,0.25611034009444233,15946
0.2758915100129731,0.27768107099719375,15947
0.7616982838558514,0.31764860139037954,15948
0.7357314525441688,0.24159788456302322,15949
0.17311123935442552,0.4199102532265391,15951
0.608054373352319,0.9836891900154517,15952
0.7248913500999251,0.984998686311215,15953
0.021790138095050704,0.7065657397328471,15954
0.48998952136475993,0.24913421770311694,15955
0.5516383129203304,0.3384519516337583,15956
0.3044292416148445,0.8339228821059603,15957
0.1908162647203201,0.6520888517883927,15958
0.8662094129867082,0.9850661637866822,15959
0.3201355250864225,0.0836544428326117,15960
0.10921221400158598,0.014705406075810723,15961
0.8659465221566142,0.28987769681293796,15962
0.5688928074261306,0.4520384120129911,15963
0.7817404105768538,0.6805901239115864,15964
0.029309616211011247,0.5364781651684899,15965
0.20971691049689556,0.262063888030335,15966
0.9788956895560499,0.290831852920968,15967
0.3313821247958233,0.20266146922654404,15968
0.9522781536765335,0.17151573990192337,15969
0.8150087776414964,0.7688918274512658,15970
0.8144716963741073,0.5995008480020212,15971
0.9091923623623055,0.9155662631936419,15972
0.973934920310503,0.7911215700664502,15973
0.5580626347624732,0.9589757896054344,15974
0.10589042705413221,0.9363847263165732,15975
0.1855051484714676,0.5071193656250734,15976
0.943594504948879,0.19510512983063166,15977
0.9674634783329067,0.14984433252098917,15978
0.1440021144275423,0.3861624530200305,15979
0.7334063525920799,0.9133098234960706,15981
0.5660296466724642,0.9440573785068624,15982
0.32112312172018287,0.6845249361275941,15983
0.054205371550621884,0.2747845895581271,15984
0.973765439759947,0.01810254794473909,15985
0.6659962160882599,0.08728230711429275,15986
0.8937401878129065,0.12364252965168798,15987
0.7473594751562622,0.5004920272662541,15988
0.8265587353461319,0.8727378459517946,15989
0.05024679987531144,0.13812561970233372,15990
0.46743817570753765,0.24036950880121,15991
0.36486784598060107,0.9234205423195719,15992
0.3983589532021047,0.385046270808152,15993
0.09854547352332133,0.5481616766892241,15994
0.2799881803372495,0.45796641653989345,15995
0.4709514698803996,0.09163093357354557,15996
0.34861920940393654,0.46364807931022944,15997
0.15854080118940272,0.3534898552386301,15998
0.2290981458864546,0.48709523090097473,15999
0.543887198814278,0.17079580479903356,16000
0.042737444888962584,0.6924368868668118,16001
0.05388392369620365,0.7075297950359308,16002
0.8048740184770766,0.9770666640960282,16003
0.2669208775317675,0.291525083209908,16004
0.4876496186147521,0.07944005257685482,16005
0.7150078184080195,0.35269699199115057,16006
0.7592724377930383,0.26924998530298494,16007
0.5972690472755207,0.22695155475067907,16008
0.157192761764403,0.1285997730393047,16009
0.5469358979611328,0.9160121286153285,16011
0.9034747399274441,0.9645150529152223,16012
0.3458565980719345,0.9423096297312319,16013
0.19782801758739976,0.5354237194028646,16014
0.5539790064638882,0.9370914360263036,16015
0.08061519359706426,0.8664388931224641,16016
0.422870986204563,0.6204003916086578,16017
0.4863229819795728,0.4566843670044939,16018
0.3092797048499961,0.04595740043330254,16019
0.35779541431207407,0.8546547713572524,16021
0.923474372707511,0.19435889479755497,16022
0.5554525020119929,0.6151760695385378,16023
0.9486476010887819,0.028417218005005407,16024
0.29971802859202956,0.7842562372766828,16025
0.3061951690163177,0.5706223859099386,16026
0.7579909788606355,0.13521424687924066,16027
0.17929639352893623,0.0663029109348573,16028
0.5168681249763646,0.9341589637167791,16029
0.12321004829760285,0.5349814086312819,16030
0.5962691034722678,0.3909444314311046,16031
0.3379663885047386,0.5355763421573458,16032
0.3677526443579807,0.11521645151219206,16033
0.7148060093882094,0.7513425650190068,16034
0.3689189727235529,0.5216496495365328,16035
0.36747286284775227,0.8431579014643535,16036
0.9274029895301467,0.5288584824945277,16037
0.6617637365015586,0.3464647304259846,16038
0.6847199094192112,0.2654454038104047,16039
0.2639018484016513,0.6918265769771852,16040
0.11477235428782984,0.9883721927550927,16041
0.9854807717091187,5.068072841118987e-05,16044
0.5365582250154092,0.05156290054134327,16045
0.9668894870944615,0.9746900937049396,16046
0.6456589382348014,0.1796051915899045,16047
0.30846013536556705,0.7618289330322451,16048
0.4926258329093923,0.7777455073893309,16049
0.9440379129153288,0.41013544357446885,16050
0.015165498335542038,0.2829384885401267,16052
0.5265808555910899,0.7733127808098591,16054
0.6997041629345453,0.6705768158207871,16055
0.3992247915818359,0.37008139295713627,16056
0.2860784086209669,0.7460779947277902,16057
0.5460293064972466,0.11186380850004374,16058
0.5139035118142447,0.7572629903435368,16059
0.448366781629714,0.3098066569783233,16060
0.11261668523529478,0.9696431538289331,16061
0.20253076288468097,0.6437896854087773,16062
0.10640982704774271,0.3869761411225364,16063
0.09479876657758013,0.7660551696517413,16064
0.004277175657532162,0.5386517240401,16065
0.5208589171777341,0.17865046558289144,16066
0.5083948953913949,0.9809693072590742,16067
0.2623299379279488,0.1260107552943608,16070
0.9543087311714286,0.7148270273045096,16071
0.5079691643761978,0.6127382161984914,16072
0.03242729150010215,0.643620601531701,16073
0.3073747898418444,0.8302051501998835,16075
0.9800442250419791,0.42142507383232153,16076
0.7866998040806685,0.5312967233426641,16077
0.8073884088426404,0.03660822118463514,16078
0.9207846598674208,0.034223029583714815,16079
0.4766636815769312,0.40723015323579526,16080
0.2571138798546482,0.5139298741795034,16081
0.2005696644530105,0.04842135977802231,16082
0.6176830890742298,0.3475424322662741,16083
0.3206793904434616,0.16921273661509517,16084
0.8574754699856535,0.3171462741421529,16085
0.6632971722668765,0.21483166340670679,16086
0.2701330864271988,0.38441691719630444,16087
0.0800803654402894,0.7147453754278084,16089
0.7470987479077326,0.35675200317592337,16090
0.15324059590461026,0.11959261166984247,16091
0.5906308757273672,0.3610312221472777,16092
0.05030435921707155,0.09560148267472113,16093
0.3973158392468422,0.6409563881577902,16094
0.5833593208237564,0.5085759133262444,16095
0.11663937514337608,0.4697295371112601,16096
0.7225558148707784,0.9610884140847706,16097
0.12013518713714788,0.1267481065350532,16098
0.013576191690335526,0.4783904571515212,16099
0.9425235383902486,0.403876185149339,16100
0.27706462310241564,0.8389846398455414,16101
0.41023390055558406,0.37493828705683874,16102
0.7888837592369525,0.6084596290208094,16103
0.13307322440050273,0.5291041949706375,16104
0.3761909760812987,0.9656545089835439,16105
0.6159252705857761,0.2986979061378926,16106
0.8093059227174674,0.5993827940400811,16107
0.6225140674776364,0.9860223600983394,16108
0.521388623699697,0.268410665616876,16109
0.653394959177863,0.49762056597958193,16111
0.3499773206897593,0.3309190687105442,16112
0.4371077306290245,0.20226877806367838,16113
0.6042377977549714,0.9126186195876285,16114
0.4169581547419856,0.9978079345491362,16115
0.7821684143511003,0.1451437421370806,16117
0.28406156494776535,0.1670203358979767,16119
0.11284572566742979,0.8404203112996369,16120
0.26123669549019835,0.6683203470356152,16121
0.5193051294649559,0.46126026073043735,16122
0.18875201464231617,0.7458725813538944,16124
0.7003323458306274,0.6298318748100696,16125
0.21825352719939084,0.12186088175592091,16127
0.7169259967344591,0.0643312424940169,16128
0.46947608394912754,0.6714000252714102,16130
0.03114753363366407,0.4333552835085659,16131
0.7013708536122892,0.3748685837843969,16133
0.9898074548540491,0.505420461322606,16135
0.23612588021939196,0.1922908457621022,16137
0.27302638238522803,0.6642389364351876,16138
0.6864857849452887,0.22330481128761714,16139
0.2111088893365738,0.3017310997083955,16140
0.22237394420052226,0.8742767196618046,16141
0.6883870920659674,0.026263202339473435,16142
0.22137075556185593,0.48646811593153383,16143
0.8106139106028519,0.8555852311987365,16144
0.178249456545442,0.9064148867394799,16146
0.1167494155641483,0.8861175308338356,16147
0.2698822557092736,0.8751774031711442,16148
0.7980876921367415,0.15503647233087925,16149
0.4954234913218464,0.5837219386227673,16150
0.5910981421639544,0.5512993799558251,16151
0.5807235994346316,0.4835405415720784,16153
0.8317469932876806,0.03351572607577591,16154
0.289884505768329,0.3753705554138578,16155
0.44968727919177176,0.6406364993535946,16156
0.9557852328191874,0.7653497587205061,16157
0.24353065419029973,0.11403948124357932,16158
0.0754486195203915,0.5434054507293884,16159
0.7181410786058078,0.23628364625941756,16161
0.08857309866360186,0.7768005333848232,16162
0.5978714240563188,0.6943456999029313,16164
0.021848794156180573,0.6019824503458356,16165
0.5108282010682575,0.9328000932688959,16166
0.9266115466826469,0.5354231897340181,16167
0.36303537908158556,0.13100890779777374,16168
0.4713800172213415,0.1251082837341675,16170
0.5316880444099273,0.04859572615273855,16172
0.3792859533891878,0.0314826448367308,16173
0.2755139060728654,0.042989075851073255,16174
0.6467166489912817,0.7368316172774931,16175
0.16131107804050204,0.8767734381651453,16176
0.6466938978345045,0.10618673704513049,16177
0.8387569315758235,0.9492772944250758,16178
0.7449660638896518,0.258413382684469,16179
0.4670274221890981,0.23697725509805867,16180
0.23846250392242507,0.290442736488865,16181
0.5717716947030868,0.8895831992858187,16182
0.9421376914651072,0.861756939356181,16183
0.4969936581545774,0.41020581934213907,16184
0.8580085089810828,0.9854886017158916,16185
0.7770881544755146,0.8423246291056229,16186
0.64203505375079,0.03240553881790642,16187
0.5017424550872602,0.5837338073136417,16188
0.22478617888967378,0.8929351082055859,16189
0.2359717048090033,0.7657696046307219,16190
0.878908976894173,0.23643301020288876,16191
0.8054862168554794,0.6668684665179632,16192
0.7603504465336154,0.8827023982869532,16193
0.609288846456633,0.004541122828536137,16194
0.203153633580066,0.43922886019017815,16195
0.670881342721947,0.4591324692605425,16196
0.2934362518252329,0.8216167213139113,16197
0.538113602409899,0.23882651572593916,16198
0.6950026143854815,0.15839699753481684,16199
0.8409218449633623,0.9533430395188245,16200
0.11906480718882839,0.03328199811287169,16201
0.01119870566804948,0.16863893713401534,16202
0.6745324640228018,0.5304823063977625,16203
0.24853258237985176,0.6118506744890869,16204
0.9773229923151571,0.19309204468535068,16205
0.7129038032193903,0.738441213134526,16206
0.6372322377381657,0.43457408506120787,16208
0.5156085266125557,0.40827480710620667,16209
0.0821091872331634,0.9743826959788163,16210
0.45104548759325536,0.35558867765727076,16211
0.13791626749157337,0.6079036747893987,16212
0.9689196930621865,0.32916684488605275,16213
0.12362231824160663,0.1446072652536069,16214
0.07626749575652947,0.2002059723497538,16215
0.8259245187727338,0.3661927132015407,16216
0.6557230959602807,0.467573891304625,16217
0.5786393565303996,0.019014600595546716,16218
0.0774798969111744,0.6627901484218985,16219
0.8476812585170129,0.7926853411400409,16220
0.47179388769002495,0.6074210269854821,16221
0.3346565701775931,0.5598148399203521,16222
0.12612918790812633,0.7382603711446084,16224
0.24244997767713872,0.2170236992941359,16225
0.2610730823542048,0.5819591998300441,16226
0.8913046896387109,0.03258121093330213,16227
0.21866040942043452,0.3110450425564769,16228
0.6591462300847388,0.5485573335240785,16229
0.495152305084969,0.2400216820346649,16230
0.01970004107972878,0.829422342125399,16232
0.8202758743843896,0.590586683053278,16233
0.6879834435558325,0.6641809106783003,16234
0.6250644946976143,0.8851349376871873,16235
0.5891608506300344,0.9319743882434175,16236
0.7961653771701839,0.6796549606904855,16238
0.020293008318776007,0.8900970627520856,16239
0.09518427888376357,0.07624634616736392,16240
0.9254043357755912,0.7074637567079476,16241
0.5605134658040137,0.9062259971832962,16242
0.1469503296442577,0.8033185609981273,16243
0.39590481235359953,0.9985256872713338,16244
0.4552976136775255,0.032679744811657696,16245
0.6847355155538919,0.35022992315159984,16246
0.6091958701901211,0.7056103598029418,16247
0.7163321191611578,0.6460043305882882,16248
0.509888029450528,0.8444967675015314,16249
0.6951826228198693,0.8374987592407086,16250
0.7537960734918381,0.17380549748939422,16251
0.21186923917152023,0.9677726462900552,16252
0.06619642461303854,0.7476461171346059,16253
0.36913118468412887,0.051623187249309144,16254
0.8610526343808586,0.9527072311175805,16255
0.7551007606557543,0.6906487634598376,16256
0.3470494863991248,0.2785502219611006,16257
0.9229573294035935,0.42025842384336254,16258
0.6738654967210028,0.5647054359075478,16259
0.5549262479844096,0.053103580324769806,16260
0.020698750053480208,0.03226648622549699,16261
0.9477548713837423,0.5656331522809742,16262
0.567042667500681,0.22600978118207438,16264
0.8696609978510711,0.2932240849958725,16265
0.24170206293190444,0.8563712312629623,16266
0.6398341402937338,0.7085297995018741,16267
0.908496174380969,0.850517584872846,16270
0.12917892406563292,0.33351857655847905,16271
0.4310533111182111,0.7451329009202455,16272
0.2794233478603697,0.6530302133270824,16273
0.04163947988845251,0.30555663364447094,16274
0.4535390086531439,0.4128152992703422,16275
0.07032139878655408,0.12325627130447148,16276
0.43119455285448616,0.32992061563053343,16277
0.4257460632694754,0.887832255996924,16278
0.49504659748306,0.6731968523495376,16279
0.856633638209031,0.35536026550562283,16281
0.877823538532581,0.3328169352337823,16282
0.7332274976567007,0.7820920658349757,16283
0.33217286613377284,0.40989088849714606,16284
0.42624792355921426,0.3224186036423481,16285
0.5719146158457122,0.8331347322022432,16287
0.4377465614466478,0.6093124583645603,16288
0.23165432095945115,0.7207101884448416,16290
0.4106787575653529,0.868972283834829,16291
0.1442419458394335,0.15553474287023106,16292
0.529163497781102,0.3687024847019901,16293
0.7090077850730678,0.2026599883932887,16294
0.6054705170565405,0.03930715981236621,16295
0.43781550873596775,0.22722945420370444,16296
0.04522753775647792,0.8805240053288725,16297
0.9096250281212952,0.10128264260724995,16298
0.45319765444614024,0.15996904222280228,16299
0.8327817619053981,0.4512727978309533,16300
0.23220387496096695,0.5473735260830863,16301
0.46777167785419227,0.06611999367448129,16302
0.9262846688202789,0.30951482691714227,16303
0.9274060011730869,0.8536731611808335,16304
0.7986592520094379,0.046565748812686825,16305
0.03351328420170341,0.8207451731755911,16306
0.6867558230971973,0.9511449599245705,16307
0.19552048522844745,0.5066978177007534,16308
0.7611551260075915,0.6159327329483657,16309
0.47441074824201035,0.8446260236479198,16310
0.8821624946398394,0.4623123091025958,16311
0.19185611618444276,0.7523033191802151,16312
0.25169644987287276,0.4464273547297315,16313
0.9895484260085562,0.6658216029716616,16314
0.117867804049259,0.9780274985641179,16315
0.49735135515503526,0.4268882885481179,16316
0.3297662990394701,0.1776401357143338,16317
0.7566748783079442,0.9995313419917133,16318
0.41624216182962936,0.34108532996824115,16319
0.06734996430898355,0.0001375032190586989,16320
0.30866878023778144,0.43915973631997685,16321
0.6752779524118803,0.9600496546957132,16324
0.40144526991136276,0.00552921069164003,16325
0.4334761112789105,0.5205912984332369,16326
0.46080203374454043,0.4297286284043571,16327
0.7187901560853611,0.7477216169044252,16330
0.2162379305100739,0.19667599024259053,16331
0.12329433527173728,0.3945232326343948,16332
0.34649705244901063,0.4944723037003419,16333
0.8398947126151738,0.16504107715996175,16334
0.6568070465621825,0.9388783523039457,16335
0.04409619081209604,0.8262625294891671,16336
0.14916646921214327,0.7947042233690809,16337
0.33836560151940187,0.8797841676170949,16338
0.033775413065655124,0.6812073848315275,16340
0.5516292300602571,0.6845825278048043,16341
0.33175442410547284,0.37241847460120403,16342
0.8016298775799642,0.6278364588466272,16343
0.4593714455655997,0.4916729213768114,16344
0.5326538031595314,0.8303979006060217,16345
0.6944044134866394,0.4357602905227044,16346
0.8930399992416366,0.4064686806851143,16349
0.3619951453485659,0.16023685061545356,16350
0.7709772174049693,0.046507616044664135,16351
0.1822869665873751,0.737939648107763,16352
0.9643426479026803,0.05353381630465892,16353
0.9313731458726708,0.7431600563349808,16354
0.15055385551179823,0.4466938910159962,16357
0.8700014169319419,0.7341139822232707,16358
0.7350863932261659,0.5965917726368659,16359
0.7406533109318293,0.9943566662762646,16360
0.020802722977850796,0.5020403981382907,16361
0.46832913869840054,0.7496633344958982,16363
0.3679780739530517,0.09877093417228999,16364
0.33828874995532776,0.6051699976845313,16365
0.767866955496234,0.2660862382376298,16366
0.6174479674242188,0.7474476562727491,16367
0.9247492926255299,0.8777860541788507,16368
0.3623375803475518,0.2702203048226266,16369
0.6986735304513604,0.007366425100902019,16370
0.8787280705131904,0.43731683825623946,16371
0.8452930457093539,0.18224644590724226,16372
0.9283709285829708,0.49178297515135583,16373
0.8418124264509587,0.4575399092458642,16374
0.551240961373246,0.5194864225874175,16375
0.05365266739021013,0.44528162233138824,16376
0.9802583859396897,0.4553641118900571,16377
0.9589253300919021,0.02522711414187495,16378
0.0404761754783487,0.8582730885999245,16379
0.9445509417398902,0.08037251908831422,16380
0.9413732546765484,0.7236457456338429,16381
0.30336736017607613,0.5563302400186219,16382
0.36806453839190123,0.4577359737112723,16383
0.49491776657939235,0.7095317901014615,16384
0.4128281535941535,0.2858580804638027,16385
0.004155999878990402,0.2744903271264937,16386
0.14148101057579743,0.8974276417157303,16387
0.041231841658712964,0.7887495947231654,16389
0.9340674512288025,0.498115977332817,16391
0.4130506075314845,0.3475555785863025,16392
0.39159462644880827,0.7886591573331343,16394
0.6230667062451015,0.10949861670601746,16395
0.9115971327710438,0.893045594718652,16396
0.1890725588649983,0.4921891404688139,16397
0.28855803715972317,0.8556733414921519,16398
0.7530390947684241,0.45175253380355485,16399
0.4022803700574137,0.8373993374661212,16400
0.6016695532808336,0.192447871286046,16402
0.18731982883786735,0.5600708171361158,16403
0.00022185000230512397,0.837601563686049,16404
0.6416567675059371,0.21799134264649755,16405
0.21719717352397727,0.21662931018986809,16406
0.02805305217431897,0.3026720381400648,16407
0.7724781512181866,0.6395011963262643,16408
0.7300187100046135,0.5187072699531732,16410
0.13641225512335253,0.4550338303952015,16411
0.7336933475901418,0.4913629064362083,16412
0.6192352551907203,0.022843207188250614,16413
0.16557596289801846,0.9431509339929299,16414
0.9355201724325455,0.1327841717910796,16415
0.7684255706094799,0.8721860015050111,16416
0.9850777124861717,0.2876873020458377,16417
0.2903028443163832,0.7710010261838204,16418
0.8433350367308624,0.1074889833085162,16420
0.02440366322897425,0.9507492335295682,16421
0.3692684008053112,0.7664758981860227,16422
0.8318805206828197,0.8053114531451743,16423
0.937375451340048,0.5742233255866439,16424
0.3893935191814982,0.5880927233568016,16425
0.6079666188820273,0.061420631618096744,16426
0.8378339063033399,0.9568604606476114,16427
0.8901589179438346,0.4759650377166905,16428
0.26881460984966665,0.7268644442586044,16429
0.7639671772476538,0.2728382294428858,16431
0.1552045650335595,0.44117497908018166,16432
0.7194669846604473,0.5665045742510206,16433
0.8681387647353105,0.6744411775715603,16434
0.04968708888517415,0.6928588354003468,16435
0.34900777532667204,0.8799753772614916,16436
0.12123466606006794,0.6374034963225704,16437
0.8739406731790917,0.5667307450929067,16438
0.932725533383468,0.5476733637773724,16439
0.6431777594462352,0.3328901959421653,16440
0.9185590305896405,0.6820331684192514,16441
0.3039378068189045,0.12170090960888091,16442
0.5302556604034647,0.44561831442061994,16443
0.7840813839633257,0.4455803082334706,16444
0.06960407933241697,0.3972320876274663,16445
0.9904204040721266,0.4254921793780906,16446
0.792299521437469,0.7641945959177728,16447
0.09634145562542995,0.6920159246414886,16448
0.11868572718938619,0.5349661880173883,16449
0.4776262821582763,0.3518520918360928,16451
0.5131625491943287,0.339316307774152,16452
0.5904214211803814,0.42059479510676223,16453
0.18818269419724776,0.21841857707560497,16454
0.9366900245914243,0.1537920241855978,16455
0.626353450721915,0.28709510868384425,16456
0.905512777816803,0.08124967879094402,16457
0.5534769421148564,0.6982370079006245,16458
0.18817041873251095,0.35122878113709366,16459
0.026084741372594533,0.46053292108066946,16461
0.06205065038114399,0.5823618253711078,16462
0.7159721339515308,0.17831362585144372,16463
0.43227457976220407,0.41639045603920155,16464
0.44228046757854556,0.019553194542803687,16465
0.7522637480252671,0.317712768875016,16468
0.1661292577195702,0.9494737694397901,16469
0.66315072956198,0.23112563023685484,16470
0.6641401442237949,0.038089604165958524,16471
0.5607398018033911,0.0010935249694657978,16473
0.29868367643473404,0.0020043603647860175,16474
0.23109793810611434,0.6776663853405535,16475
0.0075531953630199045,0.9620673204826278,16476
0.4447475086610173,0.5721986974032324,16477
0.2515146782025509,0.39980408063059525,16478
0.22152400166869346,0.9417445704394585,16479
0.43443122689254754,0.23962981830083152,16480
0.6364646478592785,0.7908854939601686,16481
0.6637487687611394,0.514935706797514,16482
0.4186616426946089,0.2875427718914435,16483
0.10813142566431888,0.6463725581611744,16484
0.8900867629872808,0.9394952070993151,16485
0.0044162950968996695,0.6474247793107037,16486
0.4155831477168932,0.8987169141690734,16487
0.4112449267293308,0.4113736293596223,16488
0.8316900159835245,0.4713671672139139,16489
0.5189356008807567,0.6987942580073593,16490
0.44210279749599624,0.4639433489093223,16491
0.9912052953290116,0.11463333319424795,16492
0.1724491128373451,0.7409622482452454,16493
0.4336311482883324,0.7294557766031284,16494
0.7617049138588062,0.0751873962021955,16495
0.8053695307237482,0.7027480547247333,16496
0.7717028179820734,0.09518820347784518,16497
0.7187712550147847,0.5449686484562619,16498
0.9296090835531005,0.574490059726993,16500
0.5870552103018183,0.3703918715375647,16501
0.9567814853650006,0.7874537892862213,16502
0.8498041206580386,0.8674072128187648,16503
0.8643876277853634,0.839947608702694,16504
0.936904661216761,0.41399853240394346,16505
0.44831144855546556,0.24243999315431708,16506
0.7709161939611495,0.76366145917806,16507
0.12734277038967023,0.8634644197115432,16508
0.9875723481350835,0.23075451337177488,16509
0.7292668848404573,0.6729718135554785,16510
0.6544099243686832,0.5997043339881216,16511
0.43424271866108066,0.5597184304349362,16512
0.7058291316582715,0.7284385379949571,16513
0.44982172321168823,0.448016488869327,16514
0.09469967199616391,0.5637887215459885,16515
0.03082090859786546,0.3199656998394712,16516
0.5430252274623187,0.8114053975108676,16517
0.030123581660940202,0.6277784134127191,16518
0.933623127047344,0.2917337794047038,16519
0.5957754057161079,0.2749762991865584,16520
0.2425311373132054,0.9717244757201328,16521
0.10608416455578429,0.3948580876692399,16522
0.08055078199021226,0.5760881311547736,16523
0.7413246075910152,0.9551020450232843,16524
0.05948895088926376,0.9887568587087996,16525
0.2747635086515611,0.4811598325057743,16526
0.34444372051131034,0.18280229033587203,16527
0.19727020176680587,0.6703833594130806,16528
0.5929810837542876,0.6714384208882247,16529
0.3581897047757885,0.8656363048262867,16530
0.3041494356892278,0.3301170785246895,16531
0.9539291683615683,0.189989411465325,16532
0.2109081302076714,0.8710810312928677,16534
0.44165020259095633,0.48573959945732115,16535
0.9789223924513358,0.1877408532368866,16536
0.27909519333703636,0.007077610768839615,16537
0.19591488221430953,0.6588987451839527,16538
0.8852065458760299,0.8359161769137544,16539
0.32988964776507157,0.922712205080951,16540
0.20968827417076974,0.18533929262947835,16541
0.8124430827437404,0.8920732371966323,16542
0.9750702738750574,0.15661322659966315,16543
0.33306269384229537,0.26998775990544344,16544
0.6939315348037756,0.11865696613863874,16545
0.7162654365491316,0.6252734820819357,16546
0.24283504494540475,0.9530600086908874,16547
0.8751604191744032,0.9519639720216932,16548
0.18636422260123697,0.36493641195282367,16549
0.511730008489744,0.6681463446597786,16550
0.2578858397653373,0.011701644615507711,16552
0.1730829319837638,0.0586754626550926,16553
0.7089115394903529,0.2575858699999891,16554
0.6854534466167781,0.19562262677682596,16555
0.8808034155966701,0.5534226614341429,16556
0.8074247952263658,0.1086677990250684,16557
0.5514595562344238,0.1955388474206553,16558
0.9527599982651319,0.504837058154095,16559
0.04656822974296593,0.5774687600565953,16560
0.3808174568930879,0.0017218265271192745,16561
0.5240118251398755,0.47220129190991245,16563
0.35944020503932517,0.08062663436379902,16564
0.7692769317254279,0.3267618578732594,16565
0.7159088831420635,0.6083909367031547,16566
0.4601427064514737,0.505072962945184,16567
0.12015221304963108,0.5980493725114441,16568
0.22747069525353036,0.8718850502875126,16569
0.42530443249828565,0.8020969950424095,16571
0.6785749534030039,0.7162099042978726,16572
0.7112616928643278,0.35436446176533565,16573
0.7331452807708451,0.5489996012571645,16574
0.9895889265175114,0.4531970797990751,16575
0.22796965844891148,0.7772232302758856,16576
0.7974460419439524,0.08416196592589531,16577
0.5061293587711919,0.7351293823479875,16579
0.4385357476560511,0.8924377705687581,16581
0.757339322304869,0.8797614128828332,16583
0.6427529980977247,0.8353742705036379,16584
0.8342430517723485,0.17088867607911684,16585
0.5755195887898351,0.9057657061698029,16586
0.711876443105326,0.47075813617998463,16587
0.33939223323659085,0.41509919732214173,16588
0.8802193993615632,0.22642833609414936,16589
0.7978164888500103,0.34741261993876804,16590
0.6683765175485616,0.19873919829628062,16591
0.9895235938305462,0.2872204861333103,16592
0.6265798172988484,0.2882191191002341,16593
0.41595728855600667,0.2761321028654684,16594
0.6803962290041078,0.316933829253114,16595
0.8970119404190102,0.43279312350822896,16596
0.6364572982654951,0.009959324524936197,16598
0.24951586010234028,0.15290390435514334,16599
0.9418240911457363,0.22959767308964374,16600
0.3817693836861281,0.19914644447978314,16601
0.026008336965025025,0.9296257421003307,16602
0.5574674308471682,0.4172485315456804,16603
0.18142441343452664,0.6858563813632106,16605
0.5521692797572654,0.029163147758724084,16606
0.19092069519461108,0.37509370494669925,16607
0.06296873717251095,0.3878249505381798,16608
0.1846029420273284,0.4156046571851745,16609
0.40699446553201035,0.6561781090909592,16610
0.5109102688314974,0.4502400537662061,16611
0.8788284055765508,0.3284864772824768,16612
0.7732031295726595,0.8427737126326706,16613
0.41641747029917753,0.9353373512164967,16614
0.300739128721059,0.8809788559407579,16615
0.4525414062459966,0.05410041189830406,16616
0.4243499801233164,0.8578734348549041,16617
0.37998997784534116,0.2957104686849308,16618
0.14580150367489064,0.9495374274001157,16619
0.9326894570590263,0.012441605824676905,16620
0.8779076905272218,0.812277114361766,16621
0.05806661849782968,0.21644060489448147,16622
0.6589851020775187,0.32820642665846855,16623
0.2725457779722342,0.15412268018118225,16624
0.8971141738706268,0.9094937815357448,16625
0.1849470555895183,0.9640691182904834,16626
0.7478278028626129,0.6366511706832222,16627
0.24517760507167685,0.932823609062934,16628
0.18418555071772846,0.632106908122922,16629
0.23169471435776146,0.6653037950264906,16630
0.6239475258269708,0.976292905019774,16631
0.4257557939225959,0.002126762992614939,16632
0.25764516993288444,0.5108509080004072,16633
0.18472808632801674,0.990302047231661,16634
0.40459691425451005,0.5983979778602616,16635
0.9572759096935888,0.6452284046154754,16636
0.6360591655194442,0.016089361888230624,16637
0.26491785168703685,0.14685898004903064,16638
0.33940157776437796,0.41770317056728934,16639
0.6522884127821831,0.5566609870691498,16640
0.6930962436631971,0.5246747898480211,16641
0.6189981045702452,0.5918974326036178,16642
0.003960362069506784,0.020247063236933815,16643
0.36660181670856384,0.23034123777821358,16644
0.08670690802826708,0.8634700207336254,16645
0.6227985840524914,0.21934514181503362,16646
0.6940194026025953,0.9203685417525422,16647
0.026841340596896468,0.28083162754210345,16648
0.3651874916536372,0.21086970818891226,16649
0.6867736404824037,0.5120499818037854,16650
0.04395093508773751,0.33364703605397195,16651
0.9064247198848365,0.4044147235745108,16652
0.7510119763146476,0.5643149664759379,16653
0.2773006093212389,0.5936921966307634,16654
0.6500310362646229,0.2133060810150269,16655
0.09990848879426328,0.6238790425605963,16656
0.12926122363010284,0.5177500830470768,16657
0.8301527557486447,0.8622786211288821,16658
0.6337189448273015,0.10936233184963484,16659
0.677129132527285,0.3685214105131781,16660
0.6451225968517675,0.6354717253090305,16661
0.029944596101888266,0.8439744253726282,16662
0.5645951050519287,0.9789040386554907,16663
0.6821112486803683,0.29408518900659286,16664
0.3251736864875129,0.7429279245465391,16665
0.5448533169543323,0.5596404141895055,16666
0.8267981424484421,0.9053199443339266,16667
0.9808908215974,0.9462955758486425,16668
0.1410569046564739,0.9113487622283383,16669
0.032536149626821165,0.9451566139078574,16670
0.5689849255986934,0.8592739375057082,16671
0.563858891572398,0.28418733416874453,16672
0.36657072123601064,0.5033443247439354,16673
0.06937418569635034,0.5520884193819657,16674
0.0042526982920700895,0.15407520606424863,16675
0.0432765497736054,0.4778712312402136,16676
0.6542604694365923,0.8637522880317282,16677
0.8520784434233908,0.8936153784662209,16678
0.41789810162111773,0.8258569502611226,16679
0.8592300611790519,0.10496128568869423,16680
0.2554104218902771,0.8723039458272982,16681
0.46059960579721915,0.6470514915545964,16682
0.7304399938449334,0.3830768472703511,16683
0.1145210507715585,0.898945700938338,16684
0.19949111385654805,0.5373417140812204,16685
0.3687633364701135,0.6468816320590522,16686
0.7435323929788829,0.4912439607860728,16687
0.6278466313923762,0.6450502418113335,16689
0.2861973065429697,0.4890783254709892,16690
0.6538827917655425,0.42172692843167636,16691
0.2898438174453759,0.22409565024435107,16692
0.5891635090199953,0.18888665510669256,16695
0.870548567525366,0.17158297664207967,16696
0.8041300761918722,0.3281832100112392,16698
0.2120249041933706,0.5593687571590649,16699
0.4395665101342564,0.4489417202240409,16700
0.7632180645538907,0.2691175850807831,16701
0.35604251631946005,0.35192343427180484,16702
0.26019368047056957,0.20220553446298184,16703
0.617004187218508,0.18549264418724332,16704
0.5410969157616439,0.06842373000791668,16705
0.41478172613307207,0.27550373412787,16706
0.26130187956362527,0.6938476371231909,16707
0.6753615255775633,0.3811402410399912,16708
0.16280862413374209,0.43317989304766624,16709
0.38028819618218046,0.3090729678802836,16710
0.5138162236112799,0.11380460002844484,16711
0.7795900051698452,0.7443887340176653,16712
0.5541539607047775,0.12395765459623442,16713
0.5376239921590473,0.405601088445679,16714
0.7607218261998411,0.4409765706780314,16715
0.004901842737562556,0.7869002605379632,16716
0.04290237485861392,0.6307490174741113,16717
0.9990845019228632,0.5207279494061722,16718
0.6693979254255411,0.8517359103569334,16719
0.5292511594511855,0.6571404168275292,16721
0.7550033524222913,0.7027220680351144,16722
0.7196816387334023,0.6398327183079402,16723
0.5416122923582676,0.0012670610534819549,16724
0.25765919221635447,0.6719742819316014,16725
0.8538351383524925,0.9939692199994207,16726
0.22938354779794445,0.5867251199593118,16727
0.47086091792790985,0.44417659476451166,16728
0.5276110115980269,0.6123722919019439,16729
0.8129737615845625,0.5835289597398808,16731
0.8573016459286111,0.3179980627878919,16732
0.9473101549418868,0.7371581029413996,16733
0.9285872344353466,0.7743949550225813,16734
0.46549306338655283,0.4945712242124949,16735
0.33511843902135796,0.8374857074390352,16736
0.7525186523074346,0.4421788355918572,16737
0.03110676774384946,0.6245804371258491,16738
0.8139711194309831,0.3253160899582762,16739
0.963629778829368,0.023490605117930108,16740
0.09300426119122363,0.04986721769621183,16741
0.11595706954533513,0.5508209971178475,16742
0.06919493095195473,0.6142991510044196,16743
0.20968914890376578,0.5108544403947107,16744
0.5954545551295263,0.23200271859101462,16745
0.1962473409727904,0.6310772414795552,16746
0.39202634515550516,0.4233412116883374,16747
0.08337490070207287,0.8609961323445013,16748
0.4593660135258303,0.6019109178422748,16749
0.11280689655481158,0.31384514967578847,16750
0.34432898631340714,0.9356922410756944,16751
0.20638048396430597,0.7379835138708708,16752
0.1661321685544157,0.32184238977331736,16753
0.36586789948273135,0.6829361979809392,16755
0.8107224547848194,0.030145798225999165,16756
0.14775967859316508,0.9857750548588547,16757
0.12208636167003695,0.7770275308262666,16758
0.7663447943882855,0.03746080502363536,16760
0.581123992175582,0.38731519260388103,16761
0.36430751808390627,0.44299843915210335,16762
0.9525767899053939,0.5611359854904843,16763
0.9380430180941698,0.7805955494248105,16764
0.6388479981058932,0.8296508299734131,16765
0.25926790346924267,0.7153201856962009,16766
0.8039052639830493,0.22775545612214165,16768
0.4559886852788705,0.9198588650403652,16769
0.4502253172601701,0.05113440126377766,16770
0.2542509282947869,0.48348597744290933,16771
0.33509216923729535,0.7699417424825666,16772
0.38710349478412565,0.6213095318751468,16773
0.5318315119228189,0.40186832758223323,16774
0.8095869712160293,0.6651660725007269,16775
0.753824732028659,0.40824225420107674,16776
0.20190036080723783,0.23741160665481076,16777
0.77349726634867,0.2665761405418182,16778
0.13742535379781928,0.13393580064211974,16779
0.5340375395452566,0.8463681791564792,16780
0.13648996633269606,0.32119527953145677,16782
0.5397784198356688,0.10404967465553216,16783
0.9636910926612468,0.9069929815918947,16785
0.6145619513878517,0.9734588380863488,16786
0.4884794506036315,0.6713599201629726,16787
0.44155808258244233,0.5325274175936819,16788
0.22367408088300966,0.3329578661638387,16789
0.9969046988844964,0.48971939393998964,16790
0.0037818872053543284,0.15382241534482122,16791
0.877279589629569,0.5771686878825592,16792
0.05426328578957951,0.7084047451165583,16795
0.5347146078738488,0.20444586807465448,16796
0.3424040684010018,0.3718073584634445,16797
0.43256129678209587,0.9115499389700483,16798
0.04407084750550738,0.12826882921862115,16799
0.6744016306612927,0.48876783709674854,16800
0.846398854444362,0.237323188109258,16801
0.12025613582119588,0.8638310964553729,16802
0.7764982971188992,0.06648661782545473,16803
0.6668408386230774,0.3034150836441126,16804
0.12011367033651121,0.8669305902203066,16805
0.9707817291712615,0.1956431275646947,16806
0.47875718838616066,0.39807508490637,16807
0.16895661904038195,0.16999257280554725,16808
0.9273315223851626,0.6986501828951502,16809
0.3982893942834259,0.5312827715144451,16810
0.1576103500864412,0.14468152932580436,16811
0.44569944172772025,0.8727288642143913,16812
0.4635975781185845,0.8362275308284434,16813
0.1508302961021729,0.8692985332974578,16814
0.41967438574603644,0.7489166174595144,16815
0.911392065759284,0.9079272857715638,16816
0.6023080964465163,0.574253354945351,16817
0.5732959298103071,0.7029985910102977,16818
0.3559770684229647,0.9350357167249459,16819
0.9083213313749676,0.12589850088938326,16820
0.39523459310193154,0.6021526588488365,16821
0.4059606930953036,0.6076703770347384,16823
0.08698716119963268,0.4500300525543638,16824
0.7907581796897509,0.3043374176444812,16825
0.2188862314621498,0.32236274772773044,16826
0.31414738505388784,0.3683872681419197,16827
0.9561571741984113,0.4491651003232191,16828
0.43657409880702924,0.900106882360756,16829
0.18923674623648257,0.3982988065619766,16830
0.0690994557657646,0.9610030886463814,16831
0.29729748665843725,0.9778230644750149,16832
0.6583817942176831,0.36676417481970225,16835
0.9196974379982058,0.22375961017286572,16836
0.24588985463533608,0.3640139586657237,16837
0.45078860381554287,0.2735906771310277,16839
0.19285165497684875,0.04353373274951089,16840
0.015128574904715197,0.3617485651352311,16841
0.529099314158945,0.35543571573516997,16843
0.736943828874904,0.48019071751547693,16844
0.8557675834920896,0.0025173362766733876,16845
0.1444062973378677,0.5069648467284052,16846
0.2277477294283845,0.6094960362496779,16847
0.6724769531256799,0.6202090652800756,16848
0.15471473215281029,0.17586703936791914,16849
0.16342558716119715,0.9480554948541472,16850
0.014402545581340132,0.31522623310939657,16851
0.309607743786772,0.0212618142394031,16852
0.2981248943384982,0.46609434807429995,16853
0.813773784431737,0.03610973703636111,16854
0.4883810665513604,0.0891922241765647,16855
0.27592151338773274,0.7495052301778747,16856
0.7966592885119704,0.801631069738916,16857
0.12339266856061493,0.040903190486178076,16858
0.8986601886031057,0.8086062960379808,16859
0.7938278514049196,0.3453376011618583,16860
0.8569777973916376,0.7153139706633478,16861
0.4994323013705706,0.7913407744420939,16863
0.5290441779019421,0.5900127426544515,16864
0.8636673228118149,0.48041546749381026,16865
0.7963389974213422,0.3298012402367315,16866
0.7544303318771045,0.22502837256573194,16867
0.7177398252117156,0.19117799646135747,16868
0.1284501566155808,0.46339936703584905,16869
0.36387163860592375,0.5915384140230766,16870
0.3256508732184209,0.02821922161285939,16871
0.986802588738975,0.024566182572927864,16872
0.22262545835012226,0.12045427785844331,16873
0.37454710253460266,0.3069495867137505,16874
0.5661893649955806,0.8577607971497333,16875
0.899142649195973,0.7936185193597308,16877
0.757385754642917,0.8352308668791518,16878
0.12678154935509522,0.3254714395382553,16879
0.35566488775396843,0.30792696005255504,16881
0.0766411852022304,0.2506318000526029,16882
0.5067100429067247,0.7558188893294212,16883
0.20714544268846036,0.6389856663140762,16884
0.9873727890184788,0.8211463697289028,16886
0.8683947881182703,0.052591274830616874,16887
0.3836979273183999,0.19229503639120982,16888
0.3204058125075566,0.6648680509228593,16889
0.5114658308806458,0.0033236049994403993,16890
0.5419701257655959,0.46392280560483135,16891
0.3276878810665216,0.9325329859498657,16892
0.001722363523180337,0.25525493971200475,16893
0.2512964949314299,0.5347676560658711,16894
0.09783016712620285,0.4002884230550815,16895
0.09801387009086104,0.4439565164677469,16896
0.17201158175949216,0.3270575976105584,16897
0.6815822791925105,0.7402750532850766,16898
0.4019450953857795,0.5515259595791194,16900
0.43682658984611433,0.7923150768870215,16901
0.7751483008196219,0.17419661915174445,16902
0.16525786061810255,0.7076807290884072,16903
0.3177054402013145,0.2678203473122257,16904
0.8531762467733217,0.7395416518927996,16905
0.7475737498836552,0.12347565334705324,16906
0.2865276312043922,0.13134218273675358,16907
0.3165744564562143,0.543616844705974,16908
0.8969447031859631,0.18656627929215852,16910
0.925963322447001,0.43490718188073096,16911
0.9092925176748895,0.49551920741259115,16912
0.49281243296096433,0.6117275837366517,16913
0.2463778908090788,0.5861840873737579,16914
0.537960017137838,0.7092539888404302,16915
0.22972188552009165,0.10654787119182363,16916
0.7490635549539956,0.23751283160385173,16917
0.9180905785507432,0.09862678545803039,16918
0.2350265975503668,0.6478062744729401,16919
0.3443733441773137,0.6658677537067106,16920
0.02032761564320984,0.8644982837743547,16921
0.15535520266175962,0.9246763798880148,16922
0.15111340710060606,0.38590775205286887,16923
0.8479555576779826,0.2277202934582916,16925
0.9001057636781643,0.14051940861289358,16926
0.3828771022021492,0.9101399840083261,16927
0.7192101114333128,0.93994498169634,16928
0.8679980713077533,0.5791076313691295,16929
0.4494069530241749,0.7793652726691211,16930
0.3974200389706677,0.8275259827581236,16931
0.5197389982266871,0.7449587575969814,16932
0.07729004044813492,0.20376486914440461,16933
0.598872368827444,0.5191103529305311,16934
0.2008297622321712,0.0004304511030478464,16935
0.11027116948448112,0.8613564870946494,16937
0.28541574730641306,0.5805749488339478,16938
0.5928672716370611,0.025884265059066713,16939
0.6326715468846357,0.6276632942766684,16940
0.5279021108746038,0.19061408123299384,16941
0.9557242448471753,0.20150960776282323,16942
0.32525926497268887,0.3968778202255553,16943
0.4045111072159542,0.9553996676521398,16944
0.7236809549161284,0.08032643250393734,16945
0.6264676263435326,0.895840614298733,16946
0.03391929998763776,0.7359559891546116,16947
0.017656833931707583,0.22921142876578926,16948
0.9094521686654474,0.015631055577637554,16949
0.6849614871752401,0.2535984691219878,16950
0.07635858625066527,0.9727631587631068,16951
0.45920859813888515,0.16056475372182166,16953
0.8335412594248819,0.5785297390927325,16954
0.27612812703265,0.2514258839112231,16955
0.8464976472589276,0.8458164953013911,16957
0.008833129175544019,0.6788145044611726,16958
0.940754848018588,0.9017752796706848,16959
0.7462444987169999,0.8621052373543796,16960
0.5641872155867315,0.44787001219834843,16961
0.4083277129791537,0.22572746215369222,16962
0.35371872299460183,0.7946773121600916,16963
0.6418944522069768,0.21151327110030183,16964
0.09916505244248563,0.9996623881348622,16965
0.9881340052334736,0.7353645364279784,16966
0.9620312870992556,0.7964174611124383,16967
0.43957516462642077,0.46118298940918545,16969
0.5623380198962598,0.8610940095030981,16970
0.08535353260169598,0.6998475692242128,16971
0.6454384382608725,0.7179030486634481,16972
0.39412913409842054,0.528482184407347,16973
0.004384100705293936,0.18472763393534453,16974
0.8683561706835269,0.6042885797708336,16975
0.9300441855741064,0.4418356345190432,16976
0.44880068324299516,0.21471836526172017,16977
0.49341776562517536,0.5630812039986154,16978
0.5949996992833273,0.3322856333157257,16979
0.28521822437552924,0.22618961019807138,16980
0.5169576914057189,0.12187740683494908,16981
0.9618330172999309,0.7689122724854349,16982
0.31531306782651003,0.04780705212910685,16983
0.01236655288426125,0.17972803259186787,16984
0.6557174735029159,0.45397862848054826,16985
0.9626535380642107,0.2621072548496909,16986
0.7028361244446458,0.6956506606170514,16987
0.5668807234892191,0.7164699869655528,16988
0.469123947934611,0.7034647951987895,16989
0.3720615616774049,0.8641686296273374,16990
0.3293264999321771,0.08280001733077791,16991
0.8174145517143802,0.6359722525273108,16992
0.26376897049451664,0.5114205998466149,16993
0.7516968909051929,0.706637562368484,16994
0.3794894043396364,0.15135733443927912,16995
0.3258428830161094,0.7995792500925407,16996
0.34123996710229954,0.6288704909743932,16997
0.300246657276078,0.5673570691889291,16998
0.3003594611227335,0.2998180259305413,16999
0.9552493420345859,0.5565563035753137,17000
0.8207497867536434,0.023464881843598184,17003
0.12789066671750415,0.03361927716451485,17005
0.6325164729363385,0.5993520122131389,17007
0.38106418475001447,0.8374798106285782,17008
0.8883503706491366,0.49711751784216474,17010
0.03774712120842372,0.7632547797357851,17011
0.06782238471931912,0.8563812510804822,17012
0.7774735827067946,0.3210974861458985,17013
0.9028614610873581,0.6190723971883177,17014
0.7623552740904118,0.2813585768301512,17015
0.49533767635257664,0.292695637354622,17016
0.20259084254001858,0.44162751724870675,17017
0.8405831694089331,0.37563869314138343,17018
0.9564833747241173,0.057834836842983184,17019
0.3910177152497285,0.48602452752488257,17020
0.12636009705305384,0.7926133171114312,17021
0.8396863983398285,0.49778399764681147,17022
0.4954005591518731,0.6229138469211798,17023
0.6224289348017504,0.7633850006641957,17024
0.7054436757135705,0.7683865202830755,17026
0.5676268931176199,0.8321375020227347,17027
0.30446991951992597,0.3454551394821347,17028
0.4038790527466375,0.8846420407212979,17029
0.35061127239367385,0.4271979452596385,17030
0.02827279767105728,0.09893247607421463,17031
0.24232655514344215,0.4660822074828296,17032
0.8861370294508848,0.5320561096542941,17033
0.07189675130773776,0.6703884137972553,17034
0.09028466934244572,0.7004305649695276,17035
0.24218116036531057,0.0537549759996635,17036
0.1885930733111698,0.26041580568306344,17037
0.796771763415694,0.5925971318731165,17038
0.3913004518485067,0.09660530304339021,17039
0.34812399932781757,0.018631129479010466,17041
0.3581108852247874,0.414930643659847,17042
0.7416671773685101,0.31037253276585486,17043
0.13077125756153607,0.005225182976084208,17044
0.3302391688205981,0.09409386229892669,17045
0.39284066203967516,0.8481705603497267,17046
0.07672883752551451,0.9554307044764799,17047
0.9497247554717962,0.14549004089157214,17048
0.5276938584972583,0.5379488119753029,17050
0.24049938995967457,0.9256699473475992,17051
0.7321646982949084,0.5954785370659846,17052
0.6222098501305494,0.27745075469598157,17053
0.20191887466427139,0.191245716985191,17054
0.9506063068782735,0.2413666942344378,17055
0.5213292812762786,0.1801874128165133,17056
0.0786535461532254,0.7519632883696697,17057
0.1237441602028948,0.2649568041001268,17058
0.9781272248192744,0.8164039654886824,17060
0.23876853978639956,0.5260564661759447,17061
0.6626784697751711,0.02092086474067789,17062
0.9298108488852586,0.5277063007751989,17063
0.8604436585672791,0.8229041182064363,17064
0.24035576927877522,0.02867852110999969,17065
0.6877190453797118,0.16005268745318557,17066
0.5328687638694862,0.8054810111472309,17067
0.5697871034874422,0.8293355345357554,17068
0.3181538096913872,0.8769942823570376,17069
0.21746890720079382,0.6891431151746262,17070
0.8271916536504522,0.45836953577365813,17071
0.36434527866155086,0.42708770095051163,17072
0.9717466381615361,0.8378494441392802,17073
0.49764771150999687,0.6967447872134692,17075
0.44787399314456533,0.8975737831646331,17076
0.14817814686692887,0.5407504109901308,17077
0.22031394594023668,0.6988962491256596,17078
0.0873471282095638,0.5152279860186049,17080
0.8284343309891057,0.05646871560301692,17081
0.44929864267348263,0.19748161958431332,17083
0.6544996753700453,0.0010130829957993859,17084
0.5606986402317268,0.04359399824704935,17086
0.23319753656435083,0.07680116128002101,17087
0.5422197833883611,0.894442610523504,17088
0.4545516333944355,0.5751057315576613,17089
0.3632381701675148,0.6487974018028427,17090
0.19120201590068042,0.2227920222076658,17091
0.37611167343833385,0.02500903782258468,17092
0.5566293416100192,0.7832450618546766,17093
0.5867678641444889,0.9028674844000979,17094
0.4179460279739525,0.9199616141038263,17095
0.2238908078293873,0.1213469293852224,17096
0.7900710375420137,0.41249838490385815,17097
0.37243894112588605,0.012955746724208517,17098
0.202481165503563,0.9711341572330522,17099
0.08786930045389063,0.3408505407934397,17100
0.9159449517708339,0.416074249635338,17102
0.2939580778035482,0.1863348175264914,17103
0.7009097745803327,0.3763001051705721,17104
0.8742849866622151,0.7151270107798523,17105
0.9664551734085207,0.9806778912923133,17106
0.34599238569537993,0.8991646740825918,17107
0.6999039034094027,0.8122087976525009,17108
0.13796218545858796,0.698352145176555,17109
0.07191501138670486,0.8009689702316722,17110
0.7369545880670464,0.11646237011997107,17111
0.783891079520019,0.5939029048930846,17113
0.7814770801222736,0.050191800521716456,17114
0.9317736656061207,0.5758072861832686,17115
0.45704828359945515,0.07881533495883952,17116
0.5624054221447611,0.654120010722708,17117
0.0884770481368996,0.4237704554787385,17118
0.38207585127718613,0.7145410120909659,17119
0.5026686713579763,0.1123182083536094,17120
0.5208393506493051,0.6961251257962704,17121
0.9056965617879273,0.8627265774640104,17122
0.008829360348114879,0.6597880095465034,17126
0.276734739306838,0.38596855466422875,17127
0.6350760456535268,0.9516120229893869,17128
0.12023494238292676,0.15130380981487535,17129
0.4669168065638891,0.05165863585811159,17130
0.3299052376628435,0.6705104449448555,17131
0.7614044370402214,0.47160359288652887,17132
0.7007894133131627,0.8712931656933847,17133
0.8257897967267478,0.4383010465060204,17135
0.6880255715871821,0.3961878494818767,17136
0.33662254475139297,0.22229204724768026,17137
0.5973802318291034,0.6618511997220525,17138
0.7586180785341424,0.4613934153146141,17140
0.07765719602080756,0.41840940683084427,17141
0.5798503405849493,0.6194376051709429,17142
0.028665811083787407,0.08753729896058937,17144
0.5835107715028197,0.8124311311294101,17145
0.755601622727614,0.7439244882767029,17146
0.3900487415475862,0.03695358910604629,17148
0.9754124113975456,0.13957247500338543,17149
0.01176104298710079,0.8959820617216591,17150
0.5928429492519709,0.15509947529449408,17151
0.353748204957376,0.31787621845069025,17152
0.5778737204527481,0.599576445778981,17153
0.43346640620744603,0.47727985808984497,17154
0.953690286090864,0.7098952291312102,17155
0.8577285618744674,0.36826507020743093,17156
0.9187185054100736,0.09217408539927929,17157
0.8490310520280551,0.14014771782071322,17158
0.6049434223526579,0.48143702266277055,17159
0.582989450360604,0.21342006862219765,17160
0.8897344536943214,0.1729415972590972,17162
0.614350648360373,0.12121575693926534,17163
0.4312219471668499,0.7406617743106366,17164
0.5335961051813954,0.512907068033357,17165
0.6646098783511422,0.667570496702425,17166
0.8818254909100117,0.7027433423015623,17167
0.05898232571967377,0.906953858028398,17168
0.6423772955440143,0.3222723258779403,17169
0.8973146129528496,0.2664300577585452,17170
0.14480480207724633,0.4427993731969381,17171
0.9638372053907716,0.8789327707406263,17172
0.6175185527823936,0.8780960215500818,17173
0.012674662697257144,0.2898128104606055,17174
0.7421302142505047,0.28561675656701024,17175
0.6877161528217842,0.6399067997424943,17176
0.3643657280994753,0.8125237264770976,17177
0.4491825431553079,0.26923175226194584,17178
0.8037942194923439,0.7884780690567145,17179
0.9927198514600961,0.7853091123665054,17180
0.5695800030736097,0.1722943878476756,17184
0.4649901009120435,0.23602171009460493,17186
0.9154915092564561,0.43601241879898167,17187
0.9799921998237447,0.013090647944318357,17188
0.017814514727282904,0.38527427864626684,17189
0.8385821068967334,0.04905337470509674,17190
0.6388284606137238,0.5702064102593943,17191
0.8583943987521694,0.29735630909906996,17192
0.17985654725821387,0.15642121488652572,17193
0.3903267163056149,0.8297441229346252,17194
0.3303113819993394,0.07738905902459492,17195
0.860183068140533,0.41444674650533064,17196
0.31856190453330724,0.4767993691071063,17197
0.7426920836100421,0.780424905094277,17198
0.9006523172259701,0.02014538639906316,17200
0.39552958018292517,0.8748160336772429,17201
0.05652152391930865,0.20577323562691685,17202
0.3402112678386562,0.4037313107226993,17203
0.08578101739577115,0.6125602359936636,17204
0.048842292441383606,0.1057671485996654,17205
0.3889038140401373,0.46010034792100385,17206
0.9103909134462145,0.8874632366182149,17207
0.5530307649136723,0.05857537883089414,17208
0.8408747081401935,0.5776309556403029,17209
0.044173956396809766,0.4998184536679312,17210
0.9279343311212848,0.5186640093527602,17211
0.9265891623049345,0.8118513137275112,17212
0.7251938565041175,0.17422756536637363,17213
0.08429901281479979,0.6686496481665636,17214
0.7754137358496594,0.8088424626305931,17215
0.9357569882769485,0.38046521418325296,17216
0.02265958142494806,0.6647694283627933,17217
0.534406389695035,0.8244323795692567,17218
0.5511258905233146,0.36667205044549533,17219
0.41372404842891686,0.8756659019135682,17220
0.40053763499210104,0.5613147102271189,17221
0.5896461709954574,0.12506491356504612,17222
0.8683345224658469,0.8191709930923873,17223
0.16411280827977126,0.8960525412533169,17224
0.4361775746654487,0.22360848185714843,17225
0.16650436144428682,0.5505668304556625,17226
0.25849632105915243,0.2597575121660872,17227
0.1003431432938241,0.34146300975221466,17228
0.8585072838035306,0.11877671601982931,17229
0.7025043828670313,0.25736979326155685,17230
0.2120414400090216,0.9374312387827146,17231
0.8657479595696955,0.9175971696785891,17232
0.20255221019026004,0.27667097764275705,17233
0.20464458293751542,0.5719995190916084,17234
0.1697108267791363,0.048547930652251936,17235
0.23245695598557226,0.438841061680154,17236
0.5552620247064736,0.6592178849164039,17237
0.1856156011300859,0.3276099524833018,17239
0.95733670181387,0.14761577119872826,17240
0.0732487763339632,0.09775830448272216,17241
0.08960070667791231,0.8049786877283984,17242
0.28843942268772904,0.7800678275390134,17243
0.9309003025282043,0.5190085952230531,17244
0.5574406197000199,0.4186511889291169,17245
0.8169654581082509,0.9655662401952386,17246
0.7058971178537217,0.7139426645953088,17247
0.7682542323859032,0.6922881461006442,17248
0.9715179061156455,0.8903758154032015,17249
0.6269005475271875,0.41842946662159275,17250
0.5105040722569988,0.7826430180383479,17251
0.699091984289906,0.6739625276152744,17252
0.019911143622654337,0.1883277828342883,17253
0.06481460515554505,0.9171212123310496,17254
0.588497282924207,0.6594282910986876,17256
0.2247179394796467,0.4397452722166414,17258
0.03241039344076291,0.4867068181452183,17259
0.3558867746196318,0.12955768293500158,17260
0.4902874404212225,0.13417689657317922,17261
0.8813418191922303,0.6256497233285058,17262
0.921070582548676,0.11604605794973277,17264
0.36933425917725715,0.24392112733974758,17265
0.25959330244902123,0.7195955048977609,17266
0.23654624915055555,0.7737376028999889,17267
0.9767049298183295,0.9115686490233856,17268
0.9984529722856265,0.07726098023461414,17270
0.2643069422381651,0.11701552081623312,17271
0.9990708940967266,0.4105059872769723,17272
0.3546674218933984,0.6324329897529172,17273
0.5620675948913197,0.32696829866473465,17274
0.8281932597615466,0.46455322413560485,17276
0.043836494861886566,0.5774946686837332,17277
0.11616355900054687,0.85443485929711,17278
0.5479254898121516,0.18106506297313008,17279
0.343167132192545,0.00911040285960496,17280
0.010186885935703716,0.3559471953237757,17281
0.17344319815095344,0.510876566999006,17282
0.8949083845999476,0.0935530915871523,17283
0.3381807063816954,0.143638240741345,17286
0.4156769164726183,0.6413589555201701,17287
0.66280856558929,0.2562696001446504,17288
0.14562725819666322,0.6801839644160567,17289
0.25244299233630985,0.6379266713551262,17290
0.9014417928774452,0.6648070529265251,17291
0.45987191382040205,0.26185725275533456,17292
0.806865309301687,0.9916923844756746,17293
0.3868772680577631,0.23218835983468744,17295
0.8062474538188172,0.8578523052984528,17296
0.2690257100442982,0.4951409252364327,17297
0.44886226103537874,0.5222172362946906,17298
0.3313648111843355,0.29300811415580363,17299
0.6011397982537972,0.2704897178292761,17300
0.6586272617616483,0.9648456932607861,17301
0.3030972538380503,0.565738343503775,17302
0.63351237706922,0.7698447991695553,17303
0.8494300140146329,0.9335638645409795,17304
0.3910048358944689,0.9755487971658767,17305
0.3313717512362703,0.4003097732318802,17306
0.797682252950199,0.9563837622335463,17307
0.49881930529618357,0.49798419394692883,17308
0.9838669510602093,0.20632472328354645,17309
0.8091408931184009,0.03696307115393482,17310
0.7203872437656135,0.4664062176160747,17311
0.5071010604581732,0.44935987918846243,17312
0.35346442258199295,0.28477621383176643,17313
0.20787335045270106,0.5425556429958044,17314
0.8759763075473085,0.9568392355525278,17315
0.9906187908052421,0.9919615875963331,17316
0.3415575275899725,0.44722452605331275,17317
0.46251167268295934,0.918758520766242,17318
0.6470668870037585,0.6992216945409769,17319
0.34775507512828874,0.9698876496727663,17320
0.5075521124339473,0.7137511449603661,17322
0.37532912548349884,0.715891889568432,17323
0.569162946730708,0.33341586768458187,17324
0.6009883734673188,0.18768632692867138,17326
0.11785793649170584,0.6220780487628438,17327
0.5268532462681651,0.561700327134447,17328
0.6414928394336701,0.5445199500295875,17329
0.8039862509395521,0.99649100325449,17330
0.1736821688389203,0.9623797047874739,17331
0.4713767965334813,0.8542761812095572,17332
0.7545336730367622,0.3142413413430345,17333
0.9314003009393204,0.3569494125286057,17334
0.5098416196315093,0.7496983319648746,17335
0.4915358943613155,0.33570314031210924,17336
0.1254716058340022,0.18692421367032752,17337
0.8933187197552169,0.7508003365738455,17338
0.0365284025092093,0.9191473382358485,17339
0.7260528622488375,0.7937884908233921,17340
0.667238699597753,0.5057581476437475,17341
0.8483141596648878,0.9959329038970708,17342
0.07239363347450922,0.6438758532868472,17343
0.01970219621517788,0.16421201174661448,17344
0.22467568096500878,0.6824511854951592,17345
0.3455224468048542,0.596522214314055,17346
0.6240608978980458,0.1836649961152259,17347
0.014695559389897528,0.318556151472859,17348
0.9991643107041069,0.5415692515953479,17349
0.5144782605219317,0.3349766216174672,17350
0.5462162265309422,0.8704297015499677,17351
0.07675390858944953,0.4521165139641351,17352
0.6170892079300697,0.848134634688619,17353
0.9181200761974115,0.9364308334536448,17354
0.9858550102881765,0.6943366142657158,17355
0.09983236057302225,0.4224741908586136,17356
0.7572742562611806,0.053882026491604895,17357
0.6189082616497821,0.7069283134032658,17358
0.7173828775292775,0.42013095911934784,17359
0.3054368439367423,0.6297700860402481,17360
0.07954792355245599,0.32709446458420033,17361
0.9143526810938402,0.48396534568491023,17362
0.7921137707507063,0.7204192523108116,17363
0.5939318946172982,0.1993261871038613,17364
0.9033973184936973,0.13988921826550316,17365
0.13051412919995697,0.8421909508112057,17366
0.4370771581547851,0.8199824353573578,17367
0.38880737899126805,0.8650834791727816,17368
0.915857587390898,0.03951459835914595,17369
0.27434825772903504,0.775950302204317,17370
0.24792068959950753,0.7983757819329962,17372
0.177307675532,0.5867894351013477,17373
0.47999010732690384,0.62949428138581,17374
0.9833680688871717,0.5424527287621912,17375
0.06613753976138592,0.7445722952034264,17376
0.9493289855645238,0.4057382276963909,17377
0.012305987639697147,0.07184527924073669,17379
0.06629910711918441,0.2541757683609518,17380
0.3323494561547885,0.8895587473925823,17381
0.6095647434532525,0.7074161362540312,17382
0.8187235977859596,0.8726778196627736,17383
0.32004599284403856,0.4298288551232332,17384
0.12123374110570728,0.6471879482317815,17385
0.1534394614571255,0.26554363605283315,17386
0.32364930795512736,0.1723721589666466,17387
0.6846509115080968,0.091370249037794,17388
0.21352599872811018,0.9871998503807481,17389
0.04569484401081969,0.8269707567905067,17390
0.38017926840102156,0.8539267231009119,17391
0.6005453228741401,0.5223520522338283,17392
0.5991079299295408,0.542812561511913,17394
0.9827956640991182,0.5455103720137269,17395
0.3191907126323025,0.34081789076091484,17396
0.6481687715290563,0.17423203539550913,17397
0.9361656632764307,0.44672540192560584,17398
0.6130262281152178,0.010745333252243805,17400
0.4630728212469133,0.9283180203479672,17401
0.8784250082487237,0.6073772440420203,17402
0.9221777798629316,0.5718202589188603,17403
0.733462794375666,0.5545284175032943,17404
0.5942546557376696,0.8508915775856112,17405
0.27950646548333336,0.2623171694429125,17406
0.02885965106892352,0.7050928654011909,17407
0.9477037423802358,0.16728331126697948,17408
0.8162811143633064,0.2539921945586796,17409
0.5415035526299735,0.9434616539626067,17410
0.4920366079610857,0.9457591780667071,17411
0.5749252483538962,0.11989926470202861,17415
0.34987182255986693,0.5277932211877345,17416
0.9054490715360305,0.17603085539872165,17417
0.4626815965311498,0.03178133418862983,17418
0.529039233134338,0.3206291165177594,17419
0.10139913839138914,0.7210607002079956,17420
0.25170480756390456,0.7758428795956559,17421
0.8321093285499368,0.37703240794581183,17422
0.41654051631227274,0.8325574381841024,17423
0.4487627070212259,0.40409051280688546,17424
0.9401857053058861,0.026214883625937047,17425
0.6447901582459794,0.15974807763989707,17426
0.9131086620310715,0.3477422406062267,17428
0.5773402473627889,0.910414994031686,17429
0.28403680259722686,0.8529741932899444,17430
0.5785775379176649,0.5307803712470235,17431
0.8710468369984511,0.5565355108908564,17432
0.8078530937313905,0.9432315502599032,17433
0.995604567242962,0.8633305990792521,17434
0.802280070912598,0.8781356569984187,17435
0.24533054789125353,0.8025973738639841,17437
0.14525420837210434,0.7479317229326805,17438
0.41542450662650654,0.49668663705465144,17439
0.3140533927015776,0.9485181014937706,17440
0.36386315263386704,0.10147565674610215,17441
0.45712141603471546,0.16440479674875752,17442
0.08684432633597805,0.49759901095188586,17443
0.1393063371153067,0.12383393635489803,17444
0.7205223815998664,0.7191842155741555,17445
0.23541005688810912,0.8584449582442043,17446
0.5087714352285206,0.7728055809347263,17447
0.1552080474901979,0.5430251223639173,17448
0.895169960211867,0.15278582826805842,17449
0.4222122081624343,0.8969847249487527,17450
0.6439035349358899,0.7127898469984509,17451
0.1861558191463315,0.7757945366405699,17452
0.8780834635387105,0.8450225611296007,17453
0.16769432991866573,0.11941561970382752,17454
0.3399024431111166,0.9813072169082527,17455
0.730400319421988,0.5027596651475932,17456
0.24575280565922253,0.9365083002209371,17457
0.7344894852564229,0.411546980734517,17458
0.9712493601826038,0.9238660039909704,17460
0.4930842831037109,0.9639444551400788,17461
0.05743681981306625,0.6232149858974658,17462
0.1743109947591559,0.6972872133902381,17463
0.8685422198233371,0.06850538504631343,17464
0.7764483937992989,0.9918226122542988,17465
0.7229094741116191,0.4771491402409179,17466
0.8827463051340761,0.9109663282159269,17467
0.1293710176985401,0.8602241668589402,17468
0.5475429502791969,0.3850554169230528,17469
0.16986238906486673,0.14011099125270654,17470
0.7257894776232345,0.028118627639380778,17471
0.667708968977365,0.5605380421602266,17472
0.6943832358077945,0.04888191943080156,17473
0.8591985292780873,0.6196165036583743,17474
0.5178426908899967,0.8378234606875378,17475
0.10138494758657968,0.9172749254356505,17476
0.11820864113720042,0.4508168271469457,17477
0.5525888134569775,0.7054013926532952,17478
0.7670956061421228,0.1737998406764958,17479
0.19230638975616354,0.9972130350788183,17480
0.7219246023431631,0.5854828266699198,17481
0.32672656591594473,0.4376554610824821,17482
0.8554252339523296,0.9063220461181559,17483
0.35455823600888725,0.30802772711199167,17484
0.0719328970847215,0.4559894867768599,17485
0.12565791922741132,0.5809979493562318,17486
0.9573740204573831,0.17682828381807392,17487
0.7532730286093989,0.11577602839764578,17488
0.8931872601699706,0.372657707273116,17489
0.350588505358314,0.3310598301956097,17490
0.14588470390541075,0.8683649902048732,17491
0.9348776236890879,0.8152315895201768,17492
0.5333312153435704,0.14236511740432956,17493
0.9734784490617128,0.018588011375717972,17495
0.05846805995176574,0.6003646566434727,17496
0.5649648970849269,0.41200127395435826,17497
0.9294987072155918,0.9233523105081752,17499
0.1802108750142215,0.6808975596782825,17500
0.7277636389326209,0.7048213386166946,17501
0.07602178974463059,0.4712208799983446,17502
0.4992059488019194,0.19620903863372574,17503
0.15220558360206737,0.2627000212974171,17504
0.21035335226987006,0.9393967206643952,17505
0.8041184181073947,0.2937475649793736,17506
0.9351066534638379,0.18389077094721296,17507
0.3082236615543583,0.33431018567315307,17508
0.1981207331826328,0.11617961297228974,17509
0.18748153049880156,0.9339487893171088,17510
0.39132553538600257,0.6865489184267135,17511
0.6552007750434257,0.8246846358020534,17512
0.561124803889466,0.879944032134638,17513
0.7084906582285706,0.9567382116803721,17514
0.24730513976273727,0.6419450990927579,17515
0.19933269621063776,0.6253715571828521,17516
0.0682159892251113,0.37426942762319226,17517
0.8380437314213899,0.005544797737977891,17518
0.5579503515585834,0.17301954067056557,17519
0.8470092477063264,0.5060143884732106,17520
0.40800234286391357,0.624341941687417,17521
0.13771626381334334,0.50970758617252,17522
0.7614806730362728,0.2538714840186832,17523
0.6081092747034057,0.918380719212014,17525
0.06305632982595999,0.16097809482471903,17526
0.6550646030640035,0.46790708790196756,17527
0.3891145406886124,0.7795355877295874,17528
0.9003893602273676,0.3821531504628257,17529
0.6504108133862166,0.7503090947984701,17530
0.22529191833431939,0.9763051274499692,17531
0.10625982769861153,0.07418968453032071,17532
0.5130340792642305,0.2940265812748455,17533
0.8961194623874644,0.9089110095896534,17535
0.09011688244485805,0.07362986441287012,17536
0.10774033938148975,0.3109601100381969,17537
0.3342461856834188,0.3276282354800052,17538
0.425976660818828,0.8162995705773238,17539
0.6711314038563615,0.25093604180988394,17540
0.11291563507571467,0.9059728815556106,17541
0.7723072858169714,0.6508932066641218,17542
0.19338755725373125,0.4532954395116866,17543
0.7059706377266688,0.8135572082676461,17544
0.9053205438718269,0.45084397703277046,17545
0.5234509466976274,0.05470559086352844,17546
0.5020669811105026,0.8314685677037797,17548
0.3330091329932129,0.10780666462100452,17549
0.5793325858826935,0.8565908433971741,17551
0.5380768424888458,0.10143606565269403,17552
0.9211915719425062,0.88201972428887,17553
0.7160180194703718,0.3527320972037721,17554
0.9538826895529361,0.7300341073404388,17555
0.6594939113578645,0.6854409181339426,17556
0.5587378361173018,0.4908659938416391,17557
0.45432356277450325,0.6392065302806016,17558
0.45942848429966165,0.12379375072593402,17559
0.804810652790349,0.7304436174221783,17560
0.33457823520522534,0.02279495276914212,17561
0.399676353199204,0.06534629694186755,17562
0.5968085771589299,0.07024615315504468,17563
0.830875378006572,0.006441499846132515,17564
0.8133652598230142,0.13223878148409451,17565
0.7114851535815417,0.4035805874702788,17566
0.7204014425340719,0.007598491598374335,17568
0.06371108833174655,0.9417449284500536,17569
0.7731240807403357,0.11859762708477828,17570
0.1365555952568429,0.16753423330187556,17572
0.2799867273519374,0.23775730340532064,17573
0.4463717653608923,0.6283149809106181,17574
0.12809977136349537,0.6005371361387921,17575
0.2486951181108703,0.8279045346323308,17576
0.06277489711839124,0.17396318530554133,17577
0.944701178947166,0.36506894270484125,17578
0.250184318415288,0.9597655765399822,17579
0.3473307119556267,0.17302008322867723,17580
0.44995623203777513,0.13463445357456516,17581
0.9056285309708294,0.5065307840609059,17582
0.8039422325635482,0.45667920621072955,17583
0.647542717853482,0.15843199457906953,17584
0.40580598045425464,0.6923785445094065,17585
0.8268753666087423,0.1716616791029716,17586
0.03064372696473361,0.18968117256826578,17587
0.009272826058416062,0.5068472006583477,17588
0.8198682061874238,0.8572195351423023,17589
0.22170006188469726,0.28315059552688226,17591
0.7030762654106754,0.29284567027933117,17592
0.7982451865570455,0.985789173073512,17594
0.06813760890097786,0.1555671772091819,17595
0.2536619162260476,0.14474030760742673,17596
0.8391545151579758,0.5803790363180712,17597
0.618587678258517,0.5860945501914423,17598
0.24090792407615602,0.9042823386113262,17599
0.09974854290167279,0.5557224622644165,17600
0.5641552054773732,0.8799158177088334,17601
0.511030835761513,0.428876778817852,17602
0.1127285382979849,0.09353666207046785,17603
0.5875204872019554,0.7701316389693628,17604
0.6798466714769087,0.20787309426514855,17605
0.5375644421326248,0.3244687286936013,17607
0.5176023794117124,0.4442204204144128,17608
0.9514189963907086,0.6157115343657119,17609
0.9032337753805905,0.6164427911626921,17611
0.9122893840005352,0.1818225050404273,17612
0.32047413589172513,0.9380300914741205,17613
0.7327967903655536,0.8465566302298185,17614
0.15542185977124612,0.10622763602245455,17615
0.7992236788997616,0.13736376494653335,17616
0.1854061230284736,0.44489524689613225,17617
0.43860210238380304,0.5476844721266011,17618
0.7607876932331045,0.04458090480813426,17619
0.1637036533547136,0.7997952110637464,17620
0.32911905922354456,0.710220736630537,17621
0.737761840475746,0.6259100540470874,17623
0.5335956596035341,0.6164686805473829,17624
0.6505684307951511,0.9995293522143002,17625
0.13403050270925454,0.05572047791267931,17626
0.21740682017873658,0.6435491767992427,17627
0.10954083824333583,0.011034538819246986,17628
0.9352660620978995,0.9295709464891985,17629
0.8212530850315886,0.08525605381021895,17630
0.6222122959603871,0.05470620135708171,17631
0.5965511521528505,0.13786336790590392,17632
0.6726539431909945,0.5670168260606269,17633
0.4198377511251742,0.6537973727323257,17634
0.4271902030119441,0.39507990455766717,17635
0.7677650844042941,0.6759854039156367,17636
0.7331332569319698,0.08349197279145237,17637
0.27054493269542546,0.938549338803557,17638
0.33094812776314675,0.4170483764689824,17639
0.39380361662123087,0.16161424243082656,17640
0.27915638117016106,0.9150940912198339,17641
0.5217021570346757,0.850743663055069,17642
0.3560675325835013,0.9251419442012386,17643
0.5543638997408319,0.12832019737623923,17644
0.9683905276203466,0.19588029239265625,17645
0.36269892319320207,0.3813752584520027,17646
0.3673228914927542,0.9560125597745271,17648
0.5940564420645632,0.5087083936071733,17649
0.3032794951078279,0.6472101740394275,17650
0.872976606024532,0.597188133647659,17652
0.8518984895419945,0.5378529282701591,17653
0.037648331661465306,0.6167945818701777,17654
0.07820311874581021,0.5907498091204344,17655
0.28689693005883643,0.4252875212788253,17656
0.6072396986263899,0.6035473680591746,17657
0.5965813053004035,0.3785151886602559,17658
0.8596262949217812,0.7293258750512188,17659
0.03635078467504682,0.2966840706224674,17660
0.0495891256965576,0.0656646879761611,17661
0.4618240516834876,0.388843558744963,17662
0.22138965250794773,0.062262792101576814,17663
0.695816117476712,0.7535403670304568,17664
0.34620204533222976,0.03943369971053223,17665
0.33622851163708467,0.23242498591249205,17666
0.08563413724489788,0.6904346693559364,17667
0.39531347780325643,0.5071146528869414,17668
0.7919772992631378,0.02788327455799766,17669
0.1254582194153604,0.3622229580258066,17670
0.4431625415819368,0.612944371105282,17671
0.41722488759059373,0.4790432582081646,17672
0.3663614725399681,0.10080850323489365,17674
0.047962518327991255,0.6740411884308832,17675
0.8767766653411527,0.8332186245555696,17676
0.7215726427637175,0.931727254012531,17677
0.26791162503658417,0.9735386080937416,17678
0.1473443914357423,0.027271562898187218,17679
0.7562667688373516,0.8857373642750076,17680
0.18219925390658087,0.5450376677648169,17681
0.0007444971437506887,0.9497538018824914,17682
0.5871663876164036,0.37897637772712434,17683
0.8647870186746632,0.009682326110064698,17684
0.3879787899407682,0.005473899956169759,17685
0.1240364115349386,0.5614922898268963,17686
0.5065464274023117,0.760198893328809,17687
0.9491306782703353,0.22694182767247306,17688
0.0848418100752143,0.401576328449489,17689
0.43061402094775636,0.6478189618378309,17690
0.624093331933914,0.7105774612911252,17691
0.27528652547936205,0.24594103312816384,17693
0.32208098452054945,0.6147739890372294,17694
0.371139639056147,0.011747984360785502,17695
0.3339167386649292,0.33215644151409995,17697
0.3871388960422951,0.1764137791442636,17698
0.12731876395767572,0.16697795756197598,17699
0.36878017871107427,0.297722810539342,17700
0.13588787080704,0.9670879323562278,17701
0.9305931482599848,0.4322925586179406,17702
0.8717979824738812,0.4068813305498177,17703
0.10254370755340492,0.5303862840834253,17704
0.7246445707561974,0.5293209295131482,17705
0.7780379116530225,0.7643099934871567,17706
0.8242244905114207,0.27693864456443307,17707
0.5603236594447389,0.6497864360312569,17708
0.8742745731606814,0.07414046844876865,17709
0.13312561920816246,0.8025801783180219,17710
0.7134075354908114,0.6947629785221623,17711
0.17026560086643727,0.6995679470265314,17712
0.24137176911978542,0.34902568027355774,17713
0.029216708896512955,0.5713552519620113,17714
0.1227427190986653,0.6659763795921296,17716
0.35581879778206027,0.04227335749463612,17717
0.27818171974697437,0.5215409515127817,17718
0.9156970589311754,0.3456057189875843,17720
0.7843303162730724,0.916898800671788,17721
0.7306550755744508,0.09073769274232524,17722
0.011231858778414705,0.5026704867752602,17723
0.31232189820048273,0.0602374482687853,17724
0.45269154409373547,0.3945214242209354,17725
0.3490219297379993,0.9957798683513198,17726
0.11182078665513295,0.2998236287059677,17727
0.48649883435742847,0.7586882412398658,17728
0.42199101560219265,0.8490123390783406,17729
0.5223190604745591,0.23056409041160175,17730
0.026628433658309025,0.5818656814738358,17731
0.8439255815189677,0.7930557801747545,17732
0.9814996446707096,0.0743454439219502,17733
0.36087870323799176,0.34327060901737383,17734
0.5330215060952465,0.7106936292755072,17735
0.8509265314468077,0.0756128460389659,17736
0.5777462158067869,0.8075372281421797,17737
0.1832517404886227,0.1303440726268118,17738
0.6349027779451712,0.5652854733201605,17739
0.7285013612466166,0.8963491993807237,17740
0.8162351443747006,0.26974556726233545,17741
0.830454437495142,0.14250724820705185,17743
0.4736491450611364,0.4774792556131948,17744
0.8448356024522803,0.4036171393829827,17745
0.17590751048029973,0.8313817204237889,17746
0.10048677542912754,0.23309587501201967,17747
0.5721825872660595,0.9763296708336637,17748
0.20033681743535492,0.656469791881797,17749
0.7429822704840678,0.7891601728739415,17750
0.8995493248629182,0.43783243406892003,17751
0.3880919510784818,0.8001679878247913,17752
0.08271447562072998,0.5334662562698224,17753
0.017955725708776127,0.8388668670725586,17754
0.019808274038441542,0.9983556256611645,17755
0.1266260120158489,0.8313463888695467,17756
0.5722220770895776,0.15101727087098737,17757
0.9299614613288412,0.7998969433499387,17758
0.8936605877213736,0.14705801423456322,17759
0.992990109766515,0.617376358786814,17760
0.5913935859078865,0.22152080228868365,17761
0.6481832653628834,0.7654415885123558,17762
0.9511931167464996,0.5838120249652107,17763
0.711824671553951,0.7800071027774697,17764
0.15524579064580968,0.12596502554940647,17765
0.36551867307829455,0.4297357880028351,17767
0.3193305048986005,0.13079368924925283,17768
0.9795072455417326,0.8406376952600046,17769
0.9891847504104374,0.8425358948698256,17770
0.3716636042169079,0.15007500854968925,17771
0.3026629970099437,0.41808227591693126,17772
0.5426340961021638,0.898350315412872,17773
0.9953048027931211,0.6166924208369575,17774
0.2097105603618099,0.19226811984991699,17775
0.07247252329994636,0.7681117055066378,17776
0.3354300019767009,0.22326175823058547,17777
0.44033693847664945,0.03861654589897967,17778
0.17872860296577509,0.1328008333631473,17779
0.30818802734030704,0.3210698431841623,17780
0.8030095398463515,0.058411788312076385,17781
0.687943511225985,0.5271267235305832,17782
0.34359317657965005,0.03580854193726135,17783
0.5326625006994413,0.26515197747012675,17784
0.5962055345263074,0.30285606973339696,17785
0.16152031626333818,0.006125449621508849,17787
0.3443942321064418,0.8467205625914226,17788
0.39251676607424146,0.7123902689844331,17789
0.6566309750320267,0.1302818865019737,17791
0.1398340234536135,0.8727248190850819,17792
0.6308031890477361,0.3465404334502866,17793
0.9964003592312822,0.5913089210506088,17794
0.37544663193582184,0.4078532787400144,17795
0.01373768048899604,0.9914203242608238,17796
0.8772247547843409,0.1609178572935116,17797
0.5597007556098236,0.7030056829085359,17798
0.7662054330257841,0.22040622947412636,17799
0.7930678117552913,0.33607251901756596,17801
0.1555654889667173,0.1477873152495004,17802
0.6228653100222776,0.0686290530307675,17803
0.48071270166329017,0.4568582103832144,17804
0.21504798762601451,0.6140509210859361,17805
0.10444726312993768,0.3947491861885467,17806
0.828771331530512,0.1876907879815315,17807
0.7217545965641674,0.5264663862216026,17808
0.6513943497021885,0.8440949665953286,17809
0.1909113861348456,0.28875817180275865,17810
0.7267615505070001,0.2486217433067155,17811
0.7187126994367046,0.13053130659926926,17812
0.516063176030698,0.9707177943831546,17813
0.2879252903338677,0.13456717889589354,17814
0.4522829612697363,0.15876889146508177,17815
0.9499327617332407,0.9351323976969618,17816
0.11673885686861318,0.919106494152468,17817
0.592263466989763,0.039682436370814034,17818
0.6228960780557931,0.738825438616906,17819
0.6775824868090451,0.44208736375964974,17820
0.1505524178719616,0.8950634646118353,17822
0.34341260003799357,0.12436495501077138,17823
0.18894010432825836,0.5827883674649939,17824
0.882532126378186,0.19204345310723325,17825
0.06732881856881778,0.7041768438977627,17826
0.5387519042975609,0.5470883856786857,17827
0.8727366399793829,0.9643012862523509,17828
0.9000415745672589,0.6720369035716885,17829
0.8985282559358447,0.647518770558396,17830
0.811662101178076,0.932949574171487,17833
0.27559666008854944,0.9205911715023168,17834
0.1102052674150299,0.4556273272815785,17835
0.7378324690667669,0.3208287685213198,17836
0.4966677859502918,0.4526328359487981,17838
0.6113912361325566,0.3540517939109139,17839
0.6627785258646761,0.0281707634780467,17840
0.6907077659608067,0.22172473196072373,17841
0.6450543086677273,0.18332285209393118,17842
0.23227945179281162,0.01764080352580155,17843
0.3477529454827144,0.45001301936494853,17844
0.9664341232086302,0.8574700732825246,17845
0.1797600961597512,0.8743704339306241,17846
0.7620969805590438,0.18975948855426295,17847
0.42374772083739676,0.7879569947119788,17849
0.3425282444478478,0.899396719674743,17850
0.5502046971024129,0.05485923696502071,17851
0.689127834251061,0.5419679603217881,17852
0.17361528449426622,0.8587543295596027,17853
0.9543438335989767,0.34101509760572324,17855
0.5868031252582482,0.8926988684670585,17856
0.8683277115910509,0.7463383170422049,17857
0.6566040413598014,0.69419877010052,17858
0.39314855444906394,0.24894671179262529,17859
0.38832143590762935,0.991409452085526,17860
0.9408994334370446,0.15551182528253105,17861
0.07300814788961452,0.8082650852063542,17862
0.17642563363964459,0.24674347855856882,17863
0.47112670015049696,0.4612240015317759,17864
0.37190446047872394,0.20144481692383487,17865
0.4504885233048679,0.08200113546829246,17866
0.2363711916710315,0.28661549260384256,17867
0.5835749380733574,0.4352632872710219,17868
0.8858141073600777,0.3055941669133697,17869
0.9626061410223198,0.7698334382340766,17870
0.6587266681276229,0.5710740897248675,17871
0.14703375846730327,0.8669422765385669,17872
0.8941400021379227,0.18389967322475698,17873
0.14663740074880838,0.94257373861751,17874
0.9372810057655157,0.7578783215013349,17875
0.7178741667080751,0.9932880674882252,17876
0.38545601812130104,0.27798658307974045,17877
0.7394557882288905,0.7019455798130558,17878
0.319381457103712,0.004378677074923565,17879
0.924044153025549,0.07479001119183193,17880
0.8216304109024277,0.8821327087510078,17881
0.7801988868138533,0.8881943845489219,17882
0.9473911248326703,0.4390741281815159,17883
0.6943637982157069,0.9601833442841587,17884
0.48340282257330613,0.7473812809509428,17885
0.5020512538392761,0.12158995461681121,17886
0.8828607904376692,0.7462184448343513,17887
0.41950265081152505,0.4295551900503889,17888
0.8148927285859419,0.7565656141620639,17889
0.4117548294068565,0.9858485076409922,17890
0.32814312931054745,0.5177922761849363,17891
0.5164461843307596,0.8770263936566153,17892
0.3879894285259555,0.06453154176965337,17893
0.6045227878143269,0.3470478574692196,17894
0.7025224745804202,0.49598920458316875,17895
0.18788161747901477,0.8173722035394813,17896
0.8233057377997312,0.6065508596345884,17897
0.11283362988976331,0.10730360414233375,17898
0.48448666142544605,0.5246146151635466,17899
0.7850442916719353,0.36195500603023334,17902
0.5531147421780742,0.2078623046106307,17903
0.06071510507250888,0.08235292250610537,17904
0.7558661119844718,0.7306768402584598,17905
0.42373716257133776,0.9591122166065842,17907
0.6869998690665708,0.2956034572753642,17908
0.5813623960306982,0.33416282579530554,17909
0.7066990208519729,0.47282290138941496,17910
0.7309620009006902,0.56924637426228,17911
0.12804979868825395,0.4972568717640644,17912
0.3921207732249503,0.7297076862461628,17913
0.3161028723599031,0.0759471043142691,17916
0.7506886803453541,0.5134821478329796,17917
0.9766994293614293,0.09518346380338127,17918
0.48916667455756746,0.0944869911718429,17919
0.8881164261936291,0.03006065546884873,17920
0.1202164592573921,0.2508953411498085,17921
0.13721225670289505,0.3829156534110987,17922
0.6773189394816138,0.896391650795821,17923
0.5305144861391026,0.9132815933074923,17924
0.35858727223983133,0.8007703085551641,17926
0.5947245800883422,0.5084384840971541,17927
0.39285415956080183,0.8621550640038221,17928
0.5301388498076689,0.5304746332443528,17929
0.9175100661988517,0.3903745754647229,17930
0.42053074063531426,0.9605244061712743,17932
0.185280992458128,0.32097615686559455,17933
0.02213436872438468,0.002795931111119976,17934
0.9969986911187757,0.9549289429059967,17935
0.8042255908071894,0.7027908060309275,17936
0.8629889870948325,0.07079024157502001,17937
0.005475978854675434,0.9026784721446132,17938
0.12366331849926282,0.28323544420884483,17939
0.17207532463581898,0.2519023846764371,17940
0.6547339315581043,0.04582125791025804,17941
0.09795249404594786,0.5703417273256437,17942
0.38268046365458386,0.8226145481925147,17943
0.4845235402954233,0.4392704430315083,17944
0.44084409075358644,0.32012837586561615,17945
0.057996879629298226,0.09412137436437584,17946
0.94691157310207,0.40765038471236614,17947
0.800706183358404,0.3232660495668156,17948
0.6753043407658257,0.34068277315338114,17949
0.13666987523762042,0.042998930577249794,17950
0.024530587859551534,0.460091218796868,17951
0.930192206226001,0.6917586346424633,17952
0.8343411904249203,0.0763633303569563,17953
0.8154652597115116,0.07888183979272945,17954
0.4234716557510071,0.7614037827757886,17955
0.2788769142423775,0.5637919764572135,17956
0.6948775033615334,0.10448728814211761,17957
0.4448033260036479,0.023545493502733272,17958
0.5342360183588948,0.4296912214066013,17959
0.04932234326257623,0.6012220109543986,17960
0.7534512924990171,0.8542458311326232,17961
0.23413398655259487,0.38869757097530266,17962
0.6574069309247651,0.7014709694454091,17963
0.8081428305969116,0.42122837813624037,17965
0.054061950247258794,0.509994449717948,17966
0.17941098884396756,0.5735475785593125,17967
0.5987031971965646,0.9064721941428657,17968
0.17125778208070397,0.295380388777447,17969
0.3941318558768456,0.9907633713949849,17971
0.6876833573952827,0.9955719259178097,17972
0.3033380905934171,0.9222276156238262,17973
0.5989522756068469,0.33761607915100234,17974
0.56872985342534,0.1548562151420435,17976
0.9363462605635733,0.19807595788367127,17977
0.5695374072873902,0.8507399020433498,17978
0.6727155749645171,0.44083918131623323,17979
0.7767786487840965,0.5071212829121098,17980
0.0348730311857095,0.6694869641574854,17981
0.977790991783027,0.2068041350899259,17982
0.3634241139216906,0.7059336069574652,17983
0.4309479413285441,0.3322290618308852,17984
0.46875407291207016,0.20740975210468304,17985
0.7060451387730867,0.19514095659776232,17986
0.6732101627542002,0.38959993148597694,17987
0.47682692142831573,0.46895107556413307,17988
0.6532345682709262,0.5495914081062253,17989
0.6589266615878331,0.8815517782665835,17990
0.8825981233970771,0.16007559968090368,17991
0.99833523464403,0.723798613182768,17992
0.31987659673697966,0.6959090886953603,17993
0.663852852406262,0.9053488822406189,17994
0.8371018356135359,0.6770765639044557,17995
0.819779168968869,0.42712173707725987,17996
0.4845236974195032,0.09905497418414633,17997
0.3623934612601377,0.8021113024945937,17998
0.3670040267208283,0.21139266331588247,17999
0.2907741408948308,0.6449837337360945,18000
0.7186951279181815,0.7362434705599189,18001
0.95582617066246,0.5433893614727345,18002
0.952270211185073,0.5979583204267809,18003
0.06980026937123895,0.3213078766904651,18004
0.3256595198075123,0.26894620525098234,18005
0.41958941912809833,0.011273564344837506,18006
0.6169150996761564,0.36466134834400277,18007
0.5896180619773895,0.2813964151288214,18008
0.3527943097222054,0.6886017987662382,18009
0.9493810732224159,0.6979744707467354,18010
0.8486939538106186,0.19392227496307946,18011
0.5278594804506523,0.11401910759506961,18012
0.46289533452920784,0.37668669730937177,18013
0.5692501752220405,0.8233700062027459,18014
0.7065297485226533,0.203902221864239,18015
0.6693344154170527,0.6728360827118649,18016
0.8573290959296106,0.37738731370029877,18017
0.3800661196835191,0.5135968832096409,18018
0.5975651524030289,0.9095957397943011,18019
0.49811341436674994,0.0944440850856697,18020
0.7935595821198319,0.6818043099827565,18021
0.9736852392888615,0.7989407772429176,18023
0.5228672930530353,0.12593946100213527,18024
0.684732151210886,0.6836909554241187,18025
0.3104300866527192,0.3619958456940292,18026
0.3972224380380325,0.9517165568750096,18027
0.38014056803848695,0.2564945656509523,18029
0.22854513053932035,0.2231162779347433,18030
0.7278568476592832,0.3475873622375273,18031
0.1853447811659351,0.07026231096127433,18032
0.7095144833907269,0.9865292138965491,18033
0.5272187789150163,0.7090308925840046,18034
0.8789212346189686,0.31988025072189674,18035
0.9022675224131808,0.8767505631124477,18036
0.08576685187160504,0.32166939698665753,18038
0.5573576212764222,0.7604157890557659,18039
0.2243116986440472,0.9569411564578018,18040
0.8646944354139869,0.2394059763711338,18041
0.240736227156366,0.135147090547857,18043
0.13089651064812813,0.5505618807838861,18044
0.495941730196251,0.19637012910973783,18045
0.32016656905591934,0.30005651390522114,18046
0.4084842845921284,0.6424458082126187,18047
0.6912944255908999,0.1899214132453122,18048
0.6915014977053574,0.6532240702255215,18050
0.42586495445573025,0.7772266067939064,18051
0.06682645721047054,0.8009664103316816,18053
0.7584752272800588,0.4002408597604936,18055
0.6571394102402606,0.20507748427813866,18056
0.7288969801005925,0.7796301868489731,18057
0.346275649619153,0.05783160642222507,18058
0.7182386184019542,0.7442630419367795,18059
0.5999987746539931,0.7160704056471612,18060
0.3487199377141045,0.65303453039958,18061
0.6036099155064617,0.9210345364550268,18062
0.05266928876190957,0.13682000200178568,18063
0.6645968771080613,0.07013774365072567,18064
0.27110890909776175,0.8084488007734121,18065
0.6387636127241559,0.7105483049533396,18066
0.9922084854803305,0.17505070998037242,18067
0.7369341297645445,0.4621561687288035,18068
0.4607780388895939,0.5219553158032513,18069
0.53481527238527,0.02527680523280562,18070
0.7823560918995559,0.900647536687953,18071
0.759062172640755,0.02134252789567226,18072
0.6944019023662729,0.029181853927598977,18073
0.9323830562072124,0.32057240698173917,18074
0.16134669556169567,0.6544217931876497,18075
0.6688303210279057,0.4750233747605037,18076
0.5917376437303716,0.7808137856097619,18077
0.6587301108496963,0.12042094060175712,18078
0.9346435615838886,0.8667011089032095,18079
0.47066816299217296,0.00908835337082936,18080
0.730297648241629,0.362354414747044,18081
0.4498736316955997,0.438173879359977,18082
0.24581461580580555,0.8692335911936737,18083
0.15896895949371792,0.5353767665178838,18084
0.6239212498331865,0.5564618730023327,18085
0.9542514577503766,0.9091411765995092,18086
0.9861850828992794,0.5610192120986319,18087
0.4982793715886543,0.14739565716431624,18088
0.4086005628075491,0.6917165911861598,18089
0.7298597636717455,0.9682871804257603,18091
0.17759272416502025,0.1527701247770773,18092
0.772449649949041,0.842291382018026,18093
0.19304467505465406,0.6738207077451668,18094
0.16988070022923674,0.21876411802117113,18095
0.4978825212407081,0.23184990110831727,18096
0.5782751075029469,0.6133791411881091,18097
0.34596107281230737,0.7293967443722522,18098
0.645782008889522,0.5558557288605799,18099
0.739171569180942,0.324522447671699,18100
0.07579837263907374,0.32895764083334755,18101
0.31770328703815465,0.032876704509128274,18102
0.5519218129192279,0.9939005609730409,18103
0.2892362592110148,0.4877203649513282,18104
0.39823931966284043,0.09545672778137937,18105
0.13840335777606272,0.3581085874219172,18106
0.34264561478475086,0.8655628051970503,18107
0.5687854165761868,0.016577948935272535,18108
0.36869057566178065,0.41057189557286,18109
0.04172644002866244,0.9867999933794522,18110
0.16750696665312637,0.8638955593839885,18111
0.31723266816205775,0.13668681676046923,18112
0.21475907600483002,0.36452290251921626,18114
0.26973323011304895,0.19262336922082735,18116
0.9729105807585393,0.25648027287040664,18117
0.8846846505689596,0.10834845085472411,18118
0.31708080715270104,0.975117183083254,18119
0.8890827681445177,0.6234172800401018,18120
0.20326893856007078,0.4941490837577892,18121
0.05239602047496872,0.8910703858503594,18122
0.5644496282216108,0.7785491326569786,18123
0.7206153799973044,0.947124281055169,18124
0.8630235709193175,0.22796336082480728,18125
0.7240167300990132,0.6367282339901251,18126
0.7577257496813381,0.6505017782138461,18127
0.14886803607521648,0.01094545949094583,18128
0.28571332176803255,0.5646435714567227,18129
0.520896398865239,0.5674951198522274,18130
0.7781648596256961,0.6323645612357843,18131
0.1370855289513646,0.4034812007297902,18132
0.37116332995238477,0.03368067804830399,18133
0.9427026613828913,0.6840402176303283,18134
0.8128224356275927,0.061232381789127155,18135
0.9658975148508868,0.09412775124851114,18136
0.6615831182481952,0.8254786097537196,18137
0.10815800836400236,0.4345359286709929,18138
0.6986090101751917,0.9169796232455838,18139
0.40711489007948554,0.11062860180728185,18140
0.16402579126398442,0.9004424136446216,18142
0.7796712330620683,0.626455510568278,18143
0.28355535402988963,0.40121226615529515,18144
0.491826469731804,0.7132802781035466,18145
0.11170497914979216,0.8497743663177504,18146
0.8255414508492984,0.9437903998703381,18147
0.5949760451770093,0.5840041157664224,18148
0.31264050253298814,0.6732428813374305,18149
0.4858274513480738,0.07431142754822007,18151
0.3318216486916322,0.421312500266117,18153
0.1336002456686144,0.19405996345385812,18154
0.9842685174905188,0.7371515540875339,18155
0.38972747750867887,0.6990838411609368,18156
0.3584047156534136,0.543675321377001,18157
0.4082401900030853,0.5885179426994994,18158
0.3748896445536871,0.5758255819651672,18159
0.0889687620047015,0.9705521350002342,18160
0.5861070362821329,0.6438694435272122,18161
0.1182148141974304,0.2428657370547621,18162
0.4810410268675722,0.7066560737800344,18163
0.521280275843488,0.6707740748136154,18164
0.8851714221387309,0.2859784966320481,18165
0.3234924923280824,0.19033188821751423,18166
0.6773684708612207,0.28608874617381796,18167
0.6072042433273608,0.007342626922841822,18168
0.994911827553611,0.975008886562285,18169
0.0262584099042239,0.8977168465585182,18170
0.039651799064031046,0.08256918077411923,18171
0.9392309638622308,0.5186982326245686,18172
0.2853585182178294,0.10951000324070548,18173
0.8786246284039624,0.011999388871291039,18174
0.5609423178514381,0.034159285249979576,18175
0.6083623106433192,0.6204759984229662,18176
0.46914043869410404,0.015965244607244466,18177
0.06758004637714621,0.4320101192494473,18178
0.25966776460360574,0.4655971290368426,18179
0.15928013237339922,0.07739509937106626,18180
0.08963152015064402,0.5939629315500032,18181
0.7121937945871725,0.9454234222096566,18182
0.7486070450115351,0.28289932651580396,18184
0.45979102434617236,0.19833183761647166,18185
0.046607354927597267,0.33526239597750507,18186
0.5623916239596658,0.07596095752615006,18187
0.8232824051235605,0.7060671786410249,18188
0.5752207854609744,0.00894423170160108,18189
0.8110832295850999,0.559782464074607,18190
0.37087264822872446,0.6089101145870462,18191
0.01411504622479931,0.9431641453414195,18192
0.2456288898499558,0.3275770450482265,18193
0.9538909086397035,0.8134848704860476,18194
0.3773477091662053,0.8460390593335004,18196
0.807904715448558,0.3877274288148892,18197
0.0017445699712459461,0.25325825502203925,18198
0.5729415700210836,0.061220937045503576,18199
0.5030199440315448,0.6770843926701424,18200
0.7414730149696049,0.6006311560681548,18201
0.4752862609920566,0.9298986715972858,18202
0.6738112030842841,0.41535481794747586,18203
0.30962657001883853,0.1282124277822314,18204
0.18734211106352427,0.39917726915013163,18205
0.5129005413968425,0.7507718533592778,18206
0.8005808800132531,0.9641062517663107,18208
0.03948129134302858,0.11172587129873512,18209
0.006038803786455382,0.9233141614695167,18210
0.027136162461298796,0.7758056905946797,18211
0.6783453053024067,0.6764928262309141,18212
0.2320522442951809,0.8451382813187792,18214
0.8904024350633262,0.19918416570277064,18215
0.5224027184502129,0.6698591536737941,18216
0.43316120314572304,0.6652198761804812,18218
0.9907091600676745,0.9342010055408746,18219
0.754660872066975,0.6772871897140054,18220
0.7244189712707925,0.8526623728171168,18221
0.060652167973465065,0.0008834606853013183,18222
0.006754918400740717,0.7226327873023981,18223
0.3468949594037597,0.5788850425121529,18224
0.054475161043038844,0.41865104328324965,18225
0.00229887195106504,0.3351123338687759,18226
0.8573598716764814,0.5235877804751403,18227
0.5734609534566657,0.21639430682981065,18228
0.8302419321220269,0.13364846005922815,18229
0.18748685404442667,0.6473931465097156,18230
0.5051225260143674,0.22874149182697945,18231
0.745381365983441,0.9969335226710089,18232
0.08302606863812423,0.5723755314458697,18233
0.9300133708379617,0.9381776207282915,18234
0.8244531400538709,0.08070203914725715,18236
0.8579145850801629,0.4676435941580044,18237
0.8511922109611235,0.6473889353130724,18238
0.5847321018802895,0.39337563712179957,18239
0.901645536671906,0.4868753957210783,18240
0.020165999193686668,0.5256966706744882,18241
0.5217074775973154,0.8117468260209684,18242
0.910145803832839,0.8490985462570829,18243
0.47872147444126045,0.4990855263918075,18244
0.8097990596202104,0.5049407698290301,18245
0.414556062998624,0.38680513346931433,18246
0.2934730575322283,0.345524120578537,18247
0.47472057883691643,0.39417923400407806,18248
0.506379343708832,0.9511079964778234,18249
0.3178295070745569,0.5128721075204288,18251
0.0900425485510502,0.6408323158409925,18252
0.5148422781656786,0.8553313278526274,18253
0.2950887045135405,0.130225835172325,18254
0.7631531132008298,0.4138513990446304,18255
0.0355499086608263,0.6942180053776932,18256
0.31561866146837725,0.9879300446121635,18257
0.2769277299926648,0.827669127040946,18258
0.18194229902345516,0.855718224594795,18259
0.700882488927567,0.9374657319618613,18260
0.7982557882290289,0.3152093854119734,18261
0.4570028157141126,0.6112073514960441,18262
0.4176020503077099,0.1690486856343909,18263
0.03240497551255073,0.44373628188750347,18264
0.6347311450643821,0.7932220095753975,18265
0.963714391964638,0.5974427813509803,18266
0.26911680916618375,0.5590348498712605,18267
0.5114663332055511,0.24112023848272557,18268
0.8143009560234951,0.6196899565606088,18269
0.6307774559543154,0.03968797008821878,18270
0.7938369012423395,0.3246619279364287,18271
0.24455800913410775,0.5240330470704473,18272
0.7650521780858169,0.26021685796891225,18273
0.18312803562259983,0.27389468801338923,18275
0.942269928259342,0.9048488040942985,18277
0.07066385889071747,0.4131935495650527,18278
0.8585348824337671,0.612433465328518,18279
0.21996136462598093,0.5299330428627196,18280
0.9576842492448221,0.39563881661735123,18281
0.6416569889936109,0.4357727908755892,18282
0.7319956609656776,0.3670983120756345,18283
0.4390547916378805,0.5326466005528814,18284
0.20720656394382264,0.11596196298934758,18285
0.5992215056017001,0.44636500216198605,18286
0.5239553357487696,0.7269210141473387,18287
0.5526676167684644,0.3823328878010853,18288
0.44175368264046755,0.8440542485293994,18289
0.3229372765524806,0.75495645285119,18290
0.08659425916138719,0.881620279602155,18291
0.9232663736870093,0.4484805823465271,18292
0.2225712556959646,0.707175830017062,18293
0.11400323948478819,0.5551280187071852,18294
0.3010170259086402,0.8803202301746671,18295
0.1735339516761608,0.7981154751856265,18296
0.19108779249131824,0.6521582554248836,18297
0.09053088112843721,0.9738820847500852,18298
0.7138546048866508,0.17529371869388566,18299
0.7209597472855721,0.964564129948526,18300
0.5040469842752061,0.15774363249740508,18301
0.9494596902778408,0.4788146361866287,18303
0.986454636567136,0.706204804744494,18304
0.9290750140767953,0.18253945261872395,18305
0.8841683308587093,0.032878344275834026,18306
0.7779564377207866,0.8549108977688559,18307
0.6643292867319426,0.7560322779228279,18308
0.9841493600313571,0.20071369566240116,18309
0.09616520276328278,0.1611950183644043,18310
0.054592857476021495,0.024456483837719478,18311
0.9271951889143601,0.09416579649111245,18312
0.8270697436183295,0.22012616921167383,18313
0.18886699836203058,0.24263112219507432,18314
0.2531715834020104,0.6215232595544767,18315
0.8632711174658687,0.6944183474180561,18316
0.2678023422524656,0.2568243167038652,18317
0.7573641766984797,0.8864177826492462,18318
0.32264984638249516,0.19852650440425323,18319
0.8317620897349134,0.29151606397788554,18320
0.5583440995364393,0.6903911626448197,18322
0.49924914265799625,0.7909328872621193,18324
0.35927209661698645,0.4368898562874439,18325
0.2817338626123581,0.16451693072946205,18326
0.033215195160751665,0.9332002268045325,18327
0.9508347114043474,0.1297810261327218,18328
0.14712716812935467,0.1919882830062284,18330
0.8361751892026106,0.9416544868227812,18331
0.7356607395334226,0.16975803981681736,18333
0.23355909259567553,0.8682646523472789,18334
0.5679154891203942,0.22134118957117355,18335
0.21727989032371897,0.4609187966750281,18336
0.21513902525284812,0.9317366448302947,18337
0.35077080194480303,0.43835992371030674,18338
0.29802885489179076,0.9713630523584709,18339
0.7047175021286564,0.9186881439975622,18340
0.3202182353204177,0.13446709977114668,18341
0.3783219049211983,0.9011712868966915,18342
0.43665584675884106,0.36693418704269165,18343
0.9779148559982468,0.33563104792724463,18344
0.4819072212488945,0.9235179713461945,18346
0.34568028077193225,0.7569686881724573,18347
0.8126203357118298,0.027738055249627802,18348
0.6475617206276637,0.5586232797657228,18349
0.7166437436798507,0.604011808450878,18350
0.5723015705185114,0.41572058962764435,18351
0.747708725451514,0.4488448440404148,18352
0.42147776741027854,0.6743173706734392,18353
0.9334242564355834,0.5206444508814838,18354
0.41668826001468884,0.10561045239258027,18355
0.8168512002879673,0.20983649396966642,18356
0.8846266396520999,0.8241552750589136,18357
0.7336638307863055,0.8195022631683568,18358
0.5941910386687244,0.10057077724311092,18359
0.8916927858691602,0.6863156592472451,18360
0.30132101502415465,0.43701856180331944,18361
0.21504191383949367,0.5961506731218903,18362
0.7735772853453017,0.8580024938878871,18363
0.14824641760827495,0.07831272944871981,18365
0.3787351585230546,0.8506454904693334,18366
0.30454296478500387,0.002967970682836718,18367
0.6065252009755792,0.663283892848995,18368
0.5592115532320678,0.4913341546133828,18369
0.6164382560467044,0.7133535834842031,18370
0.22506542578864708,0.6560202472743113,18371
0.4663450937249669,0.11545203631614043,18372
0.9505339899144056,0.5934979553043095,18373
0.40985393819331917,0.9662521727190243,18374
0.38019448012593926,0.4531965850306343,18375
0.3158545828106458,0.547615252517559,18376
0.26015338018794765,0.45766274292252096,18377
0.685504326878452,0.6527204653226285,18378
0.39902210421242446,0.4994040974477426,18379
0.3418864360863607,0.39353668107069995,18380
0.3136426186896788,0.982479115184974,18381
0.6503759186387007,0.612825166746475,18382
0.2598534090263632,0.9902517408377027,18383
0.22905227748524437,0.5459615959623252,18384
0.4248883372281186,0.4161081139133961,18385
0.2568770426690892,0.33283683530489605,18386
0.9210033844755288,0.4377646189954467,18387
0.03861423703440803,0.34111242012369025,18388
0.06623865512117566,0.446326243297967,18389
0.12471193681852188,0.4405146488523476,18390
0.22895747359021812,0.9075264881030469,18391
0.2339280279411835,0.6810692727909318,18392
0.20261318134544826,0.15458456157803768,18394
0.8191265768187095,0.9103276362189967,18396
0.11293102319387127,0.9650875349281423,18397
0.7061051667584849,0.10004707787103728,18398
0.5206100958292774,0.13056130578415592,18399
0.46781139241990155,0.7830850670333652,18400
0.6112920858411395,0.19418580868987667,18401
0.515702631287394,0.9982376130962376,18402
0.35562322687856474,0.7720617236151011,18403
0.6156468695609856,0.3510893932582926,18404
0.7498887243152109,0.6419539796893752,18406
0.3966020178193296,0.6454564566105206,18407
0.7914476401841608,0.36887077665032686,18409
0.4632634894909209,0.7770874475730956,18410
0.37698898182604057,0.7724133273864683,18411
0.2480682931976148,0.6855493888428124,18412
0.9707974586119271,0.6894770496332896,18413
0.04849485479902438,0.17451951250858233,18414
0.17910569189980463,0.16163658134602454,18415
0.49330580380311706,0.23333693899467,18416
0.0038059787177185944,0.7246220708864283,18417
0.9970781753560344,0.6483966760548401,18419
0.3799387871546337,0.07984678726405514,18420
0.7080839990886572,0.04809422714927725,18422
0.7500204655819628,0.43697153080861095,18423
0.08783238043474717,0.8184108322202044,18424
0.6480467801482652,0.2640752023928006,18425
0.664891755068908,0.7989392666475259,18426
0.9865988760270569,0.48435288169306756,18427
0.8002404447786486,0.9382639613384428,18428
0.8737087627132569,0.45622261354800187,18430
0.08834344464357413,0.7186408448549575,18431
0.4527786334394933,0.4261698027498434,18432
0.5601400165507465,0.594923312116943,18433
0.699877397196551,0.866199187691466,18434
0.7427173851437603,0.8318708208095443,18435
0.15473622835844614,0.820536310863461,18436
0.2188640818162283,0.8582168643506246,18437
0.19881988905662307,0.5512093836417505,18439
0.850932912544166,0.04909916637918266,18440
0.4933813331276211,0.8232712424237562,18441
0.5476353571449193,0.27420815234974294,18442
0.36111724046776983,0.6711421513308109,18444
0.8069948679669472,0.9621038005454103,18445
0.779833884248245,0.27166530244878795,18446
0.5169635010053106,0.32259173470642255,18447
0.24016179845891783,0.6546719480618068,18448
0.4438590846508065,0.4094156018389463,18449
0.48583567942952766,0.5545453784442028,18450
0.22585784535354336,0.6591162288469111,18451
0.925893678227196,0.14009091673855345,18452
0.4043933685428085,0.45207651130173343,18454
0.07773276638684101,0.84004457635601,18455
0.132945389278314,0.48317791601675975,18456
0.9374397652263119,0.7355013839831669,18457
0.6546799002985706,0.27576875328988415,18458
0.7234277034436627,0.08554626522493569,18459
0.5485975831811394,0.6042226595200537,18460
0.4105490038798476,0.6721527275979771,18461
0.182189357842099,0.10854050725990572,18463
0.20239164235442053,0.28024845919607666,18464
0.5503603462191796,0.6518943092600901,18465
0.4288740232065227,0.08495098471486784,18466
0.8591613383048625,0.9482395900613423,18467
0.41421614732138723,0.24084100404194675,18468
0.4867863874210341,0.1066805819460982,18470
0.9442308680140243,0.15427762629191077,18471
0.5789687063426411,0.010535016841461964,18472
0.0713127728680546,0.0241723087915533,18473
0.00584802704680043,0.8178157973345933,18474
0.3158271557871398,0.3086727409267277,18475
0.4878424325510302,0.43461914962996484,18476
0.11370459054400084,0.08718956186547999,18477
0.5318404332510498,0.8181926099510333,18478
0.4762755953464628,0.8193856202955613,18479
0.09058745019497505,0.5182493099321857,18480
0.8192949594971166,0.3774944773389982,18481
0.5316247714917922,0.6683293519223201,18482
0.47754979300615186,0.15537786288006716,18483
0.05189454018620654,0.5449082377715528,18484
0.12281396406205902,0.4968738116232042,18485
0.3210475178156117,0.5752234195059572,18486
0.274130090860354,0.4274924743271329,18487
0.973501597838356,0.711265369993127,18488
0.9073304968121928,0.47897517843751414,18489
0.8000415229913372,0.022765370472180968,18491
0.59638589135338,0.16264865787405747,18492
0.33882282848824175,0.47618098793559127,18493
0.02318587781618764,0.4282061661971376,18495
0.9368760659074276,0.9681328712985872,18496
0.9299406237030425,0.059899388896975214,18497
0.9139828293275708,0.4839484424592476,18499
0.7864091353425962,0.1744299821004085,18500
0.33113437021537073,0.7607951110527935,18501
0.21384673326186665,0.06269304120338304,18502
0.658294896247225,0.7241314108445701,18503
0.22472086150672954,0.5564137672823345,18504
0.8656929234714794,0.08131157657703447,18505
0.8674478105333756,0.2951664142215219,18506
0.3236661406964444,0.8815712991616625,18507
0.2850416781442363,0.8433162990728793,18509
0.15257106889879557,0.3370957700200494,18510
0.7014075986379807,0.8349400111694936,18511
0.3614916894295982,0.8030921298779877,18512
0.003859471566749484,0.7532733856418207,18513
0.6551948851013741,0.16626843554074267,18514
0.7562002657041847,0.006527217488094483,18515
0.07263670796891997,0.08784209499130291,18517
0.8227064511439335,0.1252688978070564,18518
0.6464823552220698,0.3646351217125168,18519
0.4584387981476905,0.1966891974611208,18520
0.5243234579323313,0.860426647843287,18521
0.8797003662534201,0.2240289327422178,18522
0.9614170834569555,0.7342726653394026,18523
0.6644573614953736,0.1755852733056832,18524
0.07216106213907725,0.18086804275901247,18525
0.08918971967815714,0.5490038411705759,18526
0.620181423938382,0.3423636379201984,18527
0.11851888575334713,0.5460516150608873,18528
0.9250362135964004,0.4656304407306654,18530
0.801752985748122,0.15078672217310807,18531
0.29310138237768835,0.7926406209486919,18532
0.527200874271454,0.43908893323228304,18533
0.5257470435287446,0.5250073460716098,18535
0.26017639385611757,0.5576628280808393,18536
0.803727113093835,0.573318679708695,18537
0.1670478503470021,0.293762175702162,18538
0.11024195525533742,0.08854842764959903,18539
0.45292282781124626,0.03334821239454033,18541
0.7317467927520287,0.6396451996624212,18542
0.9651400410612263,0.3457511708619876,18543
0.9182947619546764,0.7436106984590326,18544
0.873888014847517,0.6453046057056386,18545
0.7156859850291103,0.6269272586049341,18547
0.4295059050900717,0.9724817373385841,18549
0.4735674557245998,0.752073599458809,18550
0.01649008838327992,0.08867030563811118,18551
0.3983123219305327,0.7952110969885022,18553
0.11861505051282784,0.9697163179589723,18554
0.9546716057601337,0.910127882947158,18555
0.8258898653627458,0.3596855690090349,18556
0.5226627802645077,8.740762513859135e-05,18557
0.5215813109794953,0.2722598005969896,18558
0.396381605478792,0.95404638635878,18559
0.16328557969111002,0.012312944999193554,18560
0.9933424396873437,0.9836803726737847,18561
0.8760943960252935,0.5508364908420704,18562
0.400819378899258,0.45204576193363455,18563
0.034727830212139876,0.7117014880505362,18564
0.7456145768777701,0.6959414059841689,18565
0.7384976367877424,0.7714053459415121,18567
0.6321975819631229,0.7445779695362209,18568
0.5078687166629388,0.26992262503239106,18569
0.8637913005183323,0.5145791160279304,18570
0.389896685647643,0.8418422536000939,18571
0.2091138959373513,0.8064603807442068,18572
0.6176763585105942,0.757415671652038,18573
0.7262793739436453,0.8763012342400629,18574
0.6720335405204585,0.8656364330465184,18575
0.16499629752539735,0.8560849005505256,18576
0.5939929736074232,0.602571683316316,18578
0.9676582368839772,0.5141749775389468,18579
0.3642029649985242,0.43300351821687233,18580
0.33437603731633914,0.6621719875778999,18581
0.37499068678541314,0.24113202217669283,18582
0.7049091001965955,0.39745468068461054,18583
0.9557333430868628,0.5541563994589108,18584
0.6958621932177576,0.44068760337004165,18585
0.8189479481335664,0.5295639234412554,18586
0.4727559014358983,0.9201876698493711,18587
0.793426502599571,0.6453001631132131,18588
0.7580251631344144,0.43375131093227703,18589
0.24294178818222412,0.0032480145966490293,18590
0.42288633661019115,0.8874188761856798,18591
0.2358878996739947,0.4032226140850038,18592
0.42350941422027577,0.06394262543028262,18593
0.10038067031360598,0.9194251434069033,18595
0.6397399664964362,0.49492243703414396,18596
0.8021790963418606,0.3612717210076406,18597
0.02251903409593059,0.08264493520758776,18598
0.13521442049758936,0.37547001255742374,18599
0.7210189573484989,0.2086688277418144,18600
0.5228549605931508,0.5572448378859436,18601
0.10361227527379646,0.39064173207953523,18603
0.6973531175774634,0.7902210889214271,18604
0.5235718977435149,0.17643390368501943,18606
0.4706592468004941,0.2375901387205337,18607
0.04108184583332164,0.3750563585979273,18608
0.6943711713793436,0.02985510249106338,18609
0.8179853143163108,0.5122636295455294,18610
0.024401019295764548,0.4275563484835351,18611
0.03238347874027969,0.4491718697280781,18612
0.250649361604387,0.09404691042828695,18613
0.887669745207758,0.3936940118901613,18614
0.8189143826170008,0.35136770849784216,18615
0.0818181003764108,0.9092818122577829,18616
0.49147287159619,0.6739616492845728,18617
0.5218029250083499,0.34135572831123506,18619
0.7877470214855316,0.06360759244580372,18620
0.8747148333011394,0.059068290324510664,18621
0.7595270503233391,0.29302412498836716,18622
0.051465165765339105,0.053954119884397245,18623
0.2241131857224946,0.9491750676747638,18624
0.8386210524080527,0.2359958997862175,18625
0.07229957286874245,0.4167327033224082,18626
0.4715286282824164,0.5141579177481513,18627
0.01923509340916163,0.5060978060558241,18628
0.3464141915268396,0.8572464348630574,18629
0.20927277436296277,0.31572748490663916,18630
0.8551923962376938,0.2625964577661507,18631
0.7576241481491599,0.5844076387257773,18632
0.8087397497380263,0.11999448223099252,18633
0.8402900398150208,0.9250258391749885,18634
0.01703894275494322,0.3927617539824211,18635
0.8775609778274939,0.43397154268199467,18636
0.5651917266562242,0.9482759717351852,18638
0.6990836394752777,0.2827727304386457,18639
0.3791869964125325,0.061870795814988444,18640
0.9612098065761732,0.6734295647076617,18642
0.19893467636232398,0.8714028656586253,18643
0.7443845984553747,0.2349461901874621,18644
0.8971050263104441,0.5752357411402027,18645
0.5159299580183271,0.12129376858105156,18646
0.2445693216175273,0.30087163118978066,18647
0.0819058115711947,0.7409106664939541,18648
0.583740561606935,0.5288983491433152,18649
0.45553933700429006,0.37685422437987737,18650
0.28963393415249805,0.2819854261418099,18652
0.784869192628031,0.2109722402841382,18653
0.1607432066821316,0.9443054824535004,18654
0.9214491559018958,0.57844139740178,18655
0.7934711859205643,0.839441166595712,18656
0.29487184060879035,0.8086607874165013,18657
0.6577283670322372,0.4300672805009301,18658
0.44077969153984775,0.0042682172051246026,18660
0.7223194846615606,0.8481090751433784,18661
0.13259876855340336,0.15561673533838305,18662
0.44581446794513613,0.580278508974412,18663
0.5012391610282975,0.6391784378712554,18664
0.9217004951896199,0.3163024211657972,18665
0.4158008924825396,0.10571530155753506,18666
0.6981393749514958,0.17444855473145593,18667
0.2270214405197144,0.6038136382092146,18668
0.46916122231718493,0.9570869892526953,18670
0.26909642912116993,0.6043008158566531,18671
0.80298705492467,0.7637044909667007,18672
0.2992282705096495,0.214751385359373,18673
0.4919515940667809,0.6394369436832684,18674
0.127085523391956,0.41626835601220413,18675
0.5874851352811685,0.27297023329683934,18676
0.6759828220552789,0.36705243627625317,18678
0.9643785373433059,0.9766241564428202,18679
0.3881571455200066,0.9720906312874859,18680
0.009705972656460005,0.4694527895417363,18681
0.31071767093444114,0.42576093745026433,18682
0.950871078552081,0.11776022765289984,18683
0.8543149189864842,0.5062481908657578,18684
0.19537951103345608,0.028430586131621527,18685
0.5029784531525319,0.4793148293799361,18686
0.025729093102893508,0.7061625091739098,18687
0.08483292983917345,0.5175328833537077,18688
0.631645951969637,0.9795614027071874,18689
0.28741920563590395,0.30661980537843625,18690
0.26168916576143997,0.7988394067677344,18691
0.568563234096643,0.5021566806346697,18692
0.3126570213383444,0.04332549568665833,18694
0.9568938355088775,0.09154996137716853,18696
0.5437783678224071,0.9604225529905271,18697
0.588494831967577,0.9909101408434607,18698
0.229088873594803,0.2214693232997903,18699
0.10387616321513571,0.16624275512655085,18700
0.4799095826145624,0.5733395074352547,18701
0.3129934979463388,0.818280738870831,18702
0.6165868246437433,0.4128059975998738,18703
0.5503663935035159,0.11208106414435082,18704
0.4737948933465256,0.05797468243369153,18705
0.08817152206926837,0.010660740617311149,18707
0.3112892844239207,0.5987386407896147,18708
0.8641914048183751,0.28613378177928883,18709
0.43571745155790775,0.5781301520830426,18710
0.4611062901706645,0.7358333538461322,18711
0.3249238086526942,0.14351325798644854,18712
0.04341439496525168,0.724056222947102,18713
0.9784467447243375,0.1338551272237678,18714
0.11537820827101652,0.9855952265951486,18715
0.9622866703670141,0.011334790940335626,18716
0.2896444441010093,0.10362793920652469,18717
0.3401350998160909,0.5028832274520127,18719
0.30781321051938804,0.9102107818097186,18720
0.6269764504739409,0.7860429478083368,18721
0.3736326965755078,0.6573621631214367,18722
0.4193212334533093,0.35750213039742296,18723
0.9892264860528537,0.33129609914563485,18724
0.7764895178536905,0.6144219432277487,18725
0.6055942310033641,0.4588152061950368,18726
0.7233272808976685,0.17219610510533445,18727
0.5412063662913554,0.6675154267295011,18728
0.8969754111174744,0.010444125166719997,18729
0.5032254783855308,0.47282452243539974,18730
0.41656511438051536,0.5086576424391704,18731
0.8150821547916395,0.5317694197763849,18732
0.659264952081486,0.4503350299186353,18733
0.8020874311122699,0.7923314427521131,18734
0.5456143980274689,0.4307168738507394,18735
0.12406993575913616,0.934343753309426,18736
0.08361060929358788,0.22772201114307478,18737
0.4760040735422133,0.8378981503797351,18738
0.24082963302653226,0.6586775370670493,18739
0.5200291308119598,0.2987759502709848,18740
0.8794744052561496,0.4291422681724373,18741
0.6149426159394504,0.3789666245097323,18742
0.8322400096504562,0.27079523452480925,18743
0.8625483819804328,0.2416360912863451,18744
0.5200583313602138,0.7963055204513346,18745
0.6885430090813972,0.369617243399023,18746
0.5184821156970959,0.542866856044178,18747
0.6007094449693646,0.10564965206242483,18748
0.08710553728640158,0.48678809404355705,18749
0.4731953844890763,0.6776961848172175,18750
0.18450916326478373,0.32083752732154536,18751
0.46337183940838045,0.5477718381988288,18752
0.6074235640033755,0.11515640835623842,18753
0.588371301663764,0.06331132351521174,18754
0.581991117711647,0.49768717893467884,18755
0.04503171339003709,0.9905920606259387,18756
0.5969564602779466,0.2572142837511371,18757
0.5355197099525454,0.6697075072233433,18758
0.7066560879266517,0.9474816208375085,18759
0.2055118167664216,0.853525706992265,18760
0.09375944785958668,0.20764805305092848,18761
0.3880342078265816,0.15735900200225272,18762
0.7586943266753438,0.7129653410177915,18763
0.5663404499352341,0.9036882264807327,18764
0.5113608173029911,0.039452015567669974,18765
0.7246062141463706,0.7164475230853866,18766
0.9788410439513842,0.12526024747362197,18767
0.5025427477061942,0.8450615191745245,18768
0.3027345979299976,0.8651269370818795,18769
0.7461549391374446,0.9964714676134904,18770
0.2807123174414319,0.3293350927343257,18771
0.2744358425476311,0.30884353563771116,18773
0.36383267465062286,0.17005160390386942,18774
0.9612122965083665,0.461121039569777,18775
0.20767295146930587,0.8120322478687475,18776
0.3402451690524523,0.315900413420627,18777
0.36155890804306456,0.5140044379536698,18778
0.36685438044537244,0.36378219852741567,18779
0.12702533449009556,0.6406376428311162,18781
0.34542653161666403,0.24714958263525366,18783
0.20947057965756044,0.7331375444470731,18784
0.9742895006918818,0.9661232420281874,18785
0.795377362590846,0.5043954486601531,18786
0.6286543938045775,0.7779819670986253,18787
0.042350964226198884,0.41924860238981454,18788
0.7411199242995521,0.6260118241006406,18789
0.42153165384028723,0.2053626892722097,18791
0.3648590374272521,0.6969417317315154,18792
0.9309488821848216,0.6147841353120422,18793
0.9793667833804295,0.40624205324097606,18794
0.03765370713943561,0.2557731554298802,18795
0.7086851803030076,0.6952013691332174,18796
0.65620325214193,0.263671510335554,18797
0.2602247575217641,0.4783963381316305,18798
0.9108821653474435,0.40053681440432853,18799
0.36035341378891994,0.4608417861921028,18800
0.6569390073423603,0.9962942006094052,18801
0.9266243899610701,0.8412961101699359,18802
0.006336490902313585,0.8497926258900091,18803
0.5095350256957702,0.7802420031459691,18804
0.7580859088357547,0.4762453365740651,18805
0.1579118274968584,0.6802466699988287,18807
0.3710059879705774,0.42638631992858556,18808
0.94827136900631,0.2286746154176882,18809
0.6183094099346723,0.9072897689976706,18810
0.8873073615314335,0.49941389960267524,18811
0.9097710232225242,0.09204347290609072,18812
0.5734812930734238,0.31120999158730545,18813
0.3542132474978551,0.5661420968923083,18814
0.8532958103246815,0.3557199525044573,18816
0.08126403910384616,0.918025573781011,18817
0.9155005531978926,0.0006802229590758824,18818
0.8427563785717447,0.9248550068559246,18819
0.5816393281611023,0.3366002908984458,18820
0.3753463941336975,0.13965461719093342,18821
0.7352592970871222,0.8853434280215609,18822
0.36635763544841304,0.5819268165416713,18823
0.6164087738804329,0.21517364054700627,18824
0.9241273612431736,0.7193778841031843,18825
0.9612538081990913,0.26181388911882264,18826
0.94344858597712,0.8474769398118711,18827
0.6165503365572759,0.18617566807917008,18828
0.7251730753955586,0.4998946552002269,18829
0.9007017244607728,0.9654395029088453,18830
0.0398458509913826,0.8624976729517106,18831
0.8897833115502272,0.27326001085867624,18832
0.9108419269261603,0.46029045768843146,18833
0.37443659794778605,0.35561276545662857,18834
0.650165986989329,0.35517499940999586,18835
0.4880735957045991,0.631539926945632,18836
0.6193313170597401,0.8071551355330724,18837
0.03625098053589293,0.7906417778642064,18838
0.8065715200154543,0.572050908839141,18839
0.12095274364281516,0.06762926915546874,18840
0.6766804552291465,0.23731460491548995,18841
0.007683076188462645,0.39019622147437294,18842
0.8059198352904515,0.17780315655579537,18843
0.8620242533481889,0.6343473326037209,18844
0.2825663435252699,0.585255500696722,18845
0.6733197007925062,0.439438177151544,18846
0.003880863332879736,0.1472804755963023,18847
0.41528698826085286,0.44570124762503227,18848
0.4181847088456684,0.019718146035988093,18850
0.41233327368628014,0.40815983696262526,18851
0.3060155677360198,0.7704270837779617,18853
0.659770552132563,0.1396155324625018,18855
0.6450899815114226,0.27302639740095846,18856
0.8030715023411071,0.2600246318491459,18858
0.7782677218377486,0.8071554358324055,18859
0.05143699032971227,0.3123990825493429,18860
0.5716519567748339,0.8690186010965496,18861
0.5767569560388671,0.514600416815164,18862
0.1213764907190541,0.005502718933646178,18863
0.6591679383455241,0.22336401183139454,18864
0.8560130363142188,0.6565868807830498,18865
0.37859848143691,0.4592714110304601,18866
0.71608129589528,0.44611298872499283,18867
0.8348932929308153,0.9094894180641787,18868
0.7117124888913244,0.5287570040961519,18869
0.9339136456550657,0.6789406181632264,18870
0.9833904781955803,0.09709066367986108,18871
0.16800101846152005,0.9175692473797924,18872
0.0485504809030779,0.20231673327608535,18873
0.1448877222312892,0.7548685055095531,18874
0.711567103482819,0.7973053965736949,18876
0.8240426320284613,0.318230116103555,18877
0.2977068668222128,0.6365877434291456,18878
0.8394368198246415,0.015872794222903885,18879
0.9199000106411179,0.474339278392242,18880
0.24177141113886114,0.12944782680084166,18881
0.36649043425384276,0.5709777143519985,18882
0.7088948704367587,0.618591037724872,18883
0.6051479529838456,0.08965023786592285,18884
0.17916602661028969,0.8655059195726282,18885
0.1035266101328226,0.46997599942111645,18886
0.8789207227618722,0.6429245014996963,18887
0.46027923069829,0.7173266932500849,18888
0.5887364075474006,0.296842881043874,18889
0.9672556570651295,0.5163617458827414,18890
0.8547114523291542,0.4896275864474747,18891
0.2445647283298279,0.028181558565243625,18893
0.863259059756931,0.07586035631117394,18894
0.3768889155774865,0.9839494476405347,18895
0.09938833832029947,0.7433101250036163,18896
0.04102778662150586,0.35386810496837384,18897
0.6100210625060051,0.37516349694652584,18898
0.18695794040681502,0.42083626017756137,18899
0.8881903818214333,0.669555136166071,18900
0.9794105873426406,0.3989006096139883,18901
0.5889288240041617,0.3954917552543097,18902
0.7718688375378486,0.4081584026939401,18903
0.28410323401943893,0.009422380526945884,18904
0.5011452010149928,0.02537865699126529,18905
0.6538772888638306,0.3414601316898045,18906
0.6051103626690639,0.9239405298698863,18907
0.56372450826574,0.43919067492878316,18908
0.44653693711102094,0.2073119883341622,18909
0.6287551067939766,0.5496275965812766,18911
0.04294269763512981,0.3386568180349865,18912
0.8590076234172156,0.8865946950548554,18914
0.15356946062844623,0.039811005288389656,18916
0.08245025930820316,0.15359705694099102,18917
0.2098180249057211,0.5541414406137072,18918
0.22513062786236426,0.6044673782136458,18919
0.9293382506752855,0.35353346551605913,18921
0.32942157148437523,0.14531381131230958,18923
0.5380550696169583,0.5496602635382584,18924
0.6174613307829426,0.7412145957936991,18925
0.017089551050359475,0.20037862568209308,18926
0.28099351107233894,0.7398393298149138,18927
0.04037600887991122,0.3070239928217988,18928
0.15688293713024282,0.6254601707845271,18929
0.5326254390059655,0.3774622471225597,18930
0.9471448106533175,0.41690786260130475,18931
0.0052645467125798096,0.8867779079778002,18932
0.9449664121335116,0.5558800571034196,18933
0.7037817714389237,0.5040055640534954,18934
0.5890503853235127,0.06144172428021499,18935
0.02106380976415445,0.3200014097012165,18936
0.08869739934276033,0.806558136038212,18937
0.43408698757347997,0.9263032934759061,18938
0.17924468743386812,0.4881613423698259,18939
0.5578676861905287,0.87181965271797,18940
0.7592966026039953,0.8973586159324769,18941
0.7815890502897916,0.7620598066693112,18942
0.9596032728235269,0.20625534022236758,18944
0.7473699138895702,0.33209236281836196,18945
0.049853661786579795,0.360100004654608,18946
0.679194212006767,0.0636618370735178,18947
0.3811264373394726,0.8778127778730017,18948
0.4945045511330203,0.19986291879835194,18949
0.5556614246466332,0.08548471744187192,18950
0.5910782996698756,0.6476936273303192,18951
0.6868288005761913,0.3906975392683243,18952
0.6131935406046162,0.9590978281629718,18953
0.21907052106411362,0.18703299546026286,18954
0.8188838267302121,0.645747904044953,18955
0.31469289306802206,0.47244097056175605,18956
0.0788554205466464,0.009807038789289901,18957
0.6828525966799905,0.9057207709047601,18958
0.0065122512850001035,0.6619999006619058,18959
0.7817231467442992,0.9529159389700618,18961
0.8496047099384275,0.6633241465768666,18962
0.7744079762758668,0.34373930796463714,18963
0.43535679645279934,0.7665432785271008,18964
0.5397501313637953,0.3691166696621371,18965
0.8927433001107273,0.9220140000946923,18966
0.10597905872825086,0.9569561248055488,18969
0.5592323146950879,0.29272797998501654,18970
0.12246081157653987,0.9250946557402987,18971
0.24433129526799724,0.4502209032652482,18972
0.3223844080667151,0.6046006097187406,18973
0.21747012407200794,0.4835369507698589,18975
0.11616116988539538,0.20502812479866406,18976
0.2581137059351376,0.6947184574171009,18977
0.8329639335418513,0.5279561708979613,18978
0.12047699684613034,0.4097078260795013,18979
0.8083015875855525,0.4361093821982793,18980
0.9997187662239296,0.26887170116927395,18981
0.05957759334981494,0.8877952876617408,18982
0.04720762249340449,0.10133908180436779,18983
0.7235522396823113,0.030635668579182096,18984
0.5110942017701933,0.1304754469045044,18985
0.48552885833827986,0.0710311563550261,18986
0.3892106801082983,0.45091210291594885,18987
0.2623682647624769,0.8951185894885092,18988
0.8441065941605286,0.08868408268129857,18989
0.1525930278388069,0.6160860564730838,18990
0.6056828907526248,0.013281938728413323,18991
0.8418029236769973,0.9020480581118832,18992
0.8530245258632573,0.5334825175493324,18993
0.027483028403533893,0.19925715119012122,18994
0.36753067653545646,0.7324600320116608,18996
0.8460446067882929,0.34958900387699476,18997
0.6363276805529064,0.1721361076539688,18999
0.16938505309814755,0.55578277041194,19000
0.7597266304039996,0.19448786192684553,19001
0.3828425440122656,0.09911710670525342,19002
0.36427866159738354,0.33358482299561276,19003
0.8440887406106122,0.7718621108612308,19004
0.51991829098443,0.6521917142469734,19005
0.0806094505101107,0.8284258211208015,19006
0.3461858980212055,0.23107693152398134,19007
0.18346029407953768,0.5470255278980278,19008
0.45374280287418245,0.3795925320574157,19009
0.011384376222073334,0.8815803694385262,19010
0.40494062275405796,0.6473889599076367,19011
0.7565635222485458,0.5324338433818583,19013
0.9517077129739685,0.926238522677978,19014
0.5257316736503536,0.4308947525853333,19015
0.16978586947425456,0.2430639325784607,19016
0.1750360782275091,0.6116989965177688,19017
0.8873188230241849,0.5445838749854136,19018
0.20693399241055677,0.7925510380210464,19019
0.5889521759882749,0.21570928924631738,19020
0.15928756682282796,0.4322679185679802,19021
0.5952426897441427,0.9017445116716761,19022
0.27253391088233103,0.4315062791693208,19023
0.4207095003453647,0.9481004003165238,19024
0.07668897296019728,0.3349343707234277,19025
0.1387944834469631,0.19669311880024976,19027
0.10187288097617198,0.09382083943325037,19028
0.4582964656703622,0.1581798996621394,19029
0.37970653965467493,0.001497683375806358,19030
0.8816116794013581,0.6004073415892298,19031
0.4260563665608349,0.9683124980551868,19032
0.5714831744186523,0.7621297946801193,19033
0.07934117842388222,0.022006355483207285,19034
0.5907833692326279,0.13004198425440272,19035
0.12001357522823419,0.31378568569348697,19036
0.612289322184358,0.38943637413948085,19037
0.9815397416100143,0.9692002737598302,19038
0.015148553397767106,0.0008911465275619479,19039
0.5389883454277893,0.6391710852140507,19040
0.3926118640206222,0.4461758676246277,19041
0.8144804776455207,0.5823340979147826,19042
0.5110554764284043,0.7795882166253703,19044
0.06700227182627227,0.07340856898431158,19045
0.956990087209885,0.25827955941352987,19046
0.9034934331593862,0.012437535000591637,19047
0.9971977725331341,0.17572455536268183,19048
0.4443165324838342,0.5916940414298087,19049
0.1577276235711439,0.5945677674169241,19050
0.5223238511105762,0.5475343087113109,19051
0.20589144857012742,0.8031559129376938,19052
0.39270970418474627,0.9026756606762539,19053
0.315066373923075,0.8306167021613096,19054
0.004225604321139387,0.2571215111932542,19055
0.26186029158323,0.3514506605306137,19056
0.9739462764650336,0.6150126616855092,19057
0.5655142895401464,0.18455604185940144,19058
0.20908177620741686,0.9208327394491466,19059
0.4089648079786522,0.987968545496091,19060
0.5394119959625984,0.5436857693966151,19061
0.11558986502034485,0.15138797725666564,19062
0.953256096046378,0.3018382686926411,19063
0.009877036134141925,0.0958804021262829,19064
0.9390234524889607,0.3613919893836314,19065
0.8908063505267332,0.22689867290890575,19066
0.9296579922267243,0.539362784012096,19067
0.7244073647315834,0.7904436994458799,19068
0.3992068230593784,0.09835209886454044,19070
0.4088622376520382,0.935614809637837,19072
0.9185417103017613,0.09081796252277019,19073
0.8501267888327203,0.5414783810231047,19074
0.8549153002654284,0.5893881141644668,19075
0.7438423117184236,0.5258631571126294,19076
0.21265293532348706,0.9794258949877567,19078
0.8847947847103398,0.22413304083425623,19080
0.4410042766741834,0.9561942676923847,19081
0.6990096256414853,0.21898016644910345,19082
0.5362202520541227,0.7734218182550506,19083
0.2944090788850695,0.7480610961913459,19084
0.6271228133265958,0.3679100191538932,19085
0.42198166118755587,0.16317835305379802,19087
0.27169431407737277,0.18831422372481232,19088
0.19358392838631533,0.5725579364146046,19089
0.8025421046519755,0.5296103164069573,19091
0.6172069874080715,0.5453098630434129,19092
0.1818302050295384,0.4333491391550691,19093
0.1475340200044991,0.19485299836418857,19095
0.32823633017249587,0.883127837697469,19097
0.16395699146732667,0.3163753427381433,19098
0.14467684744295306,0.37477493662946515,19099
0.8934990452242892,0.0294595616012433,19101
0.5964304563356684,0.8701315077376393,19102
0.9095882006328643,0.6025234743831474,19103
0.10872583591254115,0.10326011392711587,19104
0.5969086891605634,0.9643391496280304,19105
0.27493766894549354,0.7881863197785292,19106
0.28384233539402215,0.6864139337287385,19107
0.7925230460717642,0.40174571196161635,19108
0.8390837234640786,0.9497640855536776,19109
0.5605905838992282,0.31077832744067757,19110
0.9033716479672333,0.734759139357188,19111
0.22073198826181106,0.9468282313418074,19113
0.6673108875192801,0.6898733418336396,19114
0.258915902431726,0.8640437376051643,19115
0.6396907498244169,0.08502477778133255,19116
0.575112978000917,0.27519098649831986,19117
0.47591259770916183,0.4088818069183543,19118
0.020268753220193392,0.13652557454334757,19119
0.9668720885924673,0.07341188595939763,19120
0.3753101328118872,0.5623060119001234,19121
0.3855691881936786,0.30170757729201125,19122
0.6816675207159394,0.5528484798313923,19123
0.6471479846095608,0.6502060008366168,19124
0.24643813467911369,0.46790442196463655,19125
0.7322341093094025,0.5083743406897525,19127
0.9995762841826052,0.5744321018272628,19128
0.2058588510248498,0.9223350491796148,19129
0.26154312171870364,0.6342874648545641,19130
0.6762589562956624,0.3864374647235048,19131
0.8816291843606721,0.7938568029754011,19132
0.8448179788757723,0.7951701417365349,19134
0.9407864194190363,0.9942848635308925,19135
0.06990740921297833,0.6340731687406496,19136
0.08309528131141553,0.07514484302871227,19137
0.6452493775278205,0.9255980176071626,19138
0.8476802197540979,0.9529105098794362,19139
0.7556605856360731,0.41760916025205075,19140
0.2626267814559705,0.4362514126602375,19141
0.41294076869579155,0.9456065896805894,19142
0.40270641629616266,0.9788995170060206,19143
0.5995406018892774,0.79440072384454,19144
0.12723600520496747,0.16276346299654265,19145
0.07467995943812611,0.8594089583919855,19146
0.33770217118283785,0.8221263455664125,19147
0.6608543859515064,0.7159771000176018,19148
0.6766401923131042,0.7150111966473572,19149
0.2564242196285871,0.5098800240433845,19150
0.7918871055627694,0.20892490382230955,19151
0.48870710171694765,0.6649856972559179,19152
0.848586549379189,0.5474334575700069,19153
0.1558495922049985,0.7474560696976594,19154
0.1469644855825446,0.45135481782127596,19155
0.658915844409158,0.9543762237243715,19156
0.5990847524843911,0.01883991902114135,19157
0.8537703006123112,0.005154475014489623,19158
0.48187358317435025,0.03959824087374353,19159
0.08608646141247267,0.5962304315455683,19160
0.7949282101036492,0.6707315047641679,19161
0.10278449354191987,0.4061137903913822,19162
0.00026542438684884484,0.9947397466085421,19163
0.3545163254136082,0.2745030998921767,19164
0.02151525184786851,0.03275934902315336,19165
0.3420985285002651,0.3212716334832395,19166
0.23274082377293248,0.8561660933504205,19168
0.8592108019441562,0.8909548007108121,19169
0.062191230528458874,0.5014496489637676,19170
0.3105961461468846,0.22796524462574774,19171
0.23575229826903288,0.9577479018792446,19172
0.17206279107118583,0.9579057248637141,19173
0.18169152872659744,0.5132397654070864,19174
0.1895089858183887,0.2819001239750174,19175
0.7212593781840584,0.6650335416804242,19176
0.041175178021299774,0.6317114539961629,19177
0.5658036076530991,0.10428706527872589,19178
0.9416682424039947,0.48340076728171877,19180
0.04927740454656537,0.13396165504265767,19181
0.5277016857852852,0.46579099671062163,19182
0.701021417373469,0.298766698139766,19183
0.4390706126600572,0.8970999379600031,19184
0.12335508712191545,0.767010522017304,19185
0.4933913074866375,0.7090127480900819,19186
0.9595185162654744,0.8124898568706562,19187
0.5287414889042144,0.7392426898960551,19188
0.23439589671046257,0.3407705763887846,19189
0.2188279373120967,0.013773493724180685,19190
0.8932275062990661,0.29173540504398865,19191
0.6671385765333565,0.5738185472518078,19192
0.6757404486373978,0.3287624076480099,19193
0.3176523131568061,0.790112201994698,19194
0.29739798168031095,0.20228053862106987,19195
0.07263691713669862,0.010339231373239555,19196
0.7500813801805749,0.13356432979332677,19197
0.8468501943330045,0.08727581440204402,19198
0.5131744229483883,0.981157775977063,19199
0.9817541314287107,0.20940863957602962,19200
0.549779727293073,0.3632732586792691,19202
0.22417329823101417,0.6670719801370172,19203
0.47513064473529987,0.1537154071809329,19204
0.3716451690307353,0.9129737851702049,19205
0.7656223166342131,0.719600614683113,19206
0.46754400930833273,0.6794151870322065,19208
0.21091467086274174,0.29019737383559663,19209
0.6939165290125114,0.5736298033493081,19210
0.21642439992146345,0.6403872810587179,19211
0.6282583865214921,0.5914049323237359,19212
0.7956712015202623,0.19388958015086155,19215
0.06436053640076578,0.33815680750491095,19216
0.4676869125024704,0.21143668844006636,19217
0.08557205369484311,0.7352311213323907,19218
0.30222248594456336,0.5740628671497757,19219
0.46072104665572955,0.024217617838417582,19220
0.46353643097602226,0.04753457577365683,19221
0.8082560585889742,0.6099546631328939,19222
0.580773980275214,0.09270952112971165,19223
0.9404459800790498,0.6831466693536472,19224
0.39215385805290703,0.9896861448165419,19225
0.34988070567613905,0.31978511684280553,19226
0.5047855592723577,0.740391862531777,19228
0.003655786431312924,0.29067779628705614,19229
0.8572957045206523,0.7726081521191228,19230
0.841362890468127,0.7963702531272546,19231
0.7650182545832629,0.060768141766553985,19232
0.746205734349431,0.3880372968924176,19233
0.008204922379859592,0.36239724909059046,19234
0.032027743475133374,0.35569096644278797,19235
0.3727743765046634,0.9574233689304725,19236
0.9965338973465105,0.8876341995078354,19237
0.6724117732965551,0.4091307130224011,19238
0.7867580303144873,0.11556513310995264,19239
0.16615016008699524,0.030478987421205916,19240
0.3679045751207122,0.8398170647787107,19241
0.749278069510667,0.2828603511000638,19242
0.47077787788049164,0.8723879479154198,19243
0.36623891921924456,0.9928118199824896,19244
0.03845690586903672,0.8098336376171854,19245
0.7460656121450931,0.3632388960557116,19246
0.6530420786859812,0.39597092648795573,19247
0.5052961694264618,0.7220763134009563,19248
0.3114119254192508,0.8592172473565779,19249
0.05314538600622154,0.6074255588917367,19250
0.5512763379458943,0.3108195499630756,19251
0.4973886611342526,0.751472350594743,19252
0.5008872855862176,0.9513468970444992,19253
0.253756933766206,0.3827775985637213,19254
0.879379681876583,0.4204811753919556,19255
0.24902526045249818,0.49847993922467637,19256
0.9965920532287418,0.6068705641559218,19257
0.8656668989148756,0.04185551845653579,19258
0.46296760255349323,0.26574277495325505,19259
0.6219317565717596,0.7499797813003843,19260
0.9108707038717738,0.7689037195462712,19262
0.4065588899713526,0.26451006916852804,19263
0.124150250296449,0.16987082906870188,19264
0.511616816354943,0.28046268888915804,19265
0.5584276394687483,0.5530948666272277,19266
0.12754986848106986,0.31978178413852176,19267
0.7854354392584609,0.42626877668670293,19268
0.23668563453666158,0.4609691628636535,19269
0.5146373244140452,0.7981367919352659,19270
0.2028772645613368,0.6659683450100489,19271
0.1507328856311526,0.7930896125926872,19272
0.9532706287957631,0.2659406409380066,19273
0.08055626630386503,0.01196129072229235,19274
0.2673131128224784,0.5763379910199272,19275
0.8924537154859649,0.7146211968140478,19276
0.23587683017430383,0.35911421673690946,19277
0.2879313086336167,0.7597694662937018,19278
0.5057743214805346,0.3020352737447267,19279
0.8277795248682174,0.31114168944161735,19280
0.17191755561227162,0.15449876217021885,19281
0.5052872272588261,0.16973289109015577,19282
0.5598906068605091,0.6248685052727535,19283
0.4188732590258969,0.2692412450349103,19285
0.49902469974912345,0.7132509226932275,19286
0.7150123091590124,0.37596986308198577,19287
0.9100598669861729,0.153462240692262,19288
0.2726498328467578,0.9964623030062203,19289
0.3605177812663227,0.4800808514117386,19290
0.37096132532248705,0.3859919435265561,19291
0.7411122329471796,0.050115627263408236,19292
0.6733815865182464,0.42921213416723003,19293
0.9924726542336031,0.40599224249520216,19294
0.4101246618481662,0.8110960826104829,19295
0.4099297190809812,0.5103993894722954,19296
0.30202248437646784,0.9227903064629527,19297
0.5510310068466979,0.19702816518422872,19298
0.6045994455323398,0.7412568622533735,19299
0.07854222648278797,0.018766196754851805,19300
0.6358458541078759,0.7811790312807572,19301
0.24107490691355593,0.7092593740071157,19302
0.28518884378791676,0.1569324967671628,19303
0.6913921153869012,0.36350498028837974,19304
0.3285210602227837,0.4835512107762714,19305
0.4139739961079524,0.1996305971962321,19306
0.018822415155073102,0.6091761911065807,19307
0.682304947872901,0.04297331661073478,19308
0.712789483665299,0.8254591711768601,19309
0.1290355126022571,0.5053571751435985,19310
0.015149431385145462,0.3173343253404076,19311
0.19314054603228203,0.07986259970939047,19312
0.7323719239794855,0.04734795951103943,19313
0.43659376351145207,0.8364806402389362,19314
0.27881880630932043,0.3543407550579569,19315
0.09087286361850844,0.7486472304193024,19316
0.24773840284996929,0.9989875074752217,19318
0.02288502477843568,0.1962653912471254,19319
0.32680964522527167,0.4705860346087912,19320
0.45093440376967653,0.925683506771025,19321
0.10193611251386114,0.6425279319632932,19322
0.0698437449541387,0.8787011930162464,19323
0.19806260163472644,0.5108623126071586,19324
0.7084484233940586,0.3695604011045218,19325
0.5463389271797773,0.4835995869523715,19326
0.6514525315419574,0.2632951901898021,19327
0.07916137945774748,0.6662766319437149,19328
0.010785502311316031,0.8143743430362675,19329
0.6198784667142226,0.7614332802872937,19330
0.22738982439764588,0.029131559779768557,19331
0.7016448017170287,0.7239169174472178,19332
0.2990407025293903,0.4609522059909599,19333
0.033051968918091035,0.8416445217201965,19334
0.07078303929946206,0.13512497786331357,19336
0.10386926036399713,0.5860941187231745,19337
0.053628128336737135,0.6001795887131205,19338
0.03635899338085691,0.5898824679198702,19339
0.362637060708055,0.7184476386537856,19340
0.8485980775519091,0.8985256310957488,19341
0.27010509860124177,0.42503609381731666,19342
0.997158737003583,0.5725892703109078,19343
0.5023614495751034,0.9052630503464397,19344
0.44585488951995134,0.9739502359501216,19345
0.33843748894483316,0.8814954809319552,19348
0.67592157390186,0.5083815805915494,19349
0.5247078258906891,0.7059193878493271,19350
0.6564570415348192,0.03695069836697962,19351
0.172409450482357,0.5382221425348911,19352
0.4826965288508043,0.03324486746636646,19353
0.27672853334292524,0.5991638408734052,19354
0.17037302856420056,0.7530246636644597,19355
0.5044120154156131,0.12354595518586198,19356
0.5728232827945077,0.45043478726498765,19357
0.29408163372041063,0.8078377587954336,19358
0.2134743572827219,0.9581867629689349,19360
0.9002378915819675,0.5150786721824759,19361
0.44004756051919736,0.21905119641902238,19362
0.8389636854397793,0.2635415232994346,19363
0.05991848658761689,0.018313677454226296,19364
0.2465709128077479,0.3741031844182837,19365
0.10149846582468403,0.6622664299467138,19366
0.49038820129758554,0.6998565209852378,19367
0.8447486886002128,0.6500921455794034,19368
0.008109542608679354,0.18659961658220248,19369
0.07096864144110115,0.5690886630305148,19370
0.8486031127205206,0.3842303489281519,19371
0.4940267988869199,0.7815480839484835,19372
0.7269456808249402,0.5881868985680481,19373
0.955857652449219,0.5263751399702253,19374
0.5967163613247078,0.8781571759345358,19375
0.05541319221790986,0.9718795692214627,19376
0.9005002415484745,0.8578136666829688,19377
0.10585621276294133,0.08542264505138464,19378
0.511786732853597,0.6978066202637841,19379
0.401076920878109,0.8978097333988713,19380
0.536336387770588,0.5499681121825616,19381
0.3057197196279563,0.2506276409702407,19382
0.002607630083491519,0.4075097397998626,19383
0.8078471376311106,0.2596678183076886,19384
0.08415918120392085,0.7371946963043229,19385
0.9471592475023004,0.20021102073168506,19386
0.35677270554755647,0.7908721076338848,19387
0.5567281168527096,0.12422275920612358,19388
0.5546684393763214,0.847513153222451,19389
0.7008637071376612,0.9900766870675242,19390
0.7493471110905157,0.40536804387559777,19391
0.061808586029053925,0.1735842654131171,19392
0.5817976299405497,0.34539409196761073,19393
0.7440328794828127,0.8281559009380367,19394
0.723298285965351,0.7005126578231399,19395
0.8816551268701371,0.9987908210256244,19397
0.5582376494987231,0.7732639039494223,19398
0.21227083384618983,0.6474960859569711,19399
0.1008318312432872,0.463214971804347,19400
0.6806488739113732,0.6273262224305907,19402
0.3491159576660875,0.9649481340603505,19403
0.5938935888666673,0.6989332608480614,19404
0.4216341056443602,0.1064473134060524,19405
0.04417451747524326,0.49249215433277926,19406
0.4401453753868426,0.3561108253413674,19407
0.24688794470817932,0.69390039804339,19408
0.8618089783106954,0.8012440302389793,19409
0.5086082715467113,0.5558952667007742,19410
0.6172909013747262,0.23362114133163048,19411
0.8955543147454683,0.7253806531394221,19412
0.642798102362262,0.3156282838999437,19413
0.5502985491314952,0.5394833000174051,19414
0.7056329640761876,0.19499781520038828,19415
0.017543056784497968,0.7279247060805843,19416
0.9036430326364762,0.4330466944137844,19418
0.23731557719292284,0.3408183008415566,19420
0.5286785569681355,0.890476018491015,19421
0.1584647019470149,0.4742305315513101,19422
0.1764549748660018,0.31590965964482454,19423
0.7518767299548534,0.8130843520880684,19424
0.9352550695143739,0.5055672509812398,19425
0.5229689078653024,0.17782348304066087,19426
0.3270007440523641,0.15686502791325851,19427
0.03737119221860297,0.5542212616813998,19428
0.5980590740904577,0.7341094756424621,19429
0.07859480473891356,0.44056565689370686,19430
0.3371845290607952,0.7858402760099827,19431
0.9496090972716735,0.8543653377392262,19432
0.9023351370460703,0.8111720527017123,19433
0.7576849132591201,0.8314353256332733,19434
0.04332426581261406,0.530068459977073,19436
0.11630651454697272,0.7622174259621977,19437
0.4102256263649312,0.768647619436745,19438
0.4238426369567292,0.2719194264695083,19439
0.7100868542963654,0.030769259867609478,19440
0.8016862173315132,0.5473576602743546,19441
0.5415224496580023,0.30853735713223696,19443
0.008288513416875976,0.09748716897882603,19444
0.8832615193804149,0.3974915031954368,19446
0.628970509936801,0.578251688257212,19448
0.8074624464241706,0.2049796948165452,19449
0.7385425914714586,0.9048827188408687,19450
0.20164830495918395,0.6525425721732231,19451
0.40883670824083507,0.06787082097501884,19452
0.9925999029819531,0.9874409816310236,19453
0.10246523872015123,0.44380379482791754,19455
0.9324643422717134,0.968086031231905,19456
0.41099156993578057,0.9672521504401473,19457
0.02627170273827939,0.8380335651612296,19458
0.9820476710403261,0.9705178859350382,19459
0.28713387011337765,0.5573162727477088,19460
0.37103372013908076,0.8386673238338767,19461
0.6911518737918705,0.8260336324427695,19462
0.31936475091954464,0.544429517856277,19463
0.8445750891714792,0.8636843758553931,19464
0.2502749926598957,0.3759628955335228,19465
0.8781641435645635,0.9997963447329445,19466
0.3647991383377299,0.855935410086466,19467
0.898167409437153,0.23549880064542816,19468
0.349200059896419,0.9153946296338596,19469
0.1990242210209865,0.6328392831066811,19470
0.3956374094719147,0.57922732692753,19471
0.32235022066291485,0.48724269534858744,19472
0.6153169154598248,0.763939827466499,19473
0.823531969333844,0.39706118944968605,19474
0.7088065072548594,0.3332872925473248,19475
0.2602824081106411,0.223595617623494,19478
0.7141322047445261,0.6290185479636504,19480
0.34454173715015257,0.9608248777858688,19481
0.8045937858569565,0.8494852580068768,19482
0.0918142435462197,0.7451210023060005,19483
0.005316724013186058,0.8022889817434423,19484
0.3007286944342118,0.05070679224805963,19485
0.007990462638780338,0.14566247054979864,19487
0.8199087194810972,0.007552448949538437,19488
0.19913502100900538,0.805631048191927,19489
0.3539159943969713,0.8863778610522094,19490
0.7399377567915251,0.5186241529491452,19491
0.3643875292598272,0.8058200489320065,19493
0.09937168449021405,0.171593008674348,19494
0.811067325183664,0.09935104430092068,19496
0.3989268504107548,0.19701506230855137,19497
0.0808850942056587,0.4548828108064147,19498
0.53710621620594,0.2167830179039646,19499
0.6711722289022084,0.05956883576329608,19500
0.3973108446186341,0.9119853425228178,19501
0.063204280940237,0.10722593215485199,19502
0.5989302296143866,0.109922737647979,19503
0.304726713704741,0.560948462819816,19504
0.1378621259274967,0.516734578827687,19505
0.6421563251914729,0.05273155694010989,19506
0.6913937909039989,0.16701246800076153,19507
0.023326791800222235,0.9935978745044202,19508
0.9440419193605151,0.8999400123980876,19509
0.26165132585817763,0.18713977196682374,19510
0.7582641736406086,0.16703882508616263,19511
0.42099508300862465,0.9807346548765534,19512
0.1893244049575319,0.30390748820365954,19513
0.9937730618895833,0.8170531423792072,19514
0.846163288753647,0.06966443009819034,19515
0.5342798248723762,0.6291199423036627,19516
0.5456195542736194,0.9145914811988151,19517
0.8581831084166267,0.832459003801394,19518
0.8805886330650508,0.0649290809572649,19519
0.045577915151911785,0.495437586907831,19520
0.8908732263364506,0.5292823944606503,19521
0.9523674200652892,0.682650254880093,19522
0.07511026381265373,0.8223125202937975,19523
0.6318793836550687,0.48816150660651647,19524
0.5275890727988005,0.7415581598494995,19525
0.7162526289589116,0.738344165220482,19526
0.6584710654459496,0.05909030527143877,19527
0.5417969756574623,0.9625515818955778,19528
0.5457534635070364,0.7109659812368618,19529
0.017615867955639186,0.8050438266488378,19530
0.630007850148891,0.9046221914801262,19531
0.11496537318653577,0.6828066963628975,19532
0.02316854481041264,0.18351530430738838,19533
0.11358191110698035,0.9174213839545892,19534
0.4381254501664059,0.9025186872931021,19535
0.7107161850524183,0.35759921215104173,19536
0.7929967027020837,0.8901845684407568,19537
0.5205259030172641,0.6836267998556699,19538
0.9133409147139301,0.05361504055398014,19539
0.29337357440487866,0.37864856505446276,19540
0.17057190004613243,0.574683792103435,19541
0.3455272038715085,0.2792895270446948,19542
0.43744571746942773,0.4802376758701222,19543
0.7721061260858245,0.8613053705734882,19544
0.7979357231455437,0.9876712535355784,19545
0.0906800493893003,0.15623628225329023,19546
0.31316014937062453,0.4945946480997666,19547
0.424535372338814,0.896318817426233,19548
0.24970726557313927,0.11947311450894116,19549
0.9762824327672165,0.8494431481254183,19550
0.23227434739065322,0.5217254897964373,19551
0.7957562717915587,0.31668698919765903,19552
0.511116681539293,0.2738682511875302,19554
0.8671284347594295,0.07894552062772031,19555
0.7423810665265805,0.6339164685070037,19556
0.6234611577734301,0.7910520700795595,19557
0.15114828787783252,0.9452908839038583,19558
0.5918089512045355,0.13668800230006561,19559
0.5797376493822979,0.2536342948455752,19560
0.45939023438751103,0.08529735744007627,19561
0.10738620410787003,0.4432787946850756,19562
0.010668366627892056,0.17950789569526737,19564
0.28285877831791095,0.36514305043232054,19565
0.15245129046006567,0.2947654688888567,19566
0.7697286673480211,0.8897148486549232,19567
0.6082687756947204,0.041329725571348175,19568
0.8174669789596407,0.9764275642769705,19569
0.7126127083302384,0.5923909802518121,19570
0.2821564082500313,0.6456981912342464,19571
0.8407292962933882,0.6888903608233808,19572
0.9417416918661644,0.4025403136541805,19573
0.5148682039217471,0.7719430257975283,19575
0.4936353093649394,0.43605940531696696,19576
0.2643291755196929,0.3384687261282161,19577
0.7390041188791928,0.975857606585509,19578
0.9387270462339069,0.8154349207140414,19579
0.4830631440741848,0.7897554838471618,19580
0.13693574804465836,0.8057806974210107,19581
0.30101172623090133,0.5671683950665539,19583
0.2067308151882895,0.3420398978242275,19584
0.05931050400033122,0.3284041230998058,19585
0.4560010341121332,0.5186707799003876,19586
0.94384260063324,0.9418516613790703,19587
0.48415467396754075,0.005307050816629966,19588
0.0573277418552669,0.8002472886776739,19590
0.45527942638409213,0.7701752751557476,19591
0.1258709270780921,0.04943349020228738,19592
0.6628198725276595,0.12313789550588061,19593
0.7984263122144359,0.15920427359501166,19594
0.8505860056849911,0.3336686322346806,19595
0.7954379116380251,0.1933049053628879,19597
0.34391054086520123,0.9792961621865934,19598
0.6278688624202708,0.27946317098556495,19599
0.9046097158782692,0.3601440132375764,19600
0.1438850886496259,0.2606119704351325,19602
0.6408947892242417,0.053777658620941526,19603
0.21847546423696507,0.79227945959849,19604
0.08984028506533537,0.0895347466315154,19605
0.40386624854813347,0.4931577292525591,19606
0.6499957776160779,0.3537564714537027,19607
0.6342873140695039,0.2985720790195949,19608
0.915962331096727,0.40257519505023254,19609
0.05621400829727097,0.18700525186285788,19610
0.2379681710400967,0.47380980941858397,19611
0.31572191634002456,0.7598506090825748,19612
0.8141099075477577,0.6550188292264417,19613
0.24795624233708347,0.31930333585424797,19614
0.8240179756559163,0.3178728161474629,19615
0.23733778506654313,0.2017669289476982,19616
0.7401145256511881,0.13426975742022773,19617
0.9383466905448631,0.7051824982442161,19618
0.9397556371324557,0.0005398603076209874,19619
0.8050996532825232,0.12011616155540139,19620
0.9784593218376114,0.03253823741464967,19621
0.7347755691766845,0.3505258755087415,19622
0.21802935157003345,0.44289655314162435,19623
0.6331008516673181,0.5560755789959926,19624
0.1986591189297503,0.23929519812494826,19625
0.7789138977327444,0.568011274558345,19626
0.03491107123017467,0.8062381480000095,19627
0.8436411026468059,0.37731160890727666,19628
0.5051896799190864,0.38507408538540344,19629
0.2756891075772737,0.15864237292123862,19631
0.5331807597564325,0.1316228666169833,19632
0.034197196688576015,0.0886882992133976,19633
0.855917808016815,0.7573658652235375,19634
0.14268093974224316,0.20261275213428065,19635
0.7689816694796034,0.45643141994740866,19636
0.849161160714801,0.24988045900251943,19637
0.3449079633880121,0.46328459220874474,19638
0.3113479499082048,0.3622109489910572,19639
0.5721271389451156,0.52661659164101,19640
0.5739202898343073,0.10933976864652972,19641
0.34624794034571194,0.38562421976201045,19642
0.07281218575876802,0.4797282178398895,19643
0.15877273589013663,0.985550905053827,19644
0.3121083238511241,0.08827442094722882,19645
0.5770899505061297,0.23553855597216333,19646
0.06077577874665219,0.38704349394421245,19647
0.4648963260127228,0.43221585182168976,19648
0.8055562111187705,0.27381134839713384,19649
0.9413111032841898,0.7363201560348869,19650
0.9116727214071041,0.97608407748548,19651
0.07676746681969981,0.03154483437547817,19652
0.8648039004884462,0.6414258047860724,19655
0.7099638269439519,0.6732019840694586,19657
0.010317665374709684,0.9546504774764429,19658
0.7961490301664227,0.018718225611800143,19659
0.5338040965231647,0.354930019633658,19660
0.6874356773790711,0.40879905196270394,19661
0.4628430471583107,0.37091521009426875,19662
0.5773795649944886,0.6291456025266176,19663
0.621143579547785,0.8215006840632042,19665
0.904418273193421,0.5297110534997074,19666
0.8035915752622365,0.44279130424302593,19667
0.6335414464661501,0.12421760203961085,19668
0.7608089838533341,0.26713372483553666,19669
0.35377195455959676,0.5837846029074628,19671
0.3160243170029785,0.3395282469105406,19672
0.19897007136651956,0.38248121070047414,19673
0.9875370789866756,0.8445482518056585,19674
0.8058550318310199,0.40135424050679736,19675
0.059857246426172184,0.9123091722417361,19676
0.7068917999739608,0.5126528848047944,19677
0.6372585571186108,0.44044831955794805,19678
0.1467272817035823,0.4890213686589515,19679
0.6183801205917328,0.8511358144571531,19681
0.9385026889043295,0.003229414468020053,19682
0.7644816311016934,0.25421093497738745,19683
0.3881126690345742,0.5817135957455408,19684
0.8496094368842502,0.2021541960567128,19685
0.8345732437705158,0.6365830238073458,19686
0.25918919840854027,0.7986250490743094,19687
0.5222059538225731,0.15235657390434243,19688
0.5861878643875842,0.924246660893285,19689
0.5477184523442606,0.9495929826036498,19690
0.0007493692275727382,0.6738920458444626,19691
0.3460691304421596,0.6892794773461417,19692
0.5385153166057032,0.3230004260253668,19693
0.2164180020881804,0.6850925020677171,19694
0.7559198126830348,0.9367523810241871,19695
0.5307745072308573,0.7057018215614512,19696
0.055142105481798986,0.725650433547363,19697
0.6162819796826714,0.26628951011011404,19698
0.7857314550195708,0.48515771496861304,19699
0.6335932443125024,0.6343603833526198,19700
0.4854444270266218,0.022525029357471582,19701
0.5018854062619786,0.762762106011573,19702
0.27605463671340846,0.4916044348959798,19703
0.8720844614724913,0.3068196159438994,19704
0.5380582539213338,0.7336970830401328,19705
0.12673840884055154,0.7098533784698842,19706
0.2717152903005453,0.44923030010026,19707
0.7013150127528032,0.6790491528636357,19708
0.8900311447512368,0.7687602880615568,19709
0.757760600349935,0.9579789205691311,19710
0.42265140825875713,0.8961568557733403,19712
0.2825732035369318,0.3638392848060681,19713
0.035549412377545386,0.6884334890166848,19714
0.34554177781484385,0.747639221625167,19715
0.8315959479995009,0.9284967886925704,19716
0.010110195620476325,0.5325430449406866,19717
0.6117308929454721,0.6352204923784797,19718
0.03722230895702683,0.6105974307215897,19719
0.045701268318975474,0.3425399247201114,19720
0.6779997046431335,0.9956036007313344,19721
0.4702826719058114,0.30024672626646387,19722
0.7230729565354315,0.36952930404136775,19723
0.09208374433083688,0.5691490936494588,19724
0.9862893896647571,0.8870089647791666,19726
0.7403196338810886,0.569682848093072,19727
0.9235631696215195,0.4378703429753178,19728
0.7909266998057931,0.7855194151175129,19729
0.6051103788834409,0.2831479030098113,19730
0.12796165099338386,0.9310138985991603,19732
0.2755808820746317,0.15481369918652466,19733
0.03818768972458264,0.6585765794868013,19734
0.4998773828600265,0.7191197899120529,19735
0.3081178225122212,0.3225163326604553,19736
0.7482978254015448,0.8300824024919541,19737
0.7830508137472448,0.3635430867178284,19738
0.09919938912563098,0.9750859713517271,19739
0.6754766097617095,0.12517569665388284,19740
0.30531703449110625,0.009384283981965114,19741
0.4354636751996779,0.39420570498728136,19742
0.7942809152715822,0.8758857769240426,19743
0.4072813889965128,0.07286539842086404,19744
0.5059168648808167,0.8650694676691588,19745
0.09831261860200857,0.7269777042103828,19746
0.6953482969861055,0.22697517374454146,19748
0.2874531097631151,0.2665120516864473,19749
0.4865369965762997,0.00466981271752176,19750
0.9144311314366129,0.2745829940910809,19751
0.49781681388229937,0.41550031526109865,19752
0.9943452350455011,0.12780879156757896,19753
0.6552146985042033,0.4585509297292756,19754
0.3105733326650395,0.9164192535289235,19756
0.8967406131764868,0.694387693406346,19757
0.2989714067189727,0.662270757038069,19758
0.4436355223906886,0.6161857440830004,19760
0.3053637217774172,0.09840901862658191,19761
0.5593639178817796,0.5540501820195682,19762
0.5963242540143313,0.05275548849097855,19763
0.4328086655429273,0.7556922678341607,19764
0.5358498757674511,0.19562204293786678,19766
0.32562827512832293,0.39404716971457443,19767
0.9315885422413648,0.4667196881811617,19768
0.8285777114017724,0.4980028410285454,19769
0.28509567466523233,0.22944482050666337,19770
0.6652429514316793,0.44932324011966285,19771
0.9014491590472682,0.6988510031830437,19772
0.24656559032857284,0.8780347641170186,19773
0.36927753344795533,0.46286566486680836,19774
0.6083969657372077,0.9676019189108881,19775
0.6411479862190349,0.23451764029746858,19776
0.00025290201134675616,0.6583037793012161,19777
0.9174193058318926,0.5664595047360024,19778
0.36396424891313506,0.1407315464651876,19779
0.33347894138549017,0.17363831574116462,19780
0.4337717413824408,0.18588721529559538,19781
0.566307339450927,0.699427897084077,19783
0.2007069945815142,0.6746667799244008,19784
0.6770014712520792,0.595689520476286,19785
0.4052754963882047,0.6133195954303525,19786
0.873075942238302,0.9215417302954003,19787
0.6051351286898933,0.45032541442117935,19788
0.03585515239692483,0.26667424432627773,19789
0.556264311003385,0.8646262605466246,19791
0.994752340116685,0.6260584445629379,19792
0.6376013499241534,0.8043853878517268,19793
0.27228811048530954,0.14367731608325285,19794
0.732032465928875,0.3204611165093425,19795
0.961073628120856,0.2189458123781901,19796
0.6968854131817157,0.4385248881793806,19797
0.2822954078694806,0.3820279942607686,19799
0.9471672574312111,0.24541591565556753,19800
0.7565651141836963,0.6519360665611095,19801
0.11290153456578267,0.5553507462890755,19802
0.5543919061870805,0.6744169197653702,19803
0.4344379059189287,0.8629715594262811,19804
0.1403707638138425,0.4665735864655297,19805
0.5668687926471635,0.039718120996364625,19806
0.40359051968865245,0.07559100468388169,19807
0.23482969555350897,0.9777622231884642,19808
0.8698620022301496,0.6750595336258247,19809
0.49136938888137216,0.6848625032891351,19810
0.7649624261394997,0.8419443311943113,19811
0.9080989688580966,0.6630540890352667,19812
0.6459318576905868,0.42147038047945806,19813
0.5249045986495722,0.1010748974836112,19814
0.8069547317086159,0.8238706062758349,19815
0.5834819262159139,0.05731129951813729,19816
0.32051638481575795,0.6622774449056312,19817
0.46610276639590986,0.05714152492168445,19818
0.9698086931231248,0.46336624995229025,19819
0.039311923537982074,0.2301152097417315,19820
0.19985885733037456,0.7611323908245474,19821
0.6457803087468513,0.46427472257739877,19822
0.08615689389189074,0.16648585410758132,19823
0.9490456971639881,0.808250524763347,19824
0.43358080935633103,0.20319625950195985,19825
0.6028865666756842,0.26395379179355083,19826
0.9187148822993033,0.3641222435234378,19827
0.29449510858105266,0.5139892312603133,19828
0.3928424092770767,0.35230941500458024,19829
0.36819396489616596,0.013577965116457924,19830
0.8890742637867772,0.3886607436276063,19831
0.914748048271765,0.8382439395402832,19832
0.515681917596139,0.5769495201862518,19833
0.7748410607321181,0.044841270606582384,19834
0.8883528378827598,0.1856425567428791,19835
0.9361671973446352,0.06368095179923194,19836
0.24096250234229055,0.5413099651488404,19837
0.1420605743839718,0.18993048272931246,19838
0.18894419575397492,0.012210919299819767,19839
0.13218308342265817,0.4600476545056419,19840
0.7504550786783428,0.24482471717191,19841
0.432224362849862,0.33411053870829377,19842
0.2948193425262928,0.044782959359396135,19844
0.6966226478105828,0.06805610445703791,19845
0.9833064355586656,0.34146730577246553,19848
0.670199191159253,0.7562003433558627,19849
0.2040487648577436,0.12548049705016773,19850
0.4842190730692215,0.9961423618171521,19852
0.7036533793114643,0.5608604949944666,19853
0.9282231693254654,0.6703181693278497,19855
0.647989631582598,0.8665855537908325,19856
0.8374037733862403,0.7488698168606106,19858
0.5013030206930906,0.9295658944961079,19859
0.4381358063404238,0.3997708822097352,19860
0.367311425314923,0.919066809320174,19861
0.4754753181076832,0.474339583160989,19862
0.038914593731410596,0.1811713662881077,19863
0.8275467002435527,0.08831459344753134,19864
0.2139986256553713,0.1439277102120311,19865
0.7133197106054665,0.47549295025251914,19866
0.19521814759030243,0.3346513296120289,19869
0.744964223134901,0.36441903155973276,19870
0.6132158614422364,0.5848450862699691,19871
0.24572500835561972,0.14666117154851122,19872
0.17225697740560686,0.7957555510607717,19873
0.8812237748561884,0.3723169568329162,19874
0.35318084378703574,0.6237659968779965,19875
0.4915300897627811,0.9147336465597624,19876
0.9316573848175819,0.6372148251219047,19878
0.637277239320746,0.18106962718594743,19879
0.12163165843291268,0.09636952656189479,19880
0.9077471568715846,0.06425282211266847,19881
0.6323364304057723,0.8117219513417856,19882
0.2537568852374207,0.15722951628519788,19883
0.86890555890889,0.6971836355109539,19884
0.6051437681182587,0.9333334835413256,19885
0.6304313162142406,0.6579694763915991,19886
0.10145624457745439,0.6157569087626664,19887
0.4848193586602402,0.1736302639614079,19888
0.35811911838890975,0.04124029740135271,19889
0.3378582760783583,0.15246370582719615,19890
0.7822687137995716,0.8282917618006278,19891
0.1245982378249878,0.5445897676064724,19892
0.09653948909882526,0.8914860992815622,19894
0.5846842545837836,0.6107150496641486,19895
0.8904784186252082,0.5062611537968552,19896
0.27599268822641343,0.64984239702101,19897
0.053656456372886074,0.926022038559422,19898
0.4524036784238086,0.819206346724911,19899
0.5920084687400348,0.40209863019933956,19900
0.21778058593966132,0.07759259405267271,19901
0.31558505674454285,0.4645905482431695,19902
0.5554493744542693,0.9575123039265563,19903
0.2800459945611561,0.049955091112375394,19904
0.785532113842482,0.4580133104244972,19905
0.5147943969350506,0.2590943465829164,19906
0.7073734059675738,0.9485177973923817,19907
0.30334301519338847,0.5802262308435157,19908
0.3441485943410567,0.7889311887610414,19909
0.06237989631851104,0.4753229447176145,19910
0.16845251578265485,0.8804296100513458,19911
0.44319717752478893,0.822530043946145,19912
0.20270860747477704,0.7177916965276373,19913
0.9523414996037443,0.6838305993166539,19914
0.11918432526997924,0.21450676240221944,19915
0.09207714656303512,0.5153213348638817,19916
0.7596875473456917,0.9315240875651073,19917
0.9077343007632832,0.4438134371584007,19918
0.36771432615976407,0.8633120797963972,19919
0.06861603623642865,0.3199526433922071,19920
0.07860559019658397,0.3649765259857539,19922
0.4953931826260667,0.26587689212144905,19923
0.18285984949021272,0.40560399953036996,19924
0.13509196129344136,0.639262167572616,19925
0.07125801609430882,0.4521689667225617,19926
0.8907528220619699,0.06547909204855162,19927
0.5175330374475186,0.16974738306539172,19929
0.7388979660697226,0.3871071060700585,19930
0.7486590864204219,0.5249267666210615,19931
0.5528324346979493,0.4869697252388965,19934
0.9251532351242439,0.9329005305106991,19935
0.20984238025277235,0.1371465958421435,19936
0.3018688064317674,0.616130554747707,19937
0.06150450848003697,0.8527803665895347,19938
0.5205339481183012,0.8264165011874446,19939
0.7031748128534252,0.7771361229061017,19940
0.34170487957293927,0.48931134768864937,19941
0.7672341452528061,0.3785325105685935,19942
0.3253942372854328,0.1567423598433889,19943
0.45812114396442005,0.009532630451104196,19944
0.540995666616756,0.64767834908464,19945
0.07380762845841038,0.1068749808183711,19946
0.27535212838975764,0.8842630109391602,19948
0.33030301642643123,0.4437947794206082,19949
0.495224559546094,0.21862055074118614,19950
0.3127294862459601,0.886306344760035,19951
0.846726010030249,0.5344439495517089,19952
0.7922913558942448,0.13796273404964343,19953
0.22318909823546418,0.4380170418199689,19954
0.4079170680709381,0.24674243533490403,19955
0.8350583588010878,0.10616046153192427,19956
0.7611220445518936,0.9156747530806244,19957
0.5819873199110887,0.3688122881409246,19958
0.5106272674677115,0.8035604735071352,19959
0.5799592932016581,0.6542742691181362,19961
0.37289557041928645,0.180148191047524,19962
0.568813003609089,0.8364050976395763,19963
0.8663052395193803,0.9083945185180923,19964
0.12935711181123155,0.9105838045072593,19965
0.9412756665568655,0.6236125585870692,19966
0.873061582683789,0.6076288130904507,19967
0.047998095718167044,0.6879206057053333,19968
0.2340277051997609,0.3392145036226797,19969
0.32663525829123796,0.43446238497660294,19970
0.6900078067004098,0.18332735421690183,19971
0.5959292231810044,0.6127614181424822,19972
0.6795485600222537,0.49563188399206737,19973
0.45408619820552965,0.5453560862917939,19974
0.8562084817764755,0.6084912144338526,19975
0.15287070154563076,0.9022389453464189,19976
0.13323662080662668,0.3694649667145694,19977
0.5252666592987509,0.9210247308373899,19978
0.35810520435975157,0.709858607176894,19979
0.8736017449286823,0.768431763611715,19980
0.617649600703951,0.26108651139522643,19981
0.6220544533315123,0.025626221015713213,19982
0.21851989854218634,0.8157831892170802,19983
0.5960239632003562,0.37635326114345347,19985
0.5246746765948265,0.5672742756207362,19986
0.07132541284874405,0.41946478168086665,19988
0.900876770570162,0.988681447150784,19989
0.8836270111789299,0.0011555884992398013,19990
0.15781187358926085,0.8229122361556968,19991
0.3759405855620377,0.9537072578952359,19992
0.7718321517991135,0.8206336896531307,19993
0.5879952325773569,0.3346524682399259,19994
0.862386468183911,0.623959366224794,19995
0.2393645609597116,0.42967722209488124,19996
0.5302245898957989,0.8114697457382033,19997
0.9014016123288059,0.4584869686531412,19998
0.33278769697288546,0.8253412550946785,19999
